登記案號,類別,案由,主任,登記號數,收件日期,登記日期,公告日期,登記簿,任期判定,屆期判定,法人代表,法人名稱,設立登記日期,主事務所,目的,捐助方法,許可機關日期,存立時期,財產總額,結案原因,結案日期,歸檔日期,發證日期,清算人,變更原因,註銷日期,撤銷日期,撤(註)銷機關文號,撤(註)銷原因
115法登他000001,1,2,林郁菁,2367,1150101,1150106,1150109,118冊17頁,2,13,張家祝,財團法人台北市交通文教基金會,0771205,台北市內湖區舊宗路1段30巷18號3樓之1,以推展全民交通教育為宗旨。,由張家祝先生等捐助,臺北市政府教育局77年11月17日北市教四字第63556號函,永久,3000000.00,1,1150108,,1150119,,全體董事簽名暨印鑑式。,,,,
115法登他000002,1,2,林郁菁,842,1150101,1150102,1150107,42冊16頁,1,7,洪培修,財團法人中保關懷社會福利基金會,0941124,台北市南港區經貿二路135號11樓,以舉辦或捐助(贈)社會福利慈善事業為目的。,由中興保全科技股份有限公司(原中興保全股份有限公司)，捐助現金新臺幣三千萬元為設立基金。嗣後並得繼續接受國內外自然人、法人、機構或團體之捐贈。,內政部中華民國94年11月14日內授中社字第0940716199號函,永久,30000000.00,1,1150102,,1150113,,法人捐助章程第3條、第4條及第6條條文變更並經主管機關衛生福利部中華民國114年12月15日衛授家字第1140013454號函許可變更。,,,,
115法登他000003,1,2,林郁菁,980,1150101,1150102,1150107,49冊14頁,2,12,林志嘉,財團法人中華民國兒童福利聯盟基金會,0801224,台北市內湖區瑞光路583巷21號7樓,以倡導兒童福利與健康相關觀念，推展兒童教育及福利服務，保障兒童權利，促進兒童健全發展，增進兒童福利為宗旨。,本會設立基金共新臺幣一千萬元整，由中華民國心臟病兒童基金會、財團法人吳麥文教基金會、財團法人國泰建設文化教育基金會、王志雄、王世雄、林謝罕見等捐助。經113年5月14日第11屆第14次董事會決議，改隸為全國性社會福利財團法人，以歷年結餘補充，基金增列為現金新臺幣三千萬元整。嗣後並得繼續接受國內外自然人、法人、機構或團體之捐贈。,"教育部80年12月17日  台（80）社字第68396號函",永久,1060000000.00,1,1150105,,1150113,,全體董事印鑑式。,,,,
115法登他000005,1,2,林郁菁,1577,1150105,1150106,1150109,79冊11頁,1,8,吳慶堂,康寧學校財團法人,0890218,台北市內湖區康寧路3段75巷137號,為響應私人捐資興學，培養國家高級學術人才之目的，設立康寧學校財團法人。,設立時之財產總額為新台幣貳億元整，由王榮昌、林政則、王純德等人捐助設立（詳如捐助人名冊及捐助財產清冊）；嗣後並得繼續接受國內外之個人、法人或團體之捐贈,教育部中華民國88年9月29日台八八高三字第88117128號函,永久,4312129040.00,1,1150108,,1150119,,,,,,
115法登他000006,2,2,林郁菁,2151,1150105,1150105,1150107,108冊5頁,2,4,李文忠,社團法人台灣敏捷協會,1091124,臺北市南港區園區街3之1號11樓之1,致力於提供並推廣敏捷價值，思維，與務實導向的社群協會，藉由推動敏捷文化引擎驅動轉化改善我們的生活、學校、社群、產業與經濟。,入會費、常年會費、事業費、會員捐款、委託收益、基金及其孳息、其他收入,內政部中華民國107年3月2日台內團字第1070003241號函,永久,697241.00,1,1150107,,1150115,,全體理、監事印鑑式。,,,,
115法登他000007,1,2,林郁菁,206,1150105,1150105,1150107,10冊31頁,1,10,鄧昭芳,財團法人毒藥物防治發展基金會,0830923,台北市北投區石牌路2段201號,以資助及執行與毒品、藥物、化學毒物防治有關之研究發展、教育訓練、推廣及幫助解決相關問題為宗旨。,由國內各界自由捐獻新台幣壹仟萬元，為成立基金。嗣後並得繼續接受國內外認同本會宗旨之個人或機關團體之捐贈。,行政院衛生署83.6.29衛署醫字第83040566號函,永久,24798929.00,1,1150107,,1150115,,法人捐助章程第4條、第10條、第14條、第15條、第16條、第17條、第24條及第30條條文變更並經主管機關衛生福利部中華民國114年10月14日衛部醫字第1141668584號函許可變更。,,,,
115法登他000008,2,2,林郁菁,521,1150105,1150105,1150107,26冊20頁,1,16,林麗雲,社團法人台北市盲人福利協進會,0891025,台北市南京西路18巷8之3號,以研究本市盲人福利事業為宗旨。,入會費、常年會費、事業費、會員捐款、委託收益、基金及其孳息、其他收入,台北市政府社會局民國46年1月7日,永久,5979078.00,1,1150107,,1150115,,繼任理事印鑑式。,,,,
115法登他000009,2,2,林郁菁,1622,1150105,1150106,1150109,81冊16頁,1,3,劉偉仁,社團法人中華民國家長聯誼會,1040813,台北市士林區承德路4段180號11樓,以營造優良教育環境為宗旨。,入會費、常年會費、事業費、會員捐款、委託收益、基金及其孳息、其他收入,內政部中華民國104年6月25日台內團字第1040042093號函,永久,10000.00,1,1150108,,1150119,,繼任理事印鑑式。,,,,
115法登他000010,1,2,林郁菁,2480,1150105,1150108,1150112,124冊10頁,1,1,郭思薈,財團法人臺北市保瑞盛維恩基金會,1121220,台北市內湖區瑞光路26巷36弄2號5樓,以辦理臺北市促進心理健康暨心理衛生及食藥保健等相關事務為主要目的。,本基金會捐助財產總額為新臺幣壹仟萬元，由捐助人益邦製藥股份有限公司無償捐助之。,臺北市政府衛生局中華民國112年12月7日北市衛心字第1123071974號函,永久,10000000.00,1,1150109,,1150120,,繼任董事簽名暨印鑑式。,,,,
115法登他000011,1,2,林郁菁,1411,1150105,1150105,1150107,71冊5頁,2,5,馬凱,財團法人社會企業公約基金會,1020115,台北市內湖區瑞光路76巷30號6樓,以推動企業「以公道企業拯救資本主義」，發揚「慈悲、幸福、誠實、綠色、成長」五德，為青年創造幸福工作環境、砥礪品德、學習成長、建立職業倫理觀為目的。,設立基金共新台幣五百萬元整，由社團法人台灣樂活聯盟、台北龍門扶輪社及勝方光電科技股份有限公司捐助成立；俟完成法人登記後，得繼續接受捐贈,行政院青年輔導委員會中華民國101年12月25日青參字第1010010436號函,永久,5000000.00,1,1150107,,1150115,,全體董事印鑑式。,,,,
115法登他000012,1,2,林郁菁,233,1150105,1150204,1150210,12冊5頁,2,10,黃葉寶鳳,財團法人黃清標慈善基金會,0840612,台北市大同區太原路7-3號,以辦理社會福利慈善事業為目的。,設立基金共新臺幣壹仟萬元整，由黃清標、黃呈瑞、黃呈琮及黃淑珍等四人捐助成立，詳如捐助人名冊及捐助財產清冊。嗣後並得繼續接受國內外自然人、法人、機構或團體之捐贈。,台北市政府社會局84.4.17北市社二字第17554號函,永久,30000000.00,1,1150205,,1150223,,全體董事印鑑式。,,,,
115法登他000013,1,2,林郁菁,530221,1150109,1150109,1150112,2冊1頁,1,18,王仲宇,惇敍學校財團法人,0530810,台北市北投區泉源路221號,響應政府鼓勵私人興學，配合當地需要，以培養青年俾成為國家社會有用之才為目的。,"由黃次倫先生捐助土地二筆房舍五棟(其價值為新台幣3,951,311.1元正)設立，嗣後並得繼續接受國內外之個人、法人或團體之捐助",台北市政府教育局78.5.19北市教一字第23635號函,永久,165543514.00,1,1150109,,1150120,,,,,,
115法登他000014,2,2,林郁菁,1250,1150109,1150109,1150114,63冊4頁,2,5,洪正一,社團法人新北市汐止區基督教全人關懷福音發展協會,1000415,新北市汐止區建成路152號B1,以傳揚耶穌基督救世佈道、宣揚聖經真理為宗旨，並實踐基督博愛精神，透過摯誠服務社群，救助貧困或急難家庭，關懷弱勢族群，積極推動社區公益活動，營造社區居民身心靈整全成長達到全人關懷的目的。,入會費、常年會費、會員捐款、基金及其孳息、其他收入,新北市政府中華民國100年2月9日北府社團字第1000059435號函,永久,42550000.00,1,1150112,,1150122,,"全體理、監事印鑑式。
法人章程第7條、第8條及第27條條文變更並經主管機關新北市政府中華民國114年10月28日新北府社團字第1142144352號函予以備查。",,,,
115法登他000015,1,2,林郁菁,1898,1150109,1150109,1150114,95冊12頁,1,4,廖　群,財團法人慧治基金會,1030506,台北市大同區寧夏路11號6樓之12,以關懷弱勢族群，從事兒童及青少年福利服務為目的。,本會財產共新臺幣參仟萬元整，由慧治投資有限公司捐助，俟依法完成法人登記後，得繼續接受捐贈,行政院農業委員會中華民國103年3月5日農糧字第1031033642號函,永久,30000000.00,1,1150112,,1150122,,"法人捐助章程全條文變更並經主管機關農業部中華民國114年10月30日農授糧字第1141150390號函同意變更及本院114年度法字第52號民事裁定確定准予變更，變更內容詳如捐助章程修正對照表。
主管機關改隸為衛生福利部。",,,,
115法登他000016,1,2,林郁菁,490108,1150109,1150109,1150114,1冊47頁,1,6,王承前,財團法人天主教遣使會,0490802,台北市士林區德行東路202號4樓,一、供應遣使會及協助當地主教為舉行天主教儀式及宣揚天主教教義所需之一切設備及經費。二、供應及維持遣使會現在及將來承辦之慈善、教育、醫務、社會福利各事業，並培育會士及教友為從事各事業所需之專業能力。三、協助遣使會在全球之遣使會會士從事傳教及社會慈善、教育、醫務、社會福利各事業。四、供應遣使會為宣揚會祖及修會精神和天主教教義辦理之傳播、文化、出版事業所需一切設備及經費。五、使年邁或有疾病之會士得獲照顧贍養及臨終喪葬等安排。六、贊助、關懷、慰問國內外重大災害及急難救助。,設立基金新台幣柒拾壹萬壹仟伍佰貳拾陸元整，由天主教遣使總會捐助；嗣後得繼續接受其他個人或團體繼續捐贈,臺灣省政府中華民國49.7.8.府民一字第49779號函,永久,725262873.00,1,1150112,,1150122,,法人捐助章程第2條條文變更並經主管機關內政部中華民國114年12月8日台內宗字第1140562731號函同意變更。,,,,
115法登他000017,1,2,林郁菁,490116,1150109,1150112,1150114,1冊53頁,2,24,陳國興,財團法人台北市金萬成團,0491103,台北市大同區民權西路184巷1號,本法人設置玄天宮奉祀玄天上帝宏揚道教並樹立團結精神，興辦社會公益慈善救濟事業為目的。,原有財產總額新台幣壹佰零參萬元整，由吳水源等熱心人士共同捐助,台北市政府民政局49.9.23北市民行字第54368號,永久,3030000.00,1,1150113,,1150122,,全體董、監事簽名暨印鑑式。,,,,
115法登他000018,1,3,林郁菁,1020,1150109,1150112,1150114,51冊14頁,1,6,鍾永豐,財團法人臺北市關渡文化藝術基金會,0970505,臺北市北投區大度路3段301巷23號,以保存、推動文化為宗旨。,設立基金新台幣伍佰萬元整，由郭國榮、郭國哲、蔡國賢捐助。俟完成登記後，得繼續接受捐贈,臺北市政府文化局中華民國97年4月16日北市文化一字第09731040700號函,永久,5000000.00,1,1150114,,,鍾永豐,"解散登記之原因、可決之程序與日期：因長期營運困難，財務狀況已無法支持基金會正常運作，於中華民國114年3月7日經董事會會議決議解散並選任鍾永豐為清算人，並報經主管機關臺北市政府文化局於114年8月25日以北市文化文創字第1143022602號函予以同意及本院民事庭114年10月23日以士院鳴民誠114年度法字第44號函備查在案。
清算人姓名及地址：鍾永豐、嘉義市東區日新街195號10樓之1。
清算人簽名暨印鑑式。",,,,
115法登他000019,1,2,林郁菁,1466,1150112,1150113,1150116,73冊20頁,2,5,方俊凱,財團法人亞太心理腫瘤學交流基金會,1020923,新北市淡水區民權路42號3樓,以促進亞太地區心理腫瘤學專業發展、臨床服務與大眾知能為目的。,設立基金為新台幣壹仟萬元，由林榮錦等人捐助；嗣後並得繼續接受國內外之個人或團體之捐助,衛生福利部中華民國102年9月12日衛部醫字第1021623618號函,永久,10000000.00,1,1150115,,1150126,,"全體董事、監察人印鑑式。
法人捐助章程第3條條文變更並經主管機關衛生福利部中華民國114年4月8日衛部醫字第1141662428號函許可變更。",,,,
115法登他000020,1,2,林郁菁,1565,1150109,1150112,1150114,78冊19頁,2,8,辜仲諒,財團法人中國信託慈善基金會,0931021,台北市南港區經貿二路168號,以辦理公益慈善及社會福利相關事業為目的。,設立基金共計新臺幣參仟萬元整，由中國信託商業銀行捐助成立。嗣後並得繼續接受國內外自然人、法人、機構或團體之捐贈。,內政部中華民國93年10月4日內授中社字第0930701175號函,永久,307737618.00,1,1150113,,1150122,,全體董事簽名暨印鑑式。,,,,
115法登他000022,1,2,林郁菁,680829,1150114,1150114,1150116,4冊3頁,1,8,吳佳龍,財團法人台北市新北投基督長老教會,0760817,台北市北投區溫泉路35之2號,旨在台北市新北投及附近地區傳佈基督教義及辦理社會公益事業為目的。,捐助,台北市政府民政局68年6月22日北市民三字第4505號,永久,25380605.00,1,1150115,,1150126,,,,,,
115法登他000023,1,2,林郁菁,503,1150115,1150313,1150318,25冊37頁,2,11,鄭夙媜,財團法人凱勝文教基金會,0870721,台北市內湖區民權東路6段216-1號7樓,以教育性、文化性提升婦女地位，並發展社教培育人才，且倡導健康和諧之生活。,設立基金新台幣壹仟萬元整，由伯葛股份有限公司捐助。俟完成登記後，得繼續接受捐贈。,教育部87年7月8日台社㈣字第87075347號函,永久,10000000.00,1,1150316,,1150326,,全體董事印鑑式。,,,,
115法登他000024,1,2,林郁菁,2651,1150115,1150115,1150119,130冊11頁,2,14,魏拙夫,財團法人沈力揚教授醫學教育獎學紀念基金會,0740620,台北市北投區立農街2段155號,獎勵醫學研究發展，培養醫學人才，提高中華民國醫學水準為宗旨。,由榮民總醫院、台中分院、慶齡醫學基金會、尹衍樑先生等共同捐助,教育部中華民國74年6月10日台(74)高字第23532號,永久,15000000.00,1,1150119,,1150127,,全體董事印鑑式。,,,,
115法登他000025,2,2,林郁菁,2611,1150116,1150116,1150119,140冊1頁,1,4,林美薰,社團法人臺灣兒少權益暨身心健康促進協會,1060816,台北市大同區鄭州路119號8樓,依據兒童權利公約之精神與我國之兒童權利公約施行法之內涵，結合法律、社會工作、諮商輔導、教育文化與醫療衛生等社會資源；促進家庭功能，推廣兒童、少年衛生福利、犯罪預防及矯正工作；協助兒童、少年或弱勢者適切之服務，健全其家庭關係，保障其司法權益；招募與培訓相關工作者，共同關懷、促進兒童、少年及弱勢者之權益與福利為宗旨。,入會費、常年會費、事業費、會員捐款、委託收益、基金及其孳息、其他收入,內政部中華民國106年4月28日台內團字第1060015133號函,永久,400251.00,1,1150116,,1150127,,第4屆理事長林美薰住址變更。,,,,
115法登他000026,1,2,林郁菁,490113,1150115,1150116,1150119,1冊51頁,1,12,新庄美重子,財團法人新北市天主教聖心會,0490903,新北市八里區龍米路1段263號,"為遵照  耶穌博愛精神以傳播天主教義及辦教育文化及公益福利等事業。",捐助,49年5月25日台北縣政府民政局(49)北縣民一字第5號,永久,363588343.00,1,1150119,,1150127,,繼任董事印鑑暨簽名式。,,,,
115法登他000027,2,2,林郁菁,2332,1150115,1150116,1150119,117冊2頁,2,3,湖雅惠,社團法人臺北市光禾實驗教育協會,1100806,台北市南港區興中路56巷15號10樓,以推廣實驗教育與體驗學習為宗旨。,入會費、常年會費、會員捐款、委託收益、基金及其孳息、其他收入,臺北市政府社會局中華民國108年11月7日北市社團字第1083174518號函,永久,0.00,1,1150119,,1150127,,全體理、監事印鑑式。,,,,
115法登他000028,2,2,林郁菁,1634,1150119,1150119,1150121,82冊8頁,1,7,劉承武,社團法人台灣犯罪被害人人權服務協會,1000914,新北市汐止區新台五路1段97號26樓之3,維護被害人人權。提升被害人法律權益。,入會費、常年會費、會員捐款、委託收益、基金及其孳息、其他收入,內政部中華民國100年8月8日台內社字第1000152424號函,永久,19686.00,1,1150120,,1150129,,法人章程第13條及第20條條文變更並經主管機關內政部中華民國114年12月15日台內團字第1140038934號函予以備查。,,,,
115法登他000029,1,2,林郁菁,330,1150119,1150123,1150128,16冊39頁,2,10,廖武治,財團法人保生文教基金會,0860731,台北市大同區哈密街61號,以推動文化藝術教育為宗旨。,設立基金新台幣參仟萬元整，由財團法人台北保安宮捐助。俟完成登記後，得繼續接受捐贈。,教育部86.7.7.台(86)社(四)字第86077794號函,永久,95000000.00,1,1150126,,1150203,,全體董事、監察人印鑑式。,,,,
115法登他000030,1,2,林郁菁,1549,1150119,1150122,1150126,78冊3頁,1,4,魏春燕,財團法人新北市私立天禪慈善基金會,1031007,新北市淡水區學府路100巷2-3號,以舉辦社會福利慈善事業為宗旨。,設立基金新台幣壹仟萬元整，由游象添發起創設暨魏春燕等捐助；嗣後得由個人或團體繼續捐助,新北市政府中華民國103年10月1日北府社助字第1031781138號函,永久,10000000.00,1,1150122,,1150203,,繼任董事印鑑式。,,,,
115法登他000031,1,2,林郁菁,610472,1150119,1150122,1150126,2冊85頁,2,10,饒政華,財團法人台灣太陽誘電股份有限公司救濟交通事故獎學金基金會,0610907,台北市內湖區文湖街18號12樓,係為交通事故之孤兒及殘廢學童而設,設立基金新臺幣壹佰萬元整，由台灣太陽誘電股份有限公司董事長佐藤彥八暨日籍股東捐贈；嗣後得繼續接受捐贈,"教育局　中華民國61年5月19日  北市教輝四字第0021號函",永久,13000000.00,1,1150122,,1150203,,全體董事簽名式。,,,,
115法登他000032,1,2,林郁菁,540251,1150119,1150122,1150128,2冊17頁,2,16,鄭永聖,財團法人台北市智仁宮,0541018,台北市昌吉街95巷23號,宗奉聖神仙佛宣揚正道宗教，遵守國法增進和睦精神，並濟世興辦公益慈善事業為宗旨。,設立基金總額新台幣壹拾伍萬伍佰拾貳元整，由熱心人士許火車等共同捐助計有房屋、基地及動產備品；嗣後得由信眾、教友、熱心人士自動捐助,臺北市政府民政局54年10月12日,永久,6433283.00,1,1150126,,1150203,,全體董、監事印鑑式。,,,,
115法登他000033,2,2,林郁菁,2697,1150116,1150120,1150123,132冊17頁,2,32,廖子晴,社團法人中華民國菸業協會,0820317,台北市內湖區洲子街58號3樓A3,本會以確保全體香菸業者公平競爭之市場條件，促使對所有國家採行香菸市場自由化，加強菸草事業同業間之合作及自我規範，維護會員之合法權益以及推動相關之公益活動為宗旨。,入會費、常年會費、事業費、會員捐款、委託收益、基金及其孳息、其他收入,內政部中華民國81年12月23日台(81)內社字第8120282號函,永久,3694964.00,1,1150122,,1150202,,"全體理、監事印鑑式。
法人章程全條文變更並經主管機關內政部中華民國114年9月11日台內團字第1140033463號函予以備查。
法人章程第28條及第30條條文變更並經主管機關內政部中華民國114年11月13日台內團字第1140042450號函予以備查。",,,,
115法登他000034,1,2,林郁菁,2504,1150119,1150120,1150123,125冊14頁,1,1,張效煌,財團法人臺北市整合心臟醫學基金會,1130312,台北市北投區建民路125巷6號7樓,以辦理臺北市促進心臟醫學尖端臨床醫療或學術研究領域事務為主要目的。,本基金會捐助財產總額為新臺幣壹仟萬元，由捐助人無償捐助之，嗣本基金會許可設立後並得繼續接受國內外自然人、法人、機構或團體之捐贈。,臺北市政府衛生局中華民國113年3月4日北市衛醫字第1133018955號函,永久,30000000.00,1,1150122,,1150202,,,,,,
115法登他000035,1,2,林郁菁,239,1150119,1150122,1150126,12冊17頁,2,6,蔡世仁,財團法人基督教天母靈泉堂,0840710,台北市北投區榮華3路48號2樓,本基督耶穌愛人捨己之精神，傳揚基督教教義及辦理社會公益慈善事業。,由信徒等捐助,台北市政府民政局84.6.23(84)北市民三字第16894號函,永久,5900000.00,1,1150122,,1150203,,全體董事簽名暨印鑑式。,,,,
115法登他000036,2,2,林郁菁,2005,1150116,1150120,1150123,100冊19頁,2,4,林宏銘,社團法人中華民國台南鹽埕林姓宗親會,1081005,台北市大同區承德路3段246號6樓,以宏揚祖德、聯絡宗誼、發揮互助合作精神、增進宗親福利及服務社會為宗旨,入會費、常年會費、事業費、會員捐款、委託收益、基金及其孳息、其他收入,內政部中華民國108年4月11日台內團字第1080019764號函,永久,67000.00,1,1150121,,1150202,,"全體理、監事印鑑式。
法人章程第16條及第17條條文變更並經主管機關內政部中華民國110年7月20日台內團字第1100036557號函予以備查。",,,,
115法登他000037,1,2,林郁菁,500139,1150119,1150120,1150123,1冊67頁,2,21,羅可杰,財團法人台北市私立衛理女子高級中學,0500501,台北市士林區至善路2段321號,為謀台北市私立衛理女子高級中學校發展之目的，設立財團法人台北市私立衛理女子高級中學。,設立基金由美國基督教衛理公會、中華民國婦女聯合會及衛理公會所設學校在台同學及其他人士捐籌設立。嗣後並得繼續接受捐贈。,台灣省政府教育廳50.7.10教二字第2561號函,永久,3790186905.00,1,1150121,,1150202,,新任董事印鑑式。,,,,
115法登他000038,1,2,林郁菁,721010,1150123,1150123,1150128,4冊57頁,2,11,陳政忠,財團法人台北市陳安文教基金會,0720713,台北市士林區延平北路6段116巷46號1樓,以鼓勵清寒學生，提升教育環境，促進社會福利為目的。,由陳安先生遺囑，自其遺產撥出新台幣參拾萬元作為原始基金，嗣後仍可由其家族繼續捐贈，並接受社會團體及個人之捐贈,台北市政府教育局72年6月27日,永久,1000000.00,1,1150126,,1150203,,全體董事簽名暨印鑑式。,,,,
115法登他000039,2,2,林郁菁,1240,1150123,1150123,1150128,62冊14頁,2,12,謝素分,社團法人中華民國聽障人協會,0860507,台北市士林區承德路4段58巷10弄6號1樓,以研究及促進聽障教育、手語教育與其他有關聽障人問題，俾協助政府落實「殘障福利法」的推動與執行，並協助政府研訂各項有關殘障法令之政策與為謀求聽障者改善就學、就業、就醫及就養等福利，幫助聽障人解決困難減少種種障礙之困擾，建立無障礙環境的生活，而且邁向大同社會的理想目標。,入會費、贊助、榮譽、永久會員繳納會費、事業費、會員捐款、委託收益、基金及其孳息、其他收入,內政部中華民國81年9月5日台內社字第8114447號函,永久,500000.00,1,1150126,,1150203,,全體理、監事印鑑式。,,,,
115法登他000040,2,2,林郁菁,2582,1150123,1150123,1150128,129冊12頁,1,2,周晉宇,社團法人玄靈善願發展協會,1131119,台北市內湖區成功路4段323巷13號1樓,以開創社會慈善事業，舉辦社會公益活動，幫助弱勢團體、扶弱濟貧為宗旨。,入會費、常年會費、事業費、會員捐款、委託收益、基金及其孳息、其他收入,內政部中華民國106年10月31日台內團字第1060073391號函,永久,0.00,1,1150126,,1150203,,繼任理事長、副理事長印鑑式。,,,,
115法登他000041,1,2,林郁菁,514,1150123,1150123,1150128,26冊4頁,1,8,俞文鎮,財團法人國光慈善事業基金會,0490515,台北市南港區南港路2段146號1樓,以辦理社會福利慈善事業為目的。,基金總額新台幣貳拾壹億元，除募集外另由其他團體或個人捐助之。,台北市政府47年11月15日北市社教字第33號函,永久,2100000000.00,1,1150126,,1150203,,繼任董事長、董事、監察人印鑑式。,,,,
115法登他000042,1,2,林郁菁,1489,1150123,1150123,1150128,75冊3頁,2,13,張永剛,財團法人國防管理學院校友文教基金會,0790113,台北市北投區中央北路2段70號,以倡導管理科學之學術研究與發展，提昇企管、財管、資訊、法律等之教育品質，帶動學術研究之風氣，增進教育之效果為目的。,設立基金新台幣110萬元(現金)，由校友及熱心人士捐助，俟依法完成財團法人登記後，得繼續接受捐贈。,教育部中華民國78年12月28日台（78）社字第64197號函,永久,7000000.00,1,1150126,,1150203,,新任董事印鑑式。,,,,
115法登他000043,1,2,林郁菁,1660,1150126,1150126,1150128,83冊14頁,1,4,簡又新,財團法人中鼎教育基金會,1050216,台北市北投區福善路16號2樓,以提昇永續發展教育、培育永續及創新人才、獎勵永續及前瞻研究、推廣企業社會責任教育、推動大學永續發展為宗旨。,設立基金共新臺幣三千萬元整，由中鼎工程股份有限公司捐助；俟依法完成法人登記後，得繼續接受捐贈,教育部中華民國105年1月27日臺教社（三）字第1040172971號函,永久,30000000.00,1,1150127,,1150205,,繼任董事印鑑式。,,,,
115法登他000044,1,2,林郁菁,2622,1150126,1150126,1150128,140冊12頁,1,6,劉萍,財團法人臺北市福澤懷聰慈善基金會,0950420,台北市內湖區瑞光路122巷71弄12號1樓,以辦理臺北市社會福利（慈善）為主要目的。,由劉萍捐助,臺北市政府社會局中華民國95年4月6日北市社四字第09533266200號函,永久,10000000.00,1,1150127,,1150205,,繼任董事簽名暨印鑑式。,,,,
115法登他000045,1,2,林郁菁,2453,1150126,1150126,1150128,123冊3頁,2,9,陳致遠,財團法人勇源教育發展基金會,0891117,台北市內湖區行愛路140巷28號6樓,以『倡導終身學習之概念，提昇國人知識生活水準，促進國際學術交流，培育社會菁英、成就賢能社會，並贊助公益性質教育事業』為宗旨。,本會設立基金總額共現金新臺幣壹億貳仟陸佰捌拾玖萬貳仟元整，基金係由陳朝亨捐助柒佰伍拾萬元、陳清治捐助壹仟伍佰萬元、陳致遠捐助柒佰伍拾萬元、臺全投資股份有限公司捐助勇誼股份有限公司及勇春股份有限公司玖仟陸佰捌拾玖萬貳仟元。俟本會依法完成財團法人登記後，得繼續接受捐贈。,教育部中華民國89年10月20日台（89）社（四）字第89131908號函,永久,843236000.00,1,1150127,,1150205,,全體董事簽名暨印鑑式。,,,,
115法登他000046,1,2,林郁菁,490112,1150126,1150126,1150128,1冊49頁,2,13,王永昌,財團法人台北市私立王氏宗廟圖書館,0490830,台北市北投區一德街75號,以提供本館館舍及全部戶外空間做為民眾閱覽、運動、休憩場所及配合辦理藝術、文化、音樂創作等有益於社會風氣提昇之公益活動為宗旨。,設立基金新台幣柒拾萬元整，由捐助人無償捐助之，俟依法完成法人登記後，得繼續接受捐贈,台北市政府教育局47.8.18,永久,596564868.00,1,1150127,,1150205,,全體董事印鑑暨簽名式。,,,,
115法登他000047,2,2,林郁菁,1341,1150126,1150127,1150130,67冊15頁,2,8,許昭萍,社團法人台灣女科技人學會,1010221,台北市內湖區陽光街321巷30號,以鼓勵及培育女性參與科技領域；促進並提升女性在科技專業領域之成長；建立科技女性間之交流、經驗傳承與相互支援網路；建立與國際相關領域及團體間的聯繫與交流為宗旨。,入會費、常年會費、事業費、會員捐款、委託收益、基金及其孳息、其他收入,內政部中華民國100年9月15日台內社字第1000183135號函,永久,209325.00,1,1150129,,1150209,,"全體理、監事印鑑式。
法人章程第24條及第31條條文變更並經主管機關內政部中華民國114年12月31日台內團字第1140289229號函予以備查。",,,,
115法登他000048,1,2,林郁菁,2635,1150127,1150202,1150204,141冊5頁,2,24,翁素蕙,財團法人臺北市臺大EMBA校友基金會,0910509,台北市南港區中坡南路5號5樓,以「服務校友、凝聚向心、支持台大、奉獻社會」為宗旨,由蔡一弘等一六四人共同捐助,臺北市政府教育局中華民國九十一年四月十一日北市教六字第０九一三二六三九三００號函,永久,10000000.00,1,1150203,,1150212,,全體董事、監察人簽名暨印鑑式。,,,,
115法登他000049,1,2,林郁菁,540245,1150126,1150127,1150130,2冊13頁,1,19,陳信良,財團法人真理大學,0540909,新北市淡水區真理街32號,為達成教學及學術研究，自由探討真理，培養人格，服務社會，促進國際間學術交流，榮神益人之目的，設立財團法人真理大學。,設立基金新台幣陸佰貳拾萬元，由北部臺灣基督長老教會大會，熱心信徒及社會各界人士捐助，嗣後並得繼續接受國內外之個人、法人或團體之捐贈,教育部54.8.26台(54)高字第13242號函,永久,4653831955.00,1,1150129,,1150209,,繼任董事、董事長及新任監察人印鑑式。,,,,
115法登他000050,1,2,林郁菁,510,1150127,1150127,1150130,25冊58頁,2,5,周龍祥,財團法人新北市私立周坤榮校長慈善事業基金會,0890911,新北市淡水區大義街40號1樓,以舉辦社會福利慈善事業為宗旨。,捐助,89.8.24台北縣政府八九北府社助字第三一九七○五號函同意設立。,永久,10000000.00,1,1150129,,1150209,,新任董事印鑑式。,,,,
115法登他000051,1,2,林郁菁,343,1150127,1150127,1150130,17冊25頁,2,10,楊綉菊,財團法人菩提文教基金會,0860930,台北市內湖區成功路4段167巷16號14樓之5,以「弘揚佛教教義，推動有益人心之文教活動」為目的。,設立基金共新台幣伍佰萬元整，由李芳華、釋恆清、楊建礎、楊鄭淑媛、楊智鈞、楊雅婷、李金戀、黃慶宏、林熅如、杜正民、李桂美等人捐助；俟依法完成財團法人登記後，得繼續接受捐贈。,台北市政府教育局86.7.30.北市教四字第8624849300號,永久,13243928.00,1,1150129,,1150209,,全體董事簽名暨印鑑式。,,,,
115法登他000052,2,2,林郁菁,1732,1150127,1150127,1150130,87冊6頁,2,10,張金順,社團法人中華民國無障礙科技發展協會,0870416,台北市士林區文林路718號4樓,運用資訊與通訊科技開發適合身心障礙者使用之輔具，以協助克服學習、生活和就業的障礙，同享資訊社會的種種便利和自主的生活。,入會費、常年會費、事業費、會員捐款、委託收益、基金及其孳息、其他收入,內政部中華民國87年3月21日台(87)內社字第8781179號函,永久,50000.00,1,1150129,,1150209,,"全體理、監事印鑑式。
法人章程第15條、第17條及第36條條文變更並經主管機關內政部中華民國114年10月31日台內團字第1140036829號函予以備查。",,,,
115法登他000053,1,2,林郁菁,630605,1150127,1150127,1150130,3冊29頁,2,18,李金定,財團法人中國社會行為研究社中華崑崙道苑基金會,0631028,台北市士林區承德路4段10巷36號,以財團之房地產維護與正常運用為目的。,"設立基金共新台幣1,986,207元整(包含土地房屋總值)。由中社撥贈之創立基金，及各界自願捐贈之捐款。",內政部63.6.27台內社字第593376函,永久,65122890.00,1,1150129,,1150209,,全體董事簽名暨印鑑式。,,,,
115法登他000054,1,2,林郁菁,308,1150129,1150129,1150202,15冊35頁,1,6,林慧明,財團法人地藏悲願基金會,0860220,台北市士林區延平北路7段189號,係本佛陀之精神，弘揚佛教教義，推展興辦佛教文化事業及辦理社會公益慈善事業。,設立基金為新台幣壹仟萬元整，由捐助人施秀珠等20人共同捐助,台北市政府民政局86.2.12.北市民三字第8620316700號函。,永久,2652220509.00,1,1150130,,1150210,,,,,,
115法登他000055,1,2,林郁菁,2169,1150129,1150129,1150202,108冊23頁,1,12,賴杉桂,財團法人光華管理策進基金會,0720613,台北市內湖區堤頂大道2段483號2樓,提升我國管理學術水準，策進管理科技，及增進管理學術界與實務界知識資訊之交流為宗旨。,李成家等捐贈現金,教育部72年5月27日台（七二）高一九九五一號函,永久,1077683.00,1,1150130,,1150210,,繼任董事簽名暨印鑑式。,,,,
115法登他000056,2,2,林郁菁,1721,1150129,1150130,1150202,86冊15頁,2,4,蔡中華,社團法人台北市洲子福德協會,1051122,台北市內湖區瑞光路478巷18弄32號,以實踐福德正神（土地公）信仰為目的之團體，為達成社會和諧，並闡揚土地公信仰為中心，革除不良習俗，激發人心向善，促進地方繁榮為宗旨。,入會費、常年會費、會員捐款、委託收益、基金及其孳息、其他收入,臺北市政府社會局中華民國105年9月8日北市社團字第10543241900號函,永久,12000000.00,1,1150202,,1150210,,全體理、監事印鑑式。,,,,
115法登他000057,1,2,林郁菁,59,1150201,1150202,1150202,3冊17頁,2,13,皮業福,財團法人台灣基督教道生長老會,0780118,台北市北投區中和街474巷2弄3號,本法人為永久存立之宣教團體，奉行基督博愛救人精神，研究教義真理，遵照聖經原則傳揚福音，設立教會並辦理社會公益慈善事業為宗旨。,捐助,台北市政府民政局77.12.22(77)北市民三字第21964號函,永久,57922481.00,1,1150202,,1150210,,全體董事簽名暨印鑑式。,,,,
115法登他000058,2,2,林郁菁,2700,1150202,1150202,1150204,132冊20頁,2,30,黃文泰,社團法人中華民國國際演講協會,1120322,台北市士林區重慶北路4段143巷3弄16號2樓,學習促進口語演講能力、人際溝通及領導統御能力，及在國際場合具充分演講能力。,入會費、常年會費、事業費、會員捐款、委託收益、基金及其孳息、其他收入,內政部中華民國85年11月2日台(85)內社字第8581802號函,永久,159420.00,1,1150203,,1150212,,全體理、監事印鑑式。,,,,
115法登他000059,2,2,林郁菁,2421,1150202,1150203,1150205,121冊11頁,1,1,王羿中,社團法人台灣蛻變方成事協會,1120522,台北市內湖區民權東路6段56巷5弄2號4樓,以支持台灣的逆境（特殊境遇家庭：父母無力撫養、曾遭受身心虐待或忽略等）兒童及青少年蛻變成更好的自己為宗旨。,入會費、常年會費、事業費、會員捐款、委託收益、基金及其孳息、其他收入,內政部中華民國112年5月4日台內團字第1120018469號函,永久,0.00,1,1150204,,1150213,,法人章程第7條及第36條條文變更並經主管機關內政部中華民國115年1月15日台內團字第1140288608號函予以備查。,,,,
115法登他000060,2,2,林郁菁,1784,1150202,1150204,1150205,89冊18頁,2,3,毛以勵,社團法人中華基督教我願意協會,1060815,台北市南港區東新街64巷11號B1,帶領人來認識信仰耶穌，使其成為教會中的成員，在耶穌基督裡長大成熟，在普世中宣揚耶穌基督救贖人類的福音，並本著耶穌愛世人的精神服務人群，辦理社會服務、教育、救助等工作，促進社會安定和諧，家庭生活美滿，以此來榮耀上帝的名。,入會費、常年會費、永久會費、事業費、會員捐款、委託收益、基金及其孳息、其他收入,內政部中華民國106年7月20日台內團字第1060044341號函,永久,94320.00,1,1150205,,1150213,,"全體理、監事印鑑式。
法人章程第15條及第17條條文變更並經主管機關內政部中華民國114年12月4日台內團字第1140288611號函予以備查。",,,,
115法登他000061,1,2,林郁菁,540234,1150203,1150203,1150205,2冊9頁,1,14,許詩莉,財團法人台灣省天主教道明傳教修女會,0540120,台北市大同區民生西路239號,以傳佈天主教教義，辦理公益慈善、社會教化事務，經營台北市私立道明外僑學校、新北市私立道明幼兒園、高雄市私立道明外僑學校、高雄市私立道明幼兒園等教育設施及屏東縣私立少女城、屏東縣私立道明社區日間照顧中心等公益慈善事業為目的。,捐助,台灣省政府54.1.9府民一字第2161號,永久,839299054.00,1,1150204,,1150213,,,,,,
115法登他000062,2,2,林郁菁,1894,1150202,1150203,1150204,95冊8頁,2,4,李學仁,社團法人國立臺灣海洋大學輪機系友會,1071004,新北市汐止區中興路95號6樓之2,"一、以聯絡系友情誼及增進系友福利為主要目的。
二、團結系友力量，增進海大輪機、船舶機械系及國內相關業界實力。
三、籌辦校內外活動，增進系友與在校師生情誼。",入會費、會費年費、事業費、會員捐款、委託收益、基金及其孳息、其他收入,內政部中華民國106年1月5日台內團字第1050082557號函,永久,348217.00,1,1150204,,1150212,,"全體理、監事印鑑式。
新法人圖記。
法人章程第1條、第2條、第7條及第35條條文變更並經主管機關內政部中華民國114年4月22日台內團字第1140006707號函予以備查。",,,,
115法登他000063,2,2,林郁菁,1960,1150203,1150203,1150204,98冊14頁,2,4,徐若菁,社團法人台灣愛克特動物重生救援協會,1080522,新北市三芝區聽濤街29號,以改變受難動物命運為宗旨,入會費、常年會費、事業費、會員捐款、委託收益、基金及其孳息、其他收入,內政部中華民國108年4月25日台內團字第1080024445號函,永久,9757.00,1,1150204,,1150212,,全體理、監事印鑑式。,,,,
115法登他000064,2,2,林郁菁,1998,1150205,1150205,1150210,100冊12頁,2,3,紀賢淑,社團法人台灣好消息佈道暨門訓協會,1080920,台北市士林區忠義街137號1樓,以推展好消息佈道暨門訓事工，傳播基督福音，發揚耶穌博愛精神，提倡有益身心之正當活動，提升生活品質，促進社會風俗之改善為宗旨,入會費、常年會費、事業費、會員捐款及各項捐款、結餘款及其孳息,內政部中華民國108年8月21日台內團字第1080055163號函,永久,382612.00,1,1150205,,1150223,,全體理、監事印鑑式。,,,,
115法登他000065,1,2,林郁菁,630602,1150205,1150210,1150213,3冊27頁,2,16,柯智仁,財團法人台灣基督長老教會大稻埕教會,0630903,台北市大同區甘州街40號2樓,以傳揚基督福音，引人歸主並舉辦傳教、慈善及育英等公益事業。,捐助,臺北市政府民政局63.8.27北市民三字第13437號,永久,162525355.00,1,1150213,,1150223,,全體董事簽名暨印鑑式。,,,,
115法登他000066,2,2,林郁菁,2264,1150205,1150205,1150210,113冊14頁,2,2,張雲亭,社團法人臺灣皮膚科技教育學會,1101025,臺北市士林區中山北路7段20號6樓,以發展我國皮膚科技與資助皮膚學術研究暨舉辦教育文化公益性業務目的為宗旨。,入會費、常年會費、事業費、會員捐款、委託收益、基金及其孳息、其他收入,內政部中華民國110年10月1日台內團字第1100046024號函,永久,0.00,1,1150206,,1150223,,全體理、監事印鑑式。,,,,
115法登他000068,1,2,林郁菁,530217,1150209,1150209,1150210,1冊97頁,1,16,林忠榮,財團法人全國林姓宗廟,0530601,台北市大同區重慶北路1段73號10樓,以闡揚『忠孝傳家』之祖德並促進敦親睦族共謀宗親福利，樹立團結互助精神為宗旨。,捐助,台北市政府民政局53.3.14(53)北市民行字第12258號,永久,90587467.89,1,1150209,,1150223,,,,,,
115法登他000069,1,2,林郁菁,600427,1150206,1150206,1150210,2冊71頁,1,17,鄭逢時,城市學校財團法人,0600714,台北市北投區學園路2號城市學校財團法人臺北城市科技大學內,為辦理城市學校財團法人臺北城市科技大學並謀其發展之目的，設立城市學校財團法人。,設立基金新臺幣貳仟肆佰參拾捌萬參仟零肆拾貳元整，由陳垗花、盧壽延、褚克儉、束壽徵、聶建華、別文學、蔡長準、李馥妽、單繩武等人捐贈。嗣後並得繼續接受國內外之個人、法人或團體之捐贈,教育部60.3.17台(60)專字第6085號令,永久,5669945615.00,1,1150209,,1150223,,,,,,
115法登他000070,1,2,林郁菁,2702,1150209,1150209,1150213,133冊2頁,1,1,釋秉誠,財團法人佛教淨土院基金會,1120210,台北市大同區大龍街36號,本於信仰佛陀之智慧慈悲精神，致力佛法之傳揚，並以弘揚與實踐佛教教義為目的，以「心淨國土淨，人成即佛成」為宗旨。,由釋秉誠捐助,內政部中華民國112年1月6日台內民字第1110064952號函,永久,30000000.00,1,1150211,,1150223,,法人捐助章程第5條條文變更並經主管機關內政部中華民國115年1月2日台內宗字第1140052549號函同意變更。,,,,
115法登他000071,1,2,林郁菁,918,1150206,1150210,1150213,46冊12頁,1,6,周克修,馬偕學校財團法人,0960110,新北市三芝區中正路3段46號,為發揚基督精神、提昇學術研究、傳承馬偕博士醫療傳道志業、培育醫療與管理專業人才及服務社會之目的，設立馬偕學校財團法人,設立基金總額為新台幣24億元（包括動產、不動產），由台灣基督長老教會馬偕醫療財團法人捐助設立；嗣後並得繼續接受國內外之個人、法人或團體之捐贈,"教育部  中華民國94年6月7日台高（三）字第0940064990號函",永久,8618364708.00,1,1150211,,1150223,,繼任董事印鑑式。,,,,
115法登他000072,1,2,林郁菁,855,1150210,1150210,1150213,43冊9頁,2,11,文亮,財團法人台北市基督教湖光全人關懷慈善基金會,0830527,台北市內湖區港墘路127巷27號地下一層,以辦理社會福利慈善事業為目的。,由捐助人蔡國熊捐助，嗣後得由捐助人或其他個人、團體隨時補充之,"台北市政府社會局83年5月2日  北市社二字第19618號函",永久,104344979.00,1,1150212,,1150223,,"全體董事印鑑式。
法人捐助章程第4條及第27條條文變更並經主管機關臺北市政府社會局中華民國114年3月10日北市社團字第1143026882號函許可變更。",,,,
115法登他000073,1,2,林郁菁,1016,1150209,1150223,1150225,51冊10頁,1,5,施崇棠,財團法人華碩文教基金會,0970416,台北市北投區立德路15號16樓,以弘揚知識經濟、提昇創新能力、培育科技人才、促進產學合作、推廣環保節能、生態保育、推展文化藝術、社會教育，結合電腦、網路設備、建構網路平台，提升國人資訊教育、提高國民生活品質及促進世界交流之發展為目的。,設立基金共新臺幣伍仟萬元整(包含現金伍仟萬元及非現金資產零元)，由華碩電腦股份有限公司捐助。俟依法完成財團法人登記後，得繼續接受捐贈。,教育部中華民國97年4月3日台社(四)字第0970047707號函,永久,50000000.00,1,1150223,,1150305,,繼任董事印鑑式。,,,,
115法登他000074,2,2,林郁菁,1000,1150209,1150210,1150213,50冊14頁,2,7,張麗美,社團法人中華高心靈協會,0940215,台北市北投區幽雅路杏林巷3─6號,"以解脫道為基礎，實踐菩薩行。由淨化個人身心開始，超越宗教、宗派之藩籬，以達社會安祥、世界和平為宗旨。
宣導及實踐「以大自然為師」，體悟無常、無我的真理實相及樸實的生命態度。
喚醒人類珍惜孕育我們的母親─地球。",入會費、常年會費、事業費、會員捐款、委託收益、基金及其孳息、其他收入,內政部中華民國93年12月31日台內社字第1060085696號函,永久,327700.00,1,1150212,,1150223,,"全體理、監事印鑑式。
法人章程第5條、第15條、第16條及第17條條文變更並經主管機關內政部中華民國110年12月1日台內團字第1100282352號函予以備查。
法人章程第25條及第28條條文變更並經主管機關內政部中華民國113年10月18日台內團字第1130286153號函予以備查。",,,,
115法登他000075,1,2,林郁菁,2703,1150210,1150210,1150213,133冊3頁,1,12,吳欣儒,財團法人台北市新光吳火獅先生救難急救基金會,0791011,台北市士林區文昌路95號,以慈善公益回饋社會，造福人群，以貧病醫療補助，急難救助費用捐助醫療設備，包括孤兒殘障扶助、災難救濟及捐助政府或私人公益有關慈善之計劃，接受主管機關指導辦理其他有關慈善公益事項等為目的。,吳東進等六人及新光人壽股份有限公司捐助,"台北市政府社會局七十九年七月十六日 北市社二字第二三八八一號函",永久,40773956.00,1,1150212,,1150223,,法人捐助章程第5條及第29條條文變更並經主管機關臺北市政府社會局中華民國114年12月29日北市社團字第1143204702號函許可變更。,,,,
115法登他000076,1,2,林郁菁,1298,1150223,1150223,1150225,65冊12頁,1,5,鄭澤芳,財團法人新光保全關懷社會福利基金會,1001012,台北市內湖區行愛路128號5樓,以辦理社會福利慈善事業為目的。,設立基金新臺幣參仟萬元整，由台灣新光保全股份有限公司等捐助；嗣後得由捐助人或其他個人、團體繼續捐贈補充之,內政部中華民國100年9月20日內授中社字第1000700971號函,永久,30000000.00,1,1150223,,1150305,,"繼任董事印鑑式。
第5屆董事王豫元住所變更及董事吳昕東印鑑變更。",,,,
115法登他000077,2,2,林郁菁,1483,1150223,1150223,1150225,74冊17頁,2,7,郭旭崧,社團法人台灣研發型生技新藥發展協會,1020311,台北市南港區昆陽街26號1樓,以促進生技新藥之研究發展，提高生技新藥之研發水準，以增進人類健康為宗旨。,入會費、團體會員入會費、事業費、會員捐款、委託收益、基金及其孳息、其他收入,內政部中華民國101年12月24日台內社字第1010388736號函,永久,5000000.00,1,1150224,,1150305,,全體理、監事印鑑式。,,,,
115法登他000078,1,A,林郁菁,1237,1150223,1150223,1150225,62冊11頁,1,5,邱明民,財團法人大河文化基金會,1000119,新北市淡水區民族路31-25號4樓之2,以實踐「一滴水」思想，提升心靈及文化之體驗為宗旨。,設立基金共新台幣伍佰萬元整，由邱明民捐助，俟完成法人登記後，得繼續接受捐助,新北市政府中華民國100年1月13日北府文發字第1000000282號函,永久,5000000.00,1,1150224,,,,解散登記之原因：依據主管機關新北市政府中華民國114年12月9日新北府文發字第1142493393號函囑託解散登記。,,,,
115法登他000079,1,A,林郁菁,2047,1150223,1150223,1150225,103冊1頁,1,1,郭武陽,財團法人新北市玄天上帝公社會福利慈善事業基金會,1090224,新北市汐止區弘道街53巷9弄8號,舉辦社會福利慈善事業,由郭李桂香、郭文照、郭正富共同捐助新臺幣壹仟萬元整，俟成立後得繼續接受捐贈,新北市政府中華民國109年2月13日新北府社助字第1090201117號,永久,10000000.00,1,1150224,,,,解散登記之原因：依據主管機關新北市政府中華民國115年1月15日新北府社助字第11500567851號函囑託解散登記。,,,,
115法登他000080,1,2,林郁菁,717,1150223,1150223,1150225,36冊28頁,2,8,吳昕東,財團法人台灣新光保全文化藝術基金會,0930107,台北市內湖區行愛路128號5樓,以從事有關文化藝術事務、藝文教育推廣、促進國際文化交流、弘揚文化、培養人才、及舉辦教育性、正當休閒、娛樂藝術等活動為宗旨。,設立基金共新台幣伍仟萬元，由台灣新光保全股份有限公司捐助；嗣後得繼續接受捐助。,行政院文化建設委員會中華民國92年12月29日文壹字第0921133657號函,永久,50000000.00,1,1150224,,1150305,,全體董事印鑑式。,,,,
115法登他000081,2,2,林郁菁,2707,1150223,1150223,1150225,133冊7頁,2,7,蔡鴻鵬,社團法人中華民國老人福利關懷協會,0930213,台北市內湖區南京東路6段497號4樓,以宣揚及保障老人之權益為主要宗旨。,入會費、常年會費、事業費、捐款、委託收益、活動收入、基金與孳息、其他收入,內政部中華民國九十三年二月四日台內社字第０九三０００二二九二號函,永久,51000.00,1,1150224,,1150305,,"全體理、監事印鑑式。
法人章程第5條、第7條、第16條、第18條、第20條及第33條條文變更並經主管機關內政部中華民國114年8月28日台內團字第1140285677號函予以備查。",,,,
115法登他000082,2,2,林郁菁,2706,1150223,1150223,1150225,133冊6頁,2,7,黃健泰,社團法人中華民國汽車鑑價協會,0931008,台北市內湖區金湖路1號3樓,以提昇車界全面素質，保障透明公平交易為宗旨。,會員會費等,內政部　中華民國九十二年七月九日,永久,120000.00,1,1150224,,1150305,,"全體理、監事印鑑式。
新法人圖記。
法人章程第15條及第17條條文變更並經主管機關內政部中華民國111年12月13日台內團字第1110055779號函予以備查。",,,,
115法登他000083,1,2,林郁菁,570326,1150223,1150223,1150225,2冊45頁,1,17,林哲弘,中華學校財團法人,0570709,台北市南港區研究院路3段245號,響應政府獎勵私人興學及培育高級科技與管理人才為目的。,設立基金新台幣伍佰萬元整，由中華技術學院創辦人周光中先生捐贈；嗣後並得繼續接受國內外之個人、法人或團體之捐贈,教育部57.7.22台57專字第17859號函,永久,3361932847.00,1,1150224,,1150305,,,,,,
115法登他000084,1,2,林郁菁,1745,1150224,1150224,1150225,87冊19頁,1,3,范嘉玲,財團法人臺北市陳玉梅紀念慈善基金會,1060329,台北市大同區重慶北路3段139號11樓,以辦理臺北市社會福利為目的。,本基金會捐助財產總額為新臺幣貳仟萬元整，由捐助人無償捐助之；本基金會許可設立後，基金得由捐助人或其他個人、團體隨時補充之。,臺北市政府社會局中華民國106年3月22日北市社團字第10634297700號函,永久,20000000.00,1,1150225,,1150305,,法人捐助章程第7條及第25條條文變更並經主管機關臺北市政府社會局中華民國114年12月12日北市社團字第1143200433號函許可變更。,,,,
115法登他000085,1,2,林郁菁,2346,1150224,1150224,1150225,117冊16頁,2,2,劉棟,財團法人台灣輔助犬公益基金會,1110722,台北市北投區崗山路24號,以經由發展導盲犬、導聾犬及肢體輔助犬等輔助犬之訓練、應用等各項業務，協助身心障礙者、以及其他有需要者，透過輔助犬及相關專業人員之協助，以期能在生活、行動、學習及心靈等全方位健康獲得重大提升等社會福利事業為宗旨。,本會由社團法人台灣導盲犬協會捐助新臺幣參千萬元為設立基金，詳如捐助人名冊及捐助財產清冊。嗣後並得繼續接受國內外自然人、法人、機構或團體之捐贈。,衛生福利部中華民國111年7月6日衛授家字第1110012189號函,永久,30000000.00,1,1150225,,1150305,,全體董事印鑑式。,,,,
115法登他000086,1,2,林郁菁,710970,1150225,1150225,1150302,4冊37頁,2,13,吳祖仁,財團法人台北市私立仁愛社會福利事業基金會,0711126,台北市內湖區基湖路35巷16號4樓之2,以辦理社會福利事業為目的。,基金總額新台幣壹仟萬元，內含台灣松下電器股份有限公司普通記名股票壹拾伍萬捌仟壹佰壹拾壹股（每股面額新台幣壹拾元，計壹佰伍拾捌萬壹千壹佰壹拾元）。前項基金得由捐助人隨時補充之（並得接受有關團體及個人之捐贈）。,台北市政府社會局71年11月4日北市社四字第42063號,永久,10000000.00,1,1150226,,1150310,,全體董事印鑑式。,,,,
115法登他000087,1,2,林郁菁,1455,1150225,1150225,1150302,73冊9頁,2,3,黃黎月,財團法人慶琅文化藝術基金會,1020814,臺北市大同區民生西路288號1樓,以推動文化藝術的薪傳與發揚，輔導創意文化產業的發展，培育國人對美學的重視與省思，落實生活美學，以全面提昇台灣之文化藝術水準為宗旨。,設立基金共新台幣伍佰萬元整，由黃李敏捐助；俟依法完成法人登記後，得繼續接受捐贈。,臺北市政府文化局中華民國102年8月5日北市文化一字第10231536800號函,永久,5000000.00,1,1150226,,1150310,,全體董事印鑑式。,,,,
115法登他000088,1,2,林郁菁,1578,1150226,1150226,1150302,79冊12頁,1,11,林志嘉,財團法人靖娟兒童安全文教基金會,0820426,台北市士林區承德路4段222號3樓之1,以促進兒童安全教育為宗旨。,設立基金共新台幣壹仟萬元整，由健康幼稚園受難家屬委員會、立委林志嘉、社會善心人士共同捐助；俟依法完成法人登記後，得繼續接受捐贈,臺北市政府教育局中華民國82年4月3日北市教四字第12392號函,永久,69000000.00,1,1150226,,1150310,,繼任董事印鑑式。,,,,
115法登他000089,2,2,林郁菁,2186,1150226,1150226,1150302,109冊16頁,2,2,江松樺,社團法人台灣免稅產業協會,1100224,臺北市內湖區金莊路129號5樓,本會宗旨：一、為發展我國免稅零售產業，促進產業共存共榮，凝聚免稅零售產業暨觀光產業，接軌全球免稅零售產業平台。二、建立免稅零售產業及其供應商與營運商之間的密切合作關係，並代表產業與協會成員為產業發展及共同利益，向各國政府與國際組織爭取業務支持，並舉辦動態發展論壇。三、提昇國際旅客服務品質，確保免稅零售及觀光產業永續發展。協調免稅產業暨相關產業關係，精進產業水準，增進共同利益。促進國際交流合作，敦睦國際友誼。四、協助政府政令推行與建議法令修正，促進國內免稅零售及觀光產業繁榮升級。五、其他有關免稅零售產業發展相關事項。,入會費、常年會費、事業費、會員捐款、委託收益、基金及其孳息、其他收入。,內政部中華民國109年5月14日台內團字第1090027460號函,永久,0.00,1,1150226,,1150310,,全體理、監事印鑑式。,,,,
115法登他000090,1,2,林郁菁,1696,1150302,1150302,1150304,85冊10頁,2,4,沈淳旭,財團法人臺雅國際慈善基金會,1050721,臺北市內湖區基湖路1號12樓,以辦理社會福利慈善事業為目的。,設立基金新臺幣參仟萬元整，由詹燕芳女士捐助；嗣後得由捐助人或其他個人、團體繼續捐贈補充之,衛生福利部中華民國105年7月11日部授家字第1050016860號函,永久,47055000.00,1,1150302,,1150312,,全體董事印鑑式。,,,,
115法登他000091,1,2,林郁菁,1612,1150302,1150302,1150304,81冊6頁,1,16,柴駿甫,財團法人台灣非破壞檢測協會,0690229,新北市淡水區中正東路2段27之3號24樓,以協助政府推動經濟建設，加速工業升級，及協助公民營企業機構建立非破壞檢測制度，促進非破壞檢測技術之發展為宗旨。,設立基金共新台幣貳佰貳拾萬元整，由中國造船股份有限公司等11個單位捐助，嗣後得接受各方之捐助,經濟部中華民國68年7月9日經（六八）工字第第20735號函,永久,7182112.00,1,1150302,,1150312,,繼任董事簽名暨印鑑式。,,,,
115法登他000092,1,2,林郁菁,1116,1150302,1150302,1150304,56冊10頁,1,7,陳怡鈴,財團法人全國認證基金會,0920917,新北市淡水區中正東路2段27號23樓,以提供經濟與社會發展需求之公正、客觀、獨立及符合國際規範之第三者認證服務為宗旨。,創立基金共新台幣三千五百八十萬元整，由經濟部標準檢驗局等18家機關（構）共同捐助，嗣後得繼續接受捐贈。,經濟部中華民國92年9月15日經商字第09202184100號函,永久,129815189.00,1,1150302,,1150312,,繼任董事簽名暨印鑑式。,,,,
115法登他000093,2,2,林郁菁,1845,1150302,1150303,1150306,92冊19頁,2,3,吳羽思,社團法人新北市基督教磐石關懷發展協會,1070413,新北市淡水區北新路10號2樓,以宣揚基督犧牲、奉獻與博愛之精神，建立以人為本和諧共融的社會為宗旨。,入會費、常年會費、事業費、會員捐款、會外個人、團體捐獻、政府補助、委託收益、基金及其孳息、其他收入,新北市政府中華民國106年12月8日新北府社團字第1062324873號函,永久,5800.00,1,1150304,,1150316,,全體理、監事印鑑式。,,,,
115法登他000094,1,2,林郁菁,670769,1150302,1150302,1150304,3冊79頁,2,15,詹俊德,財團法人詹氏社會福利獎助學基金會,0670628,台北市承德路3段67號,辦理獎助在學家境清寒、孤殘之學生及疾病醫療、慈幼、養老為目的。,由發起人詹錫富等十三人捐助新台幣壹佰柒拾壹萬元正又向外江金桂等三七六人募集新台幣貳拾玖萬元正，以上合計金額新台幣貳佰萬元正。俟依法完成財團法人登記後，得繼續接受捐贈。,台北市政府教育局67.5.25(67)北市教四字第17752號函,永久,30000000.00,1,1150303,,1150312,,全體董事簽名暨印鑑式。,,,,
115法登他000095,1,2,林郁菁,610463,1150302,1150302,1150304,2冊83頁,2,10,江芳貞,財團法人新北市私立台灣天主教安老院,0610523,新北市八里區中山路1段33號,為供應安貧小姊妹會（以下簡稱修會）舉辦下列事業一切設備及經費：一、維持修會修女現在及將來所經辦之宗教活動。二、收養孤苦無依之老人，使其得享天年安老之樂。三、培植修會會員。四、訓練修會初學生。五、年高病患修會會員之贍養。六、其他有關長期照顧服務、社會福利慈善事業事項。七、接受主管機關指導辦理事項。,由安貧小姊妹會總會暨社會善心人士發起創設暨捐助成立，捐助金額為新臺幣壹佰柒拾玖萬玖仟玖佰伍拾元整。嗣後並得繼續接受國內外自然人、法人、機關或團體之捐贈。,台北縣政府⒌⒍,永久,962874902.00,1,1150303,,1150312,,全體董事印鑑式。,,,,
115法登他000096,1,2,林郁菁,2085,1150303,1150305,1150306,104冊19頁,1,2,李永萍,財團法人新北市台灣藝術創生文化基金會,1090525,新北市汐止區新台五路1段112號19樓,以發展地方創生，引入藝術文化內容，結合地方特色，打造品牌，培育人才為宗旨。,設立基金共新臺幣伍佰萬元整，由李永萍、劉靜翔、周勇仁捐助。俟依法完成財團法人登記後，得繼續接受捐贈。,新北市政府文化局中華民國109年5月18日新北文發字第1090885424號函,永久,5000000.00,1,1150306,,1150316,,新任董事印鑑式。,,,,
115法登他000097,1,2,林郁菁,1213,1150303,1150304,1150306,61冊7頁,2,6,林憲銘,財團法人緯創人文基金會,0991005,新北市汐止區新台五路1段88號21樓,以為環境保護與自然生態之平衡，及提昇人文價值而努力，善盡企業社會責任為目的。,設立基金新台幣伍佰萬元整，由緯創資通股份有限公司捐助，俟完成法人設立登記後，得繼續接受國內外個人或團體捐贈。,行政院環境保護署中華民國99年8月30日環署綜字第0990078921號函,永久,66000000.00,1,1150305,,1150316,,全體董事、監察人簽名暨印鑑式。,,,,
115法登他000098,1,2,林郁菁,640641,1150303,1150317,1150320,3冊39頁,2,16,詹双榮,財團法人星隆獎學教育基金會,0640908,台北市承德路3段67號,以促進工業技術相關領域之教育及培養工業技術人才，鼓勵學生敦品勵學為目的。,基金由星隆貿易股份有限公司、詹錫富等人捐助，嗣後得繼續募集補充之,台北市政府教育局64.8.16.北市教四字第53號,永久,30000000.00,1,1150318,,1150330,,全體董事簽名暨印鑑式。,,,,
115法登他000099,2,2,林郁菁,1669,1150303,1150303,1150306,84冊3頁,2,7,黃銘得,社團法人中華有聲出版錄音著作權管理協會,0910201,台北市士林區後港街161號9樓之2,以保障錄音著作著作財產權人之公開演出報酬請求權、公開播送權及公開傳輸權，調和社會公共利益、促進國家文化發展及結合國內外（含大陸地區）從事錄音著作製作發行之人士，發揚中國傳統文化及具有現代教育意義之錄音出版品，協助政府推動相關著作權等政令，依法行使會員同業錄音著作財產權之相關性仲介業務，維護其合法權益，增進其應有福利，促進國內外相關事業交流合作及經濟文化發展為宗旨。,會費、活動收益、委託收益、基金及孳息、其他收入,經濟部智慧財產局中華民國90年10月22日（九0）智著字第0906000773-0號函,永久,1035110.00,1,1150304,,1150316,,"全體董事、監察人印鑑式。
法人章程第12條、第27條、第31條、第35條、第36條、第37條、第51條及第59條條文變更，並增訂第17條之1及刪除第34條，業經主管機關經濟部智慧財產局中華民國112年11月29日智著字第11210504770號函同意變更。
法人章程增訂第55條之1並經主管機關經濟部智慧財產局中華民國115年1月15日智著字第11410024900號函准予變更。",,,,
115法登他000100,1,2,林郁菁,1404,1150303,1150306,1150311,70冊18頁,2,5,蔡富女,財團法人群馨慈善事業基金會,1011214,台北市內湖區瑞湖街39號10樓,以辦理社會福利慈善事業為目的。,由練台生捐助新臺幣參仟萬元為設立基金，詳如捐助人名冊及捐助財產清冊。嗣後並得繼續接受國內外自然人、法人、機構或團體之捐贈。,內政部中華民國101年12月10日台內社字第1010370642號函,永久,30000000.00,1,1150309,,1150319,,全體董事印鑑式。,,,,
115法登他000101,2,2,林郁菁,2126,1150302,1150303,1150306,106冊20頁,1,3,黃柏嘉,社團法人台灣力人關係促進協會,1061205,臺北市內湖區行善路111巷1號7樓,以協助家庭/伴侶/個人之健康關係經營及促進公私組織對員工身心照顧為宗旨，關懷暴力防治、落實性別平等，辦理相關研究發展、教育訓練和社會服務等事業，以達實務與研究之整合，提昇本土化性別暴力防治之知識積累與成長。,入會費、常年會費、事業費、會員捐款、委託收益、基金及其孳息、其他收入,內政部中華民國106年11月2日台內團字第1060074425號函,永久,70000.00,1,1150304,,1150316,,"繼任理事、常務理事、理事長印鑑式。
法人章程第26條條文變更並經主管機關內政部中華民國114年9月30日台內團字第1140035471號函予以備查。",,,,
115法登他000102,1,2,林郁菁,687,1150303,1150312,1150316,34冊58頁,2,8,陳威明,財團法人大德安寧療護發展基金會,0920820,台北市北投區石牌路2段201號,以促進及推展大德安寧療護業務為目的。,由張茂松等人捐助新台幣貳仟零參萬元為設立基金，詳如捐助人名冊。嗣後並得繼續接受國內外之個人或團體之捐贈。,行政院衛生署中華民國92年4月22日衛署醫字第0920201275號函,永久,20030000.00,1,1150313,,1150324,,全體董事印鑑式。,,,,
115法登他000103,2,2,林郁菁,1300,1150302,1150312,1150316,65冊14頁,2,53,劉雅瑄,社團法人中華民國地質學會,1001019,台北市南港區研究院路2段128號中央研究院地球科學研究所,以促進地質學與相關科學之研究及知識之交換與切磋為宗旨。,入會費、常年會費、永久會員會費、事業費、會員捐款、委託收益、基金及其孳息、其他收入,內政部中華民國46年1月26日台內社字第657475號函,永久,9858678.00,1,1150313,,1150324,,"全體理、監事印鑑式。
新法人圖記。",,,,
115法登他000104,1,2,林郁菁,391,1150303,1150303,1150306,20冊1頁,1,9,洪鴻榮,法鼓學校財團法人,0871021,台北市北投區公舘路186號,為遵照國家教育政策暨現行教育法令之規定，辦理法鼓學校財團法人，並謀其健全發展。,捐助,教育部87年6月5日台(87)高(三)字第87058532號,永久,7596888182.00,1,1150304,,1150316,,,,,,
115法登他000105,2,2,林郁菁,2713,1150302,1150318,1150320,133冊13頁,2,9,周志文,社團法人台北市日日春關懷互助協會,0921014,台北市士林區芝玉路1段62巷26號,維護性工作者之基本人權，提供性工作者所必須之生涯資訊與教育活動。建立生活資訊網絡與發展轉業協助計劃，以協助性工作者建立自主與自尊的生活方式。推動性工作者之權益與性別意識啟蒙教育，並培訓性工作者成為自助助人之教育工作者。倡議與促進台北市性產業從業環境之安全與健康。,入會費、常年會費、事業費、會員捐款、委託收益、基金及其孳息、其他收入,台北市政府社會局中華民國八十八年九月十六日北市社一字第八八二五九七三九００號函,永久,150000.00,1,1150320,,1150330,,新任理事印鑑式。,,,,
115法登他000106,2,3,林郁菁,2114,1150302,1150305,1150306,106冊8頁,1,1,傅顯恆,傅顯恆即社團法人臺北市慈馬迪音樂帳棚協會之清算人,1090817,臺北市士林區中山北路7段134號,以實踐音樂普及，提升藝術生活品質的人文素養為宗旨。,常年會費、事業費、會員捐款、委託收益、基金及其孳息、其他收入,臺北市政府社會局中華民國109年7月3日北市社團字第1093109261號,永久,0.00,1,1150306,,,傅顯恆,"解散登記之原因、可決之程序與日期：於114年9月21日經第1屆第6次會員大會決議解散並選任清算人為傅顯恆，並報請主管機關臺北市政府社會局以中華民國114年10月1日北市社團字第1143163289號函予以備查。並經本院114年度法字第50號民事裁定准予備查。
清算人姓名及地址：傅顯恆、臺北市士林區中山北路7段227巷6號7樓。
清算人印鑑式。",,,,
115法登他000107,2,3,林郁菁,2362,1150302,1150304,1150306,118冊12頁,1,1,賴文祥,賴文祥即社團法人台灣風電產業發展協會之清算人,1110920,新北市八里區中山路3段388之5號,以擴大產業各界的參與、推動風力發電台灣本土產業鏈的發展為宗旨。,入會費、常年會費、事業費、會員捐款、委託收益、基金及其孳息、其他收入,內政部中華民國111年8月18日台內團字第1110040182號函,永久,0.00,1,1150305,,,賴文祥,"解散登記之原因、可決之程序與日期：本會因分析評估由於國內風機市場受限於客觀因素的影響致使本會難以推動相關產業發展及新會員召入不易之因素，於113年8月6日經第1屆第3次會員大會決議解散並選任清算人為賴文祥，並報請主管機關內政部以中華民國113年10月9日台內團字第1130038025號函予以備查。並經本院114年度抗字第144號民事裁定准予備查。
清算人姓名及地址：賴文祥、桃園市中壢區領航南路3段106號20樓。
清算人印鑑式。",,,,
115法登他000108,1,2,林郁菁,620543,1150305,1150306,1150311,3冊9頁,2,17,賴哲諄,財團法人石牌賴五榮宗祠,0620917,台北市北投區懷德街11巷10號5樓,以祭祀賴五榮始祖並闡揚祖德，敦睦宗誼，增進族親福利，建立宗親團結互助以及本財團所有土地、建物設備、財產等之管理為目的。,由財產收益、會員或有關單位之捐助支應之,陽明山管理局中華民國62年8月18日陽明政基字第025523號許可證,永久,255508522.00,1,1150309,,1150319,,全體董事簽名暨印鑑式。,,,,
115法登他000109,1,2,林郁菁,638,1150309,1150312,1150316,32冊31頁,1,11,簡民一,財團法人大眾教育基金會,0820820,台北市內湖區陽光街300號8樓,除一般文教活動推廣及學校捐助外，並對一般被忽略或弱勢的群體及區域，進行教化活動之奬助，捐助及推廣，以助學扶弱、教育平權為宗旨。,設立基金共新台幣壹仟萬元(現金)，由大眾電腦股份有限公司及簡敬、簡道夫、簡明仁、王雪齡及陳誠銘共同捐助。俟依法完成財團法人登記後，得繼續接受捐贈。,教育部82年8月4日台（82）社字第043694號函,永久,174707881.00,1,1150313,,1150324,,繼任董事長印鑑式。,,,,
115法登他000110,2,2,林郁菁,1899,1150309,1150309,1150311,95冊13頁,2,3,蕭惠文,社團法人台灣善德道教協會,1071031,台北市內湖區安康路95號,以服務社會宗旨如下：以弘揚道教傳統精神、創造安和樂利社會、宣揚民俗文化。,入會費、常年會費、事業費、會員捐款、委託收益、基金及其孳息、其他收入,內政部中華民國106年6月3日台內團字第1060039305號函,永久,157797.00,1,1150310,,1150319,,全體理、監事印鑑式。,,,,
115法登他000111,1,2,林郁菁,519,1150309,1150309,1150311,26冊14頁,1,20,郭正和,財團法人台灣區花卉發展協會,0610311,台北市內湖區新湖三路28號3樓,以協助花卉發展、促進花卉生產、展拓國內外市場、增加產銷業者收益為目的。,由政府機關國內、外人士捐助或補助,經濟部61年1月17日（六一）字第0197號函,永久,2835000.00,1,1150310,,1150319,,"繼任董事、監察人印鑑式。
法人捐助章程第1條及第12條條文變更並經主管機關農業部中華民國114年5月2日農授糧字第1140708424號函許可變更及本院114年度法字第36號民事裁定確定准予變更，變更內容詳如捐助章程修訂對照表。",,,,
115法登他000112,1,2,林郁菁,1259,1150309,1150309,1150311,63冊13頁,2,6,吳中純,財團法人臺北市無子西瓜社會福利基金會,1000516,台北市內湖區新湖二路146巷19號3樓,本基金會以辦理臺北市社會福利、慈善為目的，並以臺北市為主要執行業務區域；依需要得於其他縣市設立分事務所，從事與本基金會宗旨相符之活動。,由創辦人王建煊先生及蘇法昭女士捐助，並接受對外認捐。,臺北市政府社會局中華民國100年5月3日北市社團字第10036267800號函,永久,646340334.00,1,1150310,,1150319,,"全體董事、監察人印鑑式。
法人捐助章程第13條、第14條及第15條條文變更並經主管機關臺北市政府社會局中華民國114年11月28日北市社團字第1143180480號函許可變更及本院114年度法字第54號民事裁定確定准予變更，變更內容詳如捐助章程新舊條文對照表。
法人捐助章程第4條條文變更並經主管機關臺北市政府社會局中華民國115年1月12日北市社團字第1153001376號函許可變更。",,,,
115法登他000113,1,2,林郁菁,1349,1150309,1150309,1150311,68冊3頁,2,10,林靜儀,財團法人醫藥品查驗中心,0870603,台北市南港區忠孝東路6段465號3樓,以提升醫藥品之查驗品質與效率，確保醫藥品安全，促進製藥業發展，增進國人之健康為目的。,由行政院衛生署捐助新臺幣一仟萬元為設立基金，嗣後並得繼續接受無利益衝突之國內外自然人、法人、機構或團體之捐贈。,行政院衛生署87年5月26日衛署醫字第87032010號函,永久,14000000.00,1,1150310,,1150319,,全體董事、監察人印鑑式。,,,,
115法登他000114,2,2,林郁菁,2668,1150309,1150309,1150311,131冊8頁,1,3,姜文中,社團法人台北市工業設計發展協會,1080530,台北市士林區雨農路6號,本會以集合從事各項設計、工藝發展工作之學術、實務及相關業界等，共同促進個人與團體形象之提昇，並增進國際交流及強化會員間之經驗與聯誼交流為宗旨,入會費、常年會費、會員捐款、委託收益、基金及其孳息、其他收入,臺北市政府社會局中華民國107年5月16日北市社團字第10737274900號函,永久,30000.00,1,1150310,,1150319,,,,,,
115法登他000115,1,2,林郁菁,268,1150309,1150311,1150313,13冊35頁,1,7,何麗純,財團法人國華體育文教基金會,0850217,新北市淡水區坪頂里3鄰小坪頂23之1號,一、提升國家於國際體壇之能見度。二、促進國家體育運動發展，協助國家參與國際體育運動事務提升國家體育運動競技實力，保障國家、地方自治團體、財團法人人民團體及人民之體育運動權。三、協力推動國家及地方自治團體依據「奧林匹克憲章」及國際運動組織相關規範申辦國際性綜合運動賽會、國際性單項運動賽會、國際體育運動組織相關年會及相關活動。四、倡導人民體育運動之參與，建立優質體育運動環境，強健國人體魄，培養運動精神，充實民眾生活品質，贊助各種體育運動休閒活動。五、獎勵體育運動學術研究，發展奧林匹克活動。六、協助國際各種單項體育運動組織或其他國家之體育發展。七、積極推動高爾夫球運動及其相關活動。八、舉辦、觀摩、參訪、參展、參加或贊助國內外各種有關職業或業餘體育運動賽會賽事、活動、會議、展覽、展會、課程等及相關設備器材之捐助。九、促進國際體育運動事務、及文化藝術等活動交流及其發展。十、其他符合本會設立目的之相關公益性教育事務。,捐助,教育部、中華民國85年1月8日台(85)體84065611號。,永久,20200000.00,1,1150312,,1150323,,法人捐助章程第2條及第30條條文變更並經主管機關運動部中華民國114年12月19日運綜(三)字第1140060168號函許可變更。,,,,
115法登他000116,1,2,林郁菁,1227,1150311,1150311,1150313,62冊1頁,2,6,莊長雄,財團法人莊義芳文化藝術基金會,0991208,台北市大同區民樂街60號,以台灣歷史文化為主體，推廣及保存台灣歷史文化藝術、獎助文化活動及研究或設立博物館、紀念館或文物館、古物或古蹟保存、出版文化藝術書籍及舉辦公益性文化藝術活動為宗旨。,設立基金新臺幣伍佰萬元整，由莊長雄先生、莊子華先生捐助。俟完成法人登記後，得繼續接受捐贈。,臺北市政府文化局中華民國99年8月10日北市文化一字第09930862900號函,永久,5000000.00,1,1150311,,1150323,,全體董事印鑑式。,,,,
115法登他000117,1,2,林郁菁,570324,1150311,1150311,1150313,2冊43頁,1,17,陳怡秀,財團法人臺北市私立稻江高級商業職業學校,0570606,台北市大同區民權西路225巷24號,為遵照國家教育政策暨現行教育法令之規定，辦理職業學校並謀其健全發展之目的，創辦『臺北市私立稻江高級商業職業學校』，進而設立『財團法人臺北市私立稻江高級商業職業學校』。,設立基金新台幣參佰壹拾壹萬陸仟元整，由陳垗花先生等人捐助；嗣後並得繼續接受國內外之個人、法人或團體之捐贈,台北市政府教育局57.8.9北市教雲二字第19997號函,永久,52291537.00,1,1150311,,1150323,,,,,,
115法登他000118,1,2,林郁菁,1479,1150311,1150312,1150316,74冊13頁,2,5,李昱壐,財團法人臺北市李楊月桃教育基金會,1021125,臺北市大同區延平北路1段47號13樓,以辦理臺北市透過教育方式達成增進個人成長並資助清寒學生學習為宗旨。,"設立基金共新臺幣30,002,236元整(包括現金15,002,236元及非現金資產15,000,000元)，由李開勳、李開征、李昱壐、鑫德投資有限公司等人捐助。俟依法完成財團法人登記後，得繼續接受捐贈。",臺北市政府教育局中華民國102年11月18日北市教社字第10239418600號函,永久,408404154.00,1,1150313,,1150324,,全體董事簽名暨印鑑式。,,,,
115法登他000119,1,2,林郁菁,440,1150311,1150312,1150316,22冊28頁,2,14,李土杉,財團法人八里國民中學文教基金會,0881012,新北市八里區荖阡坑路15號,以推行文教活動、協助發展校務為目的。,"設立基金共新台幣貳佰零壹萬元整(包含現金2,010,000元及非現金資產0元)，由李文侯、林堯明、連萬生、陳金輝、徐國珍、林清泉、張世昌、張萬吉、陳盛男、溫金培、盧坤南、林兆鴻、李秀惠、詹惠美、梁淑華、劉麗梅共16人捐助。俟依法完成財團法人登記後，得繼續接受捐助。",台北縣政府88年9月23日88北府教三字第340700號,永久,3000000.00,1,1150313,,1150324,,全體董事印鑑式。,,,,
115法登他000120,1,2,林郁菁,1478,1150311,1150311,1150313,74冊12頁,2,5,周瑁文,財團法人鄭崇祿教育基金會,1021122,台北市大同區迪化街1段32巷10號2樓,為善盡社會責任，以學生品德教育優先及回饋社會為宗旨。,設立基金共新臺幣參仟萬元整，由鄭陳秀滿捐助壹仟伍佰萬元、鄭瑞模捐助壹仟伍佰萬元；俟依法完成法人登記後，得繼續接受捐贈,教育部中華民國102年11月12日臺教社（三）字第1020167741號函,永久,30000000.00,1,1150312,,1150323,,全體董事印鑑式。,,,,
115法登他000121,1,2,林郁菁,123,1150312,1150312,1150316,6冊25頁,2,12,麥勝紘,財團法人新北市私立麥春福博愛基金會,0810129,新北市淡水區中正路63號,以舉辦社會福利、慈善、公益事業為目的。,捐助,台北縣政府中華民國81年1月6日八一北府社三字第004457號函,永久,3000000.00,1,1150313,,1150324,,全體董事印鑑式。,,,,
115法登他000122,1,2,林郁菁,1414,1150312,1150312,1150316,71冊8頁,2,5,陳國章,財團法人新北市私立華電聯網關懷社會福利慈善事業基金會,1020205,新北市汐止區新台五路1段98號12樓,以辦理社會福利（慈善）為目的。,設立基金總額為新臺幣壹仟萬元整，由捐助人陳國章先生無償捐助之；嗣後得由捐助人或其他個人、團體隨時補充之,新北市政府中華民國102年1月25日北府社助字第1021076622號函,永久,10000000.00,1,1150313,,1150324,,全體董事印鑑式。,,,,
115法登他000123,2,2,林郁菁,1223,1150312,1150312,1150316,61冊17頁,2,6,呂崇標,社團法人台灣長春職業高爾夫協會,0991111,台北市重慶北路3段209號2樓,以推行長春職業高爾夫運動，辦理全國性及國際性長春職業高爾夫比賽活動，藉以提高球技，並促進健康推展國民外交。,入會費、常年會費、事業費、會員捐款、委託收益、基金及其孳息、比賽獎金贊助款、其他收入,內政部中華民國99年4月6日台內社字第0990065267號函,永久,5000.00,1,1150313,,1150324,,"全體理、監事印鑑式。
法人章程第7條條文變更並經主管機關內政部中華民國115年1月12日台內團字第1150280193號函予以備查。",,,,
115法登他000124,1,2,林郁菁,536,1150312,1150312,1150316,27冊16頁,2,9,連勝彥,財團法人中國書法藝術基金會,0891226,台北市大同區歸綏街209號7樓之7,以宏揚中國書法為宗旨。,設立基金為新台幣陸百萬元整，由連勝彥先生捐助伍百萬元、張光賓先生捐助壹百萬元，嗣後得繼續接受捐助。,台北市政府文化局中華民國89年11月28日北市文化三字第8921214300號函,永久,10000000.00,1,1150313,,1150324,,新任董事印鑑式。,,,,
115法登他000125,1,2,林郁菁,1510,1150313,1150313,1150318,76冊4頁,2,9,黃寶雲,財團法人維雲文教基金會,0870326,台北市南港區南港路3段50巷24號5樓,以推廣生活、科學、語文、電腦資訊、藝術文化等各項教育、及推動文化創意產業發展，厚植國家精神財富，提升國民生活品質為宗旨。,設立基金共新台幣壹仟萬元整，由鄧維楨及黃寶雲二人共同捐助；俟依法完成法人登記後，得繼續接受捐贈,教育部中華民國87年3月19日台(87)社(四)字第87026034號函,永久,10000000.00,1,1150316,,1150326,,全體董事簽名暨印鑑式。,,,,
115法登他000127,1,2,林郁菁,490118,1150316,1150316,1150318,1冊57頁,1,18,林沛英,天主教聖心學校財團法人,0491110,新北市八里區龍米路1段263號,為發揚天主教聖心會教育理念之目的，設立天主教聖心學校財團法人。,設立基金新臺幣伍拾萬元，由聖心女中董事會捐助，又天主教聖心會所捐贈伍佰貳拾餘萬元已全部動用為建校經費。本法人所設之聖心小學，由原聖心小學創立時之董事會捐助新台幣參拾萬元，又天主教聖心會所捐贈貳拾參萬伍仟零伍拾伍元已全部動用為建校經費。嗣後並得繼續接受國內外之個人、法人或團體之捐贈。,台北縣政府49.9.13北府教一字第1981號函,永久,506030961.00,1,1150317,,1150326,,,,,,
115法登他000128,1,2,林郁菁,1509,1150317,1150317,1150320,76冊3頁,2,9,胡蝶蘭,財團法人台北市胡世棻教育基金會,0900402,台北市大同區市民大道1段211號11樓之18,以推廣科普及環境教育、幫助弱勢族群解決就學問題、建立科學人文並重，祥和均富的社會為目的。,設立基金共新臺幣五百萬元整(包括銀行存款五百萬元)，由胡添慶捐助。俟依法完成財團法人登記後，得繼續接受捐贈。,臺北市政府教育局中華民國90年3月22日北市教六字第9021593400號函,永久,5000000.00,1,1150318,,1150330,,全體董事簽名暨印鑑式。,,,,
115法登他000129,1,2,林郁菁,690849,1150317,1150317,1150320,4冊9頁,1,12,廖武治,財團法人台北保安宮,0690328,台北市大同區哈密街61號,以闡揚宗教教義提倡敬奉神明，並管理本法人財產及辦理社會公益事業為宗旨。,設立財產總額新台幣壹億壹仟零壹拾肆萬貳仟零貳拾肆元均由捐助人台北保安宮管理委員會捐助及信眾樂捐，嗣後得繼續接受樂捐,台北市政府民政局69.2.28北市民三字第1466號,永久,997442161.00,1,1150318,,1150330,,繼任董、監事印鑑式。,,,,
115法登他000130,2,2,林郁菁,1275,1150317,1150319,1150325,64冊9頁,2,10,張又仁,社團法人台灣食品發展協會,0970716,台北市大同區南京西路288號4樓之10,一、促進食品發展研究，提昇品質。二、加強食品業者聯誼合作。三、結合食品業者協助政府推廣食品發展。,入會費、常年會費、會員捐款、政府補助、委託收益、基金及其孳息、其他收入,內政部中華民國97年2月22日台內社字第0970031180號函,永久,927645.00,1,1150323,,1150402,,全體理、監事印鑑式。,,,,
115法登他000131,1,2,林郁菁,301,1150317,1150317,1150320,15冊21頁,2,10,蔡鎧安,財團法人國花葉金枝紀念文教基金會,0851203,新北市淡水區新生街51巷31弄1之2號,以紀念葉金枝女士生前關懷兒童教育、藝術、鄉土、音樂、環境、生態等活動繼續發揚其遺願為成立目的。,設立基金由蔡葉偉捐助，俟完成法人登記後，得繼續接受捐助,台北縣政府85年11月9日八五北府教三字第397347號函。,永久,2004600.00,1,1150318,,1150330,,全體董事印鑑式。,,,,
115法登他000133,1,3,林郁菁,1237,1150317,1150317,1150320,62冊11頁,1,5,孫榆莉,孫榆莉即財團法人大河文化基金會之清算人,1000119,新北市淡水區民族路31-25號4樓之2,以實踐「一滴水」思想，提升心靈及文化之體驗為宗旨。,設立基金共新台幣伍佰萬元整，由邱明民捐助，俟完成法人登記後，得繼續接受捐助,新北市政府中華民國100年1月13日北府文發字第1000000282號函,永久,5000000.00,1,1150318,,,孫榆莉,"解散登記之原因、可決之程序與日期：因本會成立至今雖經不斷努力仍無法達成收支平衡，於中華民國114年9月26日經董事會會議決議解散並選任孫榆莉為清算人，並報經主管機關新北市政府於114年10月7日以新北府文發字第1141997054號函予以同意及本院民事庭115年1月2日以士院鳴民物114年度法字第51號函備查在案。
清算人姓名及地址：孫榆莉、新北市淡水區新生街30巷65號。
清算人印鑑式。",,,,
115法登他000134,1,2,林郁菁,670744,1150317,1150317,1150320,3冊71頁,1,22,蘇嬰珠,財團法人臺北市私立靜修高級中學,0670116,台北市大同區寧夏路59號,為創辦私立靜修高級中學暨附設國民中學部並謀其發展為目的。,設立基金新台幣貳億壹仟貳佰零肆萬柒仟捌佰陸拾玖元壹角肆分整，由財團法人台灣省天主教道明傳教修女會捐助；嗣後並得繼續接受國內外之個人、法人或團體之捐贈,台灣省政府教育廳40.4.14(40)卯寒字第14586號函,永久,813904489.00,1,1150318,,1150330,,,,,,
115法登他000135,1,2,林郁菁,600403,1150317,1150317,1150320,2冊67頁,1,15,李許元齡,財團法人台北市私立薇閣高級中學,0600106,臺北市北投區珠海路50號,為從事教育，發揚固有文化、培養民族精神、自治力量、公民道德以及健全體能，研究科學、修習生活智能之目的，設立財團法人台北市私立薇閣高級中學。,設立之財產總額為新台幣貳仟壹佰玖拾陸萬玖仟柒佰柒拾伍元，由發起人李揚敬、黃麟書、林翼中、江茂森、劉家仁等捐助設立；嗣後並得繼續接受國內外之個人、法人或團體之捐贈。,陽明山管理局59.12.26陽明教中字第34242號已改制為台北市政府教育局,永久,725805307.00,1,1150318,,1150330,,,,,,
115法登他000136,1,2,林郁菁,2613,1150319,1150320,1150325,140冊3頁,1,10,黃旭田,財團法人民間司法改革基金會,0860502,台北市大同區民生西路290號4樓,以結合民間力量，督促政府有關單位徹底並長期從事司法改革、建立人民對司法之信賴為宗旨。,由林敏生等共同捐助,法務部86年3月27日　法86律字第8526號函,永久,30000000.00,1,1150323,,1150402,,"繼任監察人印鑑式。
第10屆常務董事吳志光住所變更。",,,,
115法登他000137,1,2,林郁菁,520191,1150319,1150323,1150325,1冊87頁,2,20,陳泰然,財團法人中國文化大學,0520815,台北市士林區華岡路55號,為遵照國家教育政策暨現行教育法令規定之目的，設立財團法人中國文化大學。,"設立基金新台幣壹仟玖佰柒拾壹萬陸仟肆佰參拾參元伍角整，由創辦人張其昀籌(募)集。嗣後並得繼續接受國內外之個人、 法人或團體之捐贈",51.7.11.教育部台(51)高字第9342號,永久,17240745940.00,1,1150324,,1150402,,董事王寶輝、董事白省三、董事吳清基、董事胡茹萍、董事徐興慶、董事彭誠浩、董事蔡政文及董事劉宗德印鑑。,,,,
115法登他000138,2,2,林郁菁,1973,1150319,1150323,1150325,99冊7頁,2,3,吳軒慧,社團法人中華佛教書畫藝術學會,1080710,台北市士林區天母西路57號5樓,以提倡中華佛教書畫發揚民族文化、發揚書畫文化淨化社會人心、結合佛法與書畫提升生活品質、倡導佛法教育與書畫活動，增進人與人之間的敬重與涵養、以書畫淨化人心，以佛法契入禪心為宗旨。,入會費、常年會費、事業費、會員捐款、委託收益、基金及其孳息、其他收入,內政部中華民國108年3月21日台內團字第1080014849號函,永久,44778.00,1,1150325,,1150402,,全體理、監事印鑑式。,,,,
115法登他000139,1,2,林郁菁,630619,1150319,1150319,1150320,3冊33頁,1,14,李許元齡,財團法人臺北市私立薇閣國民小學,0631221,臺北市北投區育仁路106號,為遵照國家教育政策暨現行教育法令之規定，辦理國民小學，並謀其健全發展之目的，設立財團法人臺北市私立薇閣國民小學。,財產（包括動產、不動產及其他產權）由財團法人私立薇閣育幼院等捐助及收入購置，其總值為新台幣壹億捌千捌佰壹拾肆萬陸仟參佰捌拾元。嗣後並得繼續接受國內外之個人、法人或團體之捐贈。,臺灣省政府教育廳40年10月6日(40)酉魚教四字第40954號,永久,465790742.00,1,1150320,,1150330,,,,,,
115法登他000140,2,2,林郁菁,2718,1150319,1150331,1150401,133冊18頁,1,5,王舒眉,社團法人台灣國際器官移植關懷協會,1020111,台北市大同區南京西路57號6樓之10,為服務廣大民眾知情權益，俾能做好移植器官的事前評估，使各方資訊公開及透明化以便正確了解風險及安全性，並及時保障換臟器人權益，同時喚醒人類公義良知防止不當的器官買賣及仲介行為。,入會費、常年會費、事業費、會員捐款、委託收益、基金及其孳息、其他收入,內政部中華民國96年3月1日台內社字第0960018831號函,永久,14784.00,1,1150401,,1150409,,,,,,
115法登他000141,2,2,林郁菁,2318,1150319,1150319,1150325,116冊8頁,2,3,杜文月,社團法人國際兒少人權促進會,1070604,臺北市士林區承德路4段180號11樓,以推廣兒少基本人權，提升社會大眾對兒少人權之認識，保障兒少權益，增進兒少福利，維護兒少人格尊嚴及身心健全發展為宗旨。,入會費、常年會費、事業費、會員捐款、委託收益、基金及其孳息、其他收入,內政部中華民國107年1月16日台內團字第1060088158號函,永久,30000.00,1,1150323,,1150402,,全體理、監事印鑑式。,,,,
115法登他000142,2,2,林郁菁,1798,1150323,1150326,1150330,90冊12頁,2,3,李岹恩,社團法人祥恩體育推廣協會,1061003,台北市士林區承德路4段210號,以興辦體育推廣為宗旨。,入會費、常年會費、會員捐款、委託收益、基金及其孳息、其他收入,內政部中華民國106年9月5日台內團字第1060060305號函,永久,54000.00,1,1150327,,1150407,,"全體理、監事印鑑式。
新法人圖記。",,,,
115法登他000143,2,2,林郁菁,1471,1150323,1150326,1150330,74冊5頁,2,4,陳仁祥,社團法人中華民國祥恩社會福利協會,1021018,台北市士林區承德路4段210號,以興辦社會福利為宗旨。,入會費、常年會費、會員捐款、委託收益、基金及其孳息、其他收入,內政部中華民國102年6月28日台內社字第1020244216號函,永久,46500.00,1,1150326,,1150407,,"全體理、監事印鑑式。
新法人圖記。",,,,
115法登他000144,1,2,林郁菁,176,1150324,1150324,1150325,9冊11頁,1,10,周宜宏,財團法人王文浩放射線醫學基金會,0821125,臺北市內湖區南京東路6段348號B1,以協助推廣放射線醫學之研究發展，培養放射線相關之醫學人才及提高放射線醫學水準為目的。,由湳開股份有限公司王文浩先生遺孀劉菊貞女士捐助新台幣壹仟萬元為設立基金。嗣後並得繼續接受國內外自然人、法人、機構或團體之捐贈。,行政院衛生署82.10.20衛署醫字第8267703號函,永久,77109864.00,1,1150324,,1150402,,法人捐助章程第3條條文變更並經主管機關衛生福利部中華民國115年3月2日衛部醫字第1151661835號函許可變更。,,,,
115法登他000145,2,2,林郁菁,2715,1150325,1150326,1150330,133冊15頁,1,2,趙忠傑,社團法人臺灣台北醫療聯盟協會,1080220,台北市內湖區瑞光路302號5樓之3,以醫療資源整合，促進中小型區域醫院照護品質與醫療平均分配為要，提高整體專業醫療照護水準與增進全民健康為宗旨。,入會費、常年會費、事業費、會員捐款、委託收益、基金及其孳息、其他收入,內政部中華民國108年1月29日台內團字第1080000385號函,永久,5000.00,1,1150327,,1150407,,"繼任理事印鑑式。
法人章程第30條及第36條條文變更並經主管機關內政部中華民國115年3月18日台內團字第1150281605號函予以備查。",,,,
115法登他000146,2,2,林郁菁,1137,1150325,1150326,1150330,57冊11頁,2,6,鄭致道,社團法人台灣心理腫瘤醫學學會,0981209,新北市淡水區民權路42號3樓,以推動心理腫瘤醫學為職志，結合醫師及從事臨床照顧癌症病人之專業人員，發揚心理腫瘤醫學的學術與應用，推展其理念與實踐，並謀求會員間之親睦與合作，及增進國際間心理腫瘤醫學相關團體之聯繫與學術及友誼交流為宗旨,入會費、常年會費、事業費、會員捐款、委託收益、基金及其孳息、其他收入,內政部中華民國98年5月27日台內社字第0980100698號函,永久,109799.00,1,1150327,,1150407,,全體理、監事印鑑式。,,,,
115法登他000147,2,2,林郁菁,574,1150325,1150326,1150330,29冊19頁,2,44,林綺雲,社團法人中華心理衛生協會,0900904,台北市大同區民權西路136號16樓之1,以結合民間及專業力量共同促進心理健康、預防心理疾病為宗旨。,入會費、補助費、自由捐、基金孳息,"內政部  中華民國44年3月20日",永久,521055.00,1,1150327,,1150407,,"全體理、監事印鑑式。
法人章程第4條、第15條、第16條條文變更及增訂第13條、第14條並調整條次，業經主管機關內政部中華民國115年1月28日台內團字第1140289299號函予以備查。",,,,
115法登他000148,1,2,林郁菁,1042,1150326,1150326,1150330,52冊16頁,2,8,董建華,財團法人中華基金會,0921001,臺北市大同區承德路3段287-2號2樓,傳承中華文化之精神，建立現代倫理道德、提升社區生活品質、宣揚真、善、美之社會風氣，盡「取之於社會、用之於社會」的責任，以推廣社會文化事業為宗旨。,設立基金新臺幣五百萬元整，由蔡裕榮先生捐助；俟完成法人登記後，得繼續接受捐贈。,臺北市政府文化局中華民國92年9月23日北市文化四字第09231288300號函,永久,5000000.00,1,1150327,,1150407,,全體董事印鑑式。,,,,
115法登他000149,2,2,林郁菁,800,1150327,1150327,1150401,40冊14頁,2,12,陳振華,社團法人中華民國風工程學會,0940317,新北市淡水區英專路151號,以整合國內風工程相關研究學者與團體，推動風工程學術研究與應用推廣工作，提供工程界所需風工程相關服務諮詢並促進與國際風工程學術團體交流為宗旨。,入會費、常年會費、補助及贊助費、會員捐款、委託收入、其他收入,"內政部  中華民國92年12月1日台內社字第0920042897號函",永久,78924.00,1,1150401,,1150409,,"全體理、監事印鑑式。
法人章程第8條、第9條、第10條、第11條及第19條條文變更並經主管機關內政部中華民國114年12月29日台內團字第1140288751號函予以備查。",,,,
115法登他000150,1,2,林郁菁,1646,1150327,1150327,1150401,82冊20頁,2,4,簡川勝,財團法人宜鼎國際教育基金會,1041211,新北市汐止區大同路1段237號5樓,以穩定就學、鼓勵技藝學習、推動社會教育，已臻共好美善為宗旨。,設立基金共新臺幣伍佰萬元整，由李鐘亮捐助新台幣壹佰玖拾萬元整。宜鼎國際股份有限公司捐助新台幣壹佰伍拾萬元整。羅文祈、簡川勝、朱慶忠各捐助新台幣伍拾萬元整、林宗德捐助新台幣壹拾萬元整。俟依法完成財團法人登記後，得繼續接受捐贈。,新北市政府教育局中華民國104年12月4日新北教社字第1042324843號函,永久,5000000.00,1,1150401,,1150409,,"全體董事印鑑式。
法人捐助章程第2條及第14條條文變更並經主管機關新北市政府教育局中華民國115年2月4日新北教社字第1150098116號函同意變更。",,,,
115法登他000151,1,2,林郁菁,500135,1150331,1150331,1150401,1冊63頁,2,16,王立德,財團法人台灣佛教道友會,0500320,台北市大同區保安街1-12號財福大廈,以宣揚佛教教義，擴充佛教基礎，廣佈善道，並舉辦慈善救濟事業為宗旨。,1.新台幣十萬元由各捐助人共同集款，必要時視擴展情形，得隨時增募之，並得接受信徒或有關單位之捐助。2.財產孳息及其他收入。,台灣省政府50.3.13府民一字第16989號,永久,77395124.00,1,1150401,,1150409,,全體董事簽名暨印鑑式。,,,,
115法登他000152,1,2,林郁菁,495,1150331,1150331,1150401,25冊13頁,2,9,鄭永順,財團法人順德文化基金會,0890601,台北市內湖區內湖路1段360巷17號10樓,以維護古蹟文物，保存與收集傳統和現代文物，辦理各種文化藝術之教育展覽與交流觀摩等活動，推廣公益慈善文化相關事務，發揚志工無國界助人服務觀念與利他精神，淨化世道人心改善社會風氣，推動社會文化問題研究，扶助弱勢之個案家庭或團體，協助政府解決社會問題，並鼓勵文化創新與藝術創作發明，提昇生活品質與文化水準為宗旨。,設立基金共新台幣陸佰萬元整，由萬綺國際股份有限公司捐助。俟依法完成法人登記後，得繼續接受捐贈,台北市政府文化局中華民國89年5月24日北市文化三字第8920337000號函,永久,6000000.00,1,1150401,,1150409,,全體董事印鑑式。,,,,
115法登他000153,2,2,林郁菁,1507,1150331,1150331,1150401,76冊1頁,2,5,吳文榮,社團法人台北市好撒瑪利亞人關懷協會,1030415,台北市北投區新興路64巷3弄1號Ｂ1,秉持基督徒信仰價值服務，為弱勢及有需要者，提供各種類型的社會服務,入會費、常年會費、會員捐款、委託收益、基金及其孳息、其他收入,臺北市政府社會局中華民國103年3月6日北市社團字第10333041400號函,永久,153462.00,1,1150401,,1150409,,全體理、監事印鑑式。,,,,
115法登他000154,1,2,林郁菁,411,1150331,1150331,1150401,21冊1頁,2,7,左坤,財團法人耶穌基督血水聖靈全備福音佈道團,0880308,聖靈重建教會石牌教會台北市北投區東華街1段364號5樓,本著耶穌基督博愛之精神：一、在全國傳揚耶穌基督血、水、聖靈全備福音。在全國各地建立聖靈重建教會，開展海內外福音事業。二、辨理社會公益慈善事業，淨化人心，搶救人的靈魂。,捐助,內政部88年2月11日台(八八)內民字第8888524號,永久,17161976.00,1,1150401,,1150409,,全體董事印鑑式。,,,,
115法登他000156,1,2,林郁菁,1600,1150402,1150402,1150408,80冊14頁,1,6,孫若男,財團法人新光真情教育基金會,0961115,台北市內湖區新湖三路169號4樓,以獎勵學術研究與交流、弘揚人文道德、獎助公益團體、舉辦教育性活動、以及培養人才為宗旨,由張淑娣捐助,教育部中華民國96年11月5日台社(四)字第0960162406號函,永久,120800000.00,1,1150407,,1150416,,,,,,
115法登他000157,1,2,林郁菁,906,1150402,1150402,1150408,45冊20頁,1,7,吳秀光,財團法人昇恒昌基金會,0951025,台北市內湖區新湖二路289號,以確保觀光事業永續發展、提昇國際旅客服務品質、發展免稅商店國際接軌、促進國際交流合作、舉辦社會公益活動為宗旨。,由昇恒昌股份有限公司捐助，俟完成登記後，得繼續接受捐贈,"交通部  中華民國95年10月19日交路字第0950010035號函",永久,800000000.00,1,1150407,,1150416,,,,,,
115法登他000158,2,2,林郁菁,2319,1150407,1150408,1150410,116冊9頁,2,2,楊陳碧滿,社團法人台灣長期照顧教育訓練協會,1101116,台北市北投區磺港路263號,以促進長期照顧服務人員專業之提升與發展，保障長期照顧服務人員之權益，以確保長期照顧失能者之服務品質，並辦理長期照顧服務、長期照顧教育訓練、社會福利事務等相關事業為宗旨。,入會費、常年會費、事業費、會員捐款、委託收益、基金及其孳息、其他收入,內政部中華民國110年10月28日台內團字第1100051951號函,永久,46500.00,1,1150409,,1150420,,"全體理、監事印鑑式。
法人章程第3條條文變更並經主管機關內政部中華民國114年11月7日台內團字第1140141308號函予以備查。",,,,
115法登他000159,1,2,林郁菁,327,1150407,1150407,1150408,16冊33頁,1,10,洪鴻榮,財團法人法鼓山佛教基金會,0860722,台北市北投區公舘路186號,秉持佛教慈悲濟世之精神，弘揚佛法、淨化人心，增進社會福祉。以興辦佛教宗教、社會、教育及文化等事業為宗旨。,設立基金共計新台幣參仟萬元整，由張聖嚴捐助，俟完成法人登記後，得繼續接受各界捐贈,內政部86.6.25.台(86)內民字第8603730號函,永久,4303486273.00,1,1150408,,1150416,,"法人捐助暨組織章程第2條附表條文變更並經主管機關內政部115年1月16日台內宗字第1150002706號函同意變更。
原分事務所台北市北投區光明路276號廢止。
原分事務所台北市北投區大業路65巷89號廢止。
原分事務所台北市大安區安和路1段29號10樓廢止。
原分事務所桃園市桃園區大興西路2段105號12樓廢止。
原分事務所嘉義市林森東路343號1樓廢止。
原分事務所台中市市政路37號廢止。
原分事務所高雄市三民區建安街94號廢止。
原分事務所台東市更生北路132巷38號廢止。
原分事務所新北市永和區中正路417號10樓、10樓之1廢止。
原分事務所基隆市仁愛區仁五路8號3樓之1、之2、之3、之4廢止。
原分事務所屏東市建豐路2巷70號廢止。
原分事務所新北市三峽區介壽路2段138巷168號廢止。
原分事務所新北市新莊區新莊路114號廢止。
原分事務所新北市新店區中華路7號廢止。
原分事務所台中市東勢區東蘭路26之18號廢止。",,,,
115法登他000160,1,2,林郁菁,620540,1150407,1150409,1150410,3冊5頁,2,9,劉小珠,財團法人台北市基督教使徒信心會,0620802,台北市北投區文林北路244巷41號,本基督耶穌捨己愛人之精神，傳播基督教義，辦理社會公益慈善事業。,捐助,陽明山管理局62.2.26,永久,12596000.00,1,1150410,,1150420,,全體董事印鑑式。,,,,
115法登他000161,1,2,林郁菁,992,1150407,1150407,1150408,50冊6頁,2,7,黃茂雄,財團法人萬益社教基金會,0961231,台北市南港區三重路19之2號9樓,以發展社會教育、振興學術研究、培養優秀人才、推廣藝文活動，並以贊助教育、文化及公益事業為目的。,設立基金共新臺幣參仟萬元整(現金)，由東元電機股份有限公司、黃茂雄及黃林和惠共同捐助。俟依法完成財團法人登記後，得繼續接受捐贈。,教育部中華民國96年12月28日台社（四）字第0960202246號函,永久,30000000.00,1,1150408,,1150416,,全體董事印鑑式。,,,,
115法登他000162,1,2,林郁菁,1702,1150407,1150407,1150408,85冊16頁,2,4,黃昆輝,財團法人黃昆輝教授教育基金會,1050912,台北市內湖區行善路455號4樓,以探究教育問題、提振教育人員工作士氣、激勵學生向善向上學習精神、促進教育發展為宗旨。,設立基金共新台幣參仟萬元整，由林陳海先生及其他熱心教育人士捐助；俟依法完成法人登記後，得繼續接受捐贈,教育部中華民國105年9月8日臺教社（三）字第1050125371號函,永久,30000000.00,1,1150408,,1150416,,全體董事印鑑式。,,,,
115法登他000163,2,2,林郁菁,857,1150407,1150413,1150415,43冊11頁,2,9,廖慶松,社團法人台灣電影文化協會,0910218,台北市大同區迪化街1段72巷7號2樓,以促進影像藝術文化交流、整合影像創作資源為宗旨。,入會費、常年會費、事業費、會員捐款、委託收益、基金及其孳息、社會各界捐款、其他收入,內政部中華民國91年1月21日台內社字第0910002711號函,永久,210100.00,1,1150414,,1150423,,全體理、監事印鑑式。,,,,
115法登他000164,1,2,林郁菁,2349,1150407,1150408,1150410,117冊19頁,1,4,蔡慧玲,財團法人台灣尤努斯基金會,1040518,台北市南港區忠孝東路6段21號11樓之6,本會以辦理社會福利慈善事業為目的，推動並落實諾貝爾和平獎得主尤努斯教授建立社會型企業之扶貧理念為宗旨。,由蔡慧玲等捐助成立,衛生福利部中華民國104年5月8日部授家字第1040500369號函,永久,48000000.00,1,1150409,,1150420,,法人捐助章程第4條條文變更並經主管機關衛生福利部中華民國115年2月3日衛授家字第1150001144號函許可變更。,,,,
115法登他000165,1,2,林郁菁,649,1150409,1150409,1150410,33冊4頁,1,9,陳乙安,財團法人台灣教育基金會,0920123,新北市八里區中山路3段112號,以提高國民生活品質，宏揚台灣固有文化，推動社會教育，創造和諧社會為目的。,設立基金共新臺幣伍佰萬元整，由陳朝傳捐助；俟依法完成法人登記後，得繼續接受捐助,台北縣政府中華民國92年1月10日北府教社字第0920006924號,永久,10642857.00,1,1150410,,1150420,,繼任董事印鑑式。,,,,
115法登他000166,2,2,林郁菁,2721,1150410,1150416,1150420,134冊1頁,2,4,黃仲臺,社團法人台北市基督徒芝蘭協會,1011108,台北市士林區德行東路213號2樓,本會宗旨以耶穌基督信仰為中心，推行信仰與團體活動、信仰與生活體驗、禱告與聖經訓練、信仰與宣教活動，藉以提升個人的生命價值與生活品質，轉化社會、國家，使人民有德操之美，國家充滿仁愛和平。,入會費、常年會費、宣教事業費、會員捐款、委託收益、基金及其孳息、活動報名收入,臺北市政府社會局中華民國101年9月27日北市社團字第10143202100號函,永久,1000.00,1,1150417,,1150427,,全體理、監事印鑑式。,,,,
115法登他000167,2,2,林郁菁,2720,1150410,1150410,1150413,133冊20頁,1,1,連崑崙,社團法人台灣亞太投資暨創新發展協會,1121027,台北市士林區中山北路5段516號8樓,以結合國內外數位科技與創業投資專業人士、公私機構及團體，增進國際交流，發展經濟合作，增進共同利益為宗旨。,入會費、常年會費、事業費、會員捐款、委託收益、基金及其孳息、其他收入,內政部中華民國112年10月6日台內團字第1120047900號函,永久,0.00,1,1150413,,1150421,,法人章程第1條及第38條條文變更並經主管機關內政部中華民國114年11月26日台內團字第1140288474號函予以備查。,,,,
115法登他000168,2,2,林郁菁,2486,1150410,1150410,1150413,124冊16頁,1,23,潘維大,社團法人中華民國紅十字會,1090909,新北市淡水區中正路2段83號,依照我國法令、日內瓦公約及國際紅十字會議所決議各項原則，以發展博愛服務事業為宗旨。,入會費、常年會費、會員捐款、委託收益、基金及其孳息、其他收入,內政部中華民國109年9月2日台內團字第1090131366號函,永久,1000.00,1,1150413,,1150421,,"繼任理事印鑑式。
第23屆常務理事周廼寬印鑑變更。
法人章程增訂第30條及調整條次並經主管機關內政部中華民國114年9月12日台內團字第1140285515號函予以備查。",,,,
115法登他000169,2,2,林郁菁,1333,1150410,1150413,1150415,67冊7頁,2,4,邱琪瑄,社團法人中華民國銘傳大學傳播學院校友會,1010119,台北市士林區中山北路5段250號,銘傳大學傳播學院（以下簡稱本院），為聯繫本院、系友間感情、促進院、系友團結合作暨協助本院發展，設立本會。,事業費、會員捐款、委託收益、基金及其孳息、其他收入,內政部中華民國100年7月22日台內社字第1000147021號函,永久,1000.00,1,1150414,,1150423,,理事盧昱俊、理事裴倫、理事朱秉恒、理事葉懿鳳及理事楊忠勲印鑑式。,,,,
115法登他000170,1,2,林郁菁,1796,1150413,1150413,1150415,90冊10頁,2,3,郭英豪,財團法人瓊安郭光生教育基金會,1060928,台北市內湖區洲子街68號7樓,以善盡企業社會責任，推動教育業務為宗旨。,設立基金共新臺幣伍仟萬元整（現金伍仟萬元），由郭光生先生捐助；俟依法完成財團法人登記後，得繼續接受捐贈,教育部中華民國106年9月12日臺教社（三）字第1060127055號函,永久,230000000.00,1,1150414,,1150423,,全體董事印鑑式。,,,,
115法登他000171,1,2,林郁菁,1516,1150413,1150413,1150415,76冊10頁,2,15,魏憶龍,財團法人台北市樹仁社會福利基金會,0730214,台北市北投區泉源路華南巷16號1樓,辦理社會福利工作為宗旨，輔助身心障礙者發揮潛能自立更生為目的。,基金總額新台幣壹佰萬元整，由創立董事林順春等捐助之；嗣後得由捐助人或接受有關團體或個人之捐贈,臺北市政府社會局中華民國73年1月12日北市社四字第839號函,永久,1000000.00,1,1150414,,1150423,,全體董事印鑑式。,,,,
115法登他000172,1,2,林郁菁,1185,1150413,1150413,1150415,59冊19頁,2,6,歐聖鐘,財團法人新北市私立歐榮發社會福利慈善事業基金會,0990705,新北市汐止區大同路3段338號,以辦理新北市慈善為首要目的，並以新北市為主要執行業務區域。,設立基金新臺幣壹仟萬元整，由東亞運輸倉儲股份有限公司無償捐助；嗣後得繼續接受捐助,新北市政府中華民國99年6月14日北府社助字第0990501346號函,永久,10000000.00,1,1150414,,1150423,,全體董事印鑑式。,,,,
115法登他000173,2,2,林郁菁,2500,1150413,1150416,1150420,125冊10頁,2,4,徐瑞玉,社團法人臺北市珠珠媽媽兒童教育關懷協會,1090707,台北市北投區明德路140號4樓,以辦理社會服務及教育慈善活動與關懷弱勢兒童改善偏鄉兒童教育為宗旨。,入會費、常年會費、會員捐款、委託收益、基金及其孳息、其他收入,臺北市政府社會局中華民國108年7月9日北市社團字第1083106074號函,永久,0.00,1,1150417,,1150427,,"全體理、監事印鑑式。
法人章程第7條、第21條、第28條、第31條及第34條條文變更並經主管機關臺北市政府社會局中華民國115年2月9日北市社團字第1153007782號函予以核備。",,,,
115法登他000174,2,2,林郁菁,2722,1150414,1150416,1150420,134冊2頁,1,1,趙忠傑,社團法人台灣蘇富比藝術協會,1120614,台北市內湖區瑞光路302號5樓之3室,以推動台灣與國際之文化創意產業發展，促成其他跨領域產業與國際頂級文藝機構、其他社交平台接軌，深化東西方藝術、文化創意相關領域之交流，為宗旨。,入會費、常年會費、事業費、會員捐款、委託收益、基金及其孳息、其他收入,內政部中華民國112年5月24日台內團字第1120026059號函,永久,5000.00,1,1150417,,1150427,,第1屆理事長趙忠傑印鑑變更。,,,,
115法登他000175,1,2,林郁菁,2157,1150416,1150416,1150420,108冊11頁,2,10,蔡金萬,財團法人中華關帝文教基金會,0860128,新北市汐止區瑞松街206巷16號,以加強文化建設，宏揚道德文化，發揚關公忠孝節義精神為基礎，並推廣三綱五常倫理文化，辦理社會福利慈善事業，建立祥和社會，促進國家利益為目的。,設立基金共新台幣貳佰萬元整，由蔡金萬捐助壹佰伍拾萬元整，蔡金山捐助伍拾萬元整。俟依法完成財團法人登記後得繼續接受捐助。,台北縣政府八十六年一月十三日北府教三字第○一六一七五號函,永久,2000000.00,1,1150417,,1150427,,全體董事印鑑式。,,,,
115法登他000176,2,2,林郁菁,2044,1150416,1150416,1150420,102冊18頁,2,8,楊斯年,社團法人台灣社區精神復健發展協會,0980318,台北市北投區幽雅路7號4樓之20,以提升社區精神復健機構品質，進而協助身心障礙的精神病患者和家屬獲得完善之醫療與社區復健服務，得以復元；爭取應有的社會福利和合法權益；倡導公平參與社會生活及就業之機會，重新適應社會生活；增強社會大眾對精神疾病的認識和接納，為服務宗旨,入會費、常年會費、事業費、捐款、委託收益、基金及其孳息、其他收入,內政部中華民國96年2月12日台內社字第0960023892號函,永久,299100.00,1,1150417,,1150427,,"全體理、監事印鑑式。
法人章程第2條、第7條、第12條、第24條、第28條及第30條條文變更並經主管機關內政部中華民國115年2月25日台內團字第1150280878號函予以備查。",,,,
115法登他000177,2,2,林郁菁,2663,1150416,1150416,1150420,131冊3頁,1,1,林永敏,社團法人新北市水利技師公會,1140820,新北市汐止區新台五路1段81號10樓之4,以促進會員聯繫、聯絡感情、保障應有權益、充實水利學識並提高專業技術水準、砥礪品德、發揚服務精神及協助推進國家建設為宗旨。,入會費、常年會費、福利金、會員捐款、委託收益、基金及其孳息、其他收入,新北市政府中華民國114年4月16日新北府社團字第1140529461號函,永久,300000.00,1,1150417,,1150427,,"新法人圖記。
法人章程第1條及第8條條文變更並經主管機關新北市政府中華民國115年3月19日新北府社團字第1150485823號函准予備查。",,,,
115法登他000178,2,2,林郁菁,2724,1150416,1150421,1150422,134冊4頁,2,6,莫懷祖,社團法人美國消防工程師學會台灣分會,0981102,臺北市士林區大南路424號2樓,以促進火災安全工程及其相關領域之科學與實務，以維持會員及培育火災安全工程教育之高道德標準。,入會費、常年會費、事業費、會員捐款、委託收益、基金及其孳息、其他收入,內政部中華民國98年08月28日台內社字第0980149664號函,永久,11000.00,1,1150422,,1150430,,全體理、監事印鑑式。,,,,
115法登他000179,1,2,林郁菁,969,1150417,1150417,1150420,49冊3頁,1,5,梁美惠,財團法人佛教大毘盧遮那禪林基金會,0960813,台北市大同區西寧北路85─1號1樓,本於眾生平等之精神，以傳揚佛教教義，開啟本自具足的智慧，提升思想層次，實踐佛法實修實證，推動禪的優質化生活，淨化社會人心，圓滿世界公民為宗旨。,由楊信奕捐助新台幣參仟萬元整，嗣後得繼續接受捐贈（獻）,內政部中華民國96年7月19日台內民字第0960111746號函,永久,343901984.00,1,1150420,,1150428,,,,,,
115法登他000180,2,2,林郁菁,2377,1150420,1150420,1150422,119冊7頁,1,1,張美蕙,社團法人中華ZOE生命橋樑協會,1111110,台北市士林區至善路2段117號1樓,以耶穌基督生命為榜樣，傳揚基督福音，聯合全球教會與機構，服務海內外弱勢群體，以達宣教、社會關懷、教育啟發為宗旨。,入會費、常年會費、事業費、會員捐款、委託收益、基金及其孳息、其他收入,內政部中華民國111年7月19日台內團字第1110036621號函,永久,0.00,1,1150421,,1150430,,,,,,
115法登他000181,1,2,林郁菁,490098,1150420,1150420,1150422,1冊45頁,1,20,鍾主亮,台灣基督長老教會淡江學校財團法人,0490430,新北市淡水區真理街26號,為達成創辦人所秉持基督教「聖經」所說「教導孩童，使他走當行的道，就是到老也不偏離」的信念，以培養健全人格、服務人群、榮神益人的公民為目的，設立台灣基督長老教會淡江學校財團法人，辦理台灣基督長老教會淡江學校財團法人新北市私立淡江高級中學暨附設國民中學部、國民小學部、私立純德幼兒園。,設立財產總額為新台幣柒拾陸萬貳仟壹佰捌拾玖元正，由加拿大基督教長老教會、熱心信徒及有志奉獻。嗣後並得繼續接受國內外之個人、法人或教會團體之捐贈。,台灣省政府教育廳47.11.18教二字第63446號函,永久,741457304.00,1,1150421,,1150430,,,,,,
115法登他000182,2,2,林郁菁,1974,1150421,1150421,1150422,99冊8頁,2,5,林慶隆,社團法人台北市承德濟世協進會,1080718,台北市大同區承德路3段51巷2號,本會以奉祀福德正神舉辦慶典祭祀事宜及濟貧、救災、弱勢團體急難救助等慈善事業為宗旨。,入會費、常年會費、會員捐款、委託收益、基金及其孳息、其他收入,臺北市政府社會局中華民國101年9月25日北市社團字第10143002900號函,永久,1067080.00,1,1150422,,1150430,,全體理、監事印鑑式。,,,,
115法登他000183,1,2,林郁菁,590389,1150421,1150421,1150424,2冊65頁,1,11,尹衍樑,振興醫療財團法人,0591003,台北市北投區振興街45號,為從事醫療事業辦理醫療機構及從事醫療服務、培植醫療人才、闡揚醫學學術之目的。,捐助,陽明山管理局改制為行政院衛生署59.3.3,永久,2614199232.00,1,1150422,,1150504,,繼任董事印鑑式。,,,,
115法登他000184,1,3,林郁菁,2543,1150421,1150423,1150424,127冊13頁,1,4,吳造中,財團法人祺華教育基金會,0990105,新北市八里區龍米路1段210號2樓,以推動教育為宗旨。,設立基金新台幣500萬元，由熱心人士捐助。俟完成登記後，得繼續接受捐贈。,新北市政府教育局中華民國98年12月24日北教社字第0981049999號函,永久,5000000.00,1,1150424,,,,解散登記之原因、可決之程序與日期：為有效整合醫學教育資源，擴大公益服務，嘉惠全國醫事人員教育研究等相關活動，本會於民國114年4月10日召開第4屆第9次董事會決議通過與財團法人名儕醫學文教基金會合併，採存續合併方式，本會為消滅法人，財團法人名儕醫學文教基金會為存續法人，報經主管機關教育部以115年1月12日臺教社(三)字第1140121157號函予以許可。,,,,
115法登他000185,2,2,林郁菁,2286,1150423,1150423,1150424,114冊16頁,2,4,熊益齡,社團法人愛樂福關懷文創發展協會,1040126,臺北市士林區中山北路5段727-1號3樓,本會為依法設立、非以營利為目的之社會團體，以縮短城鄉文創教育落差，輔導弱勢族群投入文創產業促進就業，結合在地特色跨界搭建文創發展平台為宗旨。,入會費、常年會費、事業費、捐贈收入、補助收入、委託收益、基金及其孳息、其他收入,內政部中華民國103年7月9日台內團字第1030199372號函,永久,0.00,1,1150424,,1150504,,全體理、監事印鑑式。,,,,
115法登他000186,1,2,林郁菁,1101,1150423,1150423,1150424,55冊15頁,2,6,劉士維,財團法人ＯＭＧ關懷社會愛心基金會,0980625,台北市南港區成功路1段50號5樓,以辦理社會福利慈善事業為目的。,設立基金新台幣三千萬元，由茂為科技股份有限公司捐助，嗣後得繼續接受捐贈。,內政部中華民國98年6月17日內授中社字第0980700408號函,永久,30000000.00,1,1150424,,1150504,,全體董事印鑑式。,,,,
115法登他000187,1,2,林郁菁,1890,1150422,1150423,1150424,95冊4頁,1,5,林進興,財團法人脊髓損傷社會福利基金會,1010328,台北市大同區民權西路136號12樓之2,以提升脊髓損傷者的社會參與，創造一個友善的社會環境為目的。,設立基金總額為新臺幣貳仟陸佰陸拾柒萬柒仟元整，由柏成投資、榮科實業、匯智資訊股份有限公司、西門獅子會、台灣復健醫學會等共計33個機構及個人捐助；嗣後得由捐助人或其他個人、團體補充之,臺北市政府社會局中華民國101年2月23日北市社團字第10132314900號函,永久,30000000.00,1,1150424,,1150504,,"繼任董事印鑑式。
法人捐助章程第4條條文變更並經主管機關衛生福利部中華民國115年3月3日衛授家字第1150001333號函許可變更。",,,,
115法登他000188,1,2,林郁菁,1259,1150423,1150423,1150424,63冊13頁,1,6,姚霽光,財團法人臺北市無子西瓜社會福利基金會,1000516,台北市內湖區新湖二路146巷19號3樓,本基金會以辦理臺北市社會福利、慈善為目的，並以臺北市為主要執行業務區域；依需要得於其他縣市設立分事務所，從事與本基金會宗旨相符之活動。,由創辦人王建煊先生及蘇法昭女士捐助，並接受對外認捐。,臺北市政府社會局中華民國100年5月3日北市社團字第10036267800號函,永久,646340334.00,1,1150424,,1150504,,繼任董事長、監察人印鑑式。,,,,
115法登他000189,1,2,林郁菁,2234,1150423,1150424,1150427,112冊4頁,1,11,洪菱霙,財團法人孫中山紀念圖書館文教基金會,0830319,台北市南港區經貿二路235巷35號11樓,以紀念國父孫中山先生、宏揚中山先生行誼，並以其精神為根本，關心公共政策及民意趨向，以求服務民眾、回饋社會、貢獻國家為宗旨。,由鄭逢時先生捐助。,教育部中華民國八十三年三月五日台(八三)社字第0一一五九七號函,永久,10000000.00,1,1150424,,1150505,,"繼任董事長印鑑式。
第11屆董事楊南平印鑑變更。",,,,
115法登他000190,1,2,林郁菁,778,1150423,1150424,1150427,39冊34頁,2,7,施明仁,財團法人施再金公益衛生基金會,0931111,台北市內湖區金湖路133號17樓,為獎助醫藥衛生相關學問研究，提供各級醫藥學系優秀學生獎助學金，並贊助神經再生相關研究所需費用、辦理其他有關預防保健、研究開發藥物等公益事業，以促進全民身體健康、國家社會之安定幸福為宗旨。,由施再金先生捐助新台幣壹仟萬元為設立基金，詳如捐助人名冊及捐助財產清冊。嗣後並得繼續接受國內外自然人、法人、機構或團體之捐贈。,行政院衛生署93年8月13日衛署醫字第0930216095號函,永久,20000000.00,1,1150427,,1150505,,全體董事簽名暨印鑑式。,,,,
115法登他000191,2,2,林郁菁,1852,1150427,1150427,1150429,93冊6頁,2,3,張吏頡,社團法人中華熱心發展協會,1070510,台北市北投區石牌路1段71巷3弄3號1樓,以短期危機處遇為導向，協助政府因家庭功能障礙、支持系統薄弱所導致形成的家暴、妨害性自主、藥物濫用及高風險家庭脫離困境，有效預防兒虐、殺子或自殺事件發生。另提供家庭支持性服務、健康促進、親職教育、校園宣導，促進家庭和諧，結合社會力量與資源，配合政府社會福利推行，共同推展社會服務為宗旨。,入會費、常年會費、事業費、會員捐款、委託收益、基金及其孳息、其他收入,內政部中華民國107年2月27日台內團字第1070008923號函,永久,87430.00,1,1150428,,1150507,,全體理、監事印鑑式。,,,,
115法登他000192,1,2,林郁菁,318,1150427,1150427,1150429,16冊15頁,1,8,李蔡素貞,財團法人李天祿布袋戲文教基金會,0860524,新北市三芝區芝柏路3號,保存、研究、發展布袋戲與相關戲曲及推展文化建設。,捐助,台灣省政府教育廳86.5.1(86)教五字第07200號,永久,5000000.00,1,1150428,,1150507,,法人捐助章程第4條及第15條條文變更並經主管機關文化部中華民國115年2月10日文綜字第1151002478號函許可變更。,,,,
115法登他000193,1,2,林郁菁,526,1150427,1150428,1150429,26冊35頁,2,13,蔡志堅,財團法人中華基督教浸信會嶺頭山莊福音中心,0891103,台北市士林區仰德大道2段11巷11號,以基督教聖經之原則，宣揚基督福音，提昇信徒靈命，促進教會復興，辦理各項營會及休閒活動，提供場地供團體或個人靈修、教育訓練之用，並辦理社會慈善公益事業等。,由財團法人美南浸信會台北市事務所捐助，嗣後得接受國內外教會、團體、信徒或個人之捐贈（獻）,台北市政府民政局中華民國89年10月24日北市民三字第8923200800號函,永久,355029820.00,1,1150429,,1150507,,全體董事印鑑式。,,,,
115法登他000194,1,2,林郁菁,72,1150428,1150428,1150429,4冊3頁,2,13,李天鐸,財團法人復興崗文教基金會,0780821,台北市北投區中央北路2段70號,以復興崗之吃苦、冒險、負責、忍氣信條為基礎，以弘揚民族文化為期許，重視倫理道德塑建，提升社會精神文明，建立正確的社會價值觀為目的。,設立基金共新臺幣參佰萬元整，由社會熱心人士捐助。俟依法完成財團法人登記後，得繼續接受捐贈。,教育部78.8.10台(78)高字第39218號函,永久,3000000.00,1,1150429,,1150507,,全體董事簽名暨印鑑式。,,,,
115法登他000195,1,2,林郁菁,2418,1150428,1150428,1150429,121冊8頁,2,3,許世昌,財團法人安童文教基金會,0870507,新北市汐止區新台五路1段81號12樓,以藉由推動具有傳統文化為主軸思想之社會教育及推廣活動，以淨化人心，建立良善社會為目的。,由邱顯澤捐助,台北縣政府87年5月2日北府教三字第128920號函,永久,2000000.00,1,1150429,,1150507,,"全體董事印鑑式。
新法人圖記。",,,,
115法登他000196,1,2,林郁菁,570315,1150429,1150430,1150504,2冊39頁,1,19,陳啟明,財團法人銘傳大學,0570224,臺北市士林區中山北路5段250號,為遵照國家教育政策暨現行教育法令之規定辦理大學，並謀其健全發展之目的，設立財團法人銘傳大學(原名財團法人私立銘傳女子商業專科學校、私立銘傳管理學院)。,"設立基金新台幣530,537,235.95元(包括動產、不動產及其他財權)，由銘傳大學前身銘傳女子商業專科學校創辦人包德明女士捐助。嗣後並得繼續接受國內外之個人、法人或團體之捐贈。","教育部 49.2.1 台(49)高字第0996號令",永久,7736155501.00,1,1150504,,1150512,,,,,,
115法登他000197,2,2,林郁菁,2195,1150429,1150430,1150504,110冊5頁,1,9,洪唯倫,社團法人亞洲皮膚健康抗老協會,1100323,新北市汐止區保長路431號9樓,以關懷民眾之皮膚健康，提供正確皮膚保養醫學知識為宗旨。,入會費、常年會費、會員捐款、委託收益、基金及其孳息、其他收入。,臺北市政府社會局中華民國93年7月21日北市社一字第09336760600號函,永久,2988676.00,1,1150430,,1150512,,,,,,
115法登他000198,1,2,林郁菁,540247,1150429,1150430,1150504,2冊15頁,1,18,陳韻如,財團法人德明財經科技大學,0540910,台北市內湖區環山路1段56號,為配合國家政策、服務社會並配合產業發展需求，實踐故陸軍一級上將陳濟棠先生之遺志，在台灣省創辦私立德明商業專科學校(於民國89年4月改制為德明技術學院、96年6月改名為德明財經科技大學)，設立財團法人德明財經科技大學，以培育青年並謀其發展為目的。,捐助設立後得繼續接受國內外之個人、法人或團體之捐贈,教育部54.8.30台(54)高字第1359號函,永久,2764583388.00,1,1150430,,1150512,,,,,,
115法登他000199,1,2,林郁菁,2728,1150503,1150504,1150504,134冊8頁,1,1,強美娟,財團法人新北市私立恩揚社會福利基金會,1120901,新北市汐止區福德一路86巷79號3樓,以提供長期照顧服務及舉辦社會福利慈善事業為宗旨。,林偉峰、昕恩有限公司等捐助,新北市政府社會局中華民國112年8月30日新北社助字第1121636957號函,永久,10000000.00,1,1150504,,1150512,,法人捐助章程第4條條文變更並經主管機關新北市政府社會局中華民國115年2月12日新北社助字第1150283346號函准予變更。,,,,
115法登他000201,1,2,林郁菁,1085,1150506,1150506,1150508,54冊19頁,1,6,蔡衍榮,財團法人旺台環境文化基金會,0980311,台北市大同區承德路1段72號,以推展「旺山旺水做環保，台灣秀麗好寶島」為宗旨。,由蔡衍榮先生捐助現金新台幣壹仟貳佰萬元整設立。俟依法完成法人登記後，得由蔡衍榮先生本人、直系親屬、關係企業及國內外文化、教育、藝術、環保等其他公益團體法人或社團法人，作為捐贈來源,行政院環境保護署中華民國98年2月19日環署綜字第0980014603號函,永久,35713156.00,1,1150506,,1150518,,,,,,
115法登他000202,1,2,林郁菁,216,1150506,1150506,1150508,11冊11頁,2,11,林幸榮,財團法人心臟醫學研究發展基金會,0831208,台北市北投區石牌路2段201號,以鼓勵優秀心臟醫學人員，研究發展心臟醫學，增進國際心臟醫學交流，提高我國心臟醫學水準為目的。,由台北榮民總醫院副院長姜必寧發起，創設基金共新台幣壹仟萬元，經葉信讚先生等人捐助；嗣後並得接受各界熱心醫學研究之團體或個人自由捐贈,行政院衛生署83.11.29衛署醫字第83071320號函,永久,23000000.00,1,1150507,,1150518,,全體董事、監察人印鑑式。,,,,
115法登他000203,2,2,林郁菁,2172,1150507,1150507,1150508,109冊2頁,2,3,陳其妮,社團法人JiG國際藝術創作力亞太區發展協會,1100127,新北市淡水區新市一路1段228號17樓,為推廣優化社區、城鎮，生活與藝術美學推展，提倡藝術創作常民化，且以啟發藝術創作力為概念，透過藝術與生活整合，讓生活變得更美好，經由分年齡、程度的社區藝術創作力課程，使社區、鄉鎮老人、小孩與青年的藝術創作力被啟發累積，深耕社區、鄉鎮文化之總體營造、倡導人文關懷之社會風氣。,入會費、常年會費、事業費、會員捐款、委託收益、基金及其孳息、其他收入。,內政部中華民國109年8月14日台內團字第1090045178號函,永久,1000.00,1,1150507,,1150518,,全體理、監事印鑑式。,,,,
115法登他000204,2,2,林郁菁,1170,1150507,1150507,1150508,59冊4頁,2,5,陳品蒨,社團法人中華弱勢族群整體美容協會,0990507,台北市士林區中山北路6段200號2樓,以倡導整體美容、美髮、美甲、美睫、彩妝、挽臉、紋繡及整體美容造型相關技能之培訓。提供會員或弱勢族群學習成長，美容美髮造型與美甲美睫相關技能專業。提升國人各行業之專業技術及專業知識，進而促進國人多元發展與就業及幫助會員或弱勢族群培養美容與相關技能第二專長，輔導就業創業，提升就業率，善盡社會責任義務，保障會員或弱勢族群權益，促進家庭溫馨和樂為宗旨,入會費、常年會費、事業費、會員捐款、委託收益、基金及其孳息、其他收入,內政部中華民國98年8月25日台內社字第0980159098號函,永久,500.00,1,1150507,,1150518,,全體理、監事印鑑式。,,,,
115法登他000205,1,2,林郁菁,181,1150506,1150506,1150508,9冊21頁,2,13,陳超男,財團法人台北市中華基督教劍潭浸信會,0750825,台北市士林區承德路4段12巷71號,本基督耶穌愛人捨己之精神，在台北市內傳揚基督教教義，辦理社會公益慈善事業。,捐助,台北市政府民政局75.7.28北市民三字第33074號函,永久,4605609.00,1,1150507,,1150518,,全體董事印鑑式。,,,,
115法登他000206,1,2,林郁菁,1564,1150507,1150507,1150508,78冊18頁,1,3,蔣次寧,華興學校財團法人,1031210,台北市士林區仰德大道1段101號,以「信、望、愛」為辦學理念，以辦理全人教育，培育國家社會菁英人才為辦學目的。,設立基金由財團法人臺北市私立華興育幼院、蔣宋美齡等捐贈及社會樂捐予華興中學與華興小學，共值新臺幣貳億貳佰參拾壹萬貳仟參佰貳拾伍元整，嗣後並得繼續接受國內外之個人，法人或團體之捐助,臺北市政府中華民國102年12月12日府教中字第10242726000號函,永久,1309077158.00,1,1150507,,1150518,,,,,,
115法登他000207,2,2,林郁菁,1169,1150507,1150508,1150511,59冊3頁,2,6,吳尊耀,社團法人中華民國昇降設備安全檢查協會,0990507,台北市內湖區港漧路221巷19號3樓,以建築物附屬「昇降設備」、「機械停車設備」使用者之安全為宗旨。,入會費、常年會費、事業費、會員捐款、委託收益、基金及其孳息、其他收入,內政部中華民國98年12月8日台內社字第0980225599號函,永久,38000.00,1,1150511,,1150519,,"全體理、監事印鑑式。
法人章程第2條、第5條、第6條、第7條、第8條、第13條、第14條、第16條、第30條及第32條條文變更並經主管機關內政部中華民國113年8月1日台內團字第1130284760號函予以備查。",,,,
115法登他000208,2,2,林郁菁,2218,1150507,1150508,1150511,111冊8頁,2,6,花嘉鴻,社團法人台灣扶輪人自行車協會,1080719,臺北市士林區德行西路45之1號地下1樓,遵行國際扶輪宗旨、精神，推廣自行車運動、知識、技術、健全體魄，以達樂活健康的扶輪人生,入會費、常年會費、事業費、會員捐款、委託收益、基金及其孳息、其他收入,內政部中華民國108年3月14日台內團字第1080012906號函,永久,352766.00,1,1150511,,1150519,,"全體理、監事印鑑式。
法人章程第7條、第28條、第30條、第32條及第36條條文變更並經主管機關內政部中華民國112年4月21日台內團字第1120013532號函予以備查。
法人章程第7條、第8條、第10條、第13條、第14條、第15條、第16條、第20條、第21條、第25條、第26條、第27條、第32條、第35條及第36條條文變更並經主管機關內政部中華民國115年3月27日台內團字第1150005945號函予以備查。",,,,
115法登他000209,1,2,林郁菁,2169,1150507,1150508,1150513,108冊23頁,1,12,賴杉桂,財團法人光華管理策進基金會,0720613,台北市內湖區洲子街176號3樓,提升我國管理學術水準，策進管理科技，及增進管理學術界與實務界知識資訊之交流為宗旨。,李成家等捐贈現金,教育部72年5月27日台（七二）高一九九五一號函,永久,1077683.00,1,1150512,,1150521,,法人捐助章程第4條及第16條條文變更並經主管機關教育部中華民國115年3月9日臺教社(三)字第1150013749號函許可變更。,,,,
115法登他000210,1,3,林郁菁,552,1150507,1150508,1150511,28冊4頁,1,15,高森永,高森永即財團法人醫學生物儀器發展基金會之清算人,0631123,台北市內湖區民權東路6段161號,以研究發展醫學生物科學為目的,創辦基金新台幣伍萬元由美國醫藥助華會捐助，並得接受樂捐或遺贈,行政院衛生署63年11月9日　（）衛署醫字第52948號函,永久,4113721.00,1,1150511,,,高森永,"解散登記之原因、可決之程序與日期：本會於中華民國114年9月26日經董事會會議決議解散並選任高森永為清算人，並報經主管機關衛生福利部於115年1月22日以衛部醫字第1151660411號函准予辦理及經本院115年度法字第5號民事裁定准予備查在案。
清算人姓名及地址：高森永、台北市內湖區民權東路6段161之43號。
清算人印鑑式。",,,,
115法登他000211,2,2,林郁菁,1080,1150507,1150508,1150513,54冊14頁,1,4,那秋美,社團法人中華基督教新海社區發展協會,0980218,新北市淡水區原德路110-1號,本著基督之精神宣揚福音，引導更多人認識生命的價值與目標，推動社區關懷，促進社會和諧為宗旨。,入會費、常年會費、事業費、會員捐款、委託收益、基金及其孳息、其他收入,內政部中華民國97年5月19日台內社字第0970083298號函,永久,10000.00,1,1150511,,1150521,,繼任理事、常務理事、理事長印鑑式。,,,,
115法登他000212,2,2,林郁菁,817,1150511,1150511,1150513,41冊11頁,2,9,陳嘉宏,社團法人中華民國醫事放射師公會全國聯合會,0940708,台北市大同區重慶北路2段35號6樓之1,以團結全國醫事放射師，增進專業知能、服務社會，維護會員權益、提升地位為宗旨。,入會費、常年會費、事業費、規費、會員捐助費、委託收益、政府補助、基金及孳息、其他收入,"內政部  中華民國90年3月29日台（90）內中社字第9013247號函",永久,4150250.00,1,1150512,,1150521,,全體理、監事印鑑式。,,,,
115法登他000213,1,2,林郁菁,251,1150511,1150511,1150513,13冊1頁,2,11,余敏誠,財團法人台北市基督教浸信會榮恩堂,0841005,台北市內湖區內湖路3段143巷6號1樓,本博愛之精神，傳揚基督福音，辦理社會公益慈善事業及充實教友靈性生活。,捐助,台北市政府民政局84.9.18北市民三字第26449號函,永久,18320264.00,1,1150512,,1150521,,全體董事簽名暨印鑑式。,,,,
115法登他000214,2,2,林郁菁,1112,1150511,1150511,1150513,56冊6頁,2,6,王崑文,社團法人台北共樂軒民藝文化協會,0980814,台北市大同區民樂街68之1號,以發揚傳統文化，傳承民俗技藝、提倡正當活動，促進社區團結為宗旨。,入會費、常年會費、會員捐款、委託收益、基金及其孳息、其他收入,臺北市政府社會局中華民國98年5月1日北市社團字第09835460700號函,永久,10000.00,1,1150512,,1150521,,全體理、監事印鑑式。,,,,
115法登他000215,2,2,林郁菁,85,1150511,1150511,1150513,4冊29頁,2,19,曹昱,社團法人中華民國計算語言學學會,0790523,台北市南港區舊莊街1段3巷34號1樓,從事計算語言學之研究，推行計算語言學之應用與發展，促進國內外中文計算語言學之研究與發展，聯繫國際有關組織並推動學術交流。,常年會費、事業費、會員捐款、委託收益、基金及其孳息、其他收入,內政部79.4.9台(79)內社字第781280號函,永久,200000.00,1,1150512,,1150521,,全體理、監事印鑑式。,,,,
115法登他000216,2,2,林郁菁,2291,1150511,1150511,1150513,115冊1頁,1,5,"Hammonds Emma Louise",社團法人臺灣巴克動物懷善救援協會,1060803,台北市大同區延平北路2段202號18樓,透過各種積極方式，如公眾教育、動物救援、治療、安置或提供動物庇護所等，減少全台灣受虐狗及其他人類以外的受虐動物。,入會費、常年會費、事業費、會員捐款、委託收益、基金及其孳息、其他收入,內政部中華民國105年11月22日台內團字第1050067818號函,永久,731631.00,1,1150512,,1150521,,法人章程第4條、第6條、第25條、第29條及第36條條文變更並經主管機關內政部中華民國115年1月26日台內團字第1140288655號函予以備查。,,,,
115法登他000217,1,2,林郁菁,935,1150511,1150511,1150513,47冊9頁,2,8,林桂華,財團法人雲林縣李福來教育基金會,0940204,雲林縣水林鄉大溝村大溝路10之3號,以促進兒童成長、青少年教育、人格發展與人文素養為宗旨。,由林桂華、李忠良、錢幼麗、張麗娟、智友股份有限公司捐助。俟本會完成登記後，得繼續接受捐贈,雲林縣政府93年12月27日府教社字第0930406267號,永久,20000000.00,1,1150512,,1150521,,全體董事印鑑式。,,,,
115法登他000218,2,2,林郁菁,2645,1150513,1150513,1150513,141冊15頁,1,1,曹慶,社團法人中華民國子曰社會福利協會,1140620,台北市士林區中正路420號2樓,以促進社會福利為宗旨。,入會費、常年會費、事業費、會員捐款、委託收益、基金及其孳息、其他收入,內政部中華民國114年5月27日台內團字第1140016398號函,永久,0.00,1,1150513,,1150521,,,,,,
115法登他000219,1,2,林郁菁,943,1150513,1150513,1150513,47冊17頁,2,9,鍾元凱,財團法人宏寶社會福利慈善事業基金會,0901217,台北市內湖區內湖路1段120巷8號5樓,以辦理社會福利、慈善事業為目的。,本基金會基金總額為現金新台幣壹仟萬元，改隸後基金總額為現金新台幣三千萬元，由捐助人郭秀寶無償捐助之；嗣後得由捐助人或其他國內外自然人、法人、機構或團體繼續捐贈補充之,臺北市政府社會局中華民國90年12月6日北市社二字第9030088400號函,永久,30000000.00,1,1150513,,1150521,,"全體董事印鑑式。
法人捐助章程第4條及第5條條文變更並經主管機關衛生福利部中華民國115年1月8日衛授家字第1140014342號函許可變更及本院115年度法字第3號民事裁定確定准予變更，變更內容詳如捐助章程修正條文對照表。",,,,
115法登他000220,1,2,林郁菁,312,1150513,1150513,1150513,16冊3頁,2,9,黃遠鵬,財團法人新北市基督教新希望教會,0860505,新北市淡水區北新路169巷46號8樓,係廣傳基督福音，訓練信徒從事普世宣教、社會教育，及辦理社會福利慈善公益、救助等事業。,由馮豔薇小姐捐助，嗣後得繼續接受捐助,台北縣政府86.4.30北府民二字第154727號,永久,1142326.80,1,1150513,,1150521,,全體董事簽名暨印鑑式。,,,,
115法登他000221,2,2,林郁菁,2732,1150514,1150514,1150518,134冊12頁,2,13,蘇秀悅,社團法人台北市營養師公會,0990311,台北市大同區塔城街7號3樓之1,以研討營養專業學術，宣導營養教育，提升營養服務品質，藉以促進國民健康，維護營養師權益，並謀營養事業之發展為宗旨。,入會費、常年會費、基金及孳息、捐款、其他收入,臺北市政府社會局中華民國99年2月23日北市社團字第09932264500號函,永久,2238879.00,1,1150515,,1150526,,"全體理、監事印鑑式。
法人章程第16條及第19條條文變更並經主管機關臺北市政府社會局中華民國114年7月18日北市社團字第1143103583號函予以核備。",,,,
115法登他000222,1,2,林郁菁,1131,1150514,1150514,1150515,57冊5頁,1,10,李述湘,財團法人國軍暨家屬扶助基金會,0870410,台北市內湖區行愛路77巷67號3樓,為能激勵國軍官兵士氣，以期安定軍心，以能顧及眷心，以達撫生慰死之目的。,設立基金新台幣貳仟萬元由軍人之友社、社會各界人士暨婦女聯合會等捐助；嗣後得繼續接受捐贈。,"國防部中華民國87年1月20日  (87)祥福字第00608號函",永久,510000000.00,1,1150514,,1150525,,繼任董事印鑑式。,,,,
115法登他000223,1,2,林郁菁,2496,1150514,1150514,1150515,125冊6頁,2,12,王文淵,財團法人明德基金會,0630704,台北市內湖區南京東路6段380號12樓,本會以從事創辦或協助有關文教等社會公益事業，以增進社會安定與經濟繁榮為目的。,由台塑關係企業所屬機構及個人捐助。,63年6月17日教育部台（69）高字第15630號函,永久,20000000.00,1,1150514,,1150525,,全體董事印鑑式。,,,,
115法登他000224,1,2,林郁菁,2414,1150514,1150514,1150515,121冊4頁,2,2,單雅文,財團法人臺北市春慈慈善基金會,1120330,臺北市內湖區環山路1段46號2樓,以辦理臺北市社會福利、慈善為目的。,捐助財產總額為新臺幣壹仟萬元，由捐助人無償捐助之。嗣許可設立後，基金得由捐助人或其他個人、團體隨時補充之。,臺北市政府社會局中華民國112年3月23日北市社團字第1123044632號函,永久,343739920.00,1,1150514,,1150525,,全體董事簽名暨印鑑式。,,,,
115法登他000225,1,2,林郁菁,624,1150514,1150514,1150515,31冊49頁,2,9,黃建興,財團法人三芝文化基金會,0910916,新北市三芝區淡金路2段65之1號6樓,為推動三芝地方的文化建設而成立，以凝聚藝術人文工作者與關心文化的社會熱心人士之共同參與力量，發揚固有文化精神，維護自然生態與深化人文資源為宗旨。,由許慧明等人共同捐助，俟完成法人登記後，得繼續接受捐助,台北縣政府文化局中華民國91年8月16日北文行字第0910005043號函,永久,2000000.00,1,1150514,,1150525,,全體董事印鑑式。,,,,
115法登他000226,1,2,林郁菁,209,1150514,1150514,1150518,10冊37頁,2,12,蔡澄江,財團法人旺旺文教基金會,0810107,台北市大同區西寧北路72號,以宏揚、獎助文教公益事業為宗旨。,設立基金新臺幣壹仟萬元整，由蔡衍明捐助；俟依法完成法人登記後，得繼續接受捐贈捐助,教育部80.12.19台社字第68863號函,永久,53000000.00,1,1150515,,1150526,,全體董事印鑑式。,,,,
115法登他000227,1,2,林郁菁,2039,1150515,1150515,1150518,102冊13頁,2,11,廖龍星,財團法人世安文教基金會,0840112,新北市汐止區新台五路1段92號11樓,以提升人文教養，推廣文化藝術教育為目的。,設立基金共新台幣貳佰萬元整(現金)，由林世棟先生捐贈。俟依法完成財團法人登記後，得繼續接受捐助。,臺北縣政府83年12月13日北府教三字第419883號函,永久,2000000.00,1,1150518,,1150526,,全體董事印鑑式。,,,,
115法登他000228,1,2,林郁菁,2735,1150515,1150518,1150520,134冊15頁,1,12,林騰蛟,財團法人社教文化基金會,0830321,臺北市士林區士商路189號,以加強推展臺灣社會教育與充實文化建設，提昇國民文化水準與生活品質為目的。,由臺灣省政府教育廳捐助,"臺灣省政府教育廳 中華民國83年1月20日",永久,200000000.00,1,1150519,,1150528,,法人捐助章程第4條及第5條條文變更並經主管機關教育部中華民國115年1月12日臺教社(一)字第1140136107號函許可變更及本院115年度法字第8號民事裁定確定准予變更，變更內容詳如捐助章程修正對照表。,,,,
115法登他000229,1,2,林郁菁,530231,1150518,1150518,1150520,2冊7頁,1,15,譚光鼎,奎山學校財團法人,0531127,台北市北投區明德路200號,為因應全球化趨勢，以銜接本國與國際教育並以辦理十二年一貫小型學校為目的，設立奎山學校財團法人。,設立時捐助之財產總額為新臺幣陸拾伍萬伍仟柒佰壹拾元，由熊慧英教授等人捐助；嗣後並得繼續接受國內外之個人、法人或團體之捐贈,陽明山管理局52.8.22改制為台北市政府教育局政輝二字第10394號,永久,706031162.00,1,1150519,,1150528,,,,,,
115法登他000230,1,2,林郁菁,660728,1150520,1150520,1150525,3冊67頁,2,17,唐彥博,財團法人臺北市私立華岡藝術學校,0661024,台北市士林區建業路73巷8號,依私立學校法規定設立臺北市私立華岡藝術學校。,設立基金由財團法人私立中國文化大學捐助，嗣後並得繼續接受國內外之個人、法人或團體之捐贈,"台北市政府教育局 中華民國66年3月4日 北市教一字第06396號函",永久,818810468.00,1,1150521,,1150601,,新任董事印鑑式。,,,,
115法登他000231,2,2,林郁菁,1205,1150520,1150522,1150525,60冊19頁,2,5,夏善明,社團法人中華基督教網路發展協會,0990914,新北市淡水區中正東路2段83號19樓之6,以透過網際網路連結與分享華人基督徒的資源、關懷、禱告、交誼、行動、愛與信仰為宗旨。,入會費、常年會費、事業費、會員捐款、委託收益、基金及其孳息、其他收入,內政部中華民國98年8月12日台內社字第0980149090號函,永久,10000.00,1,1150525,,1150602,,"全體理、監事印鑑式。
法人章程第25條條文變更並經主管機關內政部中華民國113年3月25日台內團字第1130281630號函予以備查。",,,,
115法登他000232,1,2,林郁菁,1482,1150521,1150521,1150525,74冊16頁,1,9,劉步遠,財團法人沈剛伯曾祥和文化教育基金會,0791016,台北市內湖區內湖路1段1巷9弄28號5樓,以提倡歷史學術研究為宗旨。,設立基金由余紀忠、馬樹禮、吳舜文、易勁秋、王國琦、張豫生、謝森中、王曾才、李渙等捐助；102年沈念祖為紀念母親曾祥和，捐款新台幣壹佰參拾捌萬元整；俟完成法人登記後，得繼續接受捐贈,教育部中華民國78年11月27日台（78）社字第58600號函,永久,13260000.00,1,1150521,,1150601,,,,,,
115法登他000234,2,2,林郁菁,1390,1150521,1150521,1150525,70冊4頁,2,8,楊泮池,社團法人國家生技醫療產業策進會,0910610,台北市南港區忠孝東路7段508號9樓,結合政府與民間資源，推動生物科技、醫療保健、社會福利與健康服務產業之發展，開拓華人生技、醫療、社福及健康產業之前景，提升國家整體競爭力為宗旨。,入會費、常年會費、事業費、會員捐款、委託收益、基金及其孳息、補助收入、其他收入,內政部中華民國91年5月7日台內社字第0910014571號函,永久,582600.00,1,1150522,,1150602,,全體理、監事印鑑式。,,,,
115法登他000236,1,2,林郁菁,1593,1150522,1150525,1150527,80冊7頁,2,4,張淳淵,財團法人錦卿慈善基金會,1040410,新北市淡水區破布子腳6之3號,以辦理社會福利慈善事業為目的。,設立基金新台幣參仟萬元整，由張倩如、張淳淵捐助，嗣後得由捐助人或其他個人、團體繼續捐贈補充之,衛生福利部中華民國104年3月11日部授家字第1040002326號函,永久,30000000.00,1,1150526,,1150604,,全體董事印鑑式。,,,,
115法登他000237,1,2,林郁菁,540241,1150522,1150522,1150525,2冊11頁,1,18,焦婷,幼華學校財團法人,0540422,台北市北投區北投路2段55號,為創辦及提供幼華學校財團法人臺北市幼華高級中等學校所需一切設備、經費及謀其發展。,設立基金新臺幣肆佰壹拾柒萬參仟伍佰零陸元，由臺北市第十信用合作社捐助；嗣後並得繼續接受國內外之個人、法人或團體之捐贈。,台灣省政府教育廳54.3.4教三字第47782號函,永久,988191180.00,1,1150525,,1150602,,,,,,
115法登他000238,1,2,林郁菁,122,1150525,1150525,1150527,6冊23頁,2,18,林國榮,財團法人台北市基督教改革宗長老會東光教會,0810121,台北市內湖區康樂街136巷18弄27號2樓,"本  基督耶穌之精神，在臺北市內傳揚基督教義，辦理社會公益慈善教育事業。","本教會所屬財產為受捐助之不動產，原始捐助金額新台幣62萬2,885元。",台北市政府民政局80年11月14日北市民三字第21766號函,永久,2967290.00,1,1150526,,1150604,,全體董事簽名暨印鑑式。,,,,
115法登他000239,2,2,林郁菁,1842,1150525,1150525,1150527,92冊16頁,2,3,周嬥臻,社團法人中華民國基督教153豐收協會,1070321,台北市內湖區環山路1段82號3樓,以耶穌基督的大愛為教義。分享基督徒的資源、關懷、禱告、交誼、行動、愛與信仰為宗旨。,入會費、常年會費、事業費、會員捐款、委託收益、基金及其孳息、其他收入,內政部中華民國107年2月1日台內團字第1060092799號函,永久,10000.00,1,1150526,,1150604,,全體理、監事印鑑式。,,,,
115法登他000240,1,2,林郁菁,227,1150525,1150525,1150527,11冊33頁,1,11,許慧明,財團法人淡水文化基金會,0840328,新北市淡水區鼻頭街22號,以促進淡水藝文發展，建設淡水文化城市為宗旨。,設立基金新台幣陸佰萬元正，由捐助人陳俊哲等254人共同捐助。俟依法完成法人登記後，得繼續接受捐助,"台北縣政府84.3.13   84北府教三字第84891號函",永久,7000000.00,1,1150526,,1150604,,法人捐助章程第8條、第12條及第18條條文變更、增訂第10條之1並經主管機關新北市政府文化局中華民國115年2月11日新北文發字第1150293067號函核准變更及本院115年度法字第12號民事裁定確定准予變更，變更內容詳如捐助章程修正條文對照表。,,,,
115法登他000241,1,2,林郁菁,490098,1150526,1150603,1150608,1冊45頁,1,20,鍾主亮,台灣基督長老教會淡江學校財團法人,0490430,新北市淡水區真理街26號,為達成創辦人所秉持基督教「聖經」所說「教導孩童，使他走當行的道，就是到老也不偏離」的信念，以培養健全人格、服務人群、榮神益人的公民為目的，設立台灣基督長老教會淡江學校財團法人，辦理台灣基督長老教會淡江學校財團法人新北市私立淡江高級中學暨附設國民中學部、國民小學部、私立純德幼兒園。,設立財產總額為新台幣柒拾陸萬貳仟壹佰捌拾玖元正，由加拿大基督教長老教會、熱心信徒及有志奉獻。嗣後並得繼續接受國內外之個人、法人或教會團體之捐贈。,台灣省政府教育廳47.11.18教二字第63446號函,永久,741457304.00,1,1150604,,1150615,,法人捐助章程第6條、第7條、第9條、第10條、第11條、第20條、第21條、第32條及第34條條文變更並經主管機關新北市政府中華民國114年7月7日新北府教技字第1141299638號函准予變更及本院115年度法字第1號民事裁定確定准予變更，變更內容詳如捐助章程修正對照表。,,,,
115法登他000242,2,2,林郁菁,2028,1150527,1150527,1150529,102冊2頁,1,2,莊嘉琳,社團法人中華樂河全人關懷協會,1081225,臺北市內湖區民權東路6段296巷66號地下1層,以愛心積極投入於全人、家庭、社區、校園、職場關懷，深入社會，關懷生命，提供生活、品格、知識、才藝等資源，策畫公益活動，整合社會資源，竭力促進個人及家庭的成長，以造福人群、促進健康的社會為宗旨,入會費、常年會費、事業費、會員捐款、委託收益、基金及其孳息、其他收入,內政部中華民國108年10月4日台內團字第1080063340號函,永久,10000.00,1,1150528,,1150608,,繼任監事、常務監事印鑑式。,,,,
115法登他000243,2,2,林郁菁,2592,1150527,1150527,1150529,130冊2頁,1,1,趙忠傑,社團法人台灣波蘭商業協會,1131218,台北市內湖區瑞光路302號5樓之3室,以促進台灣和波蘭之間的商業合作和交流為宗旨。,入會費、常年會費、事業費、會員捐款、委託收益、基金及其孳息、其他收入,內政部中華民國113年11月26日台內團字第1130287321號函,永久,5000.00,1,1150528,,1150608,,繼任理事、常務理事、監事印鑑式。,,,,
115法登他000244,1,2,林郁菁,550264,1150527,1150527,1150529,2冊21頁,2,10,秦德萍,財團法人新北市基督教偕叡廉紀念教會,0550426,新北市三芝區淡金路1段14號,以宣揚耶穌基督之福音、扶助社會教育、促進學生、老人及身心障礙者之福利為宗旨。,捐助,"台北縣政府 中華民國五十四年一月 (54)北縣民(一)字第二十號",永久,74952.90,1,1150528,,1150608,,全體董事簽名暨印鑑式。,,,,
115法登他000245,2,2,林郁菁,1171,1150527,1150527,1150529,59冊5頁,2,5,葉雲駿,社團法人中華講修佛學會,0990507,台北市內湖區康寧路1段4號2樓,以闡揚金剛乘佛教為宗旨。以講修佛教之教証為目的。「講」：講授十二部經教法；「修」：修習戒、定、慧三學証法。推動以佛教教法為主之宗教教育，教化人心，以期進詣真善美生活境界。,入會費、常年會費、事業費、會員捐款、委託收益、基金及其孳息、其他收入,內政部中華民國99年1月12日台內社字第0990009031號函,永久,101200.00,1,1150528,,1150608,,全體理、監事印鑑式。,,,,
115法登他000246,2,2,林郁菁,824,1150528,1150528,1150529,41冊18頁,1,11,史惟筑,社團法人台灣女性影像學會,0940309,台北市大同區興城街10巷16號3樓,以闡揚女性影像之創作、展覽、發行、教育等為宗旨。,入會費、常年會費、事業費、會員捐款、委託收益、基金及其孳息、其他收入,內政部中華民國93年5月28日台內社字第0930066872號函,永久,2586271.00,1,1150528,,1150608,,繼任理事、理事長印鑑式。,,,,
115法登他000247,1,2,林郁菁,2274,1150529,1150601,1150603,114冊4頁,2,10,施信民,財團法人守望文教基金會,0861203,新北市淡水區濱海路1段370號3樓,以推展社區居民重視及關心公共事務及提升社區整體生活品質之社會教育為宗旨。,本會設立基金共新臺幣二佰萬元整，由曹愛蘭捐助。俟本會依法完成財團法人登記後，得繼續接受捐贈。,台北縣政府86年11月25日北府教三字第445459號函,永久,2000000.00,1,1150602,,1150611,,全體董事印鑑式。,,,,
115法登他000248,1,2,林郁菁,83,1150529,1150601,1150601,4冊25頁,2,12,陳桂蓉,財團法人台北市妙德蘭若,0790404,台北市士林區仰德大道2段41巷24號,宣揚佛教教義，發揮宗教仁愛精神及辦理社會公益慈善事業。,由陳桂蓉捐助成立，捐助房屋壹棟折值新臺幣貳拾貳萬零柒佰元整；嗣後得繼續接受捐助,台北市政府民政局79.1.3北市民三字第21382號函,永久,58896840.00,1,1150601,,1150609,,全體董事印鑑式。,,,,
115法登他000249,3,2,林郁菁,2740,1150602,1150602,1150603,134冊20頁,1,3,召集人,人民民主黨,1081127,台北市士林區芝玉路1段62巷26號,人民民主黨基於人民民主及公平正義理念，以結合廣大民眾為方法，推動台灣社會政治基進改革，達成人民當家作主之目標。,黨費、政治獻金、補助金、及其他依政黨法規定所得之收入等,內政部中華民國100年10月18日台內民字第1000204563號函,永久,20000.00,1,1150603,,1150611,,黨章第11條條文變更並經主管機關內政部中華民國115年4月2日台內民字第1150013306號函予以備案。,,,,
115法登他000250,1,2,林郁菁,489,1150602,1150603,1150608,24冊55頁,1,12,潘志勤,財團法人國防醫學大學校友文教基金會,0800420,臺北市內湖區民權東路6段161號,以發展醫學學術，振興醫學倫理，推展各項文教及促進母校國防醫學大學發展為宗旨。,設立基金新台幣柒百萬元整，由熱心校友捐助，俟依法完成財團法人登記後，得繼續接受捐贈。,教育部八十年二月十二日　台(80)社字第○七四三三號函,永久,17300000.00,1,1150604,,1150615,,"法人捐助章程第1條、第2條及第13條條文變更並經主管機關教育部中華民國115年3月18日臺教社(三)字第1150015896號函許可變更。
新法人圖記。",,,,
115法登他000251,1,2,林郁菁,263,1150603,1150603,1150608,13冊25頁,2,10,許安滿,財團法人台北市基督教士林浸信會,0850111,台北市士林區中山北路5段751巷9號1樓,本基督仁愛精神，傳揚基督教教義，辦理社會公益慈善教育事業。,設立基金新台幣玖拾柒萬玖仟陸佰元整，依法完成法人登記後，得繼續接受國內外個人或團體之奉獻及捐贈,台北市政府民政局84.12.14(84)北市民3字第34341號函,永久,16300200.00,1,1150604,,1150615,,全體董事印鑑式。,,,,
115法登他000252,1,2,林郁菁,1277,1150603,1150603,1150608,64冊11頁,2,18,程文晋,財團法人程欲明張非武學術基金會,0710421,台北市南港區南港路2段99-16號,以獎勵品學兼優努力向上清寒大專青年學生完成學業為宗旨。,設立基金共新台幣貳佰萬元整，由程欲明先生家屬〈即創辦人〉、親友及社會各界及其他符合設立宗旨之相關公益性教育事務之捐助暨捐贈、政府補助。俟依法完成財團法人登記後，得繼續接受捐贈。,"教育部71年3月6日  台(71)高字第06852號函",永久,38125157.00,1,1150604,,1150615,,全體董事印鑑式。,,,,
115法登他000253,2,2,林郁菁,556,1150603,1150603,1150608,28冊16頁,2,15,洪文隆,社團法人台北市脊髓損傷者協會,0850419,臺北市大同區重慶北路3段293-3號1樓,以結合群力，協助脊髓損傷者自立、自強重新適應社會生活為宗旨。,入會費、常年會費、基金及其孳息、會員捐款、補助款、其他收入,台北市政府社會局84年2月26日北市社一字第22664號函,永久,62873.00,1,1150604,,1150615,,全體理、監事印鑑式。,,,,
115法登他000254,1,2,林郁菁,154,1150604,1150608,1150610,8冊7頁,1,10,張汝恬,財團法人台北市國際社區服務文教基金會,0820401,台北市士林區中山北路6段238號6樓,為在中華民國之僑外公司、機構及個人，設計及提供教育性、啟發性及充實文化性之資料、活動及課程。,設立基金共新台幣伍佰萬元整(現金)，由財團法人基督復臨安息日會台灣區會捐助。俟依法完成財團法人登記後，得繼續接受捐助。,台北市政府教育局82.2.13,永久,6882314.00,1,1150609,,1150618,,法人捐助章程第4條及第16條條文變更並經主管機關臺北市政府教育局中華民國115年5月4日北市教終字第1153006623號函核准變更。,,,,
115法登他000255,1,2,林郁菁,908,1150604,1150608,1150610,46冊2頁,1,6,張佩芬,財團法人台北市崇越永然基金會,0950518,台北市內湖區洲子街176號3樓,以結合產業、民間企業及國內外學術機構之人力與財力，致力於促進台北市產業科技發展，提升經營管理實力，推動企業國際化；並以秉持關懷及扶持精神，推動有關社會公益事業為宗旨。,崇越科技(股)有限公司、崇越石英製造廠(股)有限公司、崇越電通(股)有限公司、崇皓貿易(股)有限公司、郭智輝、張邱桂玉、王純健、邱泰盛、張侑紘等共同捐助,臺北市政府建設局中華民國95年4月28日北市建一字第09434544700號函,永久,17000000.00,1,1150609,,1150618,,法人捐助章程第2條、第3條、第4條及第21條條文變更並經主管機關臺北市政府產業發展局中華民國115年4月2日北市產業工字第1153002649號函同意變更。,,,,
115法登他000256,1,2,林郁菁,1615,1150604,1150608,1150610,81冊9頁,2,4,李崗,財團法人影想文化藝術基金會,1040622,台北市內湖區成功路2段8號2樓,以推動華人歷史文化，結合學術、紀錄片、電影三界優質人才，於全球化中豐富台灣文化創意產業內容，推廣藝術展演及文化教育為宗旨。,設立基金共新臺幣伍佰萬元整，由李崗及鄭瑛彬捐助；俟依法完成法人登記後，得繼續接受捐贈,臺北市政府文化局中華民國104年6月16日北市文化文創字第10431568700號函,永久,5000000.00,1,1150609,,1150618,,全體董事印鑑式。,,,,
115法登他000257,1,2,林郁菁,1351,1150605,1150608,1150610,68冊5頁,1,4,吳亦圭,財團法人台聚教育基金會,1010409,台北市內湖區基湖路37號12樓,以從事公益性教育事業為宗旨,設立基金共新台幣伍仟萬元整，由台灣聚合化學品股份有限公司捐助參仟萬元，亞洲聚合股份有限公司捐助貳仟萬元；俟完成法人登記後，得繼續接受捐贈,教育部中華民國101年3月9日臺社(四)字第1010038396號函,永久,50000000.00,1,1150609,,1150618,,繼任董事印鑑式。,,,,
115法登他000258,2,2,林郁菁,2357,1150605,1150609,1150612,118冊7頁,2,4,盧瑩僡,社團法人中華萌愛關懷協會,1110902,台北市大同區承德路3段60號Ｂ1,針對本會所在之社區族群的孩子，提供課業陪讀及品格教育的培養且協助弱勢與單親家庭的孩童，提高學習能力。,入會費、常年會費、事業費、會員捐款、委託收益、基金及其孳息、其他收入。,內政部中華民國103年1月16日台內團字第1030066441號函,永久,0.00,1,1150610,,1150622,,全體理、監事印鑑式。,,,,
115法登他000259,1,2,林郁菁,1419,1150605,1150608,1150610,71冊13頁,1,3,吳美玲,財團法人軟木塞文化藝術基金會,1020311,台北市士林區忠誠路1段138號,以提昇文化生活品質、健全藝術發展環境為宗旨。,設立基金共新臺幣伍佰萬元整，由陳春安捐助；俟依法完成法人登記後，得繼續接受捐贈,臺北市政府文化局中華民國102年2月23日北市文化一字第10230896300號函,永久,5000000.00,1,1150609,,1150618,,"繼任董事長印鑑式。
第3屆董事倪紀雄印鑑變更。",,,,
115法登他000260,1,2,林郁菁,1379,1150605,1150609,1150612,69冊13頁,2,5,黃河清,財團法人海洋永續文化環保基金會,0991215,台北市大同區民生西路288號7樓,以協助臺灣海洋永續文化、經濟及環境保護之資源保存、研究與發展工作，促進上開海洋相關之國際交流，以闡揚海洋可持續發展價值之功能為目的。,設立基金共新台幣伍佰萬元整，由薛淑惠、陳慶男、李文宏、王素敏、黃朝強等5人共同捐助，俟完成法人登記後，得繼續接受國內外個人或團體之捐贈,行政院環境保護署中華民國99年11月5日環署綜字第0990100312號函,永久,5000000.00,1,1150610,,1150622,,全體董事、監察人印鑑式。,,,,
115法登他000261,2,2,林郁菁,2741,1150611,1150612,1150615,135冊1頁,1,2,李玉嬋,社團法人臺灣醫療健康諮商心理學會,1091207,臺北市北投區明德路365號樂育樓3樓307室,以促進醫療健康諮商心理專業發展，增進國人心理健康照護品質為宗旨。,入會費、常年會費、事業費、會員捐款、委託收益、基金及其孳息、其他收入,內政部中華民國109年10月13日台內團字第1090282324號函,永久,0.00,1,1150615,,1150623,,繼任監事印鑑式。,,,,
115法登他000262,2,2,林郁菁,2742,1150611,1150612,1150615,135冊2頁,1,1,李玉嬋,社團法人台灣圓融幸福促進協會,1110913,臺北市北投區明德路365號樂育樓I307室,以促進個人、家庭、社會的圓融幸福共好為宗旨，推廣人人都是幸福人的幸福經濟價值與行動，讓人從心找回幸福日常。並培訓人人成為幸福規劃師，能透過「助人常樂、知足常樂、自得其樂」的幸福心理學，養心掌握幸福人的修鍊心態，行動打造幸福力的共享經濟型態，利他之愛終結孤獨，共創圓融幸福共好的社會生態。,入會費、常年會費、事業費、會員捐款、委託收益、基金及其孳息、其他收入,內政部中華民國111年8月24日台內團字第1110042086號函,永久,0.00,1,1150615,,1150623,,"繼任理事、常務理事、監事、常務監事印鑑式。
第1屆理事長李玉嬋印鑑變更。
法人章程第7條條文變更並經主管機關內政部中華民國115年1月14日台內團字第1140288368號函予以備查。",,,,
115法登他000263,1,2,林郁菁,227,1150611,1150611,1150612,11冊33頁,1,11,許慧明,財團法人淡水文化基金會,0840328,新北市淡水區鼻頭街22號,以促進淡水藝文發展，建設淡水文化城市為宗旨。,設立基金新台幣陸佰萬元正，由捐助人陳俊哲等254人共同捐助。俟依法完成法人登記後，得繼續接受捐助,"台北縣政府84.3.13   84北府教三字第84891號函",永久,7000000.00,1,1150611,,1150622,,繼任董事印鑑式。,,,,
115法登他000264,1,2,林郁菁,1442,1150611,1150611,1150612,72冊16頁,2,9,胡秋江,財團法人台北市陽昇教育基金會,0910321,臺北市南港區重陽路457號3樓,以揚昇終身教育、邁向學習型社會為宗旨。,設立基金共新台幣伍佰萬元整，由威記投資股份有限公司捐助；俟依法完成法人登記後，得繼續接受捐贈,臺北市政府教育局中華民國91年3月1日北市教六字第09131465500號函,永久,5000000.00,1,1150611,,1150622,,全體董事簽名暨印鑑式。,,,,
115法登他000265,1,2,林郁菁,1550,1150611,1150611,1150612,78冊4頁,2,3,王伯昌,財團法人清泉教育基金會,1031013,新北市汐止區瑞松街197巷8號,以推廣科學教育、民俗教育、親子教育及音樂教育相關活動為宗旨。,本會設立基金共新臺幣500萬元整（現金500萬元），由王陳明珠捐助。俟本會依法完成財團法人登記後，得繼續接受捐贈。,新北市政府教育局中華民國103年9月22日北教社字第1031784966號函,永久,5000000.00,1,1150611,,1150622,,全體董事印鑑式。,,,,
115法登他000266,1,2,林郁菁,723,1150611,1150611,1150612,36冊49頁,2,10,胡世賢,財團法人天下為公社會福利慈善事業基金會,0861111,新北市汐止區大同路3段423號,以舉辦或捐助（贈）社會福利慈善事業為目的。,設立基金新台幣參仟萬元整，由胡世賢等25人共同捐助；嗣後得由捐助人或其他個人、團體繼續捐贈補充之,內政部86年9月8日　台（86）內社字第8685198號函,永久,30000000.00,1,1150611,,1150622,,全體董事印鑑式。,,,,
115法登他000267,2,2,林郁菁,2320,1150611,1150611,1150612,116冊10頁,1,1,白青蓉,社團法人慈愛生命照護協會,1110412,新北市八里區中山路1段370號4樓,對於需要金錢援助弱勢民眾與家庭之協助與照顧，並以研究動物問題與措施，發動社會力量從事保護動物為宗旨。,入會費、常年會費、事業費、會員捐款、委託收益、基金及其孳息、其他收入,內政部中華民國111年3月18日台內團字第1110011162號函,永久,0.00,1,1150611,,1150622,,繼任理事、監事、理事長印鑑式。,,,,
115法登他000268,2,2,林郁菁,1709,1150612,1150612,1150615,86冊3頁,1,2,楊雅玲,社團法人中華機動車輛進出口商協會,1050930,台北市北投區中央南路2段125號,結合汽車、機車進出口商及個人有志於從事汽車、機車進出口相關業務者，協助了解各國法令的差異、繁榮國內市場，並因應國內政府各主管單位對汽車、機車各項安全及環保法規的規範，協助同業或個人相關檢測事項之辦理，聯繫同業情誼、互助互勵、促進團結和諧及服務會員。,入會費、常年會費、事業費、會員捐款、委託收益、基金及其孳息、其他收入,內政部中華民國105年9月10日台內團字第1050063290號函,永久,98150.00,1,1150615,,1150623,,繼任理事、理事長印鑑式。,,,,
115法登他000269,1,2,林郁菁,490108,1150612,1150617,1150622,1冊47頁,2,7,王承前,財團法人天主教遣使會,0490802,台北市士林區德行東路202號4樓,一、供應遣使會及協助當地主教為舉行天主教儀式及宣揚天主教教義所需之一切設備及經費。二、供應及維持遣使會現在及將來承辦之慈善、教育、醫務、社會福利各事業，並培育會士及教友為從事各事業所需之專業能力。三、協助遣使會在全球之遣使會會士從事傳教及社會慈善、教育、醫務、社會福利各事業。四、供應遣使會為宣揚會祖及修會精神和天主教教義辦理之傳播、文化、出版事業所需一切設備及經費。五、使年邁或有疾病之會士得獲照顧贍養及臨終喪葬等安排。六、贊助、關懷、慰問國內外重大災害及急難救助。,設立基金新台幣柒拾壹萬壹仟伍佰貳拾陸元整，由天主教遣使總會捐助；嗣後得繼續接受其他個人或團體繼續捐贈,臺灣省政府中華民國49.7.8.府民一字第49779號函,永久,724340961.00,1,1150617,,1150630,,全體董事簽名暨印鑑式。,,,,
115法登他000270,1,2,林郁菁,810,1150615,1150617,1150622,41冊4頁,2,8,郭尚仁,財團法人臺北市玄宗教育基金會,0940523,臺北市北投區大度路3段187號13樓之2,以鼓勵青年學生克服困境，發揮愛心，奮發向學，修己善群，做個堂堂正正的好國民為目的。,"設立基金共新臺幣17,459,300元整(包括現金5,000,000元及非現金資產土地5,659,300元、建築物6,800,000元)，由玄宗和尚尼遺產繼承代表人郭水恩及郭水金、郭月明等人捐助。俟依法完成財團法人登記後，得繼續接受捐贈。",臺北市政府教育局中華民國94年5月3日北市教社字第09433190900號函,永久,17831816.00,1,1150617,,1150630,,全體董事簽名暨印鑑式。,,,,
115法登他000271,1,2,林郁菁,410019,1150615,1150622,1150624,1冊11頁,1,22,陳春銅,財團法人陳德星堂,0411001,台北市寧夏路27號,以闡揚祖德，敦睦宗誼，增進族親團結互助精神，以圖造福於社會為目的。,捐助,台北市政府41年8月6日(41)北市民社字第28501號函,永久,193445874.00,1,1150623,,1150702,,法人捐助暨組織章程第14條條文變更並經主管機關臺北市政府民政局中華民國115年1月26日北市民宗字第1156000201號函同意變更及本院115年度法字第7號民事裁定確定准予變更，變更內容詳如捐助暨組織章程修正條文前後對照表。,,,,
115法登他000272,2,3,林郁菁,2450,1150615,1150624,1150629,122冊20頁,1,1,張永燦,張永燦即社團法人臺北市花菓山發展協會之清算人,1120913,台北市士林區後港街134巷38號1樓,以提升銀髮居民健康知識、發展、研究與教育培訓為目標，強化銀髮族工作者專業與保障。並整合國內資源，為銀髮族的健康教育及健康管理注入新活力。藉由辦理國際交流，以發展銀髮族工作者之建業，典範之樹立貧窮居民生命財產之急難救助為宗旨。,入會費、常年會費、會員捐款、委託收益、基金及其孳息、其他收入,臺北市政府社會局中華民國112年7月31日北市社團字第1123107206號函,永久,200000.00,1,1150625,,,張永燦,"解散登記之原因、可決之程序與日期：於114年10月17日經第1屆第2次會員大會決議解散並選任清算人為張永燦，並報請主管機關臺北市政府社會局以中華民國114年10月29日北市社團字第1143143803號函予以備查及本院民事庭114年12月9日以士院鳴民日114年度法字第53號函准予備查在案。
清算人姓名及地址：張永燦、台北市士林區後港街161號10樓。
清算人印鑑式。",,,,
115法登他000273,1,2,林郁菁,46,1150615,1150617,1150622,2冊33頁,2,14,陳德瑋,財團法人台北市中華唇顎裂兒童基金會,0770421,台北市北投區湖山路1段12號,以辦理清寒家庭之唇顎裂兒童及本會曾服務過之十四歲以上案童醫療費用補助及復健服務和辦理學齡及學齡前（０－１２歲）之托育服務為目的。,基金總額新台幣伍佰伍拾萬元，土地一筆由捐助人無償捐助之；嗣後得由捐助人隨時補充之,台北市政府社會局77.3.31北市社四字第10647號,永久,5500000.00,1,1150617,,1150630,,"全體董事印鑑式。
法人捐助章程第4條條文變更並經主管機關臺北市政府社會局115年3月19日北市社團字第1153016277號函許可變更。",,,,
115法登他000274,1,2,林郁菁,484,1150616,1150622,1150624,24冊37頁,1,12,鄭梵銓,財團法人台北市永春文教基金會,0780427,台北市大同區長安西路106號5樓之2,以推動一切有關促進學習障礙學生福祉暨相關學術研究為目的,設立基金共新臺幣壹佰萬元整，由鄭信雄捐助。俟依法完成財團法人登記後，得繼續接受由各董事陸續認捐或酌情接受社會熱心人士樂捐。,"台北市政府教育局78年1月30日 北市教四字第2350號",永久,1000000.00,1,1150623,,1150702,,,,,,
115法登他000277,1,2,林郁菁,2744,1150618,1150622,1150624,135冊4頁,2,11,田方倫,財團法人和諧孝悌文教基金會,0770307,新北市淡水區北新路184巷35號4樓之2,以倡行孝悌宏揚倫理道德為目的。,由林四村等捐助,台北市政府教育局七十七年二月十三日　北市教四字第六三五０號函,永久,10000000.00,1,1150623,,1150702,,"全體董事印鑑式。
法人捐助章程第4條及第7條條文變更並經主管機關教育部中華民國115年2月23日臺教社(三)字第1140139196號函許可變更及臺灣臺北地方法院115年度法字第37號民事裁定確定准予變更，變更內容詳如捐助章程新舊條文對照表。",,,,
115法登他000278,2,2,林郁菁,2573,1150618,1150622,1150624,129冊3頁,1,1,何澄輝,社團法人台北開開門協會,1131028,台北市內湖區內湖路3段66號,以促進社會交流，提高公共議題參與，且致力於讓台北成為一個宜居的都市，使充滿理想的年輕家庭能夠實現夢想、安居樂業為宗旨。,入會費、常年會費、會員捐款、委託收益、基金及其孳息、其他收入,臺北市政府社會局中華民國113年9月25日北市社團字第1133110659號函,永久,0.00,1,1150623,,1150702,,繼任理事簽名式。,,,,
115法登他000279,1,2,林郁菁,2535,1150618,1150622,1150624,127冊5頁,1,7,張滄郎,財團法人台肥基金會,0961030,台北市南港區經貿一路170號17樓,本會以照顧農民及弱勢族群，並善盡企業社會責任為設立目的。,由台灣肥料股份有限公司捐助,行政院農業委員會中華民國96年9月29日農糧字第0960150518號函,永久,30000000.00,1,1150623,,1150702,,繼任董事印鑑式。,,,,
115法登他000280,2,2,林郁菁,1986,1150625,1150625,1150629,99冊20頁,2,3,張文俊,社團法人新北市淡水玄真帝爺公協會,1080815,新北市淡水區北新路1段142號,以發展北極玄天上帝濟世渡人之傳統文化，藉由宗教信仰的力量，弘揚教化、端正禮俗，舉辦慈善活動造福社會弱勢人群為宗旨，且透過宗教活動交流，興辦各項建設，維護發展玄天上帝濟世慈悲精神。,入會費、常年會費、會員捐款、其他收入,新北市政府中華民國108年5月20日新北府社團字第1080804988號函,永久,1000.00,1,1150626,,1150707,,全體理、監事印鑑式。,,,,
115法登他000281,1,2,林郁菁,463,1150625,1150625,1150629,23冊37頁,2,7,楊明煌,財團法人台北市楊豐隆宗祠,0890209,台北市北投區西安街1段165巷8弄6號4樓,發揚先太祖楊豐隆公樂善好施之精神，使本族後代子孫，承先啟後，追思先人德澤，及辦理社會公益慈善事業。,設立基金由楊福亮、楊健福、楊信道、楊志雄、楊根火、楊清揚、楊國昌等捐助；嗣後得接受會員或其他單位之捐助,台北市政府民政局　88年12月31日　北市民三字第8823935900號函,永久,18838760.00,1,1150626,,1150707,,全體董、監事印鑑式。,,,,
115法登他000282,2,2,林郁菁,1251,1150625,1150625,1150629,63冊5頁,2,6,黃芬宜,社團法人台灣愛喜樂關懷協會,1000415,台北市北投區明德路161號1樓,發揮基督愛人的精神，及「施比受更為有福」的理念，參與及服務社會；並鼓勵大家珍惜生命，常常喜樂，凡事謝恩，活出正面積極的人生觀。,入會費、常年會費、事業費、捐款、委託收益、基金及其孳息、其他收入,內政部中華民國99年2月24日台內社字第0990038064號函,永久,42237.00,1,1150626,,1150707,,全體理、監事印鑑式。,,,,
115法登他000283,2,2,林郁菁,2294,1150625,1150625,1150629,115冊4頁,2,3,李佳玲,社團法人臺北市最美河川文化推廣協會,1110124,臺北市北投區育仁路16號3樓,以推動城市鄰里愛護河川及水岸環境、實現最美河川之文化為宗旨。,志工會員會費、會員會費、專案贊助、會員及非會員捐款、委託收益、其他收入,臺北市政府社會局中華民國111年1月4日北市社團字第1103191563號函,永久,0.00,1,1150626,,1150707,,全體理、監事印鑑式。,,,,
115法登他000284,1,2,林郁菁,510179,1150629,1150629,1150701,1冊81頁,1,29,唐松章,財團法人東吳大學,0511110,台北市士林區臨溪路70號,辦理東吳大學並謀其發展為目的。,設立基金總額為新台幣壹仟肆佰柒拾陸萬玖仟肆佰陸拾貳元伍角伍分，由董事會籌募及美國基督教衛理公會贊助,教育部44.11.11台(44)高字第15209號函,永久,7300533932.00,1,1150630,,1150709,,法人捐助章程第12條條文變更並經主管機關教育部中華民國114年12月15日臺教高(三)字第1140125729號函核定變更及本院115年度法字第4號民事裁定確定准予變更，變更內容詳如捐助章程修正條文對照表。,,,,
115法登他000285,2,2,林郁菁,1753,1150629,1150629,1150701,88冊7頁,2,3,楊武男,社團法人台灣陽光關懷協會,1060503,台北市內湖區港墘路189號10樓,關懷與協助弱勢族群之工作及生活問題、輔導中輟生之學業及生活問題、協助政府推動反菸反毒，及接受政府委託之上述各項合作計畫及其他上述各項未竟事宜之社會關懷與推廣工作。,會員入會費、會員常年會費、委託收益、會員捐款、基金及其孳息、其他收入,內政部中華民國106年4月12日台內團字第1060026993號函,永久,50000.00,1,1150630,,1150709,,"全體理、監事印鑑式。
法人章程第15條、第17條、第19條、第26條及第28條條文變更並經主管機關內政部中華民國114年6月20日台內團字第1140015674號函予以備查。",,,,
115法登他000286,2,2,林郁菁,805,1150629,1150629,1150701,40冊19頁,2,8,林修玄,社團法人中華民國癌友新生命協會,0940426,新北市汐止區康寧街161號6樓,一、以關懷、協助癌症病友達到健康、輕鬆、喜悅、自在的人生為目的。二、推廣健康飲食，提供有機飲食系列教育活動及場地，幫助癌友以達到防癌、抗癌為目的。三、推廣在地化、多元服務，陪伴老人，分擔家庭照顧負荷，讓家人有喘息的機會。四、推廣生命教育，培養健康人生觀，減低生活壓力、預防疾病的產生。五、舉辦系列培訓課程，提升服務品質。,入會費、常年會費、事業費、會員捐款、委託收益、基金及其孳息、其他收入,"內政部  中華民國91年1月22日  台內社字第0910003711號函",永久,100000.00,1,1150630,,1150709,,全體理、監事印鑑式。,,,,
115法登他000287,2,2,林郁菁,1033,1150629,1150629,1150701,52冊7頁,2,7,李怡瑱,社團法人臺北市基督教大內之光協會,0970613,臺北市內湖區康寧路1段128號,基於耶穌基督信仰設置基督國度工人培訓中心，以「五重職份的成全、團隊牧養的分工、信徒裝備的建立、完成大使命的榮耀」，聯結臺北市大直內湖地區教會，服務社區，宣揚基督福音，訓練信徒宣教全世界為宗旨。,入會費、常年會費、會員捐款、委託收益、基金及其孳息、其他收入,臺北市政府社會局中華民國97年2月26日北市社團字第09731726000號函,永久,112339486.00,1,1150630,,1150709,,全體理、監事印鑑式。,,,,
115法登他000288,2,2,林郁菁,367,1150630,1150630,1150701,18冊33頁,2,13,陳靖中,社團法人台北市教保人員協會,0870403,台北市大同區民權西路146號13樓之2,結合從事嬰幼兒教保相關工作人員，基於互助合作之精神，發揮團體力量，以提昇教保人員的專業素養，保障兒童、家長與教保/托育人員/保母三方面的權益福祉，整合社會資源，推廣兒童福利與親職教育，並以改善托育服務及教保品質為宗旨。,入會費、常年會費、會員捐款、委託收益、基金及其孳息、其他收入,台北市政府社會局⒓⒓北市社一字第8626580400號,永久,79600.00,1,1150630,,1150709,,"全體理、監事印鑑式。
法人章程第25條條文變更並經主管機關臺北市政府社會局中華民國113年2月5日北市社團字第1133030612號函予以核備。",,,,
115法登他000289,2,2,林郁菁,1464,1150630,1150630,1150701,73冊18頁,2,4,陳宜鋒,社團法人台北市愛生關懷協會,1020923,台北市內湖區內湖路1段308號13樓,以愛惜尊重生命，關懷人倫互動聯誼為宗旨。,入會費、常年會費、會員捐款、委託收益、基金及其孳息、其他收入,臺北市政府社會局中華民國102年3月20日北市社團字第10233901500號函,永久,30000.00,1,1150630,,1150709,,全體理、監事印鑑式。,,,,
115法登他000290,1,2,林郁菁,2289,1150630,1150630,1150701,114冊19頁,2,7,蘇献淳,財團法人新北市兆洋教育基金會,0940408,新北市汐止區新台五路1段77號3樓之4,本會以「基於健康促進之精神，鼓勵及培養國內外優秀學者，促進基礎醫學研究成果之普及化」為宗旨。,由蔡陳藹玲女士捐助,臺北縣政府中華民國94年3月24日北府教社字第0940129268號函,永久,10000000.00,1,1150701,,1150709,,"全體董事、監察人印鑑式。
法人捐助章程第1條、第3條及第18條條文變更並經主管機關新北市政府教育局中華民國115年3月3日新北教社字第1150212865號函同意變更。
新法人圖記。",,,,
115法登他000291,1,2,林郁菁,2662,1150702,1150702,1150706,131冊2頁,1,1,李尚芸,財團法人臺北市晴天關懷基金會,1140815,臺北市大同區民生西路423巷27弄7號1樓,以辦理臺北市社會福利為目的。,由李開勳捐助,臺北市政府社會局中華民國114年6月11日北市社團字第1143080476號函,永久,104200000.00,1,1150703,,1150714,,,,,,
115法登他000292,2,2,林郁菁,1824,1150702,1150702,1150706,91冊18頁,2,3,郭美玲,社團法人台北市士林全人關懷協會,1070109,台北市士林區中正路335巷9號,以基督耶穌愛的信仰，落實「愛鄰舍」之教導，透過關懷陪伴達到全人關懷為宗旨。,入會費、常年會費、捐助收入、委託收益、辦理社會福利服務活動之收入、基金及其孳息、其他收入,臺北市政府社會局中華民國106年12月28日北市社團字第10649195800號函,永久,12400.00,1,1150703,,1150714,,全體理、監事印鑑式。,,,,
115法登他000293,1,2,林郁菁,1725,1150703,1150706,1150708,86冊19頁,2,8,潘慧玲,財團法人人格建構工程學研究基金會,0800606,台北市北投區明德路200號,以鼓勵從事人性病變與社會病變問題之研究，探討人類生命成長各階段所需良性環境，與不利環境因素的排除，並推動人格建構工程學之理論與實務研究，維護兒格童格等健全人格建構的良性發展環境，推展全人教育，促進社會健全發展，增進人類福祉與和平為宗旨。,設立基金共新臺幣一千萬元整，由李兆萱女士捐助；俟依法完成法人登記後，得繼續接受捐助,教育部中華民國84年4月16日台(80)社字第17564號函,永久,10000000.00,1,1150707,,1150716,,全體董事印鑑式。,,,,
115法登他000294,1,2,林郁菁,225,1150706,1150706,1150708,11冊29頁,2,11,王曼嬅,財團法人王榮圳文教基金會,0840227,台北市士林區中山北路5段455號5樓,為推廣文化教育，並提昇農業機械水準獎勵學術研究，增進國際學術交流。,設立基金共新台幣壹仟萬元整，由王榮圳先生等6人及榮祥投資股份有限公司、碩文股份有限公司等捐助；俟依法完成法人登記後，得繼續接受捐助,教育部84.2.8台(84)社字第5584號函,永久,21000000.00,1,1150707,,1150716,,全體董事印鑑式。,,,,
115法登他000295,2,2,林郁菁,2111,1150706,1150706,1150708,106冊5頁,1,4,楊宗仁,社團法人新北市仁慧社福協進會,1090807,新北市三芝區淡金路2段101號,提供專業知能與社會福利，協助弱勢家庭，提升生活品質與生命價值。,入會費、常年會費、事業費、會員捐款、委託收益、基金及其孳息、其他收入,新北市政府中華民國104年12月11日新北市社團字第1042276479號,永久,1505439.00,1,1150707,,1150716,,繼任理事印鑑式。,,,,
115法登他000296,1,2,林郁菁,797,1150706,1150706,1150708,40冊11頁,1,10,吳靜吉,財團法人樂家康文教基金會,0850207,臺北市北投區大業路136號5樓,以「提倡優良文化教育活動，協助文化教育工作，推動文化教育發展，推廣文化藝術，提升文化品質，促進社會和諧」為宗旨。,設立基金共新臺幣壹仟萬元整，由康達盛通生活事業股份有限公司捐助。完成法人登記後，得繼續接受捐助。,"教育部85年1月23日  台（85）社（四）字第85500926號函",永久,10000000.00,1,1150707,,1150716,,"法人捐助章程第1條、第3條及第15條條文變更並經主管機關文化部中華民國115年6月11日文綜字第1151013456號函許可變更。
新法人圖記。",,,,
115法登他000297,2,2,林郁菁,2748,1150706,1150706,1150708,135冊8頁,1,2,苗博雅,社團法人臺北市大同足球協會,1080523,台北市大同區民權西路136號13樓之5,以提倡全民體育，推行足球運動為宗旨,入會費、常年會費、會員捐款、委託收益、基金及其孳息、其他收入,臺北市政府社會局中華民國108年2月15日北市社團字第1083020283號函,永久,1000.00,1,1150707,,1150716,,,,,,
115法登他000298,1,2,林郁菁,348,1150706,1150708,1150713,17冊35頁,1,8,莊龍彥,財團法人台北市七星生態保育基金會,0861006,台北市北投區中央北路2段42巷17弄15號1樓,為辦理或協助關於台北市生態環境之研究、分析、試驗、調查、教育、改進、保育、經營管理，以維護生態環境品質，增進市民福祉與休憩生活而設立。,"設立原始基金為新台幣貳億元整，由台北市七星農田水利會無償捐助之。嗣後繼續募集或接受捐贈來源如下：
一、由台北市七星農田水利會編列預算捐助。
二、由政府預算捐助。
三、由社會各界捐助或捐贈。",台北市政府⒏⒎府建三字第8606229400號,永久,238791168.00,1,1150709,,1150720,,繼任常務監察人印鑑式。,,,,
115法登他000299,1,2,林郁菁,190,1150708,1150708,1150713,9冊39頁,1,10,郭石吉,財團法人台北市郭欽定文教基金會,0830312,台北市士林區文林路546號4樓,以兒童、青少年及親子為服務對象，以推廣文化、教育、公益為宗旨。,設立基金新台幣伍百萬元整(包括現金伍百萬元)，由郭施阿巧女士捐助，俟依法完成財團法人登記後，得繼續接受捐助。,台北市政府教育局83.2.23北市教四字第5993號函,永久,5035792.00,1,1150709,,1150720,,法人捐助章程第14條及第15條條文變更並經主管機關臺北市政府教育局中華民國115年4月7日北市教終字第1153004428號函核准變更及本院115年度法字第16號民事裁定確定准予變更，變更內容詳如捐助章程修正對照表。,,,,
115法登他000300,1,2,林郁菁,1202,1150708,1150708,1150713,60冊16頁,2,6,張敏君,財團法人慈德社會福利慈善基金會,0990824,台北市南港路1段209號A棟8樓,以辦理公益慈善、社會福利事業為目的。,由聯捷運輸股份有限公司及華合投資股份有限公司等，捐助現金新臺幣壹仟萬元為設立基金，詳如捐助人名冊及捐助財產清冊。嗣後並得繼續接受國內外自然人、法人、機構或團體之捐贈。,台北市政府社會局中華民國99年7月7日北市社團字第09939193900號,永久,45140140.00,1,1150709,,1150720,,全體董事印鑑式。,,,,
115法登他000301,2,2,林郁菁,2751,1150713,1150720,1150722,135冊11頁,2,2,高崎鈞,社團法人臺灣區塊鏈愛好者協會,1091012,臺北市南港區市民大道7段100號,以聚集對區塊鏈有熱忱人士，推廣臺灣區塊鏈產業發展為宗旨。,入會費、常年會費、事業費、會員捐款、委託收益、基金及其孳息、其他收入,內政部中華民國108年5月17日台內團字第1080030484號函,永久,30000.00,1,1150721,,1150730,,"全體理、監事簽名式。
法人章程第15條、第20條、第30條及第36條條文變更並經主管機關內政部中華民國113年3月21日台內團字第1130281295號函予以備查。",,,,
115法登他000302,1,2,林郁菁,94,1150713,1150713,1150715,5冊7頁,2,10,詹舜華,財團法人台北市佛教慈觀社會福利基金會,0800121,臺北市士林區中山北路7段190巷113之3號,以辦理台北市區社會貧苦救濟、急難救助等為目的,本會基金為新台幣壹仟萬元整，由捐助人周綉鶯、周調和、林熟、高雅花、徐月娥、謝雪娥、李寶玉無償捐助之。基金及財產除現金外，捐助人及其他個人、團體得隨時得以其他動產、不動產或有價證券得由補充之。,台北市政府社會局79.11.22(79)北市社二字第41105號函,永久,27335500.00,1,1150714,,1150723,,全體董事簽名暨印鑑式。,,,,
115法登他000303,1,2,林郁菁,640,1150713,1150713,1150715,32冊37頁,2,13,李銓,財團法人川康渝文教基金會,0770825,台北市士林區中山北路5段250號,以發展川康渝文化、教育事業為宗旨。,設立基金共新台幣壹佰伍拾萬元，由川康渝同鄉會捐助；嗣本會依法完成財團法人登記後，得接受捐助。,教育部中華民國77年8月5日台（）高36425號函,永久,1500000.00,1,1150714,,1150723,,全體董事印鑑式。,,,,
115法登他000304,2,2,林郁菁,1690,1150713,1150713,1150715,85冊4頁,2,8,吳金鳳,社團法人台灣原生植物保育協會,1050629,台北市士林區前港街80號2樓,以實際的行動參與台灣原生植物的保育工作，致力於教導民眾自然保育的觀念，防止自然原生環境盜採濫墾的發生。,入會費、常年會費、事業費、會員捐款、委託收益、基金及其孳息、其他收入,內政部中華民國94年2月18日台內社字第0940060406號函,永久,785.00,1,1150714,,1150723,,"全體理、監事印鑑式。
法人章程第4條及第7條條文變更並經主管機關內政部中華民國115年5月27日台內團字第1150011642號函予以備查。",,,,
115法登他000305,2,2,林郁菁,2397,1150713,1150713,1150715,120冊7頁,2,2,陳杰成,社團法人崇越運動訓練表現發展協會,1120131,台北市內湖區洲子街176號3樓,以倡導全民運動推廣、推展運動員訓練、推動周邊產業之發展，整合大健康資源及平台，藉以提升國內運動技術水準及實力，振興國內運動風氣為宗旨。,入會費、常年會費、事業費、會員捐款、委託收益、基金及其孳息、其他收入,內政部中華民國112年1月11日台內團字第1110062813號函,永久,0.00,1,1150714,,1150723,,全體理、監事印鑑式。,,,,
115法登他000306,1,2,林郁菁,2352,1150713,1150713,1150715,118冊2頁,1,2,李樂伯,財團法人普世愛心基金會,1110805,台北市北投區立功街165巷5號4樓之1,以辦理身心障礙者、獨居長者、弱勢兒童及少年、弱勢婦女···等社會福利事項為目的。,由普羅汽車股份有限公司等捐助新臺幣參仟貳佰萬元整為設立基金，詳如捐助人名冊及捐助財產清冊。嗣後並得繼續接受國內外之個人或團體之捐贈。,衛生福利部中華民國111年7月28日衛授家字第1110012293號函,永久,32000000.00,1,1150714,,1150723,,繼任董事印鑑式。,,,,
115法登他000307,1,2,林郁菁,660702,1150714,1150714,1150715,3冊59頁,1,15,吳韻樂,財團法人臺北市私立達人高級中學,0660215,台北市內湖區內湖路2段314號,為辦理學校，並謀其健全發展之目的，設立「財團法人臺北市私立達人高級中學」,由創辦人財團法人臺北市天主教耶穌孝女會捐助新臺幣捌仟貳佰壹拾伍萬參仟壹佰陸拾元整設立，嗣後並得繼續接受國內外之個人、法人或團體之捐贈,台北市政府教育局65年6月16日北市教輝字第17659號函,永久,1006977841.00,1,1150714,,1150723,,,,,,
115法登他000308,2,2,林郁菁,2679,1150714,1150714,1150715,131冊19頁,2,10,謝德錫,社團法人新北市淡水休閒農業協會,1141107,新北市淡水區中山北路1段212巷26號6樓,以促進大淡水地區農業知識經驗活化、生態保育、旅遊體驗，營造城鄉環境永續發展為宗旨。,入會費、常年會費、事業費、會員捐款、委託收益、基金及其孳息、捐款收入、其他收入,臺北縣政府中華民國95年11月22日北府社團字第0950797831號函,永久,174539.00,1,1150714,,1150723,,全體理、監事印鑑、簽名。,,,,
115法登他000309,2,2,林郁菁,754,1150714,1150714,1150717,38冊19頁,1,8,張家敏,社團法人中華希隱力健康生活協會,0930625,台北市大同區南京西路155巷11號,秉持以推廣全民身心健康為宗旨，致力於達成下列社會使命：一、倡議社會關懷，提升社會對身心障礙群族及其家庭的認識。二、提供社會支持，協助身心障礙族群家長提升自我復原能力。三、融入全人服務，透過專業整合提升身心障礙群族者的能力。四、鼓勵大愛服務，激發家長透過學習由求助者轉化成助人者。五、增進社會幸福力，此為創建社會共好循環的健康生活環境。六、提倡體育強身，強化社會大眾熱愛體育，健身強國的社會氛圍。,入會費、常年會費、事業費、會員捐款、委託收益、基金及其孳息、其他收入。,內政部中華民國84年6月23日台（84）內社字第8415003號函,永久,677306.00,1,1150715,,1150727,,繼任理事長、理事、監事印鑑式。,,,,
115法登他000311,1,2,林郁菁,570326,1150716,1150720,1150722,2冊45頁,2,18,葉峻維,中華學校財團法人,0570709,台北市南港區研究院路3段245號,響應政府獎勵私人興學及培育高級科技與管理人才為目的。,設立基金新台幣伍佰萬元整，由中華技術學院創辦人周光中先生捐贈；嗣後並得繼續接受國內外之個人、法人或團體之捐贈,教育部57.7.22台57專字第17859號函,永久,3361932847.00,1,1150721,,1150730,,全體董事印鑑式。,,,,
115法登他000312,1,2,林郁菁,2134,1150716,1150720,1150722,107冊8頁,2,4,章明珠,財團法人台灣胰臟基金會,1050527,臺北市南港區中坡北路2號2樓,以鼓勵胰臟與消化相關疾病醫學研究，提升胰臟與消化相關疾病防治及診療品質為目的。,由林詩義等人捐助新臺幣参仟萬元整為設立基金，詳如捐助人名冊及捐助財產清冊。嗣後並得繼續接受國內外自然人、法人、機構或團體之捐贈。,衛生福利部中華民國105年5月25日衛部醫字第1051666703號函,永久,30000000.00,1,1150721,,1150730,,全體董事印鑑式。,,,,
115法登他000313,1,2,林郁菁,2752,1150716,1150720,1150722,135冊12頁,1,3,陳金龍,財團法人宇宙彌勒皇教基金會,1060928,台北市內湖區瑞光路188巷51號4樓,本於「四教合一皆大愛，萬教歸宗本兄弟，勿爭你教與我派，同處地球和平村」之精神，以傳揚宇宙彌勒皇教教義為宗旨。,由陳金龍捐助,內政部中華民國106年9月20日台內民字第1060066985號函,永久,191135761.00,1,1150721,,1150730,,法人捐助章程第5條條文變更並經主管機關內政部中華民國115年4月23日台內宗字第1150015635號函同意變更。,,,,
115法登他000314,2,2,林郁菁,362,1150716,1150720,1150722,18冊23頁,2,46,葉守仁,社團法人國際獅子會臺灣總會新北市淡水獅子會,0870113,新北市淡水區北新路74號3樓,發揚人類博愛互助精神，增進國際間友好的關係，尊重自由啟發智慧，提倡社會福利，促進國家安全。,入會費、常年會費、會員捐款、國內外公司團體及個人捐贈、基金之孳息、其他收入,台北縣政府69.10.6.,永久,4209815.00,1,1150721,,1150730,,全體理、監事印鑑式。,,,,
115法登他000315,2,2,林郁菁,1432,1150716,1150720,1150722,72冊6頁,2,7,呂立,社團法人中華民國肯愛社會服務協會,0931123,台北市南港區忠孝東路6段484號B1,基於愛心無國界之理念，匯集民間力量，協助弱勢族群之發展與實際需要，讓受助單位或團體在愛的支持與重建計畫方案中逐步恢復其生命力，進而期待受助者肯在愛中學習發展出新能力，以期回饋社會的理念。,入會費、常年會費、事業費、會員捐款、委託收益、基金及其利息、其他收入,內政部中華民國93年10月28日台內社字第0930038784號函,永久,45000.00,1,1150721,,1150730,,全體理、監事印鑑式。,,,,
115法登他000316,2,2,林郁菁,1049,1150720,1150720,1150722,53冊3頁,2,14,陳正宏,社團法人台北市水利技師公會,0940428,新北市汐止區新台五路1段81號10樓之4,本會以促進會員聯繫、聯絡感情、保障應有權益、充實水利學識並提高專業技術水準、砥礪品德、發揚服務精神及協助推進國家建設為宗旨。,入會費、常年會費、業務費、福利金,臺北市政府社會局中華民國94年4月22日北市社一字第09434267600號函,永久,829464.00,1,1150721,,1150730,,"全體理、監事印鑑式。
法人章程第23條條文變更並經主管機關臺北市政府社會局中華民國114年6月27日北市社團字第1143111621號函予以核備。
法人章程第7條條文變更並經主管機關臺北市政府社會局中華民國115年6月17日北市社團字第1153100534號函予以核備。",,,,
115法登他000317,1,2,林郁菁,1612,1150720,1150720,1150722,81冊6頁,1,16,柴駿甫,財團法人台灣非破壞檢測協會,0690229,新北市淡水區中正東路2段27之3號24樓,以協助政府推動經濟建設，加速工業升級，及協助公民營企業機構建立非破壞檢測制度，促進非破壞檢測技術之發展為宗旨。,設立基金共新台幣貳佰貳拾萬元整，由中國造船股份有限公司等11個單位捐助，嗣後得接受各方之捐助,經濟部中華民國68年7月9日經（六八）工字第第20735號函,永久,7182112.00,1,1150721,,1150730,,繼任董事簽名暨印鑑式。,,,,
115法登他000319,1,2,林郁菁,1190,1150720,1150720,1150722,60冊4頁,1,8,謝政達,財團法人台北市慈行慈善事業基金會,0861028,台北市南港區忠孝東路6段21號10樓,以辦理臺北市社會福利(慈善)為目的。,本基金會捐助財產總額為新臺幣壹仟伍佰萬元，由捐助人無償捐助之。嗣經許可設立後，基金得由捐助人或其他個人、團體隨時補充之。,臺北市政府社會局86年9月25日北市社二字第8625257400號函,永久,30000000.00,1,1150721,,1150730,,,,,,
115法登他000320,1,2,林郁菁,531,1150720,1150720,1150722,27冊1頁,1,10,林佳龍,財團法人國際合作發展基金會,0850704,臺北市士林區天母西路62巷9號12樓,以加強國際合作，增進對外關係，促進經濟發展，社會進步及人類福祉為目的。,依經濟部主管之海外經濟合作發展基金會裁撤後之決算淨值逕行捐贈設置之,外交部85年6月29日外(85)經貿二字第85304807號函,永久,16005611960.00,1,1150721,,1150730,,繼任董事及常務監事印鑑式。,,,,
115法登他000321,1,2,林郁菁,1144,1150722,1150722,1150724,57冊18頁,2,6,李詩欽,財團法人英業達集團公益慈善基金會,0990114,台北市士林區後港街66號,以辦理社會福利慈善事業為目的。,由英業達股份有限公司捐助成立，捐助新臺幣參仟萬元整為設立基金。嗣後並得繼續接受國內外自然人、法人、機構或團體之捐贈。,內政部中華民國98年12月17日內授中社字第0980022399號函,永久,30000000.00,1,1150723,,1150803,,全體董事印鑑式。,,,,
115法登他000322,1,2,林郁菁,287,1150722,1150722,1150724,14冊33頁,1,28,許勝雄,財團法人中國生產力中心,0450626,新北市汐止區新台五路1段79號2樓,本中心以執行主管機關產業發展政策，協助企業精進經營管理技術，提昇生產力與競爭力，促進經濟發展為目的。,設立基金由各公民營工商事業等五十單位共同捐助，嗣後並得接受國內外公、私機構及個人之現金、財產物資等經費性質、或基金性質之捐贈,經濟部中華民國45年6月20日發文經台四五工字第06026號函,永久,10000000.00,1,1150723,,1150803,,繼任董事簽名式。,,,,
115法登他000323,1,2,林郁菁,2494,1150723,1150724,1150729,125冊4頁,2,13,程仁宏,財團法人華夏文教基金會,0780701,台北市士林區志成街29號2樓,以闡揚中山學術思想，促進國家發展為宗旨。,捐助,教育部中華民國78年6月1日台（78）高字第25680號函,永久,1000000.00,1,1150728,,1150806,,全體董事印鑑式。,,,,
115法登他000324,2,2,林郁菁,1776,1150723,1150723,1150727,89冊10頁,2,31,陳暐琳,社團法人中華民國（台灣）國際獅子會第一聯合會第三支會,0960813,台北市內湖區成功路5段460號14樓之1,"一、發揚人類博愛互助精神。
二、增進國際間友好關係。
三、尊重自由啟發智慧。
四、提倡社會福利。
五、維護國家安全。",會員繳納之會費、會員及社會各界之樂捐款、基金之孳息,臺北市政府社會局中華民國85年6月14日北市社一字第33082號函,永久,1707095.00,1,1150724,,1150804,,全體理、監事印鑑式。,,,,
115法登他000325,1,2,林郁菁,215,1150727,1150727,1150729,11冊9頁,2,11,雷永耀,財團法人兼善醫學基金會,0831129,台北市北投區石牌路2段201號,以舉辦或資助一般外科、大腸直腸外科、小兒外科、內分泌外科及特定專案醫學研究發展，培養其研究人才及提昇其水準為目的。,由台北榮民總醫院院長彭芳谷發起，各界共同捐贈。,行政院衛生署83.11.15衛署醫字第83070862號函,永久,12344542.00,1,1150728,,1150806,,全體董事、監察人印鑑式。,,,,
115法登他000326,2,2,林郁菁,2544,1150727,1150730,1150731,127冊14頁,2,28,鄭凱中,社團法人台北市清溪扶輪社,1050729,台北市內湖區成功路4段192號11樓之7,鼓勵並培養以服務之理想為可貴事業之基礎為宗旨。,入會費、常年會費、會員捐款、基金及其孳息、其他收入,臺北市政府社會局中華民國88年1月25日北市社一字第8820320000號函,永久,500000.00,1,1150730,,1150810,,全體理、監事印鑑式。,,,,
115法登他000327,1,2,林郁菁,253,1150727,1150728,1150731,13冊5頁,1,15,陳珍誠,財團法人台北市光智社會事業基金會,0720825,台北市士林區通河街137號2樓之2,"為繼承我國傳統之固有道德，實踐  國父大同世界，天下為公之理想，發揮博愛之精神，辦理社會公益事業，以促進社會安和樂利為目的。",設立基金新台幣參佰萬元整，由陳珠璫、陳珠璋、陳珠珪、張陳月鳳、陳月華、李陳月昭、陳珍英等無償捐助之；嗣後得接受有關團體及個人之捐贈,台北市政府社會局72.7.28北市社4字第29041號函,至民國120年6月30日止,2500000.00,1,1150729,,1150806,,,,,,
115法登他000328,1,2,林郁菁,2031,1150727,1150728,1150731,102冊5頁,1,10,周淑淑,財團法人崇善童軍文教基金會,0870715,台北市內湖區內湖路2段460號3樓,以健全自我，扶助他人，培育智仁勇兼備之健全國民為目的。,設立基金共新臺幣壹仟萬元整，由中國童子軍台北市第二十二團團員及團友捐助，俟依法完成財團法人登記後，得繼續接受捐贈。,教育部八十七年六月十五日台（87）社（四）字第八七0六三一一六號函,永久,10000000.00,1,1150729,,1150806,,繼任董事印鑑式。,,,,
115法登他000329,2,2,林郁菁,2455,1150727,1150729,1150731,123冊5頁,2,4,謝明芳,社團法人臺北市嬰幼兒托育協會,1120928,台北市北投區溫泉路37巷30之1號,以提升嬰幼兒托育人員專業知識，增進嬰幼兒與家庭福利為宗旨。,入會費、常年會費、會員捐款、委託收益、基金及其孳息、其他收入,臺北市政府社會局中華民國107年4月26日北市社團字第10736452800號函,永久,0.00,1,1150730,,1150810,,全體理、監事印鑑式。,,,,
115法登他000330,1,2,林郁菁,690863,1150727,1150727,1150729,4冊15頁,2,13,李俊年,財團法人台北市天母基督教會,0690618,台北市士林區天玉街63號,在台北市內傳揚基督教義，辦理社會公益慈善教育等事業。,捐助,台北市政府民政局69年6月6日民三字第4940號,永久,4393637.00,1,1150728,,1150806,,全體董事印鑑式。,,,,
115法登他000331,1,2,林郁菁,2755,1150729,1150730,1150731,135冊15頁,2,2,吳珈誼,財團法人台北市十里杉林社會福利基金會,1101108,臺北市南港區忠孝東路6段163號1樓,推動建立「老有所終，壯有所用，幼有所長」之社會，服務高齡長者，並提供弱勢個人、家庭與團體高品質之家事服務，以及弱勢群體學齡後及學齡前兒童之照顧與陪伴。,由楊希聖、蘇美勳、楊如媚、陳欣怡、賴佳瑩、林隆偉共同捐助,臺北市政府社會局中華民國110年10月26日北市社團字第1103139288號函,永久,10000000.00,1,1150730,,1150810,,"董事林雨潔、董事杜俊宏、董事蘇美勲、董事莊季磬印鑑。
法人捐助章程第4條條文變更並經主管機關臺北市政府社會局中華民國115年3月27日北市社團字第1153061233號函許可變更。",,,,
115法登他000332,1,2,林郁菁,480084,1150730,1150730,1150731,1冊41頁,2,14,黃信忠,財團法人基督教拿撒勒人會,0480619,台北市北投區聖景路100號,以宣揚基督教福音並舉辦慈善教育公益等事業以增進社會福利為目的。,由美國基督教拿撒勒人會捐助；嗣後並得接受捐助人或其他個人、機關團體、法人之捐助,台灣省政府48.6.6府民一字第49812號,永久,631705532.00,1,1150730,,1150810,,全體董事印鑑式。,,,,
115法登他000333,2,2,林郁菁,783,1150729,1150729,1150731,39冊49頁,2,8,周萣貴,社團法人臺北市保母成長促進會,0931210,臺北市南港區忠孝東路6段70巷10號1樓,以提供婦女二度就業機會，加強教育保母成長，提昇幼兒托育品質，促進保母人員證照化，提供媒合服務並配合實施辦理婦女幼兒福利相關之政策為宗旨。,入會費、常年會費、事業費、會員捐款、委託收益、基金及其孳息、其他收入,臺北市政府社會局93年7月19日北市社一字第09336548800號函,永久,20000.00,1,1150730,,1150810,,"全體理、監事印鑑式。
法人章程第18條條文變更並經主管機關臺北市政府社會局中華民國115年4月20日北市社團字第1153055251號函予以核備。",,,,
115法登他000334,1,2,林郁菁,2756,1150730,1150730,1150804,135冊16頁,1,12,王文杉,財團法人聯合報系文化基金會,0700810,新北市汐止區大同路1段369號5樓,以聯合報系經營之成果回饋讀者，擴大對社會與國家之服務。,由聯合報股份有限公司一次提供並得由聯合報股份有限公司隨時續以捐款補充之,"教育部七十年七月廿三日 台(70)高字二四三三五號函",永久,655819004.00,1,1150731,,1150810,,法人捐助章程第3條及第18條條文變更並經主管機關文化部中華民國115年6月3日文綜字第1151012735號函許可變更。,,,,
115法登他000335,1,2,林郁菁,550306,1150730,1150730,1150804,2冊37頁,1,18,林世宗,台北海洋學校財團法人,0551001,新北市淡水區濱海路3段150號,為遵照國家教育政策暨現行教育法令之規定，辦理台北海洋科技大學，並謀其健全發展。,設立基金新台幣伍佰萬元，由吳正鏞、程傑慷、戴行悌先生捐助，已存入台灣省彰化銀行總行。嗣後並得繼續接受國內外之個人、法人或團體之捐贈,教育部55.2.10台(55)高字第1694號函,永久,3325737012.00,1,1150731,,1150810,,繼任董事印鑑式。,,,,
115法登他000336,1,2,林郁菁,1530,1150730,1150805,1150807,77冊4頁,2,18,錢復,財團法人太平洋文化基金會,0630723,台北市大同區長安西路180號2樓之1,以促進國內外教育文化交流為目的。,設立基金共新台幣壹仟萬元，由捐助人端木愷、周一塵、謝明山等人捐助；嗣後為充實與擴大本會之基礎，得隨時向外界勸募或接受捐贈,教育部中華民國63年6月27日台(63)高16605號函,永久,131000000.00,1,1150805,,1150817,,全體董事印鑑式。,,,,
115法登他000337,1,2,林郁菁,430,1150730,1150731,1150805,21冊39頁,2,7,應景輝,財團法人中台山佛教基金會,0860121,台北市南港路3段270號5樓,以弘揚佛法、發揚中華固有文化、培育僧才、促進佛法禪學研究，推廣禪修活動，啟迪世人心智，淨化社會，贊助佛教相關建設等為宗旨。,設立基金共新臺幣參仟萬元整，由釋惟覺捐助；俟依法完成法人登記後，得繼續接受捐贈。,"內政部  85年12月20日",永久,12299632423.00,1,1150804,,1150813,,新任董事印鑑式。,,,,
115法登他000338,1,2,林郁菁,1036,1150730,1150805,1150807,52冊10頁,2,5,謝長廷,財團法人台灣維新基金會,0970620,台北市大同區民生西路119號4樓,以推廣台灣維新理念、研究國家政策，促進國家進步為目的。,設立基金共新臺幣伍佰萬元整(包括現金伍佰萬元)，由謝長廷、社團法人台灣長工會捐助。俟完成財團法人登記後，得繼續接受捐贈。,行政院青年輔導委員會中華民國97年6月19日青參字第0970003825號函,永久,5000000.00,1,1150806,,1150817,,"全體董事印鑑式。
法人捐助章程全條文變更及調整條次並經主管機關教育部中華民國109年4月7日臺教授青字第1090000157號函同意變更及臺灣臺北地方法院109年度法字第709號民事裁定確定准予變更，變更內容詳如捐助章程修正條文對照表。",,,,
115法登他000339,2,2,林郁菁,2658,1150803,1150806,1150807,130冊18頁,2,2,周水美,社團法人台北市旅館同業發展協會,1120302,臺北市北投區光明路224號,以促進臺北市旅宿產業發展為宗旨。,入會費、常年會費、會員捐款、委託收益、基金及其孳息、其他收入,臺北市政府社會局中華民國112年1月16日北市社團字第1123003169號函,永久,0.00,1,1150806,,1150817,,"全體理、監事印鑑式。
法人章程第7條、第16條、第18條及第34條條文變更並經主管機關臺北市政府社會局中華民國115年3月13日北市社團字第1153015241號函予以核備。",,,,
115法登他000340,1,2,林郁菁,718,1150803,1150803,1150805,36冊31頁,2,11,黃輝珍,財團法人台灣綜合研究院,0830106,新北市淡水區中正東路2段27號29樓,從事各項綜合學術議題之研究，以提供政府制訂政策之參考，並加強全球華人及海峽兩岸文化及科技之交流為目的。,由潤泰建設股份有限公司等十三家工商企業捐助，俟完成登記後，繼續接受捐助。,教育部82年11月8日　台（82）高字第062271號函,永久,371492143.00,1,1150804,,1150813,,全體董事、監察人印鑑式。,,,,
115法登他000341,2,2,林郁菁,1491,1150803,1150803,1150805,75冊5頁,2,5,葉維焜,社團法人臺灣芯福里情緒教育推廣協會,1030207,台北市北投區中央南路1段150號3樓,以社區、學校為媒介，孩童、父母、老師為對象，結合教育及相關專業人士與志工，共同推動情緒教育，促進兒童青少年與社會大眾的情緒成熟，以創造幸福人生與和諧社會。,入會費、常年會費、事業費、會員捐款、委託收益、基金及其孳息、其他收入,內政部中華民國102年6月5日台內社字第1020222883號函,永久,2241784.00,1,1150804,,1150813,,全體理、監事印鑑式。,,,,
115法登他000342,1,2,林郁菁,1069,1150803,1150805,1150807,54冊3頁,2,6,何美慶,財團法人臺北市潤郁社會福利慈善事業基金會,0971208,台北市大同區迪化街1段102號,以辦理臺北市社會福利(慈善)為目的,設立基金總額為新台幣壹仟萬元整，由捐助人無償捐助之；嗣後得由捐助人或其他個人、團體隨時補充之,臺北市政府社會局中華民國97年11月14日北市社團字第09740822100號函,永久,25000000.00,1,1150805,,1150817,,全體董事印鑑式。,,,,
115法登他000343,2,2,林郁菁,873,1150803,1150805,1150807,44冊7頁,2,11,張滋佳,社團法人中華盆花發展協會,0950602,台北市內湖區新湖三路28號3樓,以促銷教育及市場開拓，花卉資訊的互通與傳遞，市場產銷秩序的穩定，協助會員解決各項問題，增加產銷業者收益，各類盆花產業的發展事宜為宗旨。,入會費、常年會費、事業費、會員捐款、委託收益、基金及其孳息、其他收入,"內政部  中華民國85年1月16日台（85）內社字第8435538號函",永久,293322.00,1,1150805,,1150817,,全體理、監事印鑑式。,,,,
115法登他000344,2,2,林郁菁,2552,1150803,1150806,1150807,128冊2頁,2,30,陳瑞富,社團法人台北市劍潭扶輪社,0980716,台北市內湖區成功路4段192號11樓之7,本社之宗旨在於鼓勵並培養以服務之理想為可貴事業之基礎。,入會費、常年會費、會員捐款、基金及其孳息、其他收入,臺北市政府社會局中華民國85年12月12日北市社一字第72010號函,永久,500000.00,1,1150806,,1150817,,全體理、監事印鑑式。,,,,
115法登他000345,1,2,林郁菁,1612,1150803,1150805,1150807,81冊6頁,1,16,柴駿甫,財團法人台灣非破壞檢測協會,0690229,新北市淡水區中正東路2段27之3號24樓,以協助政府推動經濟建設，加速工業升級，及協助公民營企業機構建立非破壞檢測制度，促進非破壞檢測技術之發展為宗旨。,設立基金共新台幣貳佰貳拾萬元整，由中國造船股份有限公司等11個單位捐助，嗣後得接受各方之捐助,經濟部中華民國68年7月9日經（六八）工字第第20735號函,永久,7182112.00,1,1150805,,1150817,,繼任董事簽名暨印鑑式。,,,,
115法登他000346,1,2,林郁菁,1609,1150805,1150805,1150807,81冊3頁,2,4,呂惠琴,財團法人台北市私立非拉鐵非兒少之家,1040525,台北市士林區愛富二街7號,以增進兒童及少年福利，健全兒童及少年身心發展為目標。,設立基金新台幣壹仟萬元整，由創辦人蕭英鈞先生捐助；嗣後得由捐助創辦人或其他個人、補充之團體繼續捐贈,臺北市政府社會局中華民國103年12月31日北市社兒少字第10350041400號函,永久,10000000.00,1,1150805,,1150817,,全體董事印鑑式。,,,,
115法登他000347,2,2,林郁菁,2664,1150806,1150806,1150807,131冊4頁,2,25,李岳峰,社團法人台北市明水扶輪社,0981007,台北市內湖區成功路4段192號11樓之7,本社之宗旨在於鼓勵並培養以服務之理想為可貴事業之基礎。,入會費、常年會費、會員捐款、基金及其孳息、其他收入,臺北市政府社會局中華民國91年07月02日北市社一字第09135420100號函,永久,265078.00,1,1150806,,1150817,,全體理、監事印鑑式。,,,,
115法登他000348,2,2,林郁菁,2551,1150806,1150806,1150807,128冊1頁,2,20,趙行健,社團法人台北市合江扶輪社,0990819,台北市內湖區成功路4段192號11樓之7,本社之宗旨在於鼓勵並培養以服務之理想為可貴事業之基礎。,入會費、常年會費、會員捐款、基金及其孳息、其他收入,臺北市政府社會局中華民國95年12月12日北市社一字第09542696900號函,永久,300092.00,1,1150806,,1150817,,全體理、監事印鑑式。,,,,
115法登他000349,1,2,林郁菁,2048,1150807,1150807,1150810,103冊2頁,1,11,周神助,財團法人致福感恩文教基金會,0840606,臺北市南港區興中路28巷8號9樓,以發揚信望愛基督精神、培養社會人才、增進人類福祉、造福人群為目的,"由駱傑雄、周神安、江英村、陳仁榮、魏煇哲、TSANG LOK KING YIU等6人共同捐助","教育部84年6月1日 台(八四)社字第○二五六一三號函",永久,35060000.00,1,1150807,,1150818,,法人捐助章程第2條條文變更並經主管機關教育部中華民國115年6月25日臺教社(三)字第1150049739號函許可變更。,,,,
115法登他000350,1,2,林郁菁,590389,1150810,1150810,1150812,2冊65頁,1,11,魏崢,振興醫療財團法人,0591003,台北市北投區振興街45號,為從事醫療事業辦理醫療機構及從事醫療服務、培植醫療人才、闡揚醫學學術之目的。,捐助,陽明山管理局改制為行政院衛生署59.3.3,永久,2614199232.00,1,1150810,,1150818,,繼任董事印鑑式。,,,,
115法登他000351,2,2,林郁菁,2144,1150810,1150810,1150812,107冊18頁,2,3,陶家順,社團法人台北市聖文生之友社區關懷協會,1091110,臺北市士林區中正路264號,以發揚聖文生關懷弱勢的精神，增進家庭、學校及社區間良好互動關係，營造社區美善和諧生活環境，傳播天主愛的理念為宗旨。,入會費、常年會費、會員捐款、事業費、委託收益、基金及其孳息、其他收入,臺北市政府社會局中華民國109年9月8日北市社團字第1093145217號函,永久,0.00,1,1150810,,1150818,,全體理、監事印鑑式。,,,,
115法登他000352,2,2,林郁菁,2322,1150810,1150810,1150812,116冊12頁,2,2,許耀元,社團法人台灣口溶膜推廣學會,1110414,臺北市內湖區行愛路77巷61號7樓,以促進口溶膜醫學研究、推廣口溶膜、貢獻製藥產業暨醫學進步、照護國人長期健康為宗旨。,入會費、常年會費、事業費、會員捐款、委託收益、基金及其孳息、其他收入,內政部中華民國111年2月21日台內團字第1110007164號函,永久,0.00,1,1150810,,1150818,,全體理、監事印鑑式。,,,,
115法登他000353,2,2,林郁菁,1761,1150811,1150811,1150812,88冊15頁,2,3,闕正雄,社團法人台北市長春福德協會,1060620,台北市北投區泉源路41巷67號,以共同護持信仰土地公，弘揚福德正神濟世助人教導行善為宗旨。,入會費、常年會費、會員捐款、基金及其孳息、其他收入,臺北市政府社會局中華民國106年4月21日北市社團字第10635807000號函,永久,15305000.00,1,1150811,,1150820,,全體理、監事印鑑式。,,,,
115法登他000354,1,2,林郁菁,519,1150811,1150811,1150812,26冊14頁,2,21,郭正和,財團法人台灣區花卉發展協會,0610311,台北市內湖區新湖三路28號3樓,以協助花卉發展、促進花卉生產、展拓國內外市場、增加產銷業者收益為目的。,由政府機關國內、外人士捐助或補助,經濟部61年1月17日（六一）字第0197號函,永久,2835000.00,1,1150811,,1150820,,全體董事、監察人印鑑式。,,,,
115法登他000355,1,2,林郁菁,2759,1150810,1150810,1150812,135冊19頁,1,8,苗華斌,財團法人美安文教基金會,0870910,臺北市南港區市民大道8段205號15樓,以提高國民生活品質、宏揚文化、發展社教、培養人才等為目的。,由美安投資股份有限公司捐助,"教育部 八十七年八月十四日台(87)（四）字第八七０九００一八號函",永久,206780040.00,1,1150811,,1150820,,法人捐助章程第4條及第15條條文變更並經主管機關文化部中華民國115年1月29日文綜字第1151000855號函及中華民國115年3月5日文綜字第1151004959號函許可變更。,,,,
115法登他000358,1,2,林郁菁,1604,1150812,1150812,1150812,80冊18頁,1,10,馮寄台,財團法人中國信託商業銀行文教基金會,0850117,台北市南港區經貿二路188之1號11樓,以從事有關文化藝術事物、藝文教育推廣、促進國際文化交流及財經金融等社會公益事業為宗旨。,設立基金共新臺幣壹仟萬元整，由中國信託商業銀行捐助；俟依法完成法人登記後，得繼續接受捐助,教育部中華民國84年12月8日台（84）社字第060837號函,永久,10000000.00,1,1150812,,1150820,,法人捐助章程第2條及第18條條文變更並經主管機關文化部中華民國115年6月8日文綜字第1151013867號函許可變更。,,,,
115法登他000359,2,2,林郁菁,2082,1150812,1150812,1150812,104冊16頁,1,3,游木榮,社團法人臺北市北投福主宗教文化協會,1090521,臺北市北投區公舘路296號1樓,以宗教文化為宗旨，關懷里民為嘉惠地方里民達到宣揚民間正確的宗教文化。,入會費、常年會費、會員捐款、委託收益、基金及其孳息、其他收入,臺北市政府社會局中華民國107年11月8日北市社團字第1076083795號函,永久,326146.00,1,1150812,,1150820,,繼任理事、理事長印鑑式。,,,,
115法登他000360,1,2,林郁菁,53,1150812,1150812,1150812,3冊5頁,1,8,謝孟璋,財團法人謝成源先生食品科技發展基金會,0770825,台北市大同區迪化街1段102號,係響應政府推動業食品科技發展之號召，為國內食品科技文教出版事業。,由謝忠弼、何美慶等人，捐助新台幣叁佰萬元為設立基金，詳如捐助人名冊及捐助財產清冊。嗣後並得繼續接受國內外自然人、法人、機構、或團體之捐贈。,行政院衛生署77.5.18衛署醫字第723993號函,永久,90549700.00,1,1150812,,1150820,,法人捐助章程第6條條文變更並經主管機關衛生福利部中華民國115年3月3日衛部醫字第1151661894號函許可變更及本院115年度法字第14號民事裁定確定准予變更，變更內容詳如捐助章程修正條文對照表。,,,,
115法登他000361,2,2,林郁菁,1728,1150812,1150812,1150812,87冊2頁,2,2,趙志堅,社團法人新北市淡水吳府千歲賢德協會,1060110,新北市淡水區新市一路3段101巷17弄46號6樓,以推廣吳府千歲神明之信仰、教化及善良風俗為宗旨。,入會費、定期會費、事業費、會員捐款、委託收益、基金及其孳息、其他收入,新北市政府中華民國105年9月21日新北府社團字第1051633253號函,永久,57665.00,1,1150812,,,,全體理、監事印鑑式。,,,,
115法登社000001,2,1,林郁菁,2696,1150109,1150112,1150114,132冊16頁,,,蔣興仁,社團法人台灣友誼公益協會,1150112,台北市大同區迪化街2段117號1樓,以散播歡樂、散播愛，把愛和溫暖分享到台灣各個角落為宗旨。,入會費、常年會費、事業費、會員捐款、委託收益、基金及其孳息、其他收入,內政部中華民國114年9月15日台內團字第1140033425號函,永久,0.00,1,1150113,,1150122,,,,,,
115法登社000002,2,1,林郁菁,2698,1150122,1150122,1150123,132冊18頁,,,彭國豐,社團法人中華民國扶濟慈善協會,1150122,台北市北投區吉利街149巷13號5樓,以結合社福人士/團體、專業學者及民間力量，共同開創慈善事業及社會服務，協助政府推行社會福利之發展、提升助人者及照顧家屬相關學識及專業技術、促進身障及其他弱勢族群福址，以闡揚中華文化、移風易俗、敦親睦族團結互助精神之樹立為宗旨。,入會費、常年會費、事業費、會員捐款、委託收益、基金及其孳息、其他收入,內政部中華民國114年10月27日台內團字第1140040823號函,永久,0.00,1,1150123,,1150202,,,,,,
115法登社000003,2,1,林郁菁,2699,1150126,1150127,1150130,132冊19頁,,,林章平,社團法人臺灣歸正福音協會,1150127,台北市士林區中山北路7段114巷48號2樓,以宣揚基督教信仰為根本，推廣歸正福音運動，以聖經真理為基礎，實踐全人教牧關懷，啟迪人心向善，辦理公益慈善活動，協助社會弱勢平均福祉，建立與其他國內外相關團體組織之聯繫與合作為其宗旨。,入會費、常年會費、事業費、會員捐款、委託收益、基金及其孳息、其他收入,內政部中華民國114年11月21日台內團字第1140288352號函,永久,0.00,1,1150129,,1150209,,,,,,
115法登社000004,2,1,林郁菁,2701,1150203,1150204,1150205,133冊1頁,,,邱亞文,社團法人台灣耶魯大學校友會,1150204,台北市南港區南港路3段97號9樓,以建立和加強美國耶魯大學（以下簡稱“大學”）校友之間的交流、校友與大學之間的交流，以及校友與台灣社會之間的交流為宗旨。,常年會費、會員捐款、委託收益、基金及其孳息、其他收入,內政部中華民國114年12月30日台內團字第1140040054號函,永久,0.00,1,1150205,,1150213,,,,,,
115法登社000005,2,1,林郁菁,2705,1150206,1150210,1150213,133冊5頁,,,陳慧敏,社團法人大贏家財稅協會,1150210,台北市北投區知行路316巷63號,致力於提升會員的財稅知識與專業能力，促進財稅法規的正確理解與應用，並提供相關教育與資訊交流平台。協會以專業、創新與服務為核心價值，協助會員應對財稅變革與挑戰，提升個人及企業財務管理的效能，促進經濟發展與社會福祉。,入會費、常年會費、事業費、會員捐款、委託收益、基金及其孳息、其他收入,內政部中華民國114年9月5日台內團字第1140031557號函,永久,0.00,1,1150213,,1150223,,,,,,
115法登社000006,2,1,林郁菁,2704,1150211,1150211,1150213,133冊4頁,,,鄭博年,社團法人台灣神的眾教會協會,1150211,台北市大同區長安西路342號9樓,以致力於在台灣各地區建立信仰純正的教會，以「與神相愛相親，活出建造神家」為宗旨，以傳揚福音為目的，持守以下理念：按聖經建造合神心意、全地合一的教會、熱心作見證，傳揚福音真道及相信與聖經真理一致的正統信仰。,入會費、常年會費、事業費、會員捐款、委託收益、基金及其孳息、其他收入,內政部中華民國114年12月18日台內團字第1140043901號函,永久,0.00,1,1150212,,1150223,,,,,,
115法登社000007,2,1,林郁菁,2708,1150223,1150223,1150225,133冊8頁,,,黃晨淳,社團法人台灣創新創業發展協會,1150223,台北市內湖區洲子街12號2樓,以協助創新創業者與新創事業打造穩定事業平台為宗旨。,入會費、常年會費、事業費、會員捐款、委託收益、基金及其孳息、其他收入,內政部中華民國114年8月8日台內團字第1140024760號函,永久,0.00,1,1150224,,1150305,,,,,,
115法登社000008,2,1,林郁菁,2709,1150302,1150302,1150304,133冊9頁,,,許博宣,社團法人臺北市中華樂友青銀健康促進協會,1150302,台北市大同區西寧北路78之16號8樓Q室,以增進一般民眾身心健康及身心障礙者身心福利為宗旨。,入會費、常年會費、會員捐款、委託收益、基金及其孳息、其他收入,臺北市政府社會局中華民國115年1月2日北市社團字第1143210155號函,永久,0.00,1,1150303,,1150312,,,,,,
115法登社000009,2,1,林郁菁,2711,1150303,1150316,1150318,133冊11頁,,,丁邦基,社團法人茶海文教協會,1150316,新北市汐止區康寧街751巷23號6樓之1,以「本會為依法設立、非以營利為目的之社會團體。為促進民眾身心靈健康，協助民眾自我覺察、自我實現，進而回饋社會。由本會會員做起，以茶海之兼容並蓄，營造多元祥和之社會環境」為宗旨。,入會費、常年會費、事業費、會員捐款、委託收益、基金及其孳息、其他收入,內政部中華民國114年8月20日台內團字第1140028914號函,永久,0.00,1,1150317,,1150326,,,,,,
115法登社000010,2,1,林郁菁,2710,1150304,1150306,1150311,133冊10頁,,,呂榮生,社團法人台灣淡水幸福靈糧禱告宣教協會,1150306,新北市淡水區中山路123號5樓,以本會本著聖經之大使命教導，以耶穌基督犧牲的愛來服務台灣及世界，藉著敬拜禱告，看見聖靈的權能改變人的生命，造就耶穌的門徒將福音傳遍地極為宗旨。,入會費、常年會費、事業費、會員捐款、委託收益、基金及其孳息、其他收入,內政部中華民國115年1月13日台內團字第1140049973號函,永久,0.00,1,1150310,,1150319,,,,,,
115法登社000011,2,1,林郁菁,2719,1150316,1150407,1150410,133冊19頁,,,袁修齡,社團法人台灣職涯卓越轉型發展協會,1150407,新北市汐止區大同路1段239號13樓,以培養對「就業服務及帳務、勞工心理職涯轉型」發展有高度研習熱忱的人才為宗旨。在本協會的培訓與輔助研習下，任何對職能發展有興趣、擁有強烈學習意願者，皆可有效提升就業服務職能的知識、實務和能力，朝向成為職能優秀人才為宗旨。,入會費、常年會費、事業費、會員捐款、委託收益、基金及其孳息、其他收入,內政部中華民國114年11月24日台內團字第1140034337號函,永久,0.00,1,1150408,,1150420,,,,,,
115法登社000012,2,1,林郁菁,2712,1150317,1150317,1150320,133冊12頁,,,王珮瑄,社團法人中華無人機競技運動協會,1150317,台北市士林區承德路4段80巷14號1樓,旨在推廣無人機競技運動，培育科技人才，並促進技術交流與國際合作，以提升全民科技素養，推動新興科技發展為宗旨。,入會費、常年會費、事業費、會員捐款、委託收益、基金及其孳息、其他收入,內政部中華民國115年1月15日台內團字第1150000129號函,永久,1000.00,1,1150318,,1150330,,,,,,
115法登社000013,2,1,林郁菁,2714,1150326,1150326,1150330,133冊14頁,,,王以莊,社團法人亞太醫療交流組織,1150326,台北市北投區中央南路2段12之13號3樓,以結合國內外相關醫療衛生相關事務團體，促進亞洲及環太平洋地區醫療學術與醫事技術之交流與合作，並以提升亞太地區人民醫療與健康為宗旨。,入會費、常年會費、事業費、會員捐款、委託收益、基金及其孳息、其他收入,內政部中華民國110年1月5日台內團字第1090071682號函,永久,0.00,1,1150327,,1150407,,,,,,
115法登社000014,2,1,林郁菁,2717,1150330,1150331,1150401,133冊17頁,,,何振盛,社團法人臺灣美學療癒暨永續發展協會,1150331,新北市汐止區福德一路176巷17號3樓,以推動美學療癒與永續發展之研究實踐、社會參與與公眾教育為宗旨。,入會費、常年會費、事業費、會員捐款、委託收益、基金及其孳息、其他收入,內政部中華民國114年10月27日台內團字第1140039799號函,永久,40000.00,1,1150401,,,,,,,,
115法登社000015,2,1,林郁菁,2725,1150423,1150424,1150427,134冊5頁,,,林珮如,社團法人台灣全方位跨域共創專業發展協會,1150424,台北市北投區西安街2段275巷5號7樓,以辦理特殊需求兒童、身心障礙全齡族群、及不便家庭相關專業團隊服務之經營輔導與研究，幫助服務提供者團隊的建立、維持、凝聚共識、及持續提升服務量能為宗旨。,入會費、常年會費、事業費、會員捐款、委託收益、基金及其孳息、其他收入,內政部中華民國112年10月13日台內團字第1120043932號函,永久,0.00,1,1150427,,1150505,,,,,,
115法登社000016,2,1,林郁菁,2726,1150427,1150428,1150429,134冊6頁,,,陳昱勻,社團法人台灣FOXG1病友協會,1150428,台北市內湖區成功路5段152巷9號6樓,以強化社會大眾對FOXG1症候群及相關罕見疾病之認識與關注，致力提升疾病早期辨識與正確認知，推動病患權益倡議，促進友善醫療與社會支持環境，並提供病患及其家庭持續的照護協助、資訊資源與情感支持；同時串聯國內外資源，促進交流合作，為病患爭取平等的治療與生活機會，共同提升整體罕見疾病照護品質為宗旨。,入會費、常年會費、事業費、會員捐款、委託收益、基金及其孳息、其他收入,內政部中華民國115年2月25日台內團字第1150003199號函,永久,0.00,1,1150429,,1150507,,,,,,
115法登社000017,2,1,林郁菁,2731,1150429,1150506,1150508,134冊11頁,,,陳逸文,社團法人中華尋寶學苑社區關懷協會,1150506,新北市淡水區中山路123號5樓,以相信每個人都在神的形象被造，擁有獨特的「寶藏」－那些可能因生活挑戰而被掩蓋的優勢和潛能。透過我們所做的一切，我們希望幫助人們發現內在的寶藏，並找回他們原本被造獨一無二的樣子為宗旨。,入會費、常年會費、事業費、會員捐款、委託收益、基金及其孳息、其他收入,內政部中華民國115年2月25日台內團字第1150001007號函,永久,0.00,1,1150506,,1150518,,,,,,
115法登社000019,2,1,林郁菁,2733,1150515,1150518,1150520,134冊13頁,,,楊鳳蓮,社團法人中華民國文德文教推廣協會,1150518,新北市汐止區福德一路392巷42弄8號,以發揚儒家文化、建立良好品格教育及推廣慈行善舉，推動道德、慈善、文教、醫療、教育工作，辦理社會公益，結合民間力量，共同努力促進世界和平為宗旨。,入會費、常年會費、事業費、會員捐款、委託收益、基金及其孳息、其他收入,內政部中華民國113年11月15日台內團字第1130042966號函,永久,30000.00,1,1150519,,1150528,,,,,,
115法登社000020,2,1,林郁菁,2734,1150518,1150518,1150520,134冊14頁,,,莊育銘,社團法人GCMA全球華人宣教聯盟,1150518,新北市淡水區學府路36號4樓,以馬太福音28章19-20節為宗旨，以台灣為中心，與全球信仰基督教徒交流，致力推動全球華人基督教內，不分宗派之合一信仰，積極培訓宣教使徒，並推動全球宣教。,入會費、常年會費、事業費、會員捐款、委託收益、基金及其孳息、其他收入,內政部中華民國115年3月23日台內團字第1150004586號函,永久,4210.00,1,1150519,,1150528,,,,,,
115法登社000021,2,1,林郁菁,2736,1150522,1150522,1150527,134冊16頁,,,彭于綮,社團法人中天十二宮辰鎮中宮慈善文化協會,1150522,新北市三芝區新庄里蕃社后1之2號,以弘揚十二天王濟世救民之理念、幫助未成年人之教育生活，倡導孝道為宗旨。,入會費、常年會費、事業費、會員捐款、委託收益、基金及其孳息、其他收入,內政部中華民國115年1月19日台內團字第1140048786號函,永久,200000.00,1,1150526,,1150604,,,,,,
115法登社000022,2,1,林郁菁,2738,1150529,1150529,1150601,134冊18頁,,,魏寶生,社團法人臺灣銘傳足球推廣協會,1150529,臺北市士林區基河路130號3樓,以推廣足球運動和致力於培養專業足球運動員，建立健全之足球運動體系為宗旨。,入會費、常年會費、事業費、會員捐款、委託收益、基金及股票以及其孳息、其他收入,內政部中華民國115年2月25日台內團字第1150003395號函,永久,0.00,1,1150601,,1150609,,,,,,
115法登社000023,2,1,林郁菁,2739,1150529,1150601,1150603,134冊19頁,,,胡冠群,社團法人台灣禪宗文化教育協會,1150601,新北市淡水區紅樹林路262號11樓,以善持著「援助一個孩子，就是救濟一個家庭；救濟一個家庭，就是改變一個國家的理念」，透過文化教育和生活扶助的力量，改善心靈匱乏和貧病交迫的現狀，同時透過發心努力，連接台灣與各個貧窮地區以打造禪修地與慈善學校，立足台灣傳承禪宗文化，培養關懷世界的胸襟，成為眾生的幸福助力，為圓滿人生添彩為宗旨。,入會費、常年會費、事業費、會員捐款、委託收益、基金及其孳息、其他收入,內政部中華民國115年3月27日台內團字第1150006559號函,永久,1000.00,1,1150602,,1150611,,,,,,
115法登社000024,2,1,林郁菁,2745,1150618,1150622,1150624,135冊5頁,,,吳憶萌,社團法人中華時尚美創職能交流協會,1150622,新北市淡水區民族路31之15號3樓之1室,以推廣美學教育、美學產業交流-生活處處是美學，範圍廣泛涵蓋：形象美學、生活美學、生命美學；任何感官愉悅的事物都值得被推廣、我們培訓專業人士以及集結各路人才、合作並推廣美學產業，以達共榮共好之生活目標為宗旨。,入會費、常年會費、事業費、會員捐款、委託收益、基金及其孳息、其他收入,內政部中華民國115年2月25日台內團字第1150000576號函,永久,0.00,1,1150623,,1150702,,,,,,
115法登社000025,2,1,林郁菁,2746,1150618,1150624,1150629,135冊6頁,,,陳傑憲,社團法人台灣緣夢運動發展協會,1150624,臺北市內湖區內湖路1段92號6樓之1,以支持臺灣運動發展與解決當前困境為宗旨。,入會費、常年會費、事業費、會員捐款、委託收益、基金及其孳息、其他收入,內政部中華民國115年3月27日台內團字第1150005506號函,永久,10000.00,1,1150625,,1150706,,,,,,
115法登社000026,2,1,林郁菁,2747,1150630,1150630,1150701,135冊7頁,,,朱德祥,社團法人台灣鴞生態共融協會,1150630,新北市淡水區濱海路1段53號2樓,以「保護野生動物與自然生態，促進人類與環境和諧共生」為宗旨。,入會費、常年會費、事業費、會員捐款、委託收益、基金及其孳息、其他收入,內政部中華民國115年5月7日台內團字第1150012610號函,永久,0.00,1,1150701,,1150709,,,,,,
115法登社000027,2,1,林郁菁,2749,1150706,1150706,1150708,135冊9頁,,,林智勝,社團法人中華民國台灣原住民族棒球運動發展協會,1150706,臺北市南港區南港路2段60巷16號,"一、本會以發展原住民棒球運動，維護職棒球員之權益辦理比賽，以提高技術水準發揚運動精，研究運動保健為宗旨。
二、本會原為「太平洋職棒聯誼會」，是原住民及東部地區職棒球員所組成，曾先後舉辦過關懷杯棒球賽及組訓人才，成效良好，為發展組織特立案成立。",入會費、常年會費、事業費、會員捐款、委託收益、基金及其孳息、其他收入,內政部中華民國89年1月13日台(八九)內社字第8968137號函,永久,200000.00,1,1150707,,1150716,,,,,,
115法登社000028,2,1,林郁菁,2750,1150713,1150714,1150717,135冊10頁,,,高杰,社團法人臺灣劉銘傳研究會,1150714,臺北市南港區福德街401號7樓,致力推動劉銘傳對臺灣的貢獻進行研究發展、收集、彙整，弘揚劉銘傳愛國主義精神為宗旨。,入會費、常年會費、事業費、會員捐款、委託收益、基金及其孳息、其他收入,內政部中華民國115年4月21日台內團字第1150282596號函,永久,0.00,1,1150715,,1150727,,,,,,
115法登社000029,2,1,林郁菁,2753,1150723,1150723,1150727,135冊13頁,,,吳添喜,社團法人新北市平溪福德正神協會,1150723,新北市汐止區連興街128巷14號2樓,本會協助延續新北市平溪福德正神土地公廟德澤萬民傳承，扶助弱勢貧困者、投入社會公益，也經由推動服務偏鄉社區間的互助，以落實福德正神助佑眾人平安的祥和社會為宗旨。,入會費、常年會費、事業費、會員捐款、委託收益、基金及其孳息、其他收入,新北市政府中華民國115年3月26日新北府社團字第1150322076號函,永久,900.00,1,1150724,,1150804,,,,,,
115法登社000030,2,1,林郁菁,2754,1150727,1150728,1150731,135冊14頁,,,李美鳳,社團法人黑殿飯店公益協會,1150728,新北市淡水區中正路1段62巷8號,"Hospitality For Humanity；善待生命，共好世界。本會由一群熱心公益的社會人士共同發起，期望透過結合企業資源與社會力量，推動多元化公益、實踐企業對社會之責任，致力各項公益活動服務、關懷生命、災難救助，改善弱勢族群等困境並提升生命品質。同時配合政府推行社會公益福利之相關政策，促進人類健康與福祉，以回饋社會、貢獻世界，實現生命共好為宗旨。",入會費、常年會費、事業費、會員捐款、委託收益、基金及其孳息、其他收入,內政部中華民國115年5月5日台內團字第1150015380號函,永久,0.00,1,1150729,,1150806,,,,,,
115法登社000031,2,1,林郁菁,2757,1150804,1150805,1150807,135冊17頁,,,陳冠安,社團法人台北市躍動世代協會,1150805,臺北市士林區中山北路6段236巷7號3樓之2,本會設立之宗旨，在於匯聚青壯世代成員，發揮其專業能力、社會責任及公共參與熱忱，以承擔國家發展、社會創新及公益服務之重要使命。青壯世代處於國家建設與世代交替之關鍵時期，本會期以多元化活動、跨領域合作與在地實踐，增進會員之能力與視野，促進世代合作與社會永續發展。,入會費、常年會費、會員捐款、委託收益、基金及其孳息、其他收入,臺北市政府社會局中華民國115年7月6日北市社團字第1153101862號函,永久,0.00,1,1150805,,1150817,,,,,,
115法登社000032,2,1,林郁菁,2758,1150806,1150806,1150810,135冊18頁,,,陳志芳,社團法人臺灣犬家人協會,1150806,臺北市北投區泉源路39之15號1樓,以「結紮終止流浪、領養成為家人」有感於國人飼養犬隻及對於流浪動物的知識嚴重不足，而造成棄養和生生不息的亂象。而數字顯示家犬和流浪犬，結紮（絕育）是讓流浪犬隻減少的必要也是最重要手段。源頭管理固然重要，但對現有犬隻安置，送養的課題更是迫在眉睫，否則會掉入另一輪惡性循環。期待更完備的立法，飼養知識的進步，提升友善流浪動物環境，隨著國民生活水準上升，讓動物的權益如同台灣的人權臻於國際水平為宗旨。,入會費、常年會費、事業費、會員捐款、委託收益、基金及其孳息、其他收入,內政部中華民國115年3月30日台內團字第1150009695號函,永久,0.00,1,1150807,,1150818,,,,,,
115法登財000001,1,1,林郁菁,2716,1150327,1150327,1150401,133冊16頁,,,謝春祥,財團法人臺北市謝春祥社會福利慈善基金會,1150327,台北市士林區中山北路7段190巷26弄5號3樓,以辦理臺北市社會福利慈善為目的。,由謝春祥捐助,臺北市政府社會局中華民國114年12月31日北市社團字第1143203766號函,永久,10000000.00,1,1150401,,1150409,,,,,,
115法登財000002,1,1,林郁菁,2727,1150427,1150430,1150504,134冊7頁,,,張英華,財團法人新北市光聖文教基金會,1150430,新北市淡水區中正東路2段27號13樓,以推動文化、藝術及教育發展為宗旨，致力提升人文素養與藝術涵養，促進文化交流與國際藝術互動，並以科技與永續理念輔助文教推展，進而實踐「連接世界、看見臺灣」之願景。,本基金會設立基金共新臺幣壹仟萬元整，由光紅建聖股份有限公司捐助。俟本基金會依法完成財團法人登記後，得繼續接受捐贈。,新北市政府文化局中華民國115年3月24日新北文發字第1150531970號函,永久,10000000.00,1,1150430,,1150512,,,,,,
115法登財000003,1,1,林郁菁,2730,1150503,1150504,1150506,134冊10頁,,,詹秀蓉,財團法人臺北市詹秀蓉文化藝術基金會,1150504,臺北市內湖區潭美街539號5樓,以推廣書法藝術、弘揚中華文化、倡導慈善公益為宗旨。,由陳立白、吳耀焜、謝志銘及廖美蓮共同捐助,臺北市政府文化局中華民國115年3月18日北市文化文創字第1153001225號函,永久,10000000.00,1,1150505,,1150514,,,,,,
115法登財000004,1,1,林郁菁,2729,1150503,1150504,1150506,134冊9頁,,,陳秀真,財團法人台北市佛教祖師禪林,1150504,臺北市北投區復興三路198號,本於佛教「眾生平等」之精神，以傳揚佛教教義為宗旨。,由祖師禪林捐助,臺北市政府民政局中華民國115年3月17日北市民宗字第1156000627號函,永久,20517318.00,1,1150505,,1150514,,,,,,
115法登財000005,1,1,林郁菁,2737,1150522,1150525,1150527,134冊17頁,,,莊子華,財團法人臺北市精誠文教基金會,1150525,臺北市大同區延平北路2段202號18樓之2,以提昇文化、藝術、科技教育品質、研發及促進產學教育交流與追求學術卓越為宗旨,由莊子華捐助,臺北市政府文化局中華民國115年2月26日北市文化文創字第1153000646號函,永久,10000000.00,1,1150526,,1150604,,,,,,
115法登財000006,1,1,林郁菁,2743,1150605,1150622,1150624,135冊3頁,,,張孫堆,財團法人張鐘菜教育基金會,1150622,臺北市內湖區瑞光路513巷26號4樓之1,以推動大專院校以上產學合作與獎助學金計畫，提升青年教育資源與人才培育品質及協助弱勢兒少（含失怙、失恃、經濟弱勢及特殊需求兒童、青少年）取得穩定教育與生活支持，促進教育平權為目的。,由張孫堆先生捐助,教育部中華民國115年4月10日臺教社(三)字第1150010829號函,永久,30000000.00,1,1150623,,1150702,,,,,,
