登記案號,序號,職稱,姓名
115法登他000001,1,董　事,周志誠
115法登他000001,2,董　事,劉興源
115法登他000001,4,董　事,黃信旺
115法登他000001,5,董　事,李淑貞
115法登他000001,6,董事長,林宗勇
115法登他000001,8,董　事,耿　晴
115法登他000001,9,董　事,黃柏棋
115法登他000001,12,董　事,林瑞蘭
115法登他000001,13,董　事,陳智立
115法登他000001,14,董　事,姚曼菁
115法登他000001,15,董　事,吳美華
115法登他000001,16,董　事,林永賢
115法登他000001,17,董　事,陳佳鴻
115法登他000001,18,董　事,黃光慧
115法登他000001,19,董　事,謝　笑
115法登他000002,1,董　事,林俊宏
115法登他000002,2,董　事,胡則華
115法登他000002,3,董　事,朱德芳
115法登他000002,4,監察人,李淑暖
115法登他000002,5,董　事,許政賢
115法登他000002,6,董　事,郭大維
115法登他000002,7,監察人,劉嘉雯
115法登他000002,8,董事長,張心悌
115法登他000002,9,董　事,林丙輝
115法登他000002,10,董　事,楊朝舜
115法登他000002,11,董　事,楊孟萍
115法登他000002,12,監察人,王全三
115法登他000002,13,董　事,林瑞珠
115法登他000002,14,董　事,簡宏明
115法登他000003,1,常務監察人,潘清鴻
115法登他000003,2,常務董事,陳佩利
115法登他000003,3,常務董事,李冠志
115法登他000003,4,常務董事,張嘉魁
115法登他000003,5,董事長,魏明谷
115法登他000003,7,董　事,蕭幸金
115法登他000003,9,董　事,房秀岱
115法登他000003,10,董　事,李育家
115法登他000003,12,監察人,李國忠
115法登他000003,16,董　事,李佳玲
115法登他000003,17,董　事,陳幼婉
115法登他000003,18,監察人,黃瓊慧
115法登他000003,19,監察人,陳志育
115法登他000003,21,董　事,吳騰彥
115法登他000003,22,常務董事,朱美麗
115法登他000003,24,董　事,陳家濬
115法登他000003,25,董　事,葉仁創
115法登他000003,26,監察人,楊淑卿
115法登他000004,1,理　事,辛年豐
115法登他000004,2,理事長,林木興
115法登他000004,3,理　事,吳佳潓
115法登他000004,4,理　事,簡凱倫
115法登他000004,5,監　事,凃又文
115法登他000004,6,理　事,丁俊和
115法登他000004,7,常務監事,張家瑋
115法登他000004,8,監　事,許嘉容
115法登他000004,9,常務理事,李益甄
115法登他000004,10,理　事,謝孟羽
115法登他000004,11,常務理事,林柏辰
115法登他000004,12,理　事,林春元
115法登他000004,13,理　事,吳磺慶
115法登他000004,15,理　事,黃郁揚
115法登他000004,16,常務理事,邱瑛琦
115法登他000004,17,理　事,朱芳君
115法登他000004,18,常務理事,張譽尹
115法登他000004,19,理　事,黃惠鈺
115法登他000005,1,理　事,李宛宜
115法登他000005,2,副理事長,金承慧
115法登他000005,3,常務監事,楊守芹
115法登他000005,4,監　事,陳怡祺
115法登他000005,5,理　事,符敦國
115法登他000005,6,理　事,彭奕婷
115法登他000005,7,理　事,梁家榮
115法登他000005,8,副理事長,李秉懿
115法登他000005,9,理事長,胡　燕
115法登他000005,10,理　事,符愛鈴
115法登他000005,11,監　事,張宏梅
115法登他000005,12,理　事,李淑琦
115法登他000007,1,董事長,吳伊雯
115法登他000007,2,董　事,楊彩芳
115法登他000007,3,董　事,周亮君
115法登他000007,4,董　事,許雅雯
115法登他000007,5,董　事,初永華
115法登他000007,6,董　事,李麗慧
115法登他000007,7,董　事,林哲宇
115法登他000008,1,董　事,盧異光
115法登他000008,2,董　事,馬大勳
115法登他000008,3,董　事,林禎山
115法登他000008,4,董　事,余國煥
115法登他000008,8,董　事,周　洛
115法登他000008,9,董　事,劉青鵬
115法登他000008,10,董　事,李瑞華
115法登他000008,11,董　事,曾素珊
115法登他000008,12,董事長,梁榮基
115法登他000009,1,監　事,孫秀香
115法登他000009,2,常務理事,鄧琴華
115法登他000009,3,理事長,陳寶祺
115法登他000009,4,常務理事,鄭榮城
115法登他000009,5,理　事,鄭文烈
115法登他000009,6,理　事,薛淑華
115法登他000009,7,理　事,韓春菊
115法登他000009,8,理　事,蔡安順
115法登他000009,11,常務監事,李俊賢
115法登他000009,12,理　事,陳宣諭
115法登他000009,13,監　事,谷湘儀
115法登他000009,14,理　事,鄒孟栩
115法登他000010,1,董事長,郭志超
115法登他000010,2,董　事,楊敦和
115法登他000010,3,董　事,傅素君
115法登他000010,4,董　事,李若文
115法登他000010,5,董　事,方秐云
115法登他000011,1,董　事,許文鍾
115法登他000011,2,董事長,袁蕙華
115法登他000011,3,董　事,莊烋真
115法登他000011,5,董　事,馬志賢
115法登他000011,6,董　事,王景賢
115法登他000011,7,董　事,白玉華
115法登他000011,8,董　事,陳麗珍
115法登他000012,1,董事長,李曉林
115法登他000012,2,董　事,蕭建嘉
115法登他000012,4,董　事,李秀娟
115法登他000012,5,董　事,許靜芳
115法登他000012,7,董　事,龔振良
115法登他000012,8,董　事,黃淑茹
115法登他000012,9,董　事,李奕寬
115法登他000012,10,董　事,朱榮富
115法登他000012,11,董　事,楊慧珍
115法登他000015,1,董　事,楊敦和
115法登他000015,2,董　事,劉瑞生
115法登他000015,3,董　事,劉宗德
115法登他000015,4,董　事,黃旭田
115法登他000015,5,董　事,許志青
115法登他000015,6,董事長,劉顯達
115法登他000015,7,董　事,陳德華
115法登他000015,9,董　事,萬其超
115法登他000015,11,董　事,周文賢
115法登他000015,12,監察人,梁榮輝
115法登他000015,13,董　事,曾垂紀
115法登他000015,14,董　事,胡茹萍
115法登他000016,1,董事長,鍾安住
115法登他000016,4,監察人,江韶真
115法登他000016,5,董　事,陳　科
115法登他000016,8,董　事,趙蕙芬
115法登他000016,9,董　事,何怡君
115法登他000016,13,董　事,武姵含
115法登他000016,14,董　事,司馬添
115法登他000016,15,董　事,鍾　靜
115法登他000016,16,董　事,林之鼎
115法登他000016,17,董　事,李裁榮
115法登他000016,18,董　事,程若石
115法登他000016,19,董　事,吳偉立
115法登他000016,20,董　事,孫志青
115法登他000016,21,董　事,梁慈娟
115法登他000016,22,董　事,賴効忠
115法登他000016,23,董　事,趙玉妹
115法登他000017,1,理　事,李東霞
115法登他000017,2,常務監事,陳美秀
115法登他000017,3,理事長,沈美珍
115法登他000017,4,監　事,施芳薇
115法登他000017,5,常務理事,李芳郁
115法登他000017,6,理　事,劉漢傑
115法登他000017,7,理　事,武若筠
115法登他000017,8,理　事,張浩然
115法登他000017,9,理　事,李聖揚
115法登他000017,10,常務理事,趙秋雲
115法登他000017,11,監　事,鍾百合
115法登他000017,12,理　事,李逸郎
115法登他000018,4,董　事,鈕方頤
115法登他000018,15,董　事,林思宇
115法登他000018,20,董　事,馮敏孫
115法登他000018,22,董　事,李宜靜
115法登他000018,23,董　事,林　瑤
115法登他000018,25,董事長,程思聆
115法登他000018,27,董　事,郭思薈
115法登他000018,28,董　事,盧秀婷
115法登他000018,31,董　事,潘慧心
115法登他000018,32,副董事長,焦子頤
115法登他000018,33,董　事,尹明詩
115法登他000018,34,董　事,尹純孝
115法登他000018,35,副董事長,高怡平
115法登他000018,36,董　事,麻生汶
115法登他000018,37,董　事,武自珍
115法登他000019,1,"董  事",李念平
115法登他000019,2,"董  事",李金玲
115法登他000019,3,"董  事",紀英珠
115法登他000019,4,"董  事",蔣梅惠
115法登他000019,5,董事長,張起鳳
115法登他000020,2,董　事,金泰承
115法登他000020,3,董事長,康舜琦
115法登他000020,4,董　事,吳忠風
115法登他000020,6,董　事,柯世光
115法登他000020,7,董　事,黃暉庭
115法登他000020,8,董　事,陳欣宏
115法登他000020,10,董　事,林仁又
115法登他000020,11,董　事,蘇清泉
115法登他000020,12,董　事,周英弼
115法登他000021,1,常務董事,林注進
115法登他000021,3,董　事,陳鈞華
115法登他000021,7,董　事,周復初
115法登他000021,8,董　事,徐蔚基
115法登他000021,10,董　事,賴朝松
115法登他000021,11,董事長,蕭漢森
115法登他000021,12,董　事,黃文鴻
115法登他000021,13,董　事,章啓正
115法登他000021,14,董　事,林　鴻
115法登他000021,15,董　事,楊秀儀
115法登他000021,16,常務董事,陳俊良
115法登他000021,17,董　事,陳良培
115法登他000021,18,董　事,施一帆
115法登他000022,1,董事長,霍守業
115法登他000022,2,董　事,吳志中
115法登他000022,3,董　事,徐斯儉
115法登他000022,4,董　事,沈有忠
115法登他000022,5,董　事,唐　華
115法登他000022,6,董　事,李　問
115法登他000022,7,董　事,張元斌
115法登他000022,8,董　事,蔡孟君
115法登他000022,9,董　事,陳玉潔
115法登他000022,10,監察人,李　奇
115法登他000022,11,監察人,陳子儀
115法登他000022,12,監察人,陳韋廷
115法登他000023,1,理　事,柳睿宇
115法登他000023,2,常務理事,趙家君
115法登他000023,3,監　事,魏子翔
115法登他000023,4,理　事,顏伯軒
115法登他000023,5,理　事,呂金梅
115法登他000023,6,理事長,趙蕙珍
115法登他000023,7,常務監事,秦蕙盈
115法登他000023,8,理　事,吳美玉
115法登他000023,9,理　事,蘇彥邦
115法登他000023,10,理　事,柳雁樺
115法登他000023,11,常務理事,張瑞宏
115法登他000023,12,監　事,鄧凱銘
115法登他000024,1,常務理事,陳金棍
115法登他000024,2,理事長,陳佳玲
115法登他000024,3,常務理事,古嘉琳
115法登他000024,4,理　事,陳建勲
115法登他000024,5,理　事,徐震宇
115法登他000024,6,理　事,吳文裕
115法登他000024,7,理　事,陳國彩
115法登他000024,8,理　事,吳順杰
115法登他000024,9,理　事,余青穆
115法登他000024,10,常務監事,黃玉芬
115法登他000024,11,監　事,陳美惠
115法登他000024,12,監　事,黃景彬
115法登他000025,1,董　事,鄭惠元
115法登他000025,2,董　事,徐之豐
115法登他000025,3,董　事,黃偉峻
115法登他000025,4,董　事,鮑冬花
115法登他000025,5,董事長,周素秋
115法登他000027,1,董　事,陳博志
115法登他000027,4,董　事,林佳龍
115法登他000027,6,董　事,黃玉霖
115法登他000027,7,董　事,高志尚
115法登他000027,13,董　事,廖紫岑
115法登他000027,16,董　事,陳東升
115法登他000027,17,董　事,黃明和
115法登他000027,20,董　事,呂建德
115法登他000027,21,董　事,龔明鑫
115法登他000027,22,董　事,林明成
115法登他000027,23,董事長,郭建中
115法登他000027,24,董　事,呂曜志
115法登他000027,25,董　事,郭臨伍
115法登他000028,1,董　事,陳正達
115法登他000028,2,董　事,林沛練
115法登他000028,3,董事長,王永壯
115法登他000028,4,董　事,林博雄
115法登他000028,5,監察人,俞世健
115法登他000028,6,董　事,滕春慈
115法登他000028,7,董　事,劉清煌
115法登他000028,8,董　事,張天欽
115法登他000028,10,董　事,毛正氣
115法登他000028,11,監察人,蔡清彥
115法登他000028,12,董　事,林廷芳
115法登他000028,13,監察人,郭鴻基
115法登他000029,1,常務董事,賴昆佑
115法登他000029,2,董　事,黃書藏
115法登他000029,3,董事長,賴賢秀
115法登他000029,4,常務董事,賴昌秀
115法登他000029,5,董　事,黃金文
115法登他000029,6,董　事,簡漢生
115法登他000029,7,董　事,王銘富
115法登他000029,10,董　事,廖信俊
115法登他000029,12,董　事,嚴永熊
115法登他000029,13,董　事,黃仁田
115法登他000029,14,董　事,彭彬紘
115法登他000029,15,董　事,徐永鴻
115法登他000029,16,董　事,吳俊秀
115法登他000031,1,常務理事,程家麒
115法登他000031,2,理　事,林源澤
115法登他000031,3,理　事,胡佑長
115法登他000031,4,理　事,潘煜紘
115法登他000031,5,理　事,朱慧德
115法登他000031,6,常務理事,吳道文
115法登他000031,7,理　事,李政峰
115法登他000031,8,理　事,陳樂惠
115法登他000031,9,理事長,曾淑峯
115法登他000031,10,理　事,李仁鐘
115法登他000031,11,常務理事,鄧才偉
115法登他000031,12,常務理事,胡修武
115法登他000031,13,監　事,李哲祥
115法登他000031,14,理　事,劉豐豪
115法登他000031,15,監　事,黃大偉
115法登他000031,16,監　事,馬炘沂
115法登他000031,17,理　事,陳皆成
115法登他000031,18,理　事,楊明鑫
115法登他000031,19,監　事,黃培乘
115法登他000031,20,常務監事,黃鈺峰
115法登他000032,1,董　事,蔡能賢
115法登他000032,2,董　事,蔡宜芳
115法登他000032,3,董　事,江安世
115法登他000032,4,董　事,吳敏求
115法登他000032,5,董　事,陳文村
115法登他000032,6,董事長,劉兆漢
115法登他000032,7,董　事,林明瑞
115法登他000032,8,董　事,王長怡
115法登他000032,9,董　事,張韻詩
115法登他000032,10,董　事,鄭崇華
115法登他000032,11,董　事,謝詠芬
115法登他000032,12,董　事,司徒惠康
115法登他000032,13,董　事,周美吟
115法登他000033,1,理事長,林慶元
115法登他000033,2,監　事,林松根
115法登他000033,3,副理事長,賀東光
115法登他000033,4,副理事長,張貴祿
115法登他000033,5,理　事,王國恩
115法登他000033,6,理　事,林健雄
115法登他000033,7,理　事,王進義
115法登他000033,8,理　事,鍾基強
115法登他000033,9,理　事,何靜宜
115法登他000033,10,監　事,黃兆龍
115法登他000033,11,理　事,林鴻堂
115法登他000033,12,理　事,陳品志
115法登他000033,13,監　事,蘇讚儀
115法登他000033,14,常務理事,蔡匡忠
115法登他000033,15,理　事,張尚文
115法登他000033,16,理　事,郭詩毅
115法登他000033,17,理　事,張鑑祥
115法登他000033,18,常務監事,雷明遠
115法登他000033,19,監　事,王榮吉
115法登他000033,20,理　事,莊英吉
115法登他000033,21,常務理事,江欣政
115法登他000033,22,理　事,謝希棟
115法登他000034,1,董事長,林進財
115法登他000034,2,董　事,林煜基
115法登他000034,3,董　事,林文灝
115法登他000034,4,董　事,吳昌仁
115法登他000034,5,董　事,簡修平
115法登他000034,6,董　事,孫國文
115法登他000034,7,董　事,黎煥越
115法登他000034,8,董　事,郭崇喜
115法登他000034,9,董　事,許書銘
115法登他000035,1,董事長,王金平
115法登他000035,2,董　事,簡文仁
115法登他000035,3,董　事,吳成文
115法登他000035,4,副董事長,賴基銘
115法登他000035,5,董　事,葉明陽
115法登他000035,6,監察人,謝長堯
115法登他000035,7,董　事,廖裕輝
115法登他000035,9,監察人,紀雪雲
115法登他000035,10,董　事,蔡明興
115法登他000035,11,董　事,李勘文
115法登他000035,12,董　事,陳秀熙
115法登他000035,13,董　事,陳致遠
115法登他000035,14,董　事,鄭欽明
115法登他000035,15,董　事,蕭美玲
115法登他000035,16,董　事,李飛鵬
115法登他000035,17,董　事,陳宗興
115法登他000035,18,監察人,吳力人
115法登他000035,19,董　事,林建煌
115法登他000035,20,董　事,楊文慶
115法登他000035,21,董　事,蔣顯斌
115法登他000036,1,理　事,陳義軒
115法登他000036,2,常務監事,張　超
115法登他000036,3,理　事,佘斌豪
115法登他000036,4,理事長,吳文科
115法登他000036,5,理　事,陳昭儀
115法登他000036,6,理　事,陳巧菱
115法登他000036,7,理　事,何銘隆
115法登他000036,8,監　事,潘美夙
115法登他000036,9,理　事,宋慧君
115法登他000036,10,理　事,蒙　惠
115法登他000036,11,監　事,蔡炳松
115法登他000036,12,常務理事,蒙　恩
115法登他000037,3,董　事,宋豪麟
115法登他000037,5,董事長,黃鼎佑
115法登他000037,6,董　事,陳永昇
115法登他000037,7,監察人,王惠玲
115法登他000037,8,董　事,黃秉德
115法登他000037,9,董　事,陳金泉
115法登他000037,10,董　事,焦興鎧
115法登他000037,11,董　事,鄭津津
115法登他000037,12,董　事,陳添輝
115法登他000037,13,常務監察人,韓仕賢
115法登他000037,14,董　事,吳姿慧
115法登他000037,15,監察人,張其恆
115法登他000038,1,常務理事,徐文芳
115法登他000038,2,常務監事,毛明宇
115法登他000038,3,理　事,林蒼生
115法登他000038,4,理　事,陳俊伴
115法登他000038,5,理　事,謝明鑫
115法登他000038,6,常務理事,陳昭如
115法登他000038,7,會　長,蔡其昌
115法登他000038,8,理　事,賴浩敏
115法登他000038,9,理　事,賴哲鴻
115法登他000038,10,理　事,童英峰
115法登他000038,11,理　事,羅雅薫
115法登他000038,12,理　事,李棟樑
115法登他000038,13,理　事,蘇泰安
115法登他000038,14,常務理事,凃忠正
115法登他000038,15,理　事,韓蔚廷
115法登他000038,16,理　事,高英傑
115法登他000038,17,理　事,陳信揚
115法登他000038,18,理　事,劉志威
115法登他000038,19,常務理事,蔡承儒
115法登他000038,20,理　事,羅建明
115法登他000038,21,理　事,藍天勇
115法登他000038,22,常務理事,馮寄台
115法登他000038,23,常務理事,浦韋青
115法登他000038,24,理　事,張志隆
115法登他000038,25,理　事,任中傑
115法登他000038,26,監　事,方偉亷
115法登他000038,27,理　事,潘長庚
115法登他000038,28,理　事,丁仲緯
115法登他000038,29,監　事,林琮堯
115法登他000038,30,監　事,黃秀鳯
115法登他000038,31,理　事,魏俊名
115法登他000038,32,監　事,劉中平
115法登他000038,33,監　事,彭筱芸
115法登他000038,34,監　事,陳冠良
115法登他000039,1,理　事,蘇奕璋
115法登他000039,2,理　事,何慧君
115法登他000039,3,理事長,葉鴻棋
115法登他000039,4,理　事,陳盛煊
115法登他000039,5,理　事,陳持平
115法登他000039,6,監　事,邱雪媚
115法登他000039,7,副理事長,曾陽晴
115法登他000039,8,理　事,張宏聲
115法登他000039,9,監　事,林瑛姿
115法登他000039,10,常務監事,鄭海倫
115法登他000039,11,理　事,邢承華
115法登他000039,12,理　事,林注進
115法登他000040,1,常務董事,黃忠臣
115法登他000040,2,常務董事,黃建嵐
115法登他000040,3,董　事,鄭明清
115法登他000040,4,董　事,王林富
115法登他000040,5,董事長,吳岳羽
115法登他000040,6,董　事,高春麗
115法登他000040,7,董　事,汪銀夏
115法登他000040,8,董　事,葉文堂
115法登他000040,9,董　事,黃淑欽
115法登他000040,10,監　事,易國信
115法登他000040,11,常務監事,林勝彥
115法登他000040,12,監　事,姚孝武
115法登他000041,1,董事長,漆畑日実
115法登他000041,2,董　事,堀田信宣
115法登他000041,3,董　事,汪渡村
115法登他000041,4,董　事,林德晃
115法登他000041,5,董　事,蔡茂松
115法登他000041,6,監察人,芝頂恩
115法登他000043,1,董　事,王永慈
115法登他000043,2,董　事,陳毓文
115法登他000043,3,董　事,"Marcus James Frost"
115法登他000043,4,董　事,杜明達
115法登他000043,5,監察人,胡漢良
115法登他000043,7,董　事,陳一強
115法登他000043,9,監察人,陳　照
115法登他000043,10,監察人,佘曉光
115法登他000043,11,董　事,邱瑜琪
115法登他000043,12,副董事長,高璐華
115法登他000043,13,董　事,朱麗容
115法登他000043,14,董　事,蔡志堅
115法登他000043,15,董　事,陳琚安
115法登他000043,16,董事長,林啓峰
115法登他000044,1,理　事,劉怡均
115法登他000044,2,理　事,李英明
115法登他000044,3,常務理事,廖慶榮
115法登他000044,4,監　事,湯明哲
115法登他000044,5,理　事,古源光
115法登他000044,6,常務理事,林思伶
115法登他000044,7,理事長,何明果
115法登他000044,8,理　事,葛煥昭
115法登他000044,9,監　事,李天任
115法登他000044,10,理　事,王　葳
115法登他000044,11,理　事,劉維琪
115法登他000044,12,理　事,陳清河
115法登他000044,13,監事會召集人,李選士
115法登他000044,14,理　事,張國恩
115法登他000045,1,董　事,何玉美
115法登他000045,2,監察人,成佳憲
115法登他000045,3,董　事,余明隆
115法登他000045,4,董　事,陳志毅
115法登他000045,5,監察人,陳俊宏
115法登他000045,6,監察人,楊岳虎
115法登他000045,7,董　事,靳秀麗
115法登他000045,8,董　事,席慕蓉
115法登他000045,9,董　事,林志炫
115法登他000045,10,董事長,莊國偉
115法登他000045,11,董　事,黃少華
115法登他000045,12,董　事,柯博升
115法登他000045,13,監察人,邱昌芳
115法登他000045,14,董　事,邱秀渝
115法登他000045,15,董　事,曾令民
115法登他000045,16,副董事長,羅盛典
115法登他000045,17,董　事,彭佳慧
115法登他000045,18,董　事,簡呂明月
115法登他000045,19,董　事,黃華齡
115法登他000045,20,監察人,陳敏鋑
115法登他000046,1,董事長,胡榮財
115法登他000046,2,董　事,張念雪
115法登他000046,3,董　事,吳秋華
115法登他000046,4,董　事,劉芸娜
115法登他000046,5,董　事,蔡子平
115法登他000046,6,董　事,黃瑞璋
115法登他000046,7,董　事,王勝源
115法登他000046,8,監察人,莊正福
115法登他000047,1,董事長,陳維昭
115法登他000047,2,董　事,蔡紫薰
115法登他000047,3,董　事,洪焜欽
115法登他000047,4,董　事,劉華昌
115法登他000047,5,董　事,李源德
115法登他000047,6,董　事,陳石池
115法登他000047,7,董　事,林俊彬
115法登他000047,8,董　事,張武誼
115法登他000047,9,董　事,施貞菲
115法登他000047,10,董　事,廖文嘉
115法登他000047,11,董　事,李龍騰
115法登他000047,12,董　事,林明燦
115法登他000047,13,董　事,簡民一
115法登他000048,1,董事長,鄭信真
115法登他000048,4,董　事,陳明輝
115法登他000048,6,董　事,吳淑惠
115法登他000048,7,董　事,李瓊妮
115法登他000048,8,董　事,高正吉
115法登他000048,9,董　事,鄭悦恒
115法登他000048,10,董　事,林振輝
115法登他000048,11,董　事,葉惠娜
115法登他000048,12,董　事,蔡尚志
115法登他000049,1,董事長,沈　正
115法登他000049,2,董　事,張振華
115法登他000049,3,董　事,何有義
115法登他000049,4,董　事,杜明達
115法登他000049,5,董　事,周逸衡
115法登他000049,6,董　事,陳明正
115法登他000049,7,董　事,張復民
115法登他000049,8,董　事,于厚恩
115法登他000049,9,董　事,鄭忠和
115法登他000049,10,董　事,蔡清徽
115法登他000049,11,董　事,陳建信
115法登他000049,12,董　事,雷　倩
115法登他000049,13,董　事,董家驊
115法登他000049,14,董　事,藍育成
115法登他000049,15,董　事,柯嘉音
115法登他000049,16,監察人,龔天行
115法登他000050,1,董事長,鍾安住
115法登他000050,2,董　事,戴愛仁
115法登他000050,3,董　事,林恒毅
115法登他000050,4,董　事,鄒繼群
115法登他000050,5,董　事,蕭淑貞
115法登他000050,6,董　事,陸幼琴
115法登他000050,7,董　事,王德蘭
115法登他000050,8,董　事,林天德
115法登他000050,9,董　事,羅際元
115法登他000050,10,董　事,藍功堯
115法登他000050,11,董　事,趙永吉
115法登他000050,12,監察人,李裁榮
115法登他000051,1,董　事,藍育成
115法登他000051,2,董　事,張振華
115法登他000051,3,董事長,沈　正
115法登他000051,4,常務董事,陳建信
115法登他000051,6,常務董事,陳明正
115法登他000051,7,董　事,于厚恩
115法登他000051,8,副董事長,周逸衡
115法登他000051,9,董　事,董家驊
115法登他000051,10,董　事,蔡清徽
115法登他000051,13,董　事,柯嘉音
115法登他000051,14,常務董事,雷　倩
115法登他000051,15,常務董事,何有義
115法登他000051,16,常務董事,張復民
115法登他000051,17,董　事,鄭忠和
115法登他000051,18,監察人,龔天行
115法登他000051,19,董　事,杜明達
115法登他000052,1,監察人,林妙齡
115法登他000052,2,董　事,黃秀法
115法登他000052,3,董　事,江祐丞
115法登他000052,4,董　事,黃文哲
115法登他000052,5,董　事,賴之平
115法登他000052,6,董　事,廖美鈴
115法登他000052,7,董　事,劉元順
115法登他000052,8,董　事,童德裕
115法登他000052,9,監察人,尤姵文
115法登他000052,10,董　事,斯儀仙
115法登他000052,11,董　事,簡吉照
115法登他000052,12,董　事,方國璽
115法登他000052,13,監察人,馬中慧
115法登他000052,14,監察人,鄭錦洲
115法登他000052,15,董　事,吳建亨
115法登他000052,16,董事長,方仰寧
115法登他000052,17,董　事,蔡元戎
115法登他000052,18,董　事,曾鴻姿
115法登他000052,19,監察人,吳裕豐
115法登他000052,20,董　事,梁孝全
115法登他000053,1,董　事,翁子涵
115法登他000053,2,董事長,陳麗鳳
115法登他000053,3,董　事,許木寅
115法登他000053,4,董　事,蕭婕涵
115法登他000053,5,董　事,孫華璘
115法登他000053,6,董　事,許文彬
115法登他000053,7,董　事,賴志堅
115法登他000054,1,理　事,傅馨儀
115法登他000054,2,理事長,傅豐玲
115法登他000054,3,理　事,傅豐誠
115法登他000054,4,常務理事,吳鴻琪
115法登他000054,5,常務監事,劉徵茂
115法登他000054,6,常務理事,蔡維奇
115法登他000054,7,理　事,劉樹斐
115法登他000054,8,理　事,莊瑞明
115法登他000054,9,理　事,詹孟仁
115法登他000054,10,監　事,裴　恩
115法登他000054,11,理　事,陳季佑
115法登他000054,12,監　事,李玉曼
115法登他000055,1,理　事,陳奕安
115法登他000055,2,常務理事,陳伯健
115法登他000055,3,理　事,曲新天
115法登他000055,5,常務理事,鄭鴻旗
115法登他000055,7,理　事,馬嘉宏
115法登他000055,8,監　事,蔡富名
115法登他000055,10,理　事,張哲源
115法登他000055,15,常務監事,羅筠媜
115法登他000055,16,理　事,趙珩宇
115法登他000055,17,理事長,鄭建彥
115法登他000055,18,監　事,黃信惠
115法登他000055,19,理　事,謝翁銓
115法登他000056,1,董　事,"曾智勇 Ljaucu．Zingrur"
115法登他000056,2,董　事,鄭英耀
115法登他000056,3,董事長,石崇良
115法登他000056,4,董　事,洪申翰
115法登他000056,5,董　事,鄭銘謙
115法登他000056,6,董　事,林佳龍
115法登他000056,7,董　事,劉世芳
115法登他000056,8,董　事,林秋君
115法登他000056,9,董　事,方念萱
115法登他000056,10,董　事,王兆慶
115法登他000056,11,董　事,秦季芳
115法登他000056,12,董　事,余秀芷
115法登他000056,13,董　事,吳志光
115法登他000056,14,董　事,吳惠玲
115法登他000056,15,董　事,李安妮
115法登他000056,16,董　事,林志潔
115法登他000056,17,董　事,陳月娥
115法登他000056,18,董　事,黃怡翎
115法登他000056,19,董　事,薛文珍
115法登他000056,20,監察人,莊翠雲
115法登他000056,21,監察人,陳淑姿
115法登他000056,22,監察人,徐廷榕
115法登他000057,1,理事長,陳　樹
115法登他000057,2,理　事,薛富井
115法登他000057,3,副理事長,陳清港
115法登他000057,4,理　事,黃偉祥
115法登他000057,5,常務理事,陳立恒
115法登他000057,6,常務理事,吳春成
115法登他000057,7,副理事長,吳錦昌
115法登他000057,8,理　事,路孔明
115法登他000057,9,理　事,林福勤
115法登他000057,10,理　事,李孔文
115法登他000057,11,理　事,張培鏞
115法登他000057,12,理　事,沈芯菱
115法登他000057,13,理　事,林財丁
115法登他000057,14,副理事長,陳進財
115法登他000057,15,理　事,施明豪
115法登他000057,16,理　事,張利榮
115法登他000057,17,理　事,許恩得
115法登他000057,18,常務理事,林榮堅
115法登他000057,19,理　事,金晋德
115法登他000057,20,理　事,盧瑞彥
115法登他000057,21,理　事,黃朝盟
115法登他000057,22,常務監事,葉美麗
115法登他000057,23,監　事,江美桃
115法登他000057,24,監　事,呂麗莉
115法登他000057,25,監　事,楊淑卿
115法登他000057,26,監　事,許華玲
115法登他000057,27,監　事,孫鎮華
115法登他000057,28,監　事,沈榮槐
115法登他000058,1,董事長,李宏信
115法登他000058,2,董　事,李正鈺
115法登他000058,3,董　事,劉湘莉
115法登他000058,4,董　事,郭榮山
115法登他000058,5,董　事,莊瑀淇
115法登他000058,6,董　事,林志遠
115法登他000058,7,董　事,陳育麟
115法登他000059,1,董事長,陳哲宏
115法登他000059,2,董　事,曾清芸
115法登他000059,3,董　事,洪晴瀠
115法登他000059,4,董　事,許佳雯
115法登他000059,5,董　事,黃世賢
115法登他000059,6,董　事,張慶光
115法登他000059,7,董　事,陳添順
115法登他000060,1,董事長,李正宗
115法登他000060,2,監察人,張惠鈴
115法登他000060,3,董　事,陳益民
115法登他000060,4,常務監察人,張志銘
115法登他000060,5,董　事,劉憲同
115法登他000060,6,董　事,章仁香
115法登他000060,7,董　事,潘維剛
115法登他000060,8,監察人,游麗玉
115法登他000060,9,董　事,邱鏡淳
115法登他000060,10,董　事,潘維大
115法登他000060,11,董　事,李佳禾
115法登他000060,12,董　事,吳永乾
115法登他000061,1,董　事,謝北宏
115法登他000061,2,董　事,湯敏義
115法登他000061,3,董事長,王　蘭
115法登他000061,4,副董事長,方霈生
115法登他000061,5,董　事,謝　詩
115法登他000061,7,董　事,丁　立
115法登他000061,8,董　事,隋樂明
115法登他000062,1,理事長,邱祈榮
115法登他000062,2,常務理事,潘一如
115法登他000062,3,常務理事,葉欣誠
115法登他000062,4,理　事,朱世人
115法登他000062,5,理　事,吳振發
115法登他000062,6,理　事,蕭友晉
115法登他000062,7,理　事,林俊成
115法登他000062,8,理　事,林政道
115法登他000062,9,理　事,趙恭岳
115法登他000062,10,常務監事,陳玉妹
115法登他000062,11,監　事,彭俊明
115法登他000062,12,監　事,邊孝倫
115法登他000063,1,董事長,邱大展
115法登他000063,2,董　事,陳　澂
115法登他000063,3,董　事,李福軒
115法登他000063,4,董　事,陳　樹
115法登他000063,5,董　事,李鎨澂
115法登他000064,1,董事長,邱大展
115法登他000064,2,董　事,李福軒
115法登他000064,3,董　事,陳再炯
115法登他000064,4,董　事,陳　澂
115法登他000064,5,董　事,李明源
115法登他000065,1,監　事,李聲龍
115法登他000065,2,董　事,陳萬生
115法登他000065,3,監　事,林姿吟
115法登他000065,4,董　事,徐信洲
115法登他000065,5,董　事,翁清標
115法登他000065,7,常務監事,邱樹林
115法登他000065,8,常務董事,劉水生
115法登他000065,9,董　事,葉林傳
115法登他000065,10,董事長,張志成
115法登他000065,11,董　事,陳景庸
115法登他000065,13,董　事,陳建羽
115法登他000065,14,常務董事,王明昌
115法登他000065,15,常務董事,陳俊雄
115法登他000065,16,監　事,紀邱寶珠
115法登他000065,17,董　事,陳鴻章
115法登他000065,18,董　事,游啟業
115法登他000065,20,董　事,李進成
115法登他000065,21,董　事,吳昇陽
115法登他000065,22,常務董事,黃志昌
115法登他000065,23,監　事,李俊昌
115法登他000066,1,董　事,王好寬
115法登他000066,4,董　事,林惠綺
115法登他000066,7,董　事,陳玟錡
115法登他000066,8,董事長,彭金錠
115法登他000066,10,董　事,謝明哲
115法登他000066,11,董　事,楊曉雯
115法登他000066,12,董　事,黃薆芸
115法登他000067,1,董事長,李尹緒瑛
115法登他000067,2,董　事,李德維
115法登他000067,3,董　事,楊敦和
115法登他000067,5,董　事,林菊瑛
115法登他000067,7,董　事,陳　傑
115法登他000067,8,董　事,周琪芬
115法登他000067,9,董　事,蘇龍華
115法登他000067,10,董　事,時吳龍泉
115法登他000067,11,董　事,吳展良
115法登他000067,12,監察人,王育文
115法登他000068,1,董　事,吳宗霖
115法登他000068,2,董　事,黃榮基
115法登他000068,3,董　事,蘇明俊
115法登他000068,4,董事長,蔡志堅
115法登他000068,5,董　事,林文欽
115法登他000068,7,董　事,盧哲盛
115法登他000068,8,董　事,黃祈翰
115法登他000068,9,副董事長,姚建森
115法登他000068,10,董　事,潘俊達
115法登他000068,11,董　事,連祈生
115法登他000068,12,董　事,阮寶珠
115法登他000068,13,董　事,林月芬
115法登他000068,14,董　事,錢麗蓉
115法登他000069,1,董　事,陳天來
115法登他000069,2,董　事,謝英智
115法登他000069,3,董　事,沈俊成
115法登他000069,4,董　事,鄭忠仁
115法登他000069,5,董事長,楊啓仁
115法登他000069,6,董　事,陳加婓
115法登他000069,7,董　事,林憲懋
115法登他000069,8,董　事,戴約信
115法登他000069,9,董　事,楊勝榮
115法登他000069,11,董　事,施貞同
115法登他000069,12,董　事,林明人
115法登他000070,1,理　事,林長河
115法登他000070,2,常務理事,楊來發
115法登他000070,3,理　事,吳大成
115法登他000070,4,理　事,林　錕
115法登他000070,5,常務理事,楊榮育
115法登他000070,6,常務理事,邱仁豪
115法登他000070,7,常務理事,李文政
115法登他000070,8,常務理事,陳水國
115法登他000070,9,理　事,許強恭
115法登他000070,10,監事會召集人,高泉祥
115法登他000070,11,理　事,柯暐明
115法登他000070,12,理　事,林卓杰
115法登他000070,13,監　事,朱定宏
115法登他000070,14,理　事,陳大選
115法登他000070,15,理　事,葉性賢
115法登他000070,16,理　事,賴登山
115法登他000070,17,常務監事,李中富
115法登他000070,18,理　事,游高吉
115法登他000070,19,監　事,賴時光
115法登他000070,20,監　事,李建箴
115法登他000070,21,監　事,張　傑
115法登他000070,22,理　事,張文昌
115法登他000070,23,常務理事,趙傳元
115法登他000070,24,監　事,曾文斌
115法登他000070,25,理　事,鄭欽仁
115法登他000070,26,常務監事,趙家偉
115法登他000070,27,監　事,張耀仁
115法登他000070,28,理　事,楊炯浩
115法登他000070,29,理事長,洪欽耀
115法登他000070,30,理　事,陳招治
115法登他000070,31,常務理事,徐啟輝
115法登他000070,32,理　事,徐永淼
115法登他000070,33,理　事,黃　文
115法登他000070,34,常務理事,黃煌林
115法登他000070,35,理　事,戴朝旺
115法登他000070,36,理　事,施萬進
115法登他000071,1,董事長,黃昭欽
115法登他000071,2,監察人,周妙芳
115法登他000071,3,董　事,陳啓榮
115法登他000071,4,董　事,陳志維
115法登他000071,5,董　事,林緣珠
115法登他000071,6,董　事,陳莉容
115法登他000071,7,董　事,黃小娟
115法登他000071,8,董　事,陳清源
115法登他000071,9,董　事,楊明憲
115法登他000071,10,董　事,吳榮杰
115法登他000071,11,董　事,張靜貞
115法登他000071,12,董　事,陳右欣
115法登他000071,13,董　事,張素華
115法登他000071,14,監察人,王勝平
115法登他000071,15,監察人,吳芙蓉
115法登他000071,16,董　事,張澤民
115法登他000072,1,董事長,陳鳳美
115法登他000072,2,董　事,游碧玉
115法登他000072,3,董　事,陳鳳滿
115法登他000072,4,董　事,陳明雪
115法登他000072,5,董　事,吳宣儒
115法登他000072,6,董　事,劉志銳
115法登他000072,7,董　事,林思萍
115法登他000072,8,董　事,李如玉
115法登他000072,9,董　事,蔡易陵
115法登他000073,1,董　事,侯浩安
115法登他000073,2,董　事,嚴長壽
115法登他000073,3,董　事,周美青
115法登他000073,4,董　事,趙克中
115法登他000073,5,董　事,李靜芳
115法登他000073,6,董　事,劉嘉慧
115法登他000073,7,董事長,劉沁如
115法登他000074,1,董事長,劉彩轉
115法登他000074,2,董　事,許之沛
115法登他000074,3,董　事,許双亮
115法登他000074,4,董　事,林慧寬
115法登他000074,5,董　事,林清儀
115法登他000075,1,常務監事,李允立
115法登他000075,2,理　事,許惠捷
115法登他000075,3,常務理事,沈靖紘
115法登他000075,4,理　事,謝昕妤
115法登他000075,5,理　事,鄭傳新
115法登他000075,6,常務理事,賀明強
115法登他000075,7,監　事,陳俊仁
115法登他000075,8,理　事,謝孟華
115法登他000075,9,理事長,邱翠婷
115法登他000075,10,理　事,孫嘉澤
115法登他000075,11,監　事,胡皓淳
115法登他000075,14,理　事,廖文絹
115法登他000075,15,理　事,邱顯業
115法登他000075,16,理　事,杜宜恭
115法登他000076,1,董　事,李典穎
115法登他000076,2,董　事,彭立沛
115法登他000076,3,董　事,阮清華
115法登他000076,4,董事長,陳彥伯
115法登他000076,6,董　事,徐錫祥
115法登他000076,7,董　事,何奕佳
115法登他000076,8,董　事,謝委呈
115法登他000076,9,董　事,賴建信
115法登他000076,10,董　事,高星潢
115法登他000076,11,監察人,陳慧娟
115法登他000077,1,理　事,胡坤佑
115法登他000077,2,會　長,林薇莉
115法登他000077,3,監　事,楊學仁
115法登他000077,4,常務理事,黃鈴翔
115法登他000077,5,副會長,陳俊宏
115法登他000077,6,理　事,蔡雅伶
115法登他000077,7,理　事,楊嘉文
115法登他000077,8,理　事,黃世忠
115法登他000077,9,理　事,莊玉秀
115法登他000077,10,常務理事,高燕彬
115法登他000077,11,理　事,劉約崙
115法登他000077,12,理　事,陳佳伶
115法登他000077,13,理　事,陳　力
115法登他000077,14,理　事,簡敏秋
115法登他000077,15,理　事,陳正昱
115法登他000077,16,監　事,陳明宏
115法登他000077,17,理　事,林炎良
115法登他000077,18,理　事,姚嘉澆
115法登他000077,19,理　事,林秋芬
115法登他000077,20,理　事,江素珍
115法登他000077,21,理　事,陳芬珠
115法登他000077,22,常務監事,徐仙中
115法登他000077,23,常務監事,陳才友
115法登他000077,24,副會長,王章博
115法登他000077,25,理　事,陳建宏
115法登他000077,26,監　事,林嘉明
115法登他000077,27,監　事,唐慧珍
115法登他000077,28,監　事,羅翠慧
115法登他000078,1,董　事,謝志宏
115法登他000078,2,董　事,林靜雯
115法登他000078,3,董　事,蘇祐晟
115法登他000078,4,董　事,凌欣慧
115法登他000078,5,董　事,施光訓
115法登他000078,7,董事長,王傳亮
115法登他000078,8,董　事,林永勝
115法登他000078,9,董　事,王譯賢
115法登他000078,10,董　事,楊聲勇
115法登他000078,11,董　事,王繼陶
115法登他000078,12,董　事,施光恆
115法登他000078,13,董　事,陳國恩
115法登他000078,14,董　事,魏爾彰
115法登他000078,15,監察人,賴明陽
115法登他000078,16,監察人,曹善華
115法登他000079,3,董　事,趙時傑
115法登他000079,5,董事長,蕭聰達
115法登他000079,6,董　事,林淑華
115法登他000079,7,董　事,項婉清
115法登他000079,8,董　事,李定一
115法登他000080,1,董事長,呂代豪
115法登他000080,5,董　事,黃淑如
115法登他000080,6,董　事,廖家萱
115法登他000080,7,董　事,邱玉花
115法登他000080,8,董　事,吳文芳
115法登他000081,1,董事長,鄭國華
115法登他000081,2,董　事,曾宏昌
115法登他000081,3,董　事,游正田
115法登他000081,5,董　事,鄭智仁
115法登他000081,6,董　事,康景泰
115法登他000081,7,董　事,白俊男
115法登他000081,8,董　事,陳強華
115法登他000081,9,董　事,張進德
115法登他000081,10,董　事,陳國雄
115法登他000081,11,董　事,鄭大宇
115法登他000081,12,董　事,鄭大成
115法登他000081,13,董　事,鄭大偉
115法登他000081,14,董　事,凌秋華
115法登他000082,1,董　事,張達人
115法登他000082,2,董　事,鄧世雄
115法登他000082,3,監察人,江綺雯
115法登他000082,4,董　事,趙可式
115法登他000082,5,監察人,黃美涓
115法登他000082,6,董事長,葉炳強
115法登他000082,8,董　事,盧冠霖
115法登他000082,9,董　事,鄒繼群
115法登他000082,10,董　事,陳正昱
115法登他000082,11,董　事,林淑玟
115法登他000082,12,董　事,劉益宏
115法登他000084,1,理　事,蔡松錤
115法登他000084,2,理　事,張家豪
115法登他000084,3,理　事,林融詳
115法登他000084,4,理　事,鍾文采
115法登他000084,5,理　事,高文斾
115法登他000084,6,常務理事,劉中安
115法登他000084,7,監　事,高憶秋
115法登他000084,8,理　事,鍾國忠
115法登他000084,9,常務理事,石英雀
115法登他000084,10,理　事,呂姿慧
115法登他000084,11,常務理事,尤銓駿
115法登他000084,12,理　事,許雅苓
115法登他000084,13,常務監事,陳金滿
115法登他000084,14,常務理事,郭乃琦
115法登他000084,15,理　事,潘建銘
115法登他000084,16,理　事,陳華玲
115法登他000084,17,理　事,朱文慶
115法登他000084,18,理　事,丁至杰
115法登他000084,19,理　事,范綱鈞
115法登他000084,20,監　事,連進興
115法登他000084,21,理　事,王承永
115法登他000084,22,理事長,方麗文
115法登他000085,1,常務理事,于千容
115法登他000085,2,常務理事,盧瑞晟
115法登他000085,3,理　事,廖阿水
115法登他000085,4,監　事,郭國賓
115法登他000085,5,理　事,陳品燁
115法登他000085,6,理　事,陳志宗
115法登他000085,7,理事長,李錦龍
115法登他000085,8,監　事,蕭景瑜
115法登他000085,9,常務理事,陳祈樺
115法登他000085,10,理　事,劉真賓
115法登他000085,11,監　事,張弘明
115法登他000085,12,常務監事,張萬來
115法登他000085,13,常務理事,蔡佩玲
115法登他000085,14,理　事,陳昱安
115法登他000085,15,理　事,林家輝
115法登他000085,16,理　事,楊明儒
115法登他000085,17,理　事,羅素連
115法登他000085,18,理　事,林建志
115法登他000085,19,監　事,洪愷駿
115法登他000085,20,理　事,蕭弘裕
115法登他000086,1,常務理事,賴正能
115法登他000086,2,理事長,謝政勳
115法登他000086,3,常務理事,曾鈺涓
115法登他000086,4,理　事,吳祥山
115法登他000086,5,理　事,柯乃文
115法登他000086,6,理　事,童維漢
115法登他000086,7,理　事,楊義傑
115法登他000086,8,理　事,謝雷諾
115法登他000086,9,常務監事,謝麗金
115法登他000086,10,監　事,邱慧仙
115法登他000086,11,監　事,吳淑娟
115法登他000086,12,理　事,周錦松
115法登他000087,1,常務理事,謝日恆
115法登他000087,2,理　事,李世英
115法登他000087,3,理　事,邱怡蓉
115法登他000087,4,理　事,曾美慧
115法登他000087,5,理　事,陳君山
115法登他000087,6,理　事,黃世輝
115法登他000087,7,常務理事,葉培昱
115法登他000087,8,常務理事,吳國維
115法登他000087,9,常務理事,張素真
115法登他000087,10,理　事,張文彬
115法登他000087,11,理　事,王貞乃
115法登他000087,12,常務監事,謝國清
115法登他000087,13,理　事,陳威翰
115法登他000087,14,副理事長,張正揚
115法登他000087,15,常務理事,鄭秀娟
115法登他000087,16,監　事,吳季昕
115法登他000087,17,理　事,李橙安
115法登他000087,18,理　事,周聖心
115法登他000087,19,監　事,林育志
115法登他000087,20,理事長,蔡素貞
115法登他000087,21,理　事,林冠州
115法登他000087,22,監　事,徐雪芳
115法登他000087,23,理　事,曹錫智
115法登他000087,24,理　事,戴文祥
115法登他000087,25,理　事,顏惠珠
115法登他000087,26,監　事,陳懷萱
115法登他000087,27,監　事,曾靖雯
115法登他000087,28,監　事,汪亭欣
115法登他000088,1,董　事,林介夫
115法登他000088,2,董　事,尤品諭
115法登他000088,3,董事長,駱正德
115法登他000088,4,董　事,王宥登
115法登他000088,7,董　事,蕭博文
115法登他000088,10,董　事,裘明昌
115法登他000088,12,董　事,謝依倫
115法登他000088,18,董　事,陳毅光
115法登他000088,19,董　事,徐騰瑜
115法登他000089,1,理事長,賈永媫
115法登他000089,2,理　事,羅威士
115法登他000089,3,常務理事,龐炳忠
115法登他000089,4,常務理事,楊蕙瑛
115法登他000089,5,理　事,李雪珍
115法登他000089,6,理　事,劉怡廷
115法登他000089,7,理　事,洪筱玲
115法登他000089,8,理　事,何芊樺
115法登他000089,9,理　事,郭子瑀
115法登他000089,10,常務監事,王兆杰
115法登他000089,11,監　事,王珮晴
115法登他000089,12,監　事,簡志光
115法登他000090,1,董事長,童惠珍
115法登他000090,2,董　事,施郭鳳珠
115法登他000090,3,董　事,鄒宏基
115法登他000090,4,董　事,王伯綸
115法登他000090,5,董　事,麥升陽
115法登他000090,6,董　事,莊里惠
115法登他000090,7,董　事,鄭期成
115法登他000090,8,監　事,邱大展
115法登他000092,2,董　事,李淑惠
115法登他000092,3,常務董事,謝孟雄
115法登他000092,4,董　事,孫蔭南
115法登他000092,5,董　事,遲迎華
115法登他000092,6,董事長,翁祖模
115法登他000092,8,董　事,翁堯俊
115法登他000092,9,董　事,胡世芳
115法登他000092,10,副董事長,馮文伸
115法登他000092,11,董　事,翁靜玉
115法登他000093,1,理事長,黃淑雯
115法登他000093,2,副理事長,廖明煌
115法登他000093,3,理　事,釋宏善
115法登他000093,4,理　事,劉清三
115法登他000093,5,理　事,邱永堂
115法登他000093,6,理　事,謝碧玉
115法登他000093,7,理　事,李蔚亮
115法登他000093,8,理　事,呂沁孺
115法登他000093,9,理　事,廉聿童
115法登他000093,10,監事會召集人,趙興偉
115法登他000093,11,監　事,沈英標
115法登他000093,12,監　事,林金癸
115法登他000094,1,常務理事,張詩華
115法登他000094,2,理　事,楊智堅
115法登他000094,3,監　事,嚴郁晴
115法登他000094,4,理事長,王秀娟
115法登他000094,5,理　事,王佳琪
115法登他000094,6,理　事,詹珮玟
115法登他000094,7,常務監事,鄒萬承
115法登他000094,8,理　事,陳怡潔
115法登他000094,9,副理事長,曾威舜
115法登他000094,10,監　事,劉子瑜
115法登他000094,11,理　事,張宇欽
115法登他000094,12,理　事,巫佩純
115法登他000095,1,董　事,李君凱
115法登他000095,2,董　事,黃仲光
115法登他000095,4,董　事,張雁甯
115法登他000095,5,董事長,王雲娥
115法登他000095,6,董　事,張晉碩
115法登他000096,1,董事長,陳炤瑜
115法登他000096,2,董　事,陳東慶
115法登他000096,3,董　事,王惠文
115法登他000096,4,董　事,周經棠
115法登他000096,5,董　事,廖素貞
115法登他000096,6,董　事,余淑苹
115法登他000096,7,董　事,韓偉平
115法登他000098,1,董　事,謝玉琳
115法登他000098,2,董　事,"ROGER HUANG"
115法登他000098,3,董　事,"STEPHANIE HUANG"
115法登他000098,4,董　事,蕭金泉
115法登他000098,5,董　事,田天明
115法登他000098,7,董　事,柯王德
115法登他000098,8,董　事,陳錦玲
115法登他000098,9,董事長,蔡松坡
115法登他000098,10,董　事,林道源
115法登他000099,1,理事長,"Aasa Charlotta Noren"
115法登他000099,2,副理事長,"Louise Anna Charlotta Wikstrom"
115法登他000099,3,常務理事,蔡宜芳
115法登他000099,4,理　事,"Markus T Hallsten"
115法登他000099,5,理　事,"Mitra Barun Neogy"
115法登他000099,6,理　事,"Karl Pontus Petersson"
115法登他000099,7,理　事,鄭雅倫
115法登他000099,8,理　事,"Sibel Bahadir Aydogmus"
115法登他000099,9,理　事,余倩梅
115法登他000099,10,常務監事,"Johan Anders Ake Skarendal"
115法登他000099,11,監　事,趙均墁
115法登他000099,12,監　事,劉秉宜
115法登他000100,1,理事長,吳松霖
115法登他000100,2,理　事,許派輝
115法登他000100,3,理　事,唐雪菁
115法登他000100,4,理　事,鄧光中
115法登他000100,5,常務監事,劉冠吟
115法登他000100,6,理　事,李　芃
115法登他000100,7,理　事,顧致德
115法登他000100,8,常務理事,林　立
115法登他000100,9,常務理事,楊錫助
115法登他000100,10,監　事,劉載興
115法登他000100,11,理　事,忻潔瑀
115法登他000100,12,監　事,林冠宇
115法登他000101,1,理　事,邱孟漢
115法登他000101,2,監　事,王榮文
115法登他000101,3,理　事,羅偉銘
115法登他000101,4,理　事,戴志洋
115法登他000101,5,理　事,許弘偉
115法登他000101,6,理　事,吳俊輝
115法登他000101,7,理　事,龔建嘉
115法登他000101,8,理　事,戴東杰
115法登他000101,9,理　事,林大涵
115法登他000101,10,理事長,楊于葶
115法登他000101,11,監　事,陳郁敏
115法登他000101,12,常務監事,朱　平
115法登他000102,1,理　事,邱孟漢
115法登他000102,2,監　事,王榮文
115法登他000102,3,理　事,羅偉銘
115法登他000102,4,理　事,戴志洋
115法登他000102,5,理　事,許弘偉
115法登他000102,6,理　事,吳俊輝
115法登他000102,7,理　事,龔建嘉
115法登他000102,8,理　事,戴東杰
115法登他000102,9,理　事,林大涵
115法登他000102,10,理事長,楊于葶
115法登他000102,11,監　事,陳郁敏
115法登他000102,12,常務監事,朱　平
115法登他000103,1,董事長,陳耀輝
115法登他000103,2,董　事,陳淑汾
115法登他000103,6,董　事,吳曜宗
115法登他000103,7,董　事,賴延維
115法登他000103,8,董　事,陳全成
115法登他000103,9,董　事,陳威仁
115法登他000103,12,董　事,龔炳丞
115法登他000103,13,董　事,蕭凱仁
115法登他000103,14,董　事,許世昌
115法登他000104,1,理　事,賴漢生
115法登他000104,2,理　事,賴靜嫻
115法登他000104,3,理　事,余文儀
115法登他000104,5,常務監事,韓明榮
115法登他000104,6,理　事,陳彩仁
115法登他000104,7,理　事,賴秋淑
115法登他000104,8,理　事,李川信
115法登他000104,9,理　事,蔣為文
115法登他000104,10,理　事,張葉森
115法登他000104,11,理　事,吳建銘
115法登他000104,13,理事長,翁銘章
115法登他000104,16,監　事,黃修仁
115法登他000104,17,監　事,陳財能
115法登他000104,18,理　事,李永明
115法登他000105,1,董事長,格桑堅參
115法登他000105,2,董　事,丹增南卓
115法登他000105,3,董　事,才　嘉
115法登他000105,4,董　事,郭基瑞
115法登他000105,5,董　事,黃瑞柔
115法登他000105,6,董　事,明究玉珍
115法登他000105,7,董　事,多吉帕姆
115法登他000106,1,董事長,林陳雅子
115法登他000106,2,董　事,林怡君
115法登他000106,3,董　事,郭時安
115法登他000106,4,董　事,許淑真
115法登他000106,5,董　事,劉靜純
115法登他000107,1,董事長,林榮賜
115法登他000107,4,董　事,卓火土
115法登他000107,6,董　事,徐祖詒
115法登他000107,7,董　事,張學孔
115法登他000107,8,董　事,胡學海
115法登他000107,9,董　事,張朝棟
115法登他000107,10,董　事,林文智
115法登他000107,11,監察人,張俊德
115法登他000107,12,董　事,馬豫芳
115法登他000107,13,董　事,賴靜嫻
115法登他000107,14,董　事,李岳奇
115法登他000107,15,董　事,杜文苓
115法登他000108,1,理事長,林政良
115法登他000108,2,常務理事,饒卿凱
115法登他000108,3,監　事,張鳳月
115法登他000108,4,理　事,林子微
115法登他000108,5,常務理事,林子淵
115法登他000108,6,理　事,許信和
115法登他000108,7,理　事,陳李寶琴
115法登他000108,8,理　事,陳永昇
115法登他000108,9,理　事,陳郭麗珠
115法登他000108,10,常務監事,黃桂蘭
115法登他000108,11,理　事,林志良
115法登他000108,12,監　事,黃福春
115法登他000109,1,常務監事,林政良
115法登他000109,2,理　事,邱秀珠
115法登他000109,3,理　事,林妍君
115法登他000109,4,理　事,張鳳月
115法登他000109,5,理　事,黃福春
115法登他000109,6,監　事,林子微
115法登他000109,7,理　事,黃致榮
115法登他000109,8,理　事,劉筑宜
115法登他000109,9,理　事,陳郭麗珠
115法登他000109,10,理事長,黃桂蘭
115法登他000109,11,監　事,林子淵
115法登他000109,12,理　事,朱姵蓉
115法登他000110,1,監　事,吳瑞元
115法登他000110,2,理　事,許秀雯
115法登他000110,3,常務理事,潘琴葳
115法登他000110,4,理　事,王孝勇
115法登他000110,5,理　事,張哲源
115法登他000110,6,常務監事,楊佳嫻
115法登他000110,7,監　事,張睿耘
115法登他000110,8,理　事,黃尚卿
115法登他000110,9,理事長,潘天慶
115法登他000110,10,常務理事,邱亮士
115法登他000110,11,理　事,陳美華
115法登他000110,12,理　事,詹佳蓉
115法登他000110,13,理　事,王仲軒
115法登他000110,14,理　事,羅盤針
115法登他000111,1,常務理事,曾喜鵬
115法登他000111,2,理事長,蔡文宜
115法登他000111,3,常務理事,魏兆廷
115法登他000111,4,理　事,邱　翊
115法登他000111,5,理　事,吳涵瑜
115法登他000111,6,理　事,林志豪
115法登他000111,7,理　事,馬中原
115法登他000111,8,理　事,郭麗津
115法登他000111,9,理　事,郭德慧
115法登他000111,10,理　事,陳巨凱
115法登他000111,11,常務監事,王毓正
115法登他000111,12,理　事,童儀展
115法登他000111,13,理　事,劉誥洋
115法登他000111,14,理　事,廖怡雅
115法登他000111,15,監　事,李宜倩
115法登他000111,16,監　事,鄭佑軒
115法登他000112,1,董　事,謝尚賢
115法登他000112,2,董　事,李榮林
115法登他000112,3,董　事,林芳媖
115法登他000112,4,董　事,劉永順
115法登他000112,5,董事長,宋玫玫
115法登他000112,6,董　事,陳漢銘
115法登他000112,7,董　事,陳翠蓮
115法登他000112,8,董　事,陳志偉
115法登他000112,9,董　事,高志尚
115法登他000112,10,董　事,王嘉昇
115法登他000112,11,董　事,劉美娥
115法登他000112,12,監察人,林振鵬
115法登他000113,1,理　事,吳承翰
115法登他000113,2,常務理事,楊宇凡
115法登他000113,3,理　事,詹寶珠
115法登他000113,4,監　事,塗明達
115法登他000113,5,常務理事,張修書
115法登他000113,6,理　事,王安宇
115法登他000113,7,理　事,江育霖
115法登他000113,8,理　事,陳桂苓
115法登他000113,9,理事長,邱泓文
115法登他000113,10,監　事,陳亮均
115法登他000113,11,常務監事,李三剛
115法登他000113,12,理　事,彭群芳
115法登他000114,1,董　事,李嗣涔
115法登他000114,2,副董事長,"David Firestein"
115法登他000114,4,董　事,魏美玉
115法登他000114,5,副董事長,陳維昭
115法登他000114,6,監察人,"Robert Parker"
115法登他000114,8,董　事,賀陳弘
115法登他000114,9,董　事,吳清基
115法登他000114,10,監察人,陳聰富
115法登他000114,11,董　事,"David Arnold"
115法登他000114,13,董　事,陳季筑
115法登他000114,14,董　事,"Horst Rademacher"
115法登他000114,16,董事長,劉兆玄
115法登他000114,17,董　事,陳力俊
115法登他000114,18,董　事,薛　琦
115法登他000114,19,董　事,管中閔
115法登他000114,20,董　事,張家祝
115法登他000114,21,董　事,郭　位
115法登他000115,1,董事長,釋宏善
115法登他000115,2,董　事,杜芳玲
115法登他000115,3,董　事,林昭慶
115法登他000115,4,董　事,廖明煌
115法登他000115,7,董　事,黃淑雯
115法登他000115,8,董　事,石少庠
115法登他000115,9,董　事,楊光祚
115法登他000115,11,董　事,張彤慧
115法登他000115,12,董　事,趙興偉
115法登他000115,14,董　事,林恩舟
115法登他000115,15,董　事,劉宗民
115法登他000115,16,董　事,黃演宏
115法登他000115,17,董　事,柳如伶
115法登他000117,1,董事長,郭麗菊
115法登他000117,2,董　事,梁鳳琴
115法登他000117,3,董　事,張秀葉
115法登他000117,4,董　事,呂鳳凰
115法登他000117,5,董　事,朱麗玉
115法登他000117,6,董　事,蔡美鳳
115法登他000117,7,董　事,蕭金松
115法登他000117,8,董　事,張照欣
115法登他000117,9,董　事,高明道
115法登他000118,2,監　事,楊瑞蓮
115法登他000118,3,理　事,王紹堉
115法登他000118,5,理　事,吳怡芬
115法登他000118,6,理事長,李　銓
115法登他000118,7,常務監事,馬君梅
115法登他000118,8,常務理事,蔡茂昌
115法登他000118,9,理　事,徐正冠
115法登他000118,10,常務理事,樊中原
115法登他000118,11,理　事,潘維大
115法登他000118,12,理　事,林育慶
115法登他000118,13,理　事,李復甸
115法登他000118,14,監　事,關芳春
115法登他000118,15,理　事,沈佩蒂
115法登他000118,18,理　事,王金龍
115法登他000119,1,董事長,王鈺芬
115法登他000119,2,董　事,簡王龍
115法登他000119,3,董　事,陳吟鑫
115法登他000119,4,董　事,李如儀
115法登他000119,5,董　事,張益豪
115法登他000120,1,董　事,陳佩君
115法登他000120,2,董　事,張建一
115法登他000120,3,董　事,陳麗卿
115法登他000120,4,董　事,王煦棋
115法登他000120,5,董事長,簡立忠
115法登他000120,6,董　事,林修銘
115法登他000120,7,董　事,黃華瑋
115法登他000120,8,董　事,陳俊宏
115法登他000120,9,董　事,程明乾
115法登他000120,10,監察人,郭嘉宏
115法登他000120,11,董　事,林丙輝
115法登他000120,12,董　事,孫雅麗
115法登他000120,13,監察人,高晶萍
115法登他000120,14,董　事,黃炳鈞
115法登他000120,15,董　事,薛敏正
115法登他000120,16,監察人,盧敬植
115法登他000120,17,監察人,葉仕國
115法登他000120,18,董　事,林淑玲
115法登他000120,19,董　事,王義明
115法登他000120,20,監察人,王貴增
115法登他000121,1,董事長,林鶴雄
115法登他000121,2,董　事,楊偉勛
115法登他000121,3,董　事,劉秀雯
115法登他000121,4,董　事,陳啓豪
115法登他000121,5,董　事,王水深
115法登他000121,6,董　事,陳培哲
115法登他000121,7,董　事,盛望徽
115法登他000121,8,董　事,楊培銘
115法登他000121,9,董　事,李嘉哲
115法登他000121,10,董　事,高嘉宏
115法登他000121,11,董　事,胡芳蓉
115法登他000121,13,董　事,莊峻鍠
115法登他000121,14,董　事,歐淑芳
115法登他000121,16,董　事,劉俊人
115法登他000121,17,董　事,蔡清祥
115法登他000121,18,董　事,李世章
115法登他000121,19,董　事,廖士程
115法登他000121,20,董　事,張維典
115法登他000121,21,董　事,謝炎盛
115法登他000123,2,董　事,李謀偉
115法登他000123,4,監察人,蕭子凱
115法登他000123,5,董　事,黃齊元
115法登他000123,6,董　事,蔣顯斌
115法登他000123,8,監察人,張宏嘉
115法登他000123,9,董事長,黃志遠
115法登他000123,11,董　事,余範英
115法登他000123,14,董　事,史欽泰
115法登他000123,15,董　事,莊嘉元
115法登他000123,17,董　事,吳東進
115法登他000123,20,監察人,曾志朗
115法登他000123,22,董　事,陳建志
115法登他000123,23,董　事,盧超群
115法登他000123,24,董　事,林嘉明
115法登他000124,1,董　事,胡玉倩
115法登他000124,2,董　事,寇紹㨗
115法登他000124,3,董　事,蔡恩鴻
115法登他000124,4,董　事,寇紹恩
115法登他000124,5,常務董事,黃文鴻
115法登他000124,6,董事長,楊吉田
115法登他000124,7,董　事,劉惠慈
115法登他000124,8,董　事,滕光政
115法登他000124,10,董　事,金培文
115法登他000124,11,常務董事,鄭有恒
115法登他000124,12,董　事,邱連發
115法登他000125,1,常務理事,釋慧淨
115法登他000125,3,理　事,釋淨嘉
115法登他000125,4,理　事,釋淨根
115法登他000125,5,常務監事,釋淨平
115法登他000125,6,理　事,釋淨磐
115法登他000125,7,理　事,釋淨威
115法登他000125,8,理事長,釋淨音
115法登他000125,9,理　事,釋淨承
115法登他000125,10,理　事,釋淨航
115法登他000125,11,理　事,釋淨恩
115法登他000125,15,理　事,釋淨開
115法登他000125,17,常務理事,釋淨仁
115法登他000125,18,理　事,釋淨隆
115法登他000125,19,理　事,釋淨草
115法登他000125,20,監　事,張展仁
115法登他000125,21,監　事,釋弘眞
115法登他000126,1,董事長,黃振輝
115法登他000126,2,董　事,呂秀金
115法登他000126,3,董　事,馬淑敏
115法登他000126,4,董　事,王僾霏
115法登他000126,5,董　事,陳美鳳
115法登他000126,6,董　事,李娟嫆
115法登他000126,7,董　事,陳郭麗琴
115法登他000127,1,董　事,鄭騰燦
115法登他000127,2,董　事,蘇春生
115法登他000127,3,董　事,范瑞穎
115法登他000127,4,董　事,丁　淦
115法登他000127,5,董　事,王國城
115法登他000127,6,董　事,鄭昭賢
115法登他000127,7,董事長,袁明琦
115法登他000127,8,董　事,周輝政
115法登他000127,9,董　事,許美麗
115法登他000127,10,董　事,林水龍
115法登他000127,11,董　事,蔡秋安
115法登他000127,12,董　事,羅心瑜
115法登他000127,13,董　事,賴立俊
115法登他000128,1,董事長,邱立堅
115法登他000128,2,董　事,邱啟新
115法登他000128,3,董　事,李月娥
115法登他000128,4,董　事,邱元逸
115法登他000128,5,董　事,邱柏君
115法登他000129,1,董事長,李冠毅
115法登他000129,2,監察人,黃文彥
115法登他000129,4,監察人,陳杏莉
115法登他000129,5,董　事,林聰仁
115法登他000129,6,董　事,劉曜華
115法登他000129,8,董　事,陳玉芳
115法登他000129,9,董　事,歐陽玉萍
115法登他000129,10,董　事,劉力瑜
115法登他000129,11,董　事,廖玉琳
115法登他000130,1,董事長,吳繼釗
115法登他000130,2,董　事,劉嘉琪
115法登他000130,3,董　事,何祖瑛
115法登他000130,4,董　事,王雪沼
115法登他000130,5,董　事,蘇森相
115法登他000130,8,董　事,郭英釗
115法登他000130,10,董　事,陳俊志
115法登他000130,11,董　事,廖小玟
115法登他000130,12,董　事,熊瑞香
115法登他000130,14,董　事,陳慧娟
115法登他000130,15,董　事,楊玉如
115法登他000130,16,副董事長,李張美鳳
115法登他000130,17,董　事,潘淑瑞
115法登他000130,18,董　事,李威廷
115法登他000130,19,董　事,李宜洋
115法登他000130,20,監察人,范瑞蓮
115法登他000131,1,常務監事,陳榮傑
115法登他000131,2,理　事,蔡冠昌
115法登他000131,3,理　事,陳世奉
115法登他000131,4,監　事,李麗華
115法登他000131,5,監　事,賴俊年
115法登他000131,6,常務理事,陳俊宏
115法登他000131,7,理事長,賴德威
115法登他000131,8,常務理事,潘素珠
115法登他000131,9,理　事,林耕州
115法登他000131,10,理　事,盧穩竹
115法登他000131,11,理　事,崔秋麗
115法登他000131,12,理　事,沈德嵐
115法登他000132,1,監　事,黃台琪
115法登他000132,2,理　事,謝長原
115法登他000132,3,常務理事,阮春騰
115法登他000132,4,理　事,林金德
115法登他000132,5,理　事,吳人傑
115法登他000132,6,監　事,莊順興
115法登他000132,7,理　事,陳宏銘
115法登他000132,8,理事長,萬騰州
115法登他000132,9,理　事,陳立儒
115法登他000132,10,理　事,林志墩
115法登他000132,11,常務理事,黃靖修
115法登他000132,12,常務監事,許鎮龍
115法登他000132,13,理　事,黃成龍
115法登他000132,14,理　事,張添晉
115法登他000133,1,董　事,張凱萍
115法登他000133,2,副董事長,李乾龍
115法登他000133,3,董　事,李彥秀
115法登他000133,4,董　事,李玉嬋
115法登他000133,5,董　事,李哲華
115法登他000133,6,董　事,陳素綢
115法登他000133,7,董　事,王育敏
115法登他000133,8,監察人,黃群宸
115法登他000133,9,董　事,王聲威
115法登他000133,10,董　事,王順民
115法登他000133,11,董　事,雷宏毅
115法登他000133,12,董　事,余良玲
115法登他000133,13,董事長,鄭麗文
115法登他000133,14,董　事,林進興
115法登他000133,15,董　事,吳清炎
115法登他000133,16,常務監察人,許育寧
115法登他000133,17,監察人,李　霞
115法登他000133,18,董　事,吳宗憲
115法登他000133,19,監察人,江美桃
115法登他000133,20,董　事,何心慈
115法登他000133,21,董　事,侯勝宗
115法登他000133,22,董　事,包崇明
115法登他000133,23,董　事,康秋桂
115法登他000133,24,監察人,康嘉梅
115法登他000134,1,董事長,楊泮池
115法登他000134,2,董　事,簡志誠
115法登他000134,3,董　事,黃明和
115法登他000134,4,董　事,吳明賢
115法登他000134,5,董　事,高嘉宏
115法登他000134,6,董　事,楊俊佑
115法登他000134,7,監察人,黃冠棠
115法登他000134,8,董　事,黃國晉
115法登他000134,9,董　事,陳翰容
115法登他000134,10,監察人,李建賢
115法登他000134,11,董　事,邱仲慶
115法登他000134,12,董　事,林高德
115法登他000134,13,董　事,張漢東
115法登他000134,14,董　事,余忠仁
115法登他000134,15,董　事,何弘能
115法登他000134,16,董　事,李勃興
115法登他000134,17,董　事,楊弘仁
115法登他000134,18,董　事,陳昱瑞
115法登他000134,19,董　事,邱冠明
115法登他000134,20,監察人,黃天祥
115法登他000135,1,董　事,王浩威
115法登他000135,2,董　事,邵瓊慧
115法登他000135,3,監察人,李怡志
115法登他000135,4,董　事,陳凱翔
115法登他000135,5,董　事,方念萱
115法登他000135,6,董事長,黃榮村
115法登他000135,7,董　事,柯珀汝
115法登他000135,8,董　事,陳星穎
115法登他000135,9,董　事,吳靜吉
115法登他000135,10,董　事,劉安婷
115法登他000135,11,監察人,陳業鑫
115法登他000135,12,監察人,余孟勲
115法登他000135,13,董　事,許慶玲
115法登他000135,14,董　事,鄭瑞城
115法登他000136,2,董　事,張秀鴛
115法登他000136,4,董　事,譚文玲
115法登他000136,5,董　事,戴淑芬
115法登他000136,6,董　事,羅一鈞
115法登他000136,7,董　事,張必正
115法登他000136,8,董　事,顏慕庸
115法登他000136,9,董　事,連加恩
115法登他000136,10,董　事,張峰義
115法登他000136,11,董　事,張鳳琴
115法登他000136,12,董　事,劉定萍
115法登他000136,13,董事長,黃立民
115法登他000136,14,董　事,謝佩娟
115法登他000136,15,董　事,黃瑽寧
115法登他000136,16,董　事,陳宜君
115法登他000136,17,董　事,莊銀清
115法登他000137,1,理　事,羅友三
115法登他000137,2,理　事,陳豊明
115法登他000137,3,常務理事,鄭欽明
115法登他000137,4,常務理事,余俊彥
115法登他000137,5,理　事,朱曉明
115法登他000137,6,理　事,林宏遠
115法登他000137,7,理事長,林震岩
115法登他000137,8,理　事,康家豪
115法登他000137,9,理　事,潘曉慧
115法登他000137,10,常務監事,陳振遠
115法登他000137,11,監　事,林家慶
115法登他000137,12,監　事,陳祐純
115法登他000138,1,董　事,黃淳隆
115法登他000138,2,董　事,吳孋靜
115法登他000138,3,董事長,侯芯巧
115法登他000138,4,董　事,吳舟蓉
115法登他000138,6,董　事,亓　甯
115法登他000138,7,董　事,廖淑卿
115法登他000138,8,董　事,陳妤安
115法登他000138,9,董　事,彭玉華
115法登他000138,10,監察人,王朝榮
115法登他000138,11,董　事,汪志冰
115法登他000139,1,董　事,張文亮
115法登他000139,2,董　事,張景涵
115法登他000139,3,副董事長,林麗華
115法登他000139,4,董　事,黃瀚霄
115法登他000139,5,董　事,侯翠杏
115法登他000139,6,董　事,陳育虹
115法登他000139,7,董　事,蘇　晶
115法登他000139,8,董事長,賴金波
115法登他000139,9,董　事,孫文騏
115法登他000140,1,理　事,張碧花
115法登他000140,2,常務理事,孫梅花
115法登他000140,3,理事長,彭淑花
115法登他000140,4,理　事,林鳳玉
115法登他000140,5,監　事,邱美娟
115法登他000140,6,副理事長,全艾珈
115法登他000140,7,理　事,陳鳳玉
115法登他000140,8,理　事,吳佩蓁
115法登他000140,9,常務監事,杜金花
115法登他000140,10,理　事,方倩如
115法登他000140,11,監　事,黃淑娟
115法登他000140,12,理　事,張春麗
115法登他000141,1,董　事,張美鴻
115法登他000141,2,董事長,張倉凱
115法登他000141,3,董　事,韓微風
115法登他000141,4,董　事,吳順杰
115法登他000141,5,董　事,陳順德
115法登他000141,6,董　事,賴漢威
115法登他000141,7,董　事,邱紹春
115法登他000142,1,董事長,許秉權
115法登他000142,2,董　事,周慧芳
115法登他000142,3,董　事,林郁文
115法登他000142,4,董　事,林俊甫
115法登他000142,5,董　事,王瑞鐸
115法登他000142,6,董　事,王緯歆
115法登他000142,7,董　事,賴意珺
115法登他000142,8,監察人,劉康渡
115法登他000142,9,董　事,楊懷哲
115法登他000142,10,監察人,李政家
115法登他000142,11,監察人,廖致翔
115法登他000142,12,董　事,李博仁
115法登他000143,2,董　事,黃兆明
115法登他000143,4,董事長,李克勉
115法登他000143,5,董　事,劉振忠
115法登他000143,6,董　事,鍾安住
115法登他000143,7,董　事,蘇耀文
115法登他000143,8,董　事,浦英雄
115法登他000143,9,董　事,黃敏正
115法登他000144,1,董事長,楊源明
115法登他000144,3,董　事,黃嘉祿
115法登他000144,5,監察人,陳俊傑
115法登他000144,6,董　事,許修銘
115法登他000144,7,監察人,劉章遠
115法登他000144,10,董　事,蕭瑞芬
115法登他000144,11,董　事,黃錦章
115法登他000144,12,董　事,張訓嘉
115法登他000144,13,董　事,陳宏揚
115法登他000144,14,董　事,林茂雄
115法登他000144,15,董　事,孟憲輝
115法登他000144,16,董　事,張維敦
115法登他000144,17,董　事,王勝盟
115法登他000144,19,董　事,王朝煌
115法登他000144,20,董　事,黃俊龍
115法登他000144,21,監察人,李承龍
115法登他000144,22,董　事,吳春山
115法登他000144,23,監察人,李貴琪
115法登他000144,24,董　事,陳建興
115法登他000144,25,董　事,何煖軒
115法登他000144,26,董　事,楊文超
115法登他000145,2,中央常務委員,張麗善
115法登他000145,4,中央常務委員,羅智強
115法登他000145,5,中央常務委員,周季融
115法登他000145,6,中央常務委員,傅崐萁
115法登他000145,7,中央常務委員,鄭任宗
115法登他000145,8,中央常務委員,陳汪全
115法登他000145,9,中央常務委員,張育美
115法登他000145,11,中央常務委員,林琮翰
115法登他000145,12,中央常務委員,楊文科
115法登他000145,14,中央常務委員,邱奕勝
115法登他000145,15,中央常務委員,游文玉
115法登他000145,16,中央常務委員,陳慶齡
115法登他000145,17,中央常務委員,侯彩鳳
115法登他000145,18,中央常務委員,楊博仁
115法登他000145,19,中央常務委員,蔡宜助
115法登他000145,20,中央常務委員,王伯綸
115法登他000145,21,中央常務委員,孫健萍
115法登他000145,22,中央常務委員,林文瑞
115法登他000145,23,中央常務委員,高思博
115法登他000145,24,中央常務委員,卓倩慧
115法登他000145,25,中央常務委員,朱珍瑤
115法登他000145,29,中央常務委員,許育寧
115法登他000145,30,中央常務委員,鄭正鈐
115法登他000145,32,中央常務委員,吳尚鷹
115法登他000145,33,主　席,鄭麗文
115法登他000145,34,中央常務委員,蔣根煌
115法登他000145,35,中央常務委員,邱素蘭
115法登他000145,38,中央常務委員,林金結
115法登他000145,39,中央常務委員,何鷹鷺
115法登他000145,41,中央常務委員,曾文培
115法登他000145,42,中央常務委員,陳俗蓉
115法登他000145,43,中央常務委員,郭又睿
115法登他000145,44,中央常務委員,戴錫欽
115法登他000145,45,副主席,李乾龍
115法登他000145,46,副主席,季麟連
115法登他000145,47,副主席,張榮恭
115法登他000145,48,中央常務委員,黃紹庭
115法登他000145,49,中央常務委員,徐弘庭
115法登他000145,50,副主席,蕭旭岑
115法登他000146,1,董事長,張恩誠
115法登他000146,3,董　事,朱啟銘
115法登他000146,4,董　事,張敏男
115法登他000146,5,董　事,張維晏
115法登他000146,7,董　事,呂美卿
115法登他000146,8,董　事,趙麗雲
115法登他000146,9,董　事,謝方嶧
115法登他000147,1,常務董事,陳淑姿
115法登他000147,3,常務董事,邱垂正
115法登他000147,7,董　事,周景揚
115法登他000147,8,董　事,陳鈴津
115法登他000147,9,常務董事,莊翠雲
115法登他000147,11,董　事,彭信坤
115法登他000147,13,董　事,李怡庭
115法登他000147,14,董事長,曹添旺
115法登他000147,15,常務董事,黃茂雄
115法登他000147,16,董　事,徐旭東
115法登他000147,17,董　事,張傳章
115法登他000147,18,常務董事,江文若
115法登他000147,20,董　事,陳思寬
115法登他000147,21,常務監察人,呂桔誠
115法登他000147,22,監察人,王雅玲
115法登他000147,23,監察人,陳虹如
115法登他000148,1,常務董事,趙國光
115法登他000148,2,董事長,潘璦琬
115法登他000148,3,董　事,邱煌森
115法登他000148,4,常務董事,廖碧英
115法登他000148,5,董　事,何振宇
115法登他000148,7,董　事,陳美玲
115法登他000148,9,董　事,彭仁郁
115法登他000148,10,常務董事,陳思豪
115法登他000148,11,常務董事,林靜文
115法登他000148,12,董　事,伍維婷
115法登他000148,13,董　事,張人仰
115法登他000149,1,董　事,"KAO MIN-HWAN"
115法登他000149,2,董　事,阮文聰
115法登他000149,3,董　事,葉文堂
115法登他000149,4,董　事,陳昭珍
115法登他000149,6,董　事,黃榮堅
115法登他000149,7,董　事,楊思偉
115法登他000149,8,董事長,高文環
115法登他000149,9,董　事,詹森林
115法登他000149,10,董　事,陳聰富
115法登他000150,1,理　事,李達平
115法登他000150,2,理　事,莊英堯
115法登他000150,3,理　事,莊豐誠
115法登他000150,4,理　事,王俊凱
115法登他000150,5,監　事,張訓嘉
115法登他000150,6,理　事,楊錦昆
115法登他000150,7,理　事,林建華
115法登他000150,8,理事長,謝賢勳
115法登他000150,9,副理事長,江奕陞
115法登他000150,10,理　事,周宇廷
115法登他000150,11,理　事,丁惠貞
115法登他000150,12,理　事,張永亮
115法登他000151,1,董事長,林哲豪
115法登他000151,2,董　事,吳玲嬋
115法登他000151,3,董　事,王重治
115法登他000151,4,董　事,林宗富
115法登他000151,5,董　事,蔡治宇
115法登他000151,6,董　事,陳婉甄
115法登他000151,7,董　事,林仁安
115法登他000152,5,董　事,馬維建
115法登他000152,6,董　事,袁惠兒
115法登他000152,7,董　事,翁　健
115法登他000152,10,董　事,馬維辰
115法登他000152,12,董　事,周筱玲
115法登他000152,13,董事長,申鼎籛
115法登他000152,14,董　事,陳修偉
115法登他000152,15,董　事,劉宗聖
115法登他000152,16,董　事,楊曉文
115法登他000153,1,理　事,潘聖杰
115法登他000153,2,理　事,彭成營
115法登他000153,3,常務理事,彭成千
115法登他000153,4,常務監事,陳蔚慈
115法登他000153,5,理　事,陳松岳
115法登他000153,6,監　事,蔡宜蓁
115法登他000153,7,理　事,林亮宏
115法登他000153,8,理　事,王東平
115法登他000153,9,常務理事,林育璋
115法登他000153,10,理　事,彭家揚
115法登他000153,11,理事長,彭家怡
115法登他000153,12,監　事,林巧雯
115法登他000154,1,監察人,洪永泰
115法登他000154,2,董　事,莊文忠
115法登他000154,3,董　事,黃德福
115法登他000154,4,董　事,劉嘉薇
115法登他000154,5,董事長,游清鑫
115法登他000154,6,董　事,蕭怡靖
115法登他000154,7,監察人,陳陸輝
115法登他000154,8,董　事,林瓊珠
115法登他000154,9,監察人,何思因
115法登他000154,10,董　事,包正豪
115法登他000155,1,董　事,劉怡均
115法登他000155,2,董　事,藍偉瑩
115法登他000155,3,董　事,王　葳
115法登他000155,4,監察人,蕭述三
115法登他000155,5,常務董事,廖高賢
115法登他000155,6,常務董事,林思伶
115法登他000155,7,常務董事,李蔡彥
115法登他000155,9,董　事,陳惠萍
115法登他000155,10,常務董事,高為元
115法登他000155,11,董　事,李志鵬
115法登他000155,12,董　事,郭伯臣
115法登他000155,14,常務董事,沈孟儒
115法登他000155,15,常務監察人,葛煥昭
115法登他000155,16,監察人,陳姿蓉
115法登他000155,17,董　事,武東星
115法登他000155,18,常務董事,吳正己
115法登他000155,19,董　事,林奇宏
115法登他000155,22,董事長,陳文章
115法登他000156,1,董事長,陳龍吉
115法登他000156,2,董　事,丁立文
115法登他000156,3,董　事,林伯豐
115法登他000156,4,董　事,黃溢銓
115法登他000156,5,董　事,吳一民
115法登他000156,6,董　事,張西龍
115法登他000156,7,董　事,林知海
115法登他000156,8,董　事,陳冠霖
115法登他000156,9,董　事,游勝傑
115法登他000156,10,董　事,尹新垣
115法登他000156,11,董　事,林以專
115法登他000156,12,董　事,李正明
115法登他000156,14,董　事,江鴻龍
115法登他000156,15,董　事,楊基振
115法登他000156,16,董　事,陳尊賢
115法登他000156,17,副董事長,陳吉宏
115法登他000156,18,董　事,王雅玢
115法登他000156,19,董　事,洪肇嘉
115法登他000156,21,監察人,郭裕文
115法登他000156,22,董　事,陳輝俊
115法登他000156,23,監察人,盧治楚
115法登他000156,24,監察人,張　瑋
115法登他000156,25,董　事,魏有慶
115法登他000156,26,董　事,莊燿瑋
115法登他000157,1,董　事,張咀亮
115法登他000157,2,董　事,廖義泉
115法登他000157,3,董事長,謝長安
115法登他000157,4,董　事,龔慧儀
115法登他000157,6,董　事,杜業榮
115法登他000157,7,董　事,張郇慧
115法登他000157,8,董　事,邱玉蓮
115法登他000158,1,董　事,蕭景琦
115法登他000158,2,董　事,黃麗美
115法登他000158,3,董　事,尤亞元
115法登他000158,4,董事長,陳韻如
115法登他000158,5,董　事,劉家瑞
115法登他000158,6,董　事,陳建興
115法登他000158,7,董　事,陳俊仁
115法登他000159,1,董事長,王倚惠
115法登他000159,2,董　事,李國瑋
115法登他000159,3,董　事,蔣孝剛
115法登他000159,4,董　事,李恬野
115法登他000159,5,董　事,王關生
115法登他000159,6,董　事,宋緒康
115法登他000159,7,董　事,陸義淋
115法登他000159,8,董　事,唐月妙
115法登他000159,11,董　事,張世柱
115法登他000159,12,監察人,李嘉哲
115法登他000160,1,董事長,陳昱瑞
115法登他000160,2,副董事長,陳建志
115法登他000160,3,副董事長,呂建德
115法登他000160,4,監察人,蘇輝成
115法登他000160,5,董　事,游進邦
115法登他000160,6,董　事,沈德村
115法登他000160,7,董　事,周德陽
115法登他000160,8,董　事,童敏哲
115法登他000160,9,董　事,黃靖媛
115法登他000160,10,董　事,張育美
115法登他000160,11,董　事,張文瀚
115法登他000160,12,董　事,洪子仁
115法登他000160,13,董　事,施俊明
115法登他000160,14,董　事,張育超
115法登他000160,15,董　事,陳星助
115法登他000160,16,董　事,黃集仁
115法登他000160,17,董　事,吳鏘亮
115法登他000160,18,董　事,張維仁
115法登他000160,19,董　事,蔡孟霖
115法登他000160,20,董　事,黃國晉
115法登他000160,21,董　事,陳振文
115法登他000160,22,董　事,林朝祥
115法登他000160,23,董　事,蔡爾輝
115法登他000160,24,董　事,黃志芳
115法登他000160,25,董　事,蘇若甯
115法登他000160,26,監察人,林俊彬
115法登他000160,27,監察人,蘇嘉瑞
115法登他000160,28,監察人,郭昭宏
115法登他000160,29,監察人,李芳信
115法登他000160,30,董　事,王照元
115法登他000161,1,常務監事,"Sanfelice Priscila"
115法登他000161,2,理　事,"Canceran Tagapan"
115法登他000161,3,常務理事,"Cubico Magelyn"
115法登他000161,4,常務理事,"Ulan Eva Mitra"
115法登他000161,5,監　事,"林碧燕(Rose Tiu)"
115法登他000161,6,理　事,"Campasas Mary Grace"
115法登他000161,7,理　事,"Dimayuga Jeffrey Passion"
115法登他000161,8,理　事,"艾娜琳(Arnalene Saladino)"
115法登他000161,9,理　事,"Teng Mary Rose"
115法登他000161,10,理事長,"Helena Marques"
115法登他000161,11,理　事,"Ignalig Mercy Argoncillo"
115法登他000161,12,監　事,"Chua Ermelyn"
115法登他000162,1,理　事,謝美玲
115法登他000162,2,常務理事,吳奇偉
115法登他000162,3,理　事,林春蘭
115法登他000162,4,監　事,陳月清
115法登他000162,5,監　事,黃雲霞
115法登他000162,6,常務理事,徐嘉琴
115法登他000162,7,理　事,劉琬怡
115法登他000162,8,常務理事,趙龍德
115法登他000162,9,理　事,許瑞洪
115法登他000162,10,常務理事,黃念珍
115法登他000162,11,理　事,黃雲璘
115法登他000162,12,理　事,張大豊
115法登他000162,13,常務理事,張玉婷
115法登他000162,14,常務監事,賴裕美
115法登他000162,15,常務理事,蘇慧玲
115法登他000162,16,理　事,褚慶中
115法登他000162,17,理　事,李淑媛
115法登他000162,18,監　事,陳積善
115法登他000162,19,理　事,張秝溱
115法登他000162,20,理事長,張耀仁
115法登他000162,21,監　事,蔡櫻鑾
115法登他000162,22,理　事,莊惠如
115法登他000162,23,監　事,許美珍
115法登他000162,24,理　事,李翠娟
115法登他000162,25,理　事,葉惠美
115法登他000162,26,理　事,呂淑貞
115法登他000162,27,監　事,許芸瑄
115法登他000162,28,理　事,康錫洋
115法登他000163,1,董事長,古素琴
115法登他000163,2,董　事,蔡坤宏
115法登他000163,3,董　事,何秀芬
115法登他000163,4,董　事,張佳齡
115法登他000163,6,董　事,江松田
115法登他000163,7,董　事,周招霖
115法登他000163,8,董　事,李嘉鳳
115法登他000164,1,董事長,黃男州
115法登他000164,2,董　事,池祥麟
115法登他000164,3,董　事,陳勸仁
115法登他000164,4,董　事,許美麗
115法登他000164,7,董　事,李筱梅
115法登他000164,8,董　事,王素芸
115法登他000164,10,董　事,廖仁義
115法登他000165,1,常務理事,張志豪
115法登他000165,2,常務理事,顏一加
115法登他000165,3,理　事,應子文
115法登他000165,4,理　事,高福均
115法登他000165,5,理　事,林瑞安
115法登他000165,6,理事長,蘇泰峯
115法登他000165,7,監　事,謝政宏
115法登他000165,8,理　事,孔垂翔
115法登他000165,9,監　事,許佑銓
115法登他000165,10,常務監事,陳文祥
115法登他000165,11,理　事,蘇明仁
115法登他000165,12,理　事,杜志偉
115法登他000166,1,董事長,王水深
115法登他000166,2,董　事,任寧慧
115法登他000166,3,董　事,周賢榮
115法登他000166,4,董　事,李佳音
115法登他000166,5,董　事,徐以政
115法登他000166,6,董　事,徐千茹
115法登他000166,7,董　事,許權振
115法登他000166,8,董　事,張文乾
115法登他000166,9,董　事,張志榮
115法登他000167,1,董　事,林明信
115法登他000167,5,董　事,李崇大
115法登他000167,7,董　事,嚴從碩
115法登他000167,8,董　事,王崇旭
115法登他000167,9,董　事,蕭萬龍
115法登他000167,10,董　事,王雅唐
115法登他000167,11,董事長,蕭育仁
115法登他000167,13,監察人,林淑娟
115法登他000168,1,董事長,朱延平
115法登他000168,2,董　事,王小棣
115法登他000168,3,董　事,張俊彥
115法登他000168,4,董　事,鄔臺明
115法登他000168,5,董　事,劉聖文
115法登他000168,6,董　事,洪宏勲
115法登他000168,7,董　事,徐伯年
115法登他000168,8,董　事,周揚明
115法登他000168,9,董　事,吳適任
115法登他000168,10,董　事,曾聖凱
115法登他000168,11,董　事,江智方
115法登他000168,12,董　事,黃子鳳
115法登他000168,13,董　事,史依理
115法登他000170,1,董事長,黃昭興
115法登他000170,2,董　事,鄭先佑
115法登他000170,3,董　事,莊淑容
115法登他000170,4,董　事,涂泉明
115法登他000170,5,董　事,徐煇妃
115法登他000170,6,監察人,陳俊宏
115法登他000170,7,董　事,黃淑蕙
115法登他000170,8,董　事,張永成
115法登他000170,9,董　事,王慧珍
115法登他000170,10,董　事,湯惟真
115法登他000170,13,董　事,張素貞
115法登他000170,16,常務監察人,黃新達
115法登他000170,18,監察人,王佳雯
115法登他000170,20,董　事,黃勝泉
115法登他000170,21,董　事,李佳澤
115法登他000170,22,董　事,洪伯達
115法登他000171,1,董事長,林敏雄
115法登他000171,2,董　事,郭城孟
115法登他000171,3,董　事,郭瓊瑩
115法登他000171,4,常務董事,楊平世
115法登他000171,5,董　事,張文亮
115法登他000171,6,董　事,林博雄
115法登他000171,7,常務董事,蔡建生
115法登他000171,8,董　事,李金龍
115法登他000171,9,董　事,許榮輝
115法登他000171,10,董　事,蔡致中
115法登他000171,11,董　事,陳文山
115法登他000171,12,董　事,林輔政
115法登他000171,13,監察人,莊慧玫
115法登他000171,14,董　事,簡文秀
115法登他000171,15,常務董事,劉振榮
115法登他000171,16,常務董事,蔡明哲
115法登他000171,17,監察人,邱祈榮
115法登他000171,18,董　事,杜德成
115法登他000171,19,董　事,江淑惠
115法登他000171,20,董　事,黃裕星
115法登他000171,21,董　事,張宜君
115法登他000171,22,董　事,曾彥學
115法登他000171,23,監察人,魏秋瑞
115法登他000171,24,董　事,盧虎生
115法登他000171,25,監察人,陳建志
115法登他000171,26,監察人,李偉文
115法登他000171,27,監察人,賴素燕
115法登他000171,28,監察人,林弘斌
115法登他000172,1,董事長,陳明國
115法登他000172,2,董　事,許瑞蓮
115法登他000172,3,董　事,許能郎
115法登他000172,4,董　事,林佳韻
115法登他000172,5,董　事,王蔡阿省
115法登他000173,1,監　事,施立成
115法登他000173,2,理　事,曹世綸
115法登他000173,3,理　事,賴秀雯
115法登他000173,4,理事長,陳幼臻
115法登他000173,5,監　事,潘思亮
115法登他000173,6,副理事長,曾崇凱
115法登他000173,7,理　事,謝宛芝
115法登他000173,8,監　事,蘇智民
115法登他000173,9,常務副理事長,馬靜如
115法登他000173,10,理　事,王珮馨
115法登他000173,11,理　事,"Silver Daniel Glenn"
115法登他000173,12,理　事,黃蔚文
115法登他000173,13,理　事,葉素秋
115法登他000173,14,理　事,秦素霞
115法登他000174,1,董　事,張馨仁
115法登他000174,2,董事長,林晏君
115法登他000174,3,董　事,黃詩穎
115法登他000174,4,董　事,萬孟瑋
115法登他000174,5,董　事,陳怡安
115法登他000174,6,董　事,林水木
115法登他000174,7,副董事長,陳春蘭
115法登他000174,8,董　事,陳信愷
115法登他000174,9,董　事,洪珮筠
115法登他000175,1,常務理事,胡維華
115法登他000175,2,理　事,薛位山
115法登他000175,3,常務理事,林彥岑
115法登他000175,4,理事長,許境鱗
115法登他000175,5,理　事,楊世宏
115法登他000175,6,理　事,蔡易尊
115法登他000175,7,理　事,王宗隆
115法登他000175,8,理　事,李韶華
115法登他000175,9,理　事,李晏禎
115法登他000175,10,監　事,李榮耕
115法登他000175,11,監　事,王文正
115法登他000175,12,常務監事,林心怡
115法登他000176,1,董事長,陳盛泉
115法登他000176,2,董　事,許美洋
115法登他000176,3,董　事,張　珏
115法登他000176,4,董　事,呂烱明
115法登他000176,5,董　事,陳怡秀
115法登他000176,6,董　事,陳博光
115法登他000176,7,董　事,黃月桂
115法登他000177,1,董事長,崔源道
115法登他000177,2,董　事,周書宏
115法登他000177,3,董　事,許珍惠
115法登他000177,4,董　事,王廸吾
115法登他000177,5,董　事,鐘翊豪
115法登他000178,1,董　事,傅蒨怡
115法登他000178,2,董事長,陳彥玲
115法登他000178,3,董　事,張瑞芬
115法登他000178,4,董　事,吳謙仁
115法登他000178,5,董　事,廖乾宏
115法登他000178,6,董　事,張耀彩
115法登他000178,7,董　事,蕭光超
115法登他000179,1,理　事,羅偉睿
115法登他000179,2,理　事,倪邇思
115法登他000179,3,理　事,安薩瑞
115法登他000179,4,理　事,江東林
115法登他000179,5,理　事,張瀚書
115法登他000179,6,監　事,王佳如
115法登他000179,7,理事長,格婷娜
115法登他000179,8,理　事,黃天德
115法登他000179,9,理　事,張合翕
115法登他000179,10,理　事,李少傑
115法登他000179,11,理　事,周大企
115法登他000179,12,理　事,池田秀子
115法登他000179,13,監　事,夏基恩
115法登他000179,14,理　事,"John Winter"
115法登他000179,15,理　事,陳玉芬
115法登他000179,16,理　事,杜翰思
115法登他000179,17,常務監事,鄒文邁
115法登他000179,18,監　事,凌思卓
115法登他000179,19,監　事,潘杜德
115法登他000179,20,理　事,白瑞森
115法登他000180,1,董事長,葉佳龍
115法登他000180,2,董　事,王榮文
115法登他000180,3,董　事,吳梵霖
115法登他000180,4,董　事,杜篤之
115法登他000180,5,董　事,吳文欽
115法登他000181,1,董事長,劉曾華
115法登他000181,2,董　事,邱大展
115法登他000181,3,董　事,陳　澂
115法登他000181,4,董　事,韓民生
115法登他000181,5,董　事,陳　樹
115法登他000182,1,董　事,陳秀吉
115法登他000182,2,董事長,趙又琳
115法登他000182,3,董　事,周宛瑩
115法登他000182,4,董　事,賴麗卿
115法登他000182,5,董　事,宋孟欣
115法登他000183,1,理　事,郭信男
115法登他000183,2,理　事,周伯鍾
115法登他000183,3,理　事,林帥宏
115法登他000183,4,理　事,羅蕉森
115法登他000183,5,理　事,劉謙儒
115法登他000183,6,理事長,陳雅蓮
115法登他000183,7,常務理事,朱榮群
115法登他000183,8,理　事,蕭宸婕
115法登他000183,9,常務理事,陳麗玲
115法登他000183,10,監　事,游承勳
115法登他000183,11,常務監事,梁　志
115法登他000183,12,監　事,張玉婷
115法登他000184,1,董事長,陳宇慷
115法登他000184,2,董　事,何彥東
115法登他000184,3,董　事,龔美慈
115法登他000184,4,董　事,吳子康
115法登他000184,5,董　事,詹德恩
115法登他000185,1,監察人,白雪嬅
115法登他000185,2,董　事,劉冠宏
115法登他000185,3,董　事,陳曾玉葉
115法登他000185,4,董　事,黃肇嘉
115法登他000185,5,董　事,曹德華
115法登他000185,6,董　事,張炳煌
115法登他000185,7,董　事,吳泓瑩
115法登他000185,8,董　事,林余德
115法登他000185,9,董　事,蘇羿恩
115法登他000185,10,董事長,周龍田
115法登他000185,11,董　事,陳美岫
115法登他000185,12,監察人,丁文祺
115法登他000185,13,董　事,陳淑貞
115法登他000185,14,監察人,沈會承
115法登他000185,15,董　事,林文堃
115法登他000185,16,董　事,林文勝
115法登他000186,1,董事長,張斌堂
115法登他000186,2,董　事,吳財順
115法登他000186,3,董　事,林勇成
115法登他000186,4,董　事,嚴曉翠
115法登他000186,5,監察人,邱煌達
115法登他000186,6,董　事,張智鈞
115法登他000186,7,董　事,沈榮宗
115法登他000186,8,董　事,杜居燦
115法登他000187,1,董事長,蔣孝嚴
115法登他000187,2,董　事,帥化民
115法登他000187,3,董　事,陳世圮
115法登他000187,4,董　事,陳長文
115法登他000187,5,董　事,趙　林
115法登他000187,6,董　事,程家瑞
115法登他000187,7,董　事,蔣蕙筠
115法登他000187,9,董　事,李辰雄
115法登他000187,10,董　事,烏元彥
115法登他000188,1,理事長,周時屏
115法登他000188,2,副理事長,趙元旗
115法登他000188,3,常務理事,林寶臨
115法登他000188,4,理　事,叢樹朗
115法登他000188,5,理　事,葉明陽
115法登他000188,6,理　事,王志誠
115法登他000188,7,理　事,蔡鴻祺
115法登他000188,8,理　事,蔡文賢
115法登他000188,9,理　事,翁炳贊
115法登他000188,10,常務監事,李千金
115法登他000188,11,監　事,楊重德
115法登他000188,12,監　事,李宏仁
115法登他000189,1,董　事,郝海晏
115法登他000189,2,董　事,沈國樑
115法登他000189,4,董　事,戴水成
115法登他000189,7,董事長,張光正
115法登他000189,8,董　事,葉文立
115法登他000189,9,董　事,張明偉
115法登他000189,10,董　事,徐傑敏
115法登他000189,11,董　事,張明華
115法登他000189,13,董　事,林伯洲
115法登他000189,14,監察人,鄧德周
115法登他000189,15,董　事,胡為真
115法登他000189,16,董　事,何邦定
115法登他000190,1,理　事,魏美齡
115法登他000190,2,常務理事,白文亮
115法登他000190,3,監　事,徐儷玲
115法登他000190,4,常務理事,蔡博元
115法登他000190,5,理　事,劉弘景
115法登他000190,6,監　事,張麗萍
115法登他000190,7,理　事,白武雄
115法登他000190,8,理　事,張謙敏
115法登他000190,9,理　事,周淑慧
115法登他000190,10,常務監事,羅重恒
115法登他000190,11,理　事,印清和
115法登他000190,12,理事長,林玉華
115法登他000191,1,理　事,黃振德
115法登他000191,2,理　事,李勘文
115法登他000191,3,常務監事,石曜合
115法登他000191,4,理　事,李乾珉
115法登他000191,5,監　事,江莉琪
115法登他000191,6,理　事,謝英哲
115法登他000191,7,副理事長,簡瑞璋
115法登他000191,8,理　事,張麗梅
115法登他000191,9,理　事,楊聲勇
115法登他000191,10,常務理事,陳政位
115法登他000191,11,理　事,林明道
115法登他000191,12,理　事,蔡易成
115法登他000191,13,監　事,方世文
115法登他000191,14,常務理事,鍾啟宏
115法登他000191,15,理事長,林錦藤
115法登他000191,16,理　事,許志謙
115法登他000191,17,理　事,詹滿色
115法登他000191,18,副理事長,楊棟樑
115法登他000191,19,監　事,陳根旺
115法登他000191,20,監　事,何率慈
115法登他000192,1,董事長,劉兆玄
115法登他000192,2,董　事,尹啓銘
115法登他000192,3,董　事,黃碧端
115法登他000192,4,董　事,蔡清彥
115法登他000192,5,董　事,張家祝
115法登他000192,6,董　事,楊炤濃
115法登他000192,7,董　事,薛香川
115法登他000192,8,董　事,鄺蕙玲
115法登他000192,9,董　事,簡慶瑩
115法登他000192,10,監察人,羅尤美
115法登他000194,1,董事長,楊仁雄
115法登他000194,2,董　事,謝奎安
115法登他000194,4,董　事,吳翠員
115法登他000194,5,董　事,林立國
115法登他000194,6,董　事,游茂輝
115法登他000194,7,董　事,謝宜洸
115法登他000194,8,董　事,許林永鈞
115法登他000194,9,董　事,張益勝
115法登他000194,10,董　事,李育斌
115法登他000195,1,董事長,林夏如
115法登他000195,2,董　事,詹長權
115法登他000195,3,董　事,侯傑騰
115法登他000195,4,董　事,"Harry Harding Jr 何漢理"
115法登他000195,5,董　事,"Alicia Garcia Herrero 艾西亞"
115法登他000195,6,董　事,施振榮
115法登他000195,7,董　事,宿文堂
115法登他000195,8,董　事,方淑華
115法登他000195,9,董　事,陳致遠
115法登他000195,10,董　事,潘思亮
115法登他000195,11,董　事,薛智偉
115法登他000195,12,董　事,蔡承融
115法登他000195,13,董　事,李承宗
115法登他000196,1,董　事,胡保生
115法登他000196,2,董　事,陳智謀
115法登他000196,3,董　事,陳　恭
115法登他000196,4,董　事,林立峯
115法登他000196,5,董事長,張員榮
115法登他000196,6,董　事,楊景儂
115法登他000196,7,董　事,成文毅
115法登他000197,1,董事長,鄭麗文
115法登他000197,2,副董事長,李鴻源
115法登他000197,3,董　事,陳宜民
115法登他000197,4,董　事,蘇宏達
115法登他000197,5,董　事,高思博
115法登他000197,6,董　事,柯志恩
115法登他000197,7,董　事,林德福
115法登他000197,8,董　事,楊永明
115法登他000197,9,董　事,陳永康
115法登他000197,10,副董事長,陳　冲
115法登他000197,11,董　事,邱淑媞
115法登他000197,12,董　事,葛如鈞
115法登他000197,13,董　事,陳菁徽
115法登他000197,14,董　事,翁曉玲
115法登他000197,15,董　事,林倩綺
115法登他000197,16,董　事,王育敏
115法登他000197,17,董　事,吳宗憲
115法登他000197,18,監察人,江美桃
115法登他000197,19,監察人,許宇甄
115法登他000197,20,監察人,王聲威
115法登他000198,1,董事長,劉振瑋
115法登他000198,7,董　事,黃俊雄
115法登他000198,8,董　事,鄭秉奇
115法登他000198,9,董　事,林淑芬
115法登他000198,10,董　事,吳正山
115法登他000198,11,董　事,邱郭佩虹
115法登他000198,12,董　事,郭美君
115法登他000199,1,董　事,杜麗華
115法登他000199,2,常務董事,邱時恩
115法登他000199,3,董　事,陳明汝
115法登他000199,4,常務董事,潘連周
115法登他000199,5,董　事,張裕屏
115法登他000199,6,董　事,吳永強
115法登他000199,7,董　事,李宜謙
115法登他000199,8,董　事,李恂潭
115法登他000199,9,常務董事,杜文珍
115法登他000199,10,董　事,徐麗嵐
115法登他000199,11,董　事,王姵方
115法登他000199,12,董　事,林坤宏
115法登他000199,13,董　事,陳文豪
115法登他000199,15,董　事,陳德南
115法登他000199,17,董　事,吳清德
115法登他000199,18,董　事,賴豐富
115法登他000199,19,常務監察人,張慧如
115法登他000199,20,董　事,蘇貴煌
115法登他000199,21,董　事,林金發
115法登他000199,22,董　事,許朝凱
115法登他000199,24,董事長,蘇治芬
115法登他000199,25,監察人,許振忠
115法登他000199,26,常務董事,余　祺
115法登他000199,27,董　事,陳東意
115法登他000199,28,董　事,許彰敏
115法登他000199,29,監察人,韓家寅
115法登他000200,2,董　事,胡松玲
115法登他000200,3,董事長,陳俊宏
115法登他000200,9,董　事,胡文中
115法登他000200,10,董　事,張惠萍
115法登他000200,11,董　事,秦葆琦
115法登他000200,12,董　事,陳麗華
115法登他000200,13,董　事,周麗芳
115法登他000200,15,董　事,王致傑
115法登他000200,16,董　事,游明慧
115法登他000200,17,董　事,李佳穎
115法登他000200,18,董　事,林文淞
115法登他000201,1,監　事,陳昭如
115法登他000201,2,理　事,陳佩甄
115法登他000201,3,監　事,吳嘉苓
115法登他000201,4,理事長,王舒芸
115法登他000201,5,常務監事,王儷靜
115法登他000201,6,理　事,蔡孟哲
115法登他000201,7,副理事長,李柏翰
115法登他000201,8,理　事,林書怡
115法登他000201,9,理　事,楊雅雯
115法登他000201,10,理　事,翁康容
115法登他000201,11,理　事,余貞誼
115法登他000201,12,理　事,劉　文
115法登他000202,1,理　事,陳建源
115法登他000202,2,常務監事,徐慶忠
115法登他000202,5,常務理事,劉桂光
115法登他000202,6,理　事,羅家強
115法登他000202,7,常務理事,辜琮瑜
115法登他000202,8,理　事,張洸源
115法登他000202,10,理事長,黃國珍
115法登他000202,11,理　事,歐任旂
115法登他000202,12,理　事,張煇志
115法登他000202,14,監　事,林三櫻
115法登他000202,16,理　事,楊婉儀
115法登他000202,20,監　事,丁淑惠
115法登他000203,1,常務理事,張上淳
115法登他000203,2,理　事,楊志新
115法登他000203,3,監　事,楊泮池
115法登他000203,4,理事長,余忠仁
115法登他000203,5,理　事,洪冠予
115法登他000203,6,監　事,何弘能
115法登他000203,7,理　事,吳麥斯
115法登他000203,8,監　事,李興中
115法登他000203,9,監　事,李伯皇
115法登他000203,10,理　事,黃立民
115法登他000203,11,理　事,詹長權
115法登他000203,12,常務監事,黃政華
115法登他000203,13,常務理事,黃瑞仁
115法登他000203,14,理　事,孫維仁
115法登他000203,15,理　事,陳宜君
115法登他000203,16,監　事,洪焜隆
115法登他000203,17,監　事,王水深
115法登他000203,18,常務理事,倪衍玄
115法登他000203,19,監　事,黃天祥
115法登他000203,20,理　事,高淑芬
115法登他000203,21,常務理事,高嘉宏
115法登他000203,22,理　事,林正介
115法登他000203,23,理　事,鍾飲文
115法登他000203,24,理　事,葉宏一
115法登他000203,25,理　事,林世昌
115法登他000203,26,常務理事,吳明賢
115法登他000203,27,常務理事,楊偉勛
115法登他000203,28,理　事,薛博仁
115法登他000203,29,理　事,黃建寧
115法登他000203,30,理　事,蔡甫昌
115法登他000203,31,理　事,黃俊升
115法登他000203,32,常務理事,方基存
115法登他000203,33,理　事,陳慧玲
115法登他000203,34,理　事,黃國晉
115法登他000203,35,理　事,盛望徽
115法登他000203,36,理　事,王拔群
115法登他000203,37,監　事,余幸司
115法登他000203,38,理　事,馬惠明
115法登他000203,39,理　事,劉景寬
115法登他000203,40,常務理事,余明隆
115法登他000204,1,理事長,陳明蕾
115法登他000204,2,常務理事,黃國珍
115法登他000204,3,常務理事,丘美珍
115法登他000204,4,常務監事,劉桂光
115法登他000204,5,監　事,陳怡儒
115法登他000204,6,理　事,張萬春
115法登他000204,7,理　事,林冬菊
115法登他000204,8,理　事,劉瑤君
115法登他000204,9,理　事,袁瑞伶
115法登他000204,10,監　事,劉珮君
115法登他000204,11,理　事,朱元隆
115法登他000204,12,理　事,陳偉泓
115法登他000205,1,常務理事,潘文炎
115法登他000205,2,理　事,吳昕東
115法登他000205,3,理　事,余騰耀
115法登他000205,4,監　事,林永周
115法登他000205,5,理　事,黃仁弘
115法登他000205,6,理　事,李宏德
115法登他000205,7,理　事,廖滄龍
115法登他000205,8,理　事,陳厚福
115法登他000205,9,常務理事,朱少華
115法登他000205,10,理　事,陳建緯
115法登他000205,11,理　事,徐雅蓉
115法登他000205,12,理　事,陳何家
115法登他000205,13,監　事,何麗君
115法登他000205,14,理　事,鍾士偉
115法登他000205,15,理　事,洪再興
115法登他000205,16,監　事,李皇章
115法登他000205,17,監　事,畢淑蒨
115法登他000205,18,常務理事,張四立
115法登他000205,19,理事長,陳綠蔚
115法登他000205,20,理　事,劉晟熙
115法登他000205,21,常務理事,吳上賓
115法登他000205,22,常務監事,張鴻江
115法登他000205,23,理　事,湯守立
115法登他000205,24,常務理事,林克彥
115法登他000205,25,理　事,林為棟
115法登他000205,26,常務理事,曹　明
115法登他000206,1,理　事,江文隆
115法登他000206,2,理　事,黃煌需
115法登他000206,3,理　事,黃王錦華
115法登他000206,4,監　事,徐永芹
115法登他000206,5,監　事,黃廖美津
115法登他000206,6,理事長,吳怡瑢
115法登他000206,7,理　事,黃文成
115法登他000206,8,理　事,蘇永盛
115法登他000206,9,理　事,王泓仁
115法登他000206,10,理　事,張新仁
115法登他000206,11,常務監事,歐陽端端
115法登他000206,12,理　事,鄭歌詠
115法登他000207,1,董　事,蘇彥宇
115法登他000207,2,董　事,高建民
115法登他000207,3,董　事,許純榮
115法登他000207,4,董事長,李　豪
115法登他000207,6,董　事,許佩榮
115法登他000208,1,董事長,黃健庭
115法登他000208,2,董　事,韓民生
115法登他000208,3,董　事,吳清基
115法登他000208,4,董　事,張裕泰
115法登他000208,5,董　事,李玉嬋
115法登他000208,6,監察人,黃　城
115法登他000208,7,董　事,郭蕙蘭
115法登他000208,8,董　事,丁守中
115法登他000208,9,董　事,李建榮
115法登他000208,10,董　事,李仁人
115法登他000209,1,董事長,蔡政道
115法登他000209,3,董　事,蔡恩典
115法登他000209,5,董　事,張美姬
115法登他000209,6,董　事,洪明皓
115法登他000209,7,董　事,呂明雪
115法登他000209,8,董　事,阮福智
115法登他000209,9,董　事,顏珠令
115法登他000209,10,董　事,張嘉祥
115法登他000209,11,董　事,蘇明源
115法登他000209,12,董　事,趙秀虹
115法登他000209,13,董　事,王榮昌
115法登他000209,15,董　事,林建智
115法登他000209,16,董　事,蔡佩芳
115法登他000209,17,董　事,洪大川
115法登他000209,18,董　事,李旻瑋
115法登他000210,1,理事長,林坤正
115法登他000210,2,理　事,紀春錦
115法登他000210,3,理　事,柯勇全
115法登他000210,4,理　事,楊大德
115法登他000210,5,理　事,劉建宏
115法登他000210,6,理　事,鄭名道
115法登他000210,7,理　事,林健盛
115法登他000210,8,理　事,徐克宇
115法登他000210,9,理　事,蔡孟峯
115法登他000210,10,常務監事,林明芳
115法登他000210,11,監　事,陳富煒
115法登他000210,12,監　事,徐于喬
115法登他000211,2,董　事,蔡慶年
115法登他000211,4,董　事,白秀雄
115法登他000211,5,董　事,顏博榮
115法登他000211,6,董　事,陳皎眉
115法登他000211,7,董　事,林蒼生
115法登他000211,8,董　事,戴振中
115法登他000211,9,董　事,李啟弘
115法登他000211,10,董事長,李棟樑
115法登他000211,11,董　事,沈耀國
115法登他000211,12,董　事,黃允靜
115法登他000211,13,董　事,許瑞成
115法登他000211,14,董　事,廖本庸
115法登他000211,15,董　事,林宗義
115法登他000211,16,董　事,詹春柏
115法登他000211,17,董　事,李啟銘
115法登他000212,1,董事長,李宏信
115法登他000212,2,董　事,李正鈺
115法登他000212,3,董　事,蔡理里
115法登他000212,4,董　事,莊瑀淇
115法登他000212,5,董　事,劉湘莉
115法登他000212,6,董　事,林志遠
115法登他000212,7,董　事,高仕智
115法登他000213,4,董　事,褚一賢
115法登他000213,5,董　事,林益正
115法登他000213,6,董　事,黃秀虹
115法登他000213,8,董　事,王銘祿
115法登他000213,10,董　事,呂致中
115法登他000213,11,董　事,林恒毅
115法登他000213,12,董　事,楊忠明
115法登他000213,13,董　事,李佳恩
115法登他000213,14,董事長,李永桐
115法登他000213,15,董　事,劉建志
115法登他000213,16,董　事,黃淑莉
115法登他000213,17,董　事,曾弘君
115法登他000213,18,董　事,賴正恩
115法登他000214,1,常務監事,徐榮助
115法登他000214,2,董事長,簡志霖
115法登他000214,3,常務董事,陳世民
115法登他000214,4,董　事,許凱鈞
115法登他000214,5,監　事,黃林玉香
115法登他000214,6,董　事,曾光強
115法登他000214,7,監　事,吳秀美
115法登他000214,8,董　事,邱綺華
115法登他000214,9,董　事,何明緯
115法登他000214,10,董　事,賴盈良
115法登他000214,11,常務董事,葉金福
115法登他000214,12,董　事,蘇溶菁
115法登他000215,1,常務監事,毛慧芬
115法登他000215,2,常務理事,張自強
115法登他000215,3,常務理事,吳益芳
115法登他000215,4,監　事,沈明德
115法登他000215,5,理　事,蕭媺妮
115法登他000215,6,常務理事,陳明德
115法登他000215,7,理　事,張家妤
115法登他000215,8,常務理事,紀彣宙
115法登他000215,9,理　事,陳德群
115法登他000215,10,理　事,陳玉蘭
115法登他000215,11,監　事,吳菁宜
115法登他000215,12,監　事,張玲慧
115法登他000215,13,理　事,郭穠榛
115法登他000215,14,理　事,李冠逸
115法登他000215,15,監　事,蔡宜蓉
115法登他000215,16,理　事,蔡麗婷
115法登他000215,17,理　事,詹佩穎
115法登他000215,18,理事長,周映君
115法登他000215,19,理　事,黃慶凱
115法登他000215,20,理　事,陳韻玲
115法登他000216,1,監察人,賴荃賢
115法登他000216,3,常務監察人,鐘嘉德
115法登他000216,4,董　事,趙涵㨗
115法登他000216,5,董　事,劉守仁
115法登他000216,6,董　事,彭双浪
115法登他000216,7,常務董事,黃明達
115法登他000216,8,監察人,楊仁達
115法登他000216,9,董　事,李月碧
115法登他000216,10,董　事,陳秉熙
115法登他000216,11,常務董事,張振豪
115法登他000216,12,董事長,杜全昌
115法登他000216,13,董　事,陳佩汝
115法登他000217,1,董事長,趙慶民
115法登他000217,2,董　事,徐孝華
115法登他000217,3,董　事,楊慰親
115法登他000217,4,董　事,羅漢強
115法登他000217,5,董　事,劉勝東
115法登他000217,6,董　事,趙興中
115法登他000217,7,董　事,呂愛珠
115法登他000217,8,董　事,趙潔民
115法登他000217,9,董　事,趙芝良
115法登他000218,1,董　事,劉奕成
115法登他000218,3,董事長,辜公怡
115法登他000218,4,董　事,吳道揆
115法登他000218,5,董　事,李聖珉
115法登他000218,7,董　事,張孝威
115法登他000218,9,董　事,丁予康
115法登他000218,10,董　事,戴英杰
115法登他000218,11,董　事,周雅雯
115法登他000218,13,董　事,周文德
115法登他000218,14,董　事,李長庚
115法登他000218,15,董　事,蔡承儒
115法登他000219,1,常務理事,王維君
115法登他000219,2,理事長,林逸民
115法登他000219,3,常務理事,廖英熙
115法登他000219,4,理　事,郭瓊英
115法登他000219,5,理　事,曹峻維
115法登他000219,6,常務理事,陳春銅
115法登他000219,7,常務理事,吳進生
115法登他000219,8,理　事,施勝善
115法登他000219,9,理　事,廖全平
115法登他000219,10,理　事,陳永興
115法登他000219,11,理　事,廖雪鳳
115法登他000219,12,理　事,王忠孝
115法登他000219,13,監　事,賴邱貴
115法登他000219,14,理　事,劉安立
115法登他000219,15,理　事,李學忠
115法登他000219,16,常務監事,莊勝榮
115法登他000219,17,監　事,蔣煙燈
115法登他000219,18,監　事,翁錦坤
115法登他000219,19,監　事,王如寄
115法登他000219,20,理　事,陳雨鑫
115法登他000220,1,董　事,邱大展
115法登他000220,8,董　事,黃怡騰
115法登他000220,11,董　事,李福軒
115法登他000220,12,董　事,李鎨澂
115法登他000220,13,董事長,江美桃
115法登他000221,1,董　事,洪志強
115法登他000221,2,董　事,譚以德
115法登他000221,3,董　事,林詩珊
115法登他000221,5,董事長,鄭宗明
115法登他000221,6,董　事,李亦榛
115法登他000221,7,董　事,莊正己
115法登他000221,9,董　事,吳芷蕓
115法登他000222,1,董事長,李萬吉
115法登他000222,2,董　事,黃輝鐘
115法登他000222,3,董　事,李良娉
115法登他000222,4,董　事,呂聰榮
115法登他000222,5,董　事,譚蕙婷
115法登他000223,1,董事長,鍾安住
115法登他000223,3,董　事,孫志青
115法登他000223,4,董　事,李裁榮
115法登他000223,5,董　事,林天德
115法登他000223,6,董　事,羅際元
115法登他000224,2,董　事,柴松林
115法登他000224,3,董事長,蔡清祥
115法登他000224,4,董　事,許芯瑋
115法登他000224,5,董　事,吳國基
115法登他000224,6,董　事,陳昱築
115法登他000224,8,董　事,陳玉婷
115法登他000224,9,董　事,賴依筠
115法登他000224,10,董　事,蔡泓翰
115法登他000224,11,副董事長,鄭家鐘
115法登他000224,12,董　事,蔡佳菁
115法登他000224,13,董　事,徐鴻欽
115法登他000224,14,董　事,郝名媛
115法登他000224,15,董　事,黎孔平
115法登他000224,16,董　事,林峻丞
115法登他000224,17,董　事,蔡　康
115法登他000225,1,董　事,游敦行
115法登他000225,2,董　事,林一平
115法登他000225,3,董　事,蘇炎坤
115法登他000225,5,董事長,吳敏求
115法登他000225,6,董　事,李家維
115法登他000225,7,董　事,盧志遠
115法登他000225,8,董　事,郭大維
115法登他000225,9,董　事,余燈銓
115法登他000225,10,董　事,詹迺立
115法登他000226,1,董　事,許志平
115法登他000226,3,董　事,張正傑
115法登他000226,4,董　事,張平沼
115法登他000226,5,董　事,許秋暘
115法登他000226,8,董　事,陳郁秀
115法登他000226,10,董　事,盧世祥
115法登他000226,11,董事長,許德南
115法登他000226,12,董　事,洪敏弘
115法登他000226,13,董　事,林艾蓉
115法登他000226,14,董　事,郭蕙玉
115法登他000226,15,董　事,謝馥光
115法登他000227,1,常務理事,葉良吉
115法登他000227,2,監　事,楊美惠
115法登他000227,3,理　事,余淑琴
115法登他000227,4,理　事,簡安妮
115法登他000227,5,監　事,沈秉南
115法登他000227,6,理　事,梁嘉生
115法登他000227,7,理　事,蘇香朶
115法登他000227,8,理　事,周幸枝
115法登他000227,9,理　事,慈仁德姐
115法登他000227,10,理　事,李素津
115法登他000227,11,常務監事,宋勝益
115法登他000227,12,理　事,任文倩
115法登他000227,13,常務理事,姚毅賓
115法登他000227,14,副理事長,陳惠美
115法登他000227,15,理　事,陳柏蒝
115法登他000227,16,理　事,唐清鈺
115法登他000227,17,監　事,陳欣旻
115法登他000227,18,常務理事,陳志賢
115法登他000227,19,理事長,林正祺
115法登他000227,20,監　事,黃麗華
115法登他000228,1,董事長,張麗玉
115法登他000228,2,董　事,李勇德
115法登他000228,3,董　事,邱嘉興
115法登他000228,4,董　事,吳家宏
115法登他000228,5,董　事,張詠善
115法登他000228,6,董　事,高辰伶
115法登他000228,7,董　事,張桂屏
115法登他000229,1,監　事,呂良正
115法登他000229,2,理　事,嚴世傑
115法登他000229,3,監　事,沈景鵬
115法登他000229,4,理　事,楊亦東
115法登他000229,5,理　事,陳伸賢
115法登他000229,6,理　事,林祐正
115法登他000229,7,理　事,黃一平
115法登他000229,8,監　事,楊偉甫
115法登他000229,9,理　事,莊均緯
115法登他000229,10,常務理事,林子剛
115法登他000229,11,理　事,賴建信
115法登他000229,12,理　事,蔣啓恆
115法登他000229,13,理　事,胡宣德
115法登他000229,14,常務監事,高宗正
115法登他000229,15,監　事,宋裕祺
115法登他000229,16,理　事,許泰文
115法登他000229,17,監　事,邱琳濱
115法登他000229,18,常務理事,朱惕之
115法登他000229,19,理　事,王宇睿
115法登他000229,20,常務理事,莫仁維
115法登他000229,21,理　事,邱建國
115法登他000229,22,理　事,楊正君
115法登他000229,23,理　事,謝震輝
115法登他000229,24,理　事,林其璋
115法登他000229,25,理　事,李政安
115法登他000229,26,監　事,吳瑞賢
115法登他000229,27,理　事,林聰利
115法登他000229,28,常務理事,黄炳勳
115法登他000229,29,理　事,歐善惠
115法登他000229,30,理事長,謝尚賢
115法登他000230,1,董　事,莊豐如
115法登他000230,2,董事長,賴振融
115法登他000230,3,董　事,黃瑞桐
115法登他000230,5,董　事,許翠芳
115法登他000230,6,董　事,白亞未
115法登他000230,7,董　事,林欣怡
115法登他000230,8,董　事,李逢堉
115法登他000230,9,董　事,吳國華
115法登他000230,10,董　事,文羽菁
115法登他000230,11,董　事,蕭鈞榮
115法登他000230,12,董　事,施克和
115法登他000231,1,董事長,林芳燕
115法登他000231,2,董　事,林名男
115法登他000231,3,董　事,林雅娟
115法登他000231,4,董　事,許庭禎
115法登他000231,5,董　事,陳鳳蘭
115法登他000231,6,董　事,陳茂嘉
115法登他000231,7,董　事,莊淑芬
115法登他000232,1,董事長,李源德
115法登他000232,4,董　事,劉言彬
115法登他000232,5,董　事,王宗道
115法登他000232,8,董　事,張武誼
115法登他000232,9,董　事,高憲立
115法登他000232,10,董　事,謝長堯
115法登他000232,11,董　事,張維典
115法登他000232,12,董　事,施貞菲
115法登他000232,13,董　事,吳造中
115法登他000232,14,董　事,楊弘仁
115法登他000232,15,董　事,陳文鍾
115法登他000232,16,董　事,李啓明
115法登他000232,17,董　事,廖鐵宏
115法登他000233,1,董事長,陳　冲
115法登他000233,2,董　事,陳一強
115法登他000233,3,董　事,蕭酩献
115法登他000233,4,董　事,鄭瑛彬
115法登他000233,5,董　事,劉安婷
115法登他000233,6,董　事,顏漏有
115法登他000233,7,董　事,項國寧
115法登他000233,8,董　事,黃素娟
115法登他000233,9,董　事,游美月
115法登他000233,10,董　事,葛望平
115法登他000233,11,董　事,官振萱
115法登他000233,12,董　事,郭珊珊
115法登他000233,13,董　事,費家琪
115法登他000234,1,董　事,張明華
115法登他000234,2,董　事,沈國樑
115法登他000234,3,董　事,郝海晏
115法登他000234,4,董　事,張明偉
115法登他000234,7,董　事,鄭立平
115法登他000234,8,董　事,陳田文
115法登他000234,9,董事長,張光正
115法登他000234,11,董　事,楊明發
115法登他000234,13,董　事,戴水成
115法登他000234,15,董　事,葉文立
115法登他000234,16,董　事,胡為真
115法登他000234,17,董　事,林伯洲
115法登他000234,18,董　事,徐傑敏
115法登他000234,19,董　事,何邦定
115法登他000234,20,董　事,程鈺婉
115法登他000234,21,監察人,鄧德周
115法登他000235,1,理事長,呂良正
115法登他000235,2,理　事,張盈智
115法登他000235,3,監　事,林鴻鈞
115法登他000235,4,理　事,彭瑞麟
115法登他000235,5,常務理事,邱建國
115法登他000235,6,理　事,楊美媛
115法登他000235,7,常務理事,謝佶燁
115法登他000235,8,常務理事,王宇睿
115法登他000235,9,理　事,王俊傑
115法登他000235,10,理　事,吳子良
115法登他000235,11,理　事,江國權
115法登他000235,12,理　事,吳俊龍
115法登他000235,13,理　事,陳偉文
115法登他000235,14,理　事,吳志鵬
115法登他000235,15,理　事,黃一鈺
115法登他000235,16,理　事,谷念勝
115法登他000235,17,監　事,藍隆寬
115法登他000235,18,常務理事,莊均緯
115法登他000235,19,理　事,陳竹村
115法登他000235,20,理　事,陳敏正
115法登他000235,21,常務理事,陳新春
115法登他000235,22,理　事,黃士彰
115法登他000235,23,理　事,黄貞凱
115法登他000235,24,理　事,楊舜欽
115法登他000235,25,理　事,蕭興臺
115法登他000235,26,理　事,謝姍諭
115法登他000235,27,理　事,顏君賢
115法登他000235,28,理　事,葛文斌
115法登他000235,29,常務理事,林景棋
115法登他000235,30,監　事,邱宏章
115法登他000235,31,常務監事,金崇仁
115法登他000235,32,監　事,徐力平
115法登他000235,33,監　事,莊瓊紅
115法登他000235,34,監　事,陳水添
115法登他000236,1,常務監事,賴德仁
115法登他000236,2,理　事,鍾明勳
115法登他000236,3,理　事,李信謙
115法登他000236,4,常務理事,陳高欽
115法登他000236,5,監　事,高譽誠
115法登他000236,6,監　事,王亮人
115法登他000236,7,常務理事,單　瑜
115法登他000236,8,監　事,張耿嘉
115法登他000236,9,常務理事,黃名琪
115法登他000236,10,理　事,丁碩彥
115法登他000236,11,理　事,黃敏偉
115法登他000236,12,理　事,蔡楚葳
115法登他000236,13,理事長,王仁邦
115法登他000236,14,理　事,商志雍
115法登他000236,15,監　事,邱智強
115法登他000236,16,常務理事,李正達
115法登他000236,17,理　事,張傳佳
115法登他000236,18,理　事,李新民
115法登他000236,19,理　事,張正辰
115法登他000236,20,理　事,林宏彥
115法登他000237,1,理事長,林祈廷
115法登他000237,2,常務理事,周柏堅
115法登他000237,3,常務理事,葉思華
115法登他000237,4,理　事,張汝恬
115法登他000237,5,理　事,鄧十榮
115法登他000237,6,理　事,王陳春春
115法登他000237,7,理　事,艾薇瑪
115法登他000237,8,理　事,雷瑞邦
115法登他000237,9,理　事,蕭文聰
115法登他000237,10,常務監事,林緹雅
115法登他000237,11,監　事,"Christian Mayank Subodh"
115法登他000237,12,監　事,居　美
115法登他000239,1,理事長,袁中平
115法登他000239,2,理　事,李恬野
115法登他000239,3,常務理事,陳麗如
115法登他000239,4,常務理事,葉雲禎
115法登他000239,5,理　事,張睿倢
115法登他000239,6,理　事,黃式賢
115法登他000239,7,理　事,蘭　芷
115法登他000239,8,理　事,劉鴻志
115法登他000239,9,理　事,袁安瑞
115法登他000239,10,監　事,章琦玫
115法登他000239,11,常務監事,洪毓華
115法登他000239,12,監　事,章建行
115法登他000240,1,董事長,廖裕輝
115法登他000240,2,董　事,余政憲
115法登他000240,3,董　事,何卓飛
115法登他000240,4,董　事,趙士強
115法登他000240,5,董　事,陳國嘉
115法登他000240,6,董　事,廖豊民
115法登他000240,7,董　事,劉虹蘭
115法登他000241,1,董　事,劉通敏
115法登他000241,4,董　事,王乃偉
115法登他000241,5,董　事,何英俊
115法登他000241,7,董　事,陸朝武
115法登他000241,8,董　事,賴文志
115法登他000241,9,董　事,劉金火
115法登他000241,11,董　事,高　騏
115法登他000241,12,董事長,陳文華
115法登他000241,14,董　事,黃萬福
115法登他000241,15,董　事,廖金練
115法登他000241,16,董　事,熊鈺明
115法登他000241,19,董　事,林芳苓
115法登他000241,20,董　事,蔡哲夫
115法登他000241,21,董　事,林季進
115法登他000241,22,董　事,蔡文雄
115法登他000241,25,董　事,汪傳明
115法登他000241,26,董　事,蕭玫玲
115法登他000241,28,董　事,王瑞麒
115法登他000241,30,董　事,吳鴻淇
115法登他000241,31,董　事,謝秋燕
115法登他000241,32,董　事,郭芳夫
115法登他000241,33,董　事,劉垣男
115法登他000241,34,董　事,郭熟燕
115法登他000241,35,董　事,賴添錦
115法登他000241,36,董　事,林秀蓮
115法登他000241,37,董　事,楊瑞民
115法登他000241,38,董　事,邱文燦
115法登他000241,39,董　事,李瑞賢
115法登他000241,40,董　事,江連池
115法登他000241,41,董　事,林光隆
115法登他000241,42,董　事,黃德賢
115法登他000242,1,董　事,朱淑惠
115法登他000242,3,董　事,張瓊分
115法登他000242,4,董事長,莊榕芳
115法登他000242,5,董　事,陳高光
115法登他000242,6,董　事,蔡玉玲
115法登他000242,7,董　事,邱瀞慧
115法登他000242,8,董　事,吳康玉卿
115法登他000243,1,董事長,林本源
115法登他000243,2,董　事,曹慶芳
115法登他000243,3,董　事,陳玫妏
115法登他000243,4,董　事,王翔鐘
115法登他000243,5,董　事,盧章智
115法登他000243,6,董　事,朱燦煌
115法登他000243,7,董　事,林榮茂
115法登他000243,9,董　事,許勝哲
115法登他000243,10,董　事,陳清芬
115法登他000243,11,監察人,吳鴻發
115法登他000244,1,董　事,林旺根
115法登他000244,2,董　事,陳育貞
115法登他000244,3,董　事,孫　青
115法登他000244,4,董事長,劉欣蓉
115法登他000244,5,董　事,張華蓀
115法登他000245,1,理　事,溫巧如
115法登他000245,2,理　事,施于婷
115法登他000245,3,常務理事,林慧珍
115法登他000245,4,常務理事,廖元瑜
115法登他000245,5,監　事,王詩菱
115法登他000245,6,理　事,林鈺珊
115法登他000245,7,監　事,林麗芳
115法登他000245,8,常務監事,賴燕玫
115法登他000245,9,理事長,吳逸驊
115法登他000245,10,理　事,吳侑家
115法登他000245,11,理　事,劉智凱
115法登他000245,12,理　事,楊承運
115法登他000246,1,常務理事,王亞維
115法登他000246,2,理　事,陳秀鳳
115法登他000246,3,理　事,沈慧聲
115法登他000246,5,理事長,周志誠
115法登他000246,6,理　事,邱蓬新
115法登他000246,7,常務理事,陳炳宏
115法登他000246,8,理　事,黃聿清
115法登他000246,9,理　事,楊志弘
115法登他000246,10,理　事,胡幼偉
115法登他000246,11,監　事,李錫欽
115法登他000246,12,監　事,游英皓
115法登他000246,13,常務監事,張維民
115法登他000248,1,董事長,鄭至能
115法登他000248,2,常務董事,王圳宏
115法登他000248,4,董　事,張淑英
115法登他000248,5,監察人,王湘傑
115法登他000248,8,常務董事,吳昇翰
115法登他000248,9,常務董事,陳進生
115法登他000248,10,董　事,林茂雄
115法登他000248,11,常務監察人,康嘉芳
115法登他000248,12,董　事,林素妃
115法登他000248,13,董　事,陳怡君
115法登他000248,14,常務董事,林榮州
115法登他000248,15,董　事,吳進文
115法登他000248,16,董　事,張淑霞
115法登他000248,17,董　事,陳育瑩
115法登他000248,18,監察人,林侑正
115法登他000248,20,董　事,劉俐良
115法登他000249,1,董事長,陳柏廷
115法登他000249,2,董　事,姜國煒
115法登他000249,3,董　事,林政憲
115法登他000249,4,董　事,劉詠喬
115法登他000249,5,董　事,黃福田
115法登他000249,6,董　事,謝孟容
115法登他000249,7,董　事,楊棋聿
115法登他000250,1,董　事,潘建成
115法登他000250,2,董　事,張碧鳳
115法登他000250,3,董　事,蘇維彬
115法登他000250,4,董　事,周文賢
115法登他000250,5,監察人,李文源
115法登他000250,6,董　事,張翠娟
115法登他000250,7,董　事,翁燕芬
115法登他000250,8,董　事,謝國鐘
115法登他000250,10,董　事,廖芳玲
115法登他000250,11,董　事,李佳峯
115法登他000250,12,董　事,李水源
115法登他000250,13,董　事,連昭志
115法登他000250,14,董　事,羅政洲
115法登他000250,16,董　事,黃元平
115法登他000250,17,董　事,賴喜美
115法登他000250,18,常務監察人,顧婷婷
115法登他000250,19,董事長,謝明達
115法登他000250,20,監察人,陳秘順
115法登他000250,21,監察人,林銘瑶
115法登他000250,22,監察人,蕭幸金
115法登他000251,1,理　事,賴德欽
115法登他000251,2,監　事,溫旭曜
115法登他000251,3,常務理事,林耕宇
115法登他000251,4,理　事,陳立峯
115法登他000251,5,常務理事,鄭漢杰
115法登他000251,6,監　事,佘書平
115法登他000251,7,監　事,林　葳
115法登他000251,8,理　事,田家甄
115法登他000251,9,理　事,李　勃
115法登他000251,10,理　事,李彥平
115法登他000251,11,理　事,李宗翰
115法登他000251,12,理　事,李達維
115法登他000251,13,副理事長,林怡成
115法登他000251,14,理事長,林昱任
115法登他000251,15,理　事,陳立杰
115法登他000251,16,常務理事,黃日晟
115法登他000251,17,理　事,楊昌儒
115法登他000251,18,常務理事,鄭聖達
115法登他000251,19,理　事,盧威利
115法登他000251,20,理　事,吳旼彧
115法登他000251,21,理　事,盧宏杰
115法登他000251,22,理　事,洪瑋成
115法登他000251,23,理　事,林俊宏
115法登他000251,24,理　事,李家君
115法登他000251,25,常務監事,鐘偉豪
115法登他000251,26,監　事,崔衛中
115法登他000251,27,監　事,陳桔旺
115法登他000251,28,理　事,余彥頡
115法登他000251,29,常務理事,王巍穆
115法登他000251,30,監　事,林會筑
115法登他000252,1,理事長,林君英
115法登他000252,2,常務監事,王士仁
115法登他000252,3,理　事,林楓姬
115法登他000252,4,理　事,邱育溱
115法登他000252,5,監　事,王秀珊
115法登他000252,6,理　事,林蘭姬
115法登他000252,7,理　事,張　正
115法登他000252,8,常務理事,曾　滿
115法登他000252,9,理　事,黃素秋
115法登他000252,10,理　事,李昕澐
115法登他000252,11,理　事,曾鑠鑠
115法登他000252,12,常務理事,賀彥明
115法登他000252,13,監　事,巫姿宛
115法登他000252,14,理　事,劉靜琳
115法登他000253,1,董事長,高堂恩
115法登他000253,2,董　事,黃俊傑
115法登他000253,3,董　事,鄧宙攀
115法登他000253,4,董　事,陳怡良
115法登他000253,5,董　事,林奕足
115法登他000253,6,董　事,于金堂
115法登他000253,7,董　事,陳汝龍
115法登他000254,1,理事長,鄭博仁
115法登他000254,2,常務理事,夏立民
115法登他000254,3,常務理事,楊宗樺
115法登他000254,4,理　事,林傳傑
115法登他000254,5,理　事,孟慶洋
115法登他000254,6,理　事,卓掌一
115法登他000254,7,理　事,卜佑維
115法登他000254,8,理　事,張暐承
115法登他000254,9,理　事,鄭紫菱
115法登他000254,10,常務監事,李承宇
115法登他000254,11,監　事,郭孟學
115法登他000254,12,監　事,張凱傑
115法登他000256,1,董　事,宋明翰
115法登他000256,2,董　事,王珮祥
115法登他000256,3,監察人,林　育
115法登他000256,4,董事長,張志超
115法登他000256,5,董　事,鄭怡禎
115法登他000256,6,董　事,王輝華
115法登他000256,7,董　事,陳淡宜
115法登他000256,8,董　事,徐艾怡
115法登他000257,1,常務監事,鄧鳳儀
115法登他000257,2,監　事,劉任適
115法登他000257,3,理　事,鍾　維
115法登他000257,4,常務理事,張博瑋
115法登他000257,5,理事長,郭岳樺
115法登他000257,6,理　事,何國謙
115法登他000257,7,理　事,廖依玲
115法登他000257,8,理　事,張呈光
115法登他000257,9,理　事,郭振農
115法登他000257,10,常務理事,洪祈存
115法登他000257,11,理　事,鍾鳴峰
115法登他000257,12,監　事,劉煜炤
115法登他000258,1,董　事,王　煒
115法登他000258,2,董　事,王嘉穗
115法登他000258,4,董　事,呂俊憲
115法登他000258,6,董　事,黃寶慧
115法登他000258,8,董　事,蔡逸民
115法登他000258,9,董　事,侯智元
115法登他000258,10,董　事,陳慧穎
115法登他000258,11,董　事,陳玄佳
115法登他000258,12,董　事,林知延
115法登他000258,13,董　事,侯嘉騏
115法登他000258,14,董　事,林璟驊
115法登他000258,15,董事長,邱垂元
115法登他000258,16,董　事,楊文鈞
115法登他000258,17,董　事,張朝凱
115法登他000258,18,董　事,林靖德
115法登他000259,1,董　事,謝長堯
115法登他000259,2,董　事,蔡甫昌
115法登他000259,4,董　事,蔡兆勲
115法登他000259,7,董　事,楊志新
115法登他000259,8,監察人,陳祈安
115法登他000259,9,董事長,陳擇銘
115法登他000259,10,董　事,陳致遠
115法登他000259,11,董　事,林哲藝
115法登他000259,12,董　事,吳佳璇
115法登他000259,13,董　事,楊智欽
115法登他000260,2,董事長,吳中書
115法登他000260,3,董　事,朱美麗
115法登他000260,4,董　事,李家維
115法登他000260,5,董　事,董瑞斌
115法登他000260,7,董　事,陳博志
115法登他000260,10,董　事,尹啓銘
115法登他000260,11,董　事,陳思寬
115法登他000260,12,董　事,林惠玲
115法登他000260,15,董　事,許嘉棟
115法登他000260,20,董　事,朱炳昱
115法登他000260,22,董　事,林常青
115法登他000260,23,董　事,張俊仁
115法登他000260,25,董　事,韓家宇
115法登他000260,26,董　事,林明仁
115法登他000260,27,董　事,張慶瑞
115法登他000260,28,董　事,黃清苑
115法登他000260,29,董　事,洪茂蔚
115法登他000260,30,監察人,蒲樹盛
115法登他000260,31,常務監察人,游啓璋
115法登他000260,32,監察人,林嬋娟
115法登他000261,1,監　事,白陽泉
115法登他000261,2,常務監事,江誠榮
115法登他000261,3,理　事,張西龍
115法登他000261,4,理　事,王彬墀
115法登他000261,5,理事長,申永順
115法登他000261,6,理　事,吳俊儀
115法登他000261,7,常務理事,胡憲倫
115法登他000261,8,常務理事,林萊娣
115法登他000261,9,理　事,張添晉
115法登他000261,10,理　事,白子易
115法登他000261,11,常務理事,石信智
115法登他000261,12,常務理事,張四立
115法登他000262,1,理事長,羅斯瓦特
115法登他000262,2,常務監事,吳麗珍
115法登他000262,3,理　事,戴志恆
115法登他000262,4,常務理事,胡瓊怡
115法登他000262,5,理　事,何碧菁
115法登他000262,6,理　事,陸海嵐
115法登他000262,7,理　事,張仕友
115法登他000262,8,理　事,梁淑倩
115法登他000262,9,理　事,吳素綾
115法登他000262,10,常務理事,施金珠
115法登他000262,11,監　事,陳鶴翎
115法登他000262,12,監　事,施華露
115法登他000263,1,理事長,曾逸峰
115法登他000263,2,理　事,王子瑜
115法登他000263,3,理　事,張悅寧
115法登他000263,4,理　事,高欣怡
115法登他000263,5,理　事,張君涵
115法登他000263,6,理　事,林彥丞
115法登他000263,7,理　事,蕭宇辰
115法登他000263,8,常務理事,趙怡邦
115法登他000263,9,常務理事,洪明青
115法登他000263,10,常務監事,趙達羣
115法登他000263,11,監　事,曾天助
115法登他000263,12,監　事,曾偉倫
115法登他000265,1,常務監事,王明德
115法登他000265,2,常務理事,林偲妘
115法登他000265,3,副理事長,何明錦
115法登他000265,4,理　事,蕭祖澤
115法登他000265,5,理事長,謝尚賢
115法登他000265,6,理　事,戴期甦
115法登他000265,7,理　事,王正源
115法登他000265,8,理　事,林祐正
115法登他000265,9,理　事,林恭平
115法登他000265,10,理　事,謝震輝
115法登他000265,11,理　事,羅志堅
115法登他000265,12,副理事長,周頌安
115法登他000265,13,理　事,賴調燦
115法登他000265,14,理　事,王彥斌
115法登他000265,15,理　事,楊明德
115法登他000265,16,理　事,謝佶燁
115法登他000265,17,理　事,吳道生
115法登他000265,18,常務理事,楊美媛
115法登他000265,19,監　事,孫丁君
115法登他000265,20,監　事,徐徵祥
115法登他000267,1,董事長,李慶珠
115法登他000267,7,董　事,"陳 　宏"
115法登他000267,10,董　事,曾德中
115法登他000267,11,董　事,林忠銓
115法登他000267,15,董　事,黃玉翠
115法登他000267,19,董　事,周若男
115法登他000267,20,董　事,黃　威
115法登他000268,5,董事長,陳唐山
115法登他000268,6,董　事,劉孟俊
115法登他000268,7,董　事,王信賢
115法登他000268,8,董　事,盧政鋒
115法登他000268,10,董　事,楊　昊
115法登他000268,11,董　事,陳明祺
115法登他000268,12,董　事,姜皇池
115法登他000268,14,董　事,吳新興
115法登他000268,15,董　事,吳介民
115法登他000268,16,董　事,連弘宜
115法登他000268,17,董　事,李明峻
115法登他000268,18,董　事,林虹妤
115法登他000268,19,董　事,林勤富
115法登他000268,20,董　事,李姸慧
115法登他000268,21,董　事,呂曜志
115法登他000269,1,監察人,姜大為
115法登他000269,2,董事長,蔣瀚陞
115法登他000269,3,董　事,楊樹樸
115法登他000269,4,董　事,呂新科
115法登他000269,5,董　事,曾文昌
115法登他000269,6,董　事,袁興夏
115法登他000269,8,董　事,張嘉瑜
115法登他000269,9,董　事,柯佩昇
115法登他000269,10,董　事,王怡芳
115法登他000269,11,董　事,朱宗興
115法登他000269,12,監察人,閻嘯平
115法登他000271,1,理　事,黃弼僉
115法登他000271,2,理　事,吳官庭
115法登他000271,3,理　事,陳一坤
115法登他000271,4,理　事,李順敏
115法登他000271,5,理　事,古鴻坤
115法登他000271,6,理事長,喻台生
115法登他000271,7,理　事,陳偉文
115法登他000271,8,理　事,謝佶燁
115法登他000271,9,常務理事,謝定亞
115法登他000271,10,理　事,莫仁維
115法登他000271,11,理　事,劉希群
115法登他000271,12,監　事,張龍均
115法登他000271,13,理　事,黃忠發
115法登他000271,14,理　事,朱秋祥
115法登他000271,15,監　事,鄒宏基
115法登他000271,16,常務理事,陳煌銘
115法登他000271,17,理　事,黃維焄
115法登他000271,18,監　事,莊坤諺
115法登他000271,19,常務理事,林奇弘
115法登他000271,20,理　事,楊美媛
115法登他000271,21,理　事,戴期甦
115法登他000271,22,理　事,陳學聖
115法登他000271,23,理　事,林芳輝
115法登他000271,24,常務監事,陳福田
115法登他000271,25,理　事,陳士修
115法登他000271,26,監　事,楊德能
115法登他000271,27,理　事,邱宏章
115法登他000271,28,常務理事,楊智斌
115法登他000272,1,常務理事,劉靜靜
115法登他000272,2,理　事,黃進輝
115法登他000272,3,監　事,張添晉
115法登他000272,4,常務理事,吳俊儀
115法登他000272,5,監　事,吳先琪
115法登他000272,6,理　事,陳起鳳
115法登他000272,7,理事長,胡憲倫
115法登他000272,8,理　事,郭有福
115法登他000272,9,常務監事,呂穎彬
115法登他000272,10,常務理事,陳必晟
115法登他000272,11,監　事,于昌平
115法登他000272,12,理　事,楊浩彥
115法登他000272,13,理　事,劉柏定
115法登他000272,14,理　事,賴信志
115法登他000272,15,理　事,林泉興
115法登他000272,16,理　事,鄭詠紜
115法登他000272,17,常務理事,蔡振球
115法登他000272,18,理　事,管永愷
115法登他000272,19,監　事,陳怡君
115法登他000272,20,理　事,劉坤興
115法登他000274,1,理事長,陳志民
115法登他000274,2,理　事,葉彥助
115法登他000274,3,常務理事,黃尹亭
115法登他000274,4,理　事,范姜奇秀
115法登他000274,5,理　事,邱靖斐
115法登他000274,6,理　事,陳郁敏
115法登他000274,7,常務理事,洪韶卿
115法登他000274,8,理　事,吳柏昇
115法登他000274,9,理　事,吳芬娥
115法登他000274,10,監　事,林靈玉
115法登他000274,11,常務監事,簡玉華
115法登他000274,12,監　事,曹玥卿
115法登他000275,1,董事長,趙爾文
115法登他000275,2,董　事,趙政寧
115法登他000275,3,董　事,樓耀中
115法登他000275,4,董　事,齊汝萱
115法登他000275,5,董　事,熊全迪
115法登他000275,6,董　事,高有志
115法登他000275,8,董　事,潘萬來
115法登他000275,9,董　事,林睿紳
115法登他000275,10,董　事,郭銓慶
115法登他000277,1,董事長,王啓銘
115法登他000277,2,董　事,杜榮瑞
115法登他000277,3,董　事,柯承恩
115法登他000277,4,董　事,謝國松
115法登他000277,5,董　事,林嬋娟
115法登他000277,6,董　事,林蕙真
115法登他000277,7,董　事,鍾聰明
115法登他000277,8,董　事,廖芝嫻
115法登他000277,9,董　事,許文馨
115法登他000277,10,董　事,林世銘
115法登他000277,11,董　事,劉啓群
115法登他000277,12,董　事,邱純枝
115法登他000277,13,董　事,傅文芳
115法登他000277,14,董　事,周邦基
115法登他000277,15,董　事,劉順仁
115法登他000277,16,董　事,廖珮真
115法登他000277,17,董　事,郭柏如
115法登他000277,18,董　事,于紀隆
115法登他000277,19,董　事,柯志賢
115法登他000277,20,董　事,李淑華
115法登他000277,21,董　事,郭冠纓
115法登他000278,3,董　事,王力行
115法登他000278,5,董　事,胡定吾
115法登他000278,8,董　事,左正東
115法登他000278,11,董　事,陳菁徽
115法登他000278,13,董　事,鍾沛君
115法登他000278,14,董事長,金溥聰
115法登他000278,15,董　事,楊宗翰
115法登他000278,16,董　事,魏嘉生
115法登他000278,17,董　事,謝龍介
115法登他000278,18,董　事,羅智成
115法登他000278,19,董　事,黃雲生
115法登他000278,20,董　事,楊鎮浯
115法登他000278,21,董　事,辛炳巍
115法登他000278,22,董　事,吳佩雯
115法登他000278,23,董　事,林俊儀
115法登他000278,24,董　事,吳育昇
115法登他000278,25,董　事,魏嘉賢
115法登他000281,1,理事長,陳家欽
115法登他000281,2,常務理事,林琮庸
115法登他000281,3,常務理事,蔡耀坤
115法登他000281,4,理　事,黃富源
115法登他000281,5,理　事,宋重和
115法登他000281,6,理　事,王捷拓
115法登他000281,7,理　事,陳書田
115法登他000281,8,理　事,劉元順
115法登他000281,9,理　事,梁世忠
115法登他000281,10,常務監事,章光明
115法登他000281,11,監　事,劉昭龍
115法登他000281,12,監　事,蔡俊男
115法登他000282,1,董事長,蘇添財
115法登他000282,2,董　事,王廷俊
115法登他000282,5,董　事,詹俊彥
115法登他000282,6,董　事,林松雄
115法登他000282,7,董　事,許有良
115法登他000282,8,董　事,蘇月娥
115法登他000282,14,董　事,陳柏序
115法登他000282,15,董　事,陳淑玲
115法登他000282,16,監察人,薛雅倩
115法登他000282,17,監察人,許程晏
115法登他000282,18,監察人,鄭若妤
115法登他000282,20,董　事,馬豫芳
115法登他000283,1,董　事,莊漢生
115法登他000283,3,董　事,樊秦安
115法登他000283,4,董事長,張榮恭
115法登他000283,5,董　事,白宗仁
115法登他000283,6,董　事,曾新慧
115法登他000283,7,董　事,詹清池
115法登他000283,8,董　事,楊明潭
115法登他000284,1,副理事長,王晟宇
115法登他000284,2,理事長,謝宜恬
115法登他000284,3,理　事,廖乙璇
115法登他000284,4,理　事,吳毓星
115法登他000284,5,常務理事,晏揚清
115法登他000284,6,理　事,劉國威
115法登他000284,7,常務理事,黃崇祥
115法登他000284,8,理　事,彭士峯
115法登他000284,9,理　事,陳志偉
115法登他000284,10,理　事,蔡宏駿
115法登他000284,11,理　事,管定國
115法登他000284,12,理　事,楊惠文
115法登他000284,13,理　事,謝孟娟
115法登他000284,14,常務理事,林際健
115法登他000284,15,理　事,黃婉儀
115法登他000284,16,常務監事,高麗芳
115法登他000284,17,監　事,孫楷勛
115法登他000284,18,監　事,龔鵬程
115法登他000284,19,監　事,林碩斌
115法登他000284,20,監　事,陳詠翔
115法登他000285,1,董　事,林琬琬
115法登他000285,2,董事長,于紀隆
115法登他000285,4,董　事,陳俊光
115法登他000285,5,董　事,施威銘
115法登他000285,6,董　事,曹坤榮
115法登他000285,7,董　事,郭冠纓
115法登他000285,8,董　事,王明志
115法登他000285,9,董　事,林賢郎
115法登他000285,10,董　事,陳富煒
115法登他000286,1,常務理事,黃盛璘
115法登他000286,2,理　事,梁作娟
115法登他000286,3,理　事,黃淑雯
115法登他000286,4,理事長,張博然
115法登他000286,5,理　事,曾仁美
115法登他000286,6,理　事,林欣怡
115法登他000286,7,理　事,饒薏華
115法登他000286,8,常務理事,黃盛瑩
115法登他000286,9,監　事,陳湘華
115法登他000286,10,常務監事,陳俊霖
115法登他000286,11,監　事,洪賢蓉
115法登他000286,12,理　事,劉雨青
115法登他000288,1,董事長,韓國瑜
115法登他000288,2,董　事,楊政達
115法登他000288,3,董　事,葉壽山
115法登他000288,4,董　事,林之凱
115法登他000288,5,董　事,陳柏沅
115法登他000289,1,董事長,鄭麗文
115法登他000289,2,董　事,李乾龍
115法登他000289,3,董　事,董佳瑜
115法登他000289,4,董　事,林子荳
115法登他000289,5,董　事,桂宏誠
115法登他000289,6,董　事,連勝武
115法登他000289,7,董　事,孫聞詩
115法登他000289,8,董　事,汪明生
115法登他000289,9,董　事,李昶志
115法登他000289,10,董　事,俞凱威
115法登他000289,11,董　事,何鴻榮
115法登他000290,1,董事長,郭曉玲
115法登他000290,3,董　事,莊宏仁
115法登他000290,4,董　事,尹彙文
115法登他000290,5,董　事,蘇采瀅
115法登他000290,6,監察人,宋家和
115法登他000290,7,董　事,唐季祿
115法登他000291,1,董事長,廖惠美
115法登他000291,2,董　事,賴淑玲
115法登他000291,3,董　事,廖保順
115法登他000291,4,董　事,廖惠姝
115法登他000291,5,董　事,陳頴姿
115法登他000292,1,理　事,張雅雲
115法登他000292,2,理事長,林鴻志
115法登他000292,3,理　事,陳惠賢
115法登他000292,4,理　事,沈裕堂
115法登他000292,5,理　事,林錦華
115法登他000292,6,理　事,陳信勳
115法登他000292,7,理　事,洪堃斌
115法登他000292,8,常務理事,陳文田
115法登他000292,9,理　事,葉陽君
115法登他000292,10,理　事,陳烱勳
115法登他000292,11,理　事,黃貴賓
115法登他000292,12,常務理事,蔡明宏
115法登他000292,13,理　事,黃彥棻
115法登他000292,14,常務監事,李惠櫻
115法登他000292,15,監　事,侯貴凱
115法登他000292,16,監　事,楊再興
115法登他000293,1,董事長,曾盟斌
115法登他000293,2,董　事,時大鯤
115法登他000293,3,董　事,顏志行
115法登他000293,4,董　事,李式堃
115法登他000293,5,董　事,唐漢光
115法登他000293,6,董　事,葉杰瑜
115法登他000293,7,董　事,林意璇
115法登他000294,1,董事長,楊瑞昌
115法登他000294,2,董　事,呂學樸
115法登他000294,3,董　事,林進興
115法登他000294,4,董　事,陳茂嘉
115法登他000294,5,董　事,吳孟翰
115法登他000294,6,董　事,宋俊明
115法登他000294,7,董　事,李倩儀
115法登他000295,1,董事長,鄭鈞方
115法登他000295,2,董　事,李秀絹
115法登他000295,3,董　事,范華軍
115法登他000295,4,董　事,許麗玲
115法登他000295,5,董　事,黃清水
115法登他000296,1,董　事,顧其芸
115法登他000296,3,董　事,林淑貞
115法登他000296,5,董　事,洪麗惠
115法登他000296,8,董　事,金華芳
115法登他000296,11,董事長,范康登
115法登他000296,12,董　事,詹鴻恩
115法登他000296,13,董　事,黎少倫
115法登他000296,14,董　事,陳玉君
115法登他000296,15,董　事,林瑠美
115法登他000296,16,董　事,游國良
115法登他000296,17,董　事,何天蕊
115法登他000297,2,董事長,高志嘉
115法登他000297,3,董　事,高志君
115法登他000297,4,董　事,黃秀珠
115法登他000297,5,董　事,陳煌嘉
115法登他000297,6,董　事,吳奕立
115法登他000297,7,董　事,蕭哲三
115法登他000297,8,董　事,藍宏儒
115法登他000298,1,理事長,徐孝利
115法登他000298,2,常務理事,潘維剛
115法登他000298,3,理　事,李正宗
115法登他000298,4,理　事,林謝罕見
115法登他000298,5,副理事長,黃　城
115法登他000298,6,監　事,高惠敏
115法登他000298,7,理　事,陳采媛
115法登他000298,8,理　事,章王晏雯
115法登他000298,9,監　事,于月娟
115法登他000298,10,常務監事,章龍成
115法登他000298,11,理　事,曾敏敏
115法登他000298,12,理　事,李瑞金
115法登他000299,1,董事長,曾永輝
115法登他000299,2,董　事,陳家淇
115法登他000299,3,董　事,蔡文純
115法登他000299,4,董　事,游琇珠
115法登他000299,5,董　事,張瓊慧
115法登他000299,6,董　事,李慶明
115法登他000299,7,董　事,陳堅棟
115法登他000300,1,理　事,黃寶世
115法登他000300,2,理　事,葉家蓁
115法登他000300,3,副理事長,黃奎博
115法登他000300,4,理　事,李耀中
115法登他000300,5,理　事,牛煦庭
115法登他000300,6,理　事,戴遐齡
115法登他000300,7,理　事,葉匡時
115法登他000300,8,常務理事,王懋哲
115法登他000300,9,理事長,陳金泉
115法登他000300,10,常務監事,胡全威
115法登他000300,11,監　事,陳彥廷
115法登他000300,12,監　事,金洛梅
115法登他000301,1,董事長,翁肇喜
115法登他000301,2,董　事,陳翔立
115法登他000301,3,董　事,陳翔玢
115法登他000301,4,董　事,翁維駿
115法登他000301,5,董　事,許瀞心
115法登他000301,6,董　事,王志華
115法登他000301,7,董　事,楊麗雲
115法登他000302,1,理事長,王微婷
115法登他000302,2,常務理事,王元良
115法登他000302,3,常務理事,李玉珠
115法登他000302,4,理　事,李岱融
115法登他000302,5,理　事,邱莉婷
115法登他000302,6,理　事,李姵儀
115法登他000302,7,理　事,魏華妍
115法登他000302,8,理　事,俞成彥
115法登他000302,9,理　事,連心瑜
115法登他000302,10,常務監事,許瑜芳
115法登他000302,11,監　事,吳忠霖
115法登他000302,12,監　事,吳家芸
115法登他000303,5,董事長,林中天
115法登他000303,7,董　事,蔡坤龍
115法登他000303,13,董　事,楊靜宇
115法登他000303,14,董　事,季昭華
115法登他000303,15,董　事,林郁玟
115法登他000303,16,董　事,周郁菁
115法登他000303,17,董　事,林翰佑
115法登他000303,18,董　事,張照勤
115法登他000303,19,董　事,孫蕙如
115法登他000303,20,董　事,廖泰慶
115法登他000303,21,董　事,邱顯傑
115法登他000303,22,董　事,陳謙豪
115法登他000303,23,董　事,韓立祥
115法登他000303,24,董　事,楊孝柏
115法登他000303,25,董　事,李家榮
115法登他000304,1,董　事,阮正雄
115法登他000304,2,董　事,羅金文
115法登他000304,3,董　事,董光義
115法登他000304,4,董事長,董光世
115法登他000304,5,董　事,尹秀英
115法登他000304,6,董　事,蘇慶華
115法登他000304,7,董　事,李玲玟
115法登他000305,1,理　事,嚴竹蘭
115法登他000305,2,常務理事,洪儷瑜
115法登他000305,3,常務理事,郭馨美
115法登他000305,4,理事長,李黛宜
115法登他000305,5,理　事,王瓊珠
115法登他000305,6,常務理事,劉永寧
115法登他000305,7,監　事,孟瑛如
115法登他000305,8,理　事,張榮華
115法登他000305,9,理　事,陳淑真
115法登他000305,10,理　事,歐秀智
115法登他000305,11,監　事,楊蕎伊
115法登他000305,12,理　事,蔣承華
115法登他000305,13,理　事,畢淑華
115法登他000305,14,常務理事,張　泓
115法登他000305,15,理　事,黃若慈
115法登他000305,16,理　事,蕭素英
115法登他000305,17,理　事,陳麗文
115法登他000305,18,監　事,張淑華
115法登他000305,19,常務監事,高癸主
115法登他000305,20,監　事,陳宛庭
115法登他000306,1,理　事,林謝罕見
115法登他000306,2,理　事,李黛宜
115法登他000306,3,常務監事,劉永寧
115法登他000306,4,監　事,何美華
115法登他000306,5,理　事,王美玲
115法登他000306,6,理　事,陳姿璇
115法登他000306,7,常務理事,郭馨美
115法登他000306,8,理事長,張連嘉
115法登他000306,9,理　事,陳麗秋
115法登他000306,10,常務理事,傅麗安
115法登他000306,11,監　事,高癸主
115法登他000306,12,理　事,許宜婷
115法登他000307,1,董事長,陳玉蓮
115法登他000307,2,董　事,陳允恭
115法登他000307,3,董　事,陳何家
115法登他000307,4,董　事,劉家華
115法登他000307,5,董　事,林定元
115法登他000307,6,董　事,凌春玉
115法登他000307,7,董　事,李武錚
115法登他000307,8,監察人,張致祥
115法登他000307,9,董　事,潘正華
115法登他000307,10,董　事,陳崴薇
115法登他000308,1,董　事,李　悅
115法登他000308,2,董　事,凃永輝
115法登他000308,3,董　事,曾詣涵
115法登他000308,4,董事長,陳耕民
115法登他000308,5,董　事,曾蔡淑雲
115法登他000308,6,董　事,林晶璟
115法登他000308,7,董　事,許永昌
115法登他000308,8,監察人,王俊昌
115法登他000308,9,董　事,高天送
115法登他000308,10,董　事,張霄芸
115法登他000309,2,董　事,洪詠恩
115法登他000309,5,董　事,游國賓
115法登他000309,7,董　事,趙謨立
115法登他000309,10,董事長,廖繼成
115法登他000309,12,董　事,謝大衛
115法登他000309,15,董　事,林博彥
115法登他000309,16,董　事,莊慧琴
115法登他000309,17,董　事,廖繼坤
115法登他000309,18,董　事,周漢隆
115法登他000310,1,董　事,邱慧珠
115法登他000310,2,董　事,李慶明
115法登他000310,3,董事長,蔡文純
115法登他000310,4,董　事,陳家淇
115法登他000310,5,董　事,游琇珠
115法登他000311,1,理　事,莊茹安
115法登他000311,2,常務理事,鄭温耀
115法登他000311,3,理　事,陳竑宇
115法登他000311,4,常務理事,陳泓愷
115法登他000311,5,理　事,吳昀臻
115法登他000311,6,理　事,陳德鳴
115法登他000311,7,理　事,洪紹凱
115法登他000311,8,理事長,江明翰
115法登他000311,9,理　事,江文耀
115法登他000311,10,常務監事,陳峙樾
115法登他000311,11,監　事,吳奕勳
115法登他000311,12,監　事,蒲思云
115法登他000313,1,理事長,黃顯華
115法登他000313,2,副理事長,王金來
115法登他000313,3,副理事長,王伯鑫
115法登他000313,4,副理事長,黃炳鈞
115法登他000313,5,理　事,吳志光
115法登他000313,6,理　事,盧聯生
115法登他000313,7,理　事,盧廷劼
115法登他000313,8,理　事,張朝坤
115法登他000313,9,理　事,偕德彰
115法登他000313,10,理　事,廖哲莉
115法登他000313,11,理　事,林嘉慧
115法登他000313,12,監　事,趙緝熙
115法登他000313,13,理　事,韓向騰
115法登他000313,14,理　事,黃德平
115法登他000313,15,監事會召集人,賴永吉
115法登他000313,16,監　事,陳建元
115法登他000314,2,董　事,許嘉生
115法登他000314,3,董　事,陳明汝
115法登他000314,4,常務董事,楊世沛
115法登他000314,5,常務董事,王振宇
115法登他000314,6,董事長,張裕屏
115法登他000314,7,監察人,林嘉德
115法登他000314,9,董　事,賴曉芬
115法登他000314,10,常務董事,韓家寅
115法登他000314,11,董　事,林榮杉
115法登他000314,12,常務董事,廖啓成
115法登他000314,13,董　事,趙守堯
115法登他000314,16,董　事,周志勲
115法登他000314,17,監察人,彭賢能
115法登他000314,18,董　事,李瓊妮
115法登他000314,19,董　事,陳肇浩
115法登他000314,20,監察人,王聖方
115法登他000314,21,董　事,邱石崇
115法登他000314,22,董　事,黃正田
115法登他000314,23,董　事,顏國欽
115法登他000314,24,董　事,許嘉麟
115法登他000314,25,董　事,陳建志
115法登他000314,26,監察人,莊麗珠
115法登他000314,27,董　事,謝清銀
115法登他000314,28,董　事,林邑鴻
115法登他000314,29,常務董事,孫璐西
115法登他000314,30,常務董事,吳明敏
115法登他000314,31,常務董事,侯惠茹
115法登他000314,32,董　事,劉芳銘
115法登他000314,33,董　事,陳秀卿
115法登他000314,34,常務監察人,陳國訓
115法登他000315,1,董　事,林美君
115法登他000315,2,董　事,林廷添
115法登他000315,3,董事長,楊春生
115法登他000315,4,常務董事,杜文德
115法登他000315,5,常務董事,陳芳澤
115法登他000315,6,常務董事,賴秋池
115法登他000315,7,常務董事,黃東榮
115法登他000315,8,董　事,周有岳
115法登他000315,9,董　事,房詠勝
115法登他000315,10,董　事,洪嬿樺
115法登他000315,11,董　事,蕭妙月
115法登他000315,12,董　事,趙克強
115法登他000315,13,董　事,陳東凌
115法登他000315,14,董　事,林百顯
115法登他000315,15,董　事,曾博文
115法登他000316,1,董事長,蔡合城
115法登他000316,2,董　事,許淑華
115法登他000316,5,董　事,張　錫
115法登他000316,6,董　事,林水清
115法登他000316,8,董　事,羅光達
115法登他000316,9,董　事,吳文傑
115法登他000316,10,董　事,張世佳
115法登他000316,11,董　事,張東秀
115法登他000316,12,董　事,陳兆忠
115法登他000316,13,董　事,劉建良
115法登他000316,14,董　事,趙善意
115法登他000316,15,董　事,陳美苓
115法登他000316,16,董　事,陳　億
115法登他000316,17,董　事,楊睿玲
115法登他000316,18,董　事,李繕安
115法登他000317,1,董　事,陳美君
115法登他000317,3,董　事,李英瑞
115法登他000317,4,董　事,張碧娟
115法登他000317,5,董　事,蕭素娥
115法登他000317,6,董　事,盧美貴
115法登他000317,7,董　事,廖文秀
115法登他000317,8,董　事,廖敏珠
115法登他000317,11,董　事,張衛族
115法登他000317,12,董　事,蔡志鏗
115法登他000317,13,董　事,黃鈺珍
115法登他000317,14,董　事,莊貞銀
115法登他000317,15,董　事,桂亞珍
115法登他000317,16,董事長,陳漢強
115法登他000318,1,常務理事,林素貞
115法登他000318,2,理事長,周仲島
115法登他000318,3,監　事,李祖添
115法登他000318,4,常務監事,李公哲
115法登他000318,5,理　事,葉耀輝
115法登他000318,6,理　事,孫嘉穗
115法登他000318,7,理　事,秦詩漣
115法登他000318,8,理　事,林成原
115法登他000318,9,副理事長,李東明
115法登他000318,10,理　事,李建德
115法登他000318,11,副理事長,胡為善
115法登他000318,12,常務理事,李夢輝
115法登他000318,13,理　事,郭欣怡
115法登他000318,14,理　事,郭魯萍
115法登他000318,15,理　事,蔡嘉玟
115法登他000318,16,理　事,黃柏農
115法登他000318,17,監　事,李梅芬
115法登他000318,18,理　事,林顯群
115法登他000319,1,常務監察人,潘清鴻
115法登他000319,2,常務董事,陳佩利
115法登他000319,3,常務董事,李冠志
115法登他000319,4,常務董事,張嘉魁
115法登他000319,5,董事長,魏明谷
115法登他000319,7,董　事,蕭幸金
115法登他000319,9,董　事,房秀岱
115法登他000319,10,董　事,李育家
115法登他000319,12,監察人,李國忠
115法登他000319,16,董　事,李佳玲
115法登他000319,17,董　事,陳幼婉
115法登他000319,18,監察人,黃瓊慧
115法登他000319,19,監察人,陳志育
115法登他000319,21,董　事,吳騰彥
115法登他000319,22,常務董事,朱美麗
115法登他000319,24,董　事,陳家濬
115法登他000319,25,董　事,葉仁創
115法登他000319,26,監察人,楊淑卿
115法登他000320,1,常務董事,陳　洵
115法登他000320,2,董事長,林　鴻
115法登他000320,3,常務董事,周復初
115法登他000320,4,董　事,陶國清
115法登他000320,5,董　事,陳俊良
115法登他000320,6,董　事,翟兆平
115法登他000320,7,董　事,董牧群
115法登他000321,2,董　事,趙明國
115法登他000321,4,董　事,韓大勛
115法登他000321,5,董　事,陳秀英
115法登他000321,8,董　事,和馬太
115法登他000321,10,董　事,范明海
115法登他000321,11,董　事,高約翰
115法登他000321,12,董　事,歐俊林
115法登他000321,13,董事長,宋林杰
115法登他000321,14,董　事,趙宏恩
115法登他000322,1,理事長,魏秀美
115法登他000322,2,常務理事,賴淑芬
115法登他000322,3,常務理事,林素真
115法登他000322,4,理　事,高小玲
115法登他000322,5,理　事,陳星助
115法登他000322,6,理　事,李君儀
115法登他000322,7,理　事,林玲珠
115法登他000322,8,理　事,吳蕙玲
115法登他000322,9,理　事,陳亞屏
115法登他000322,10,理　事,李佳珂
115法登他000322,11,理　事,張淑枝
115法登他000322,12,常務監事,楊昇燦
115法登他000322,13,監　事,蔡敏芳
115法登他000322,14,監　事,詹清旭
115法登他000323,5,董　事,葉拓吾
115法登他000323,7,董　事,鄭同僚
115法登他000323,9,董　事,許栯慈
115法登他000323,11,董　事,蔡濱陽
115法登他000323,14,董　事,朱佳仁
115法登他000323,15,董　事,黃瑋寧
115法登他000323,16,董事長,鄭凱元
115法登他000323,17,董　事,朱家輝
115法登他000323,18,董　事,邱琍婷
115法登他000323,19,董　事,劉以潔
115法登他000323,20,董　事,杜沛奇
115法登他000324,1,董　事,陳載福
115法登他000324,2,董事長,胡為善
115法登他000324,3,董　事,廖淑娟
115法登他000324,4,董　事,李　琪
115法登他000324,5,董　事,曾志隆
115法登他000324,6,董　事,孫美玲
115法登他000324,7,董　事,季慧敏
115法登他000325,1,董　事,孫友聯
115法登他000325,2,常務監察人,呂秀梅
115法登他000325,3,董　事,蘇俊誠
115法登他000325,4,董　事,洪信旭
115法登他000325,5,董　事,孫迺翊
115法登他000325,6,董　事,吳祚丞
115法登他000325,7,董　事,吳玉琴
115法登他000325,8,董事長,莊秋桃
115法登他000325,9,董　事,郭怡青
115法登他000325,10,董　事,薛欽峯
115法登他000325,11,董　事,程怡怡
115法登他000325,12,董　事,"傲予 莫那 Awi．Mona"
115法登他000325,13,董　事,劉中城
115法登他000325,14,監察人,凃秀蕊
115法登他000325,15,監察人,鄭麗真
115法登他000325,16,監察人,陳明進
115法登他000325,17,董　事,蘇昭如
115法登他000325,18,監察人,黃叔娟
115法登他000326,1,董事長,柯文昌
115法登他000326,2,董　事,莊烋真
115法登他000326,3,董　事,李應平
115法登他000326,4,董　事,李宛容
115法登他000326,5,董　事,鄭羽妙
115法登他000327,1,監　事,邢治平
115法登他000327,2,理　事,楊明勲
115法登他000327,3,理　事,王詩如
115法登他000327,5,常務理事,曾寧春
115法登他000327,6,常務理事,李玉鼎
115法登他000327,7,監　事,黃宥澄
115法登他000327,8,理　事,羅時賢
115法登他000327,9,常務理事,吳政鈞
115法登他000327,10,理　事,賴景涼
115法登他000327,11,常務監事,孫賢珠
115法登他000327,12,常務理事,許寶霖
115法登他000327,13,理事長,吳怡玲
115法登他000327,15,理　事,陳嘉峻
115法登他000327,17,理　事,堀江昌平
115法登他000327,18,理　事,林志賢
115法登他000327,21,理　事,姚晤毅
115法登他000327,22,理　事,劉威邦
115法登他000327,23,監　事,翁銘襄
115法登他000327,24,理　事,蔡弼鈞
115法登他000327,25,理　事,林哲豪
115法登他000327,28,理　事,紀昱全
115法登他000327,29,監　事,何煥廷
115法登他000328,1,董　事,陳保基
115法登他000328,2,監察人,林淑雲
115法登他000328,3,董　事,歐羽珊
115法登他000328,5,董　事,徐慶璋
115法登他000328,6,董　事,吳正宗
115法登他000328,7,董事長,路景宏
115法登他000329,1,董事長,許舒博
115法登他000329,2,董　事,金憶惠
115法登他000329,3,董　事,陳亦純
115法登他000329,4,董　事,曾雅玲
115法登他000329,5,董　事,許東敏
115法登他000329,6,董　事,許守信
115法登他000329,7,董　事,孟嘉仁
115法登他000329,8,董　事,莊中慶
115法登他000329,9,董　事,龔　庭
115法登他000329,10,董　事,廖孟良
115法登他000329,11,董　事,栗志中
115法登他000329,12,董　事,黃柏凱
115法登他000329,13,董　事,王宗俊
115法登他000329,14,董　事,李傳晧
115法登他000329,15,董　事,張志杰
115法登他000329,16,董　事,翁慈慧
115法登他000329,17,董　事,吳峻銘
115法登他000329,18,董　事,鄭祥人
115法登他000329,19,董　事,李正之
115法登他000329,20,董　事,戴朝暉
115法登他000329,21,董　事,廖涵蓁
115法登他000329,22,董　事,衛純菁
115法登他000329,23,董　事,馮志美
115法登他000329,24,董　事,黃秀慧
115法登他000329,25,董　事,蔡聖威
115法登他000330,3,董　事,釋悟元
115法登他000330,4,董　事,王淑芬
115法登他000330,5,董　事,莊忠桓
115法登他000330,6,董事長,陳玉峰
115法登他000330,7,董　事,唐阿美
115法登他000330,8,董　事,李孟諸
115法登他000330,9,董　事,廖怡芬
115法登他000331,1,董　事,張麗娟
115法登他000331,3,董　事,奚　淞
115法登他000331,5,董事長,温碧光
115法登他000331,7,董　事,劉志城
115法登他000331,8,董　事,王安嘉
115法登他000331,9,董　事,陳季蘭
115法登他000331,10,董　事,詹瑤琪
115法登他000332,1,董事長,邱秋林
115法登他000332,2,董　事,郭時誠
115法登他000332,3,董　事,王德蘭
115法登他000332,4,董　事,王惠平
115法登他000332,5,董　事,陳致全
115法登他000332,6,董　事,喬美芳
115法登他000332,7,董　事,袁鐵生
115法登他000332,8,董　事,林　熹
115法登他000332,9,董　事,俞麗娜
115法登他000332,10,董　事,邱文麗
115法登他000332,11,董　事,陳建勳
115法登他000332,12,董　事,陳文漳
115法登他000332,13,董　事,郭江宋
115法登他000333,1,董事長,李月嬌
115法登他000333,3,董　事,陳姿蒨
115法登他000333,4,"董  事",蕭淑真
115法登他000333,5,董　事,劉招明
115法登他000333,6,副董事長,陳瑩霜
115法登他000333,7,"董  事",李秀微
115法登他000333,8,董　事,陳碧琴
115法登他000334,1,董事長,張安平
115法登他000334,2,董　事,辜懷群
115法登他000334,3,董　事,李家維
115法登他000334,4,董　事,王建全
115法登他000334,5,董　事,魏家珮
115法登他000334,6,董　事,劉鳳萍
115法登他000334,7,董　事,葉毓君
115法登他000335,1,副理事長,劉進明
115法登他000335,2,監　事,韓錫恆
115法登他000335,3,監　事,張金樓
115法登他000335,4,理　事,葉昇瀛
115法登他000335,5,副理事長,李冠賢
115法登他000335,6,理　事,林子翃
115法登他000335,7,副理事長,李金榮
115法登他000335,8,理事長,劉進生
115法登他000335,9,理　事,林清琴
115法登他000335,10,理　事,邱顯營
115法登他000335,11,理　事,陳賢德
115法登他000335,12,理　事,鄭惠文
115法登他000335,13,監　事,廖梅君
115法登他000335,14,理　事,張佳琦
115法登他000335,15,理　事,魏莉紋
115法登他000335,16,常務監事,陳冬興
115法登他000335,17,理　事,馬武成
115法登他000335,18,監　事,許鼎鈞
115法登他000335,19,副理事長,周玉僑
115法登他000335,20,理　事,葉吉豐
115法登他000336,1,理　事,翁進成
115法登他000336,2,理　事,魏盈君
115法登他000336,3,理　事,蕭博文
115法登他000336,4,監　事,彭玉潔
115法登他000336,5,理　事,陳怡儒
115法登他000336,6,理　事,江泰逸
115法登他000336,7,理　事,崔耀玲
115法登他000336,8,常務監事,王淑玲
115法登他000336,9,理　事,李宛緣
115法登他000336,10,理　事,蔡政揚
115法登他000336,11,理事長,張勝順
115法登他000336,12,監　事,張景涵
115法登他000336,13,理　事,蔡秀婉
115法登他000336,14,理　事,洪麗玲
115法登他000337,1,董事長,王時思
115法登他000337,2,董　事,紀東陽
115法登他000337,5,董　事,謝淑貞
115法登他000337,6,董　事,黃瀞萱
115法登他000337,7,董　事,葉凱萍
115法登他000337,9,董　事,洪三雄
115法登他000337,11,董　事,魏心怡
115法登他000337,14,董　事,黃英峰
115法登他000337,15,董　事,索南東珠
115法登他000337,16,常務董事,海中雄
115法登他000337,18,監　事,江麗淑
115法登他000337,19,董　事,劉國威
115法登他000337,20,常務董事,高玉珍
115法登他000337,23,常務董事,林美珠
115法登他000337,24,董　事,娥舟文茂
115法登他000337,25,常務董事,許志雄
115法登他000337,26,監　事,孫玉達
115法登他000337,27,常務監事,邱碧珠
115法登他000338,1,董　事,麥怡安
115法登他000338,2,董　事,張志湧
115法登他000338,3,董　事,王蓬欽
115法登他000338,4,董　事,柳逸義
115法登他000338,5,董　事,蔡賢祥
115法登他000338,9,董　事,蘇士豪
115法登他000338,10,董　事,曹　正
115法登他000338,11,董　事,蘇瑛敏
115法登他000338,12,董　事,陳松森
115法登他000338,13,董事長,何芳子
115法登他000338,14,董　事,馬志綱
115法登他000339,1,董　事,陳永欽
115法登他000339,2,董事長,楊平世
115法登他000339,3,常務董事,陳烱松
115法登他000339,4,董　事,吳春美
115法登他000339,5,董　事,沈彥忠
115法登他000339,6,董　事,葉美秀
115法登他000339,7,監察人,陳邦賓
115法登他000339,8,董　事,顏建賢
115法登他000339,9,董　事,黃淑如
115法登他000339,10,常務監察人,莊子緣
115法登他000339,11,董　事,林濟民
115法登他000339,12,董　事,陳右人
115法登他000339,13,董　事,張敬昌
115法登他000339,14,董　事,葉德銘
115法登他000339,15,常務董事,呂丘鴻
115法登他000339,16,董　事,洪志寶
115法登他000339,17,董　事,陳惠民
115法登他000339,18,監察人,李文吉
115法登他000340,1,理　事,石家璧
115法登他000340,2,常務理事,黃裕峰
115法登他000340,3,理　事,蕭仰嶔
115法登他000340,4,監事會召集人,高嘉澤
115法登他000340,5,常務理事,杜哲光
115法登他000340,6,理　事,陳文惠
115法登他000340,7,副理事長,章浩宏
115法登他000340,8,監　事,陳教文
115法登他000340,9,常務理事,周幸華
115法登他000340,10,理　事,吳啓明
115法登他000340,11,常務監事,謝松志
115法登他000340,12,理　事,黃雪棟
115法登他000340,13,理　事,陳俊明
115法登他000340,14,常務理事,李伯訓
115法登他000340,15,理　事,藍鼎勛
115法登他000340,16,理　事,許榮庭
115法登他000340,17,理　事,江俊斌
115法登他000340,18,副理事長,陳俊呈
115法登他000340,19,理　事,蘇映輝
115法登他000340,20,理　事,沈嬿文
115法登他000340,21,常務理事,吳家佑
115法登他000340,22,理　事,馮聖偉
115法登他000340,23,理　事,季麟揚
115法登他000340,24,常務理事,黃仁勇
115法登他000340,25,理　事,廖倍顯
115法登他000340,26,理　事,黃慧瑜
115法登他000340,27,理　事,余權航
115法登他000340,28,理　事,張哲耀
115法登他000340,29,監　事,陳麗娟
115法登他000340,30,監　事,李曉屏
115法登他000340,31,理　事,林元敏
115法登他000340,32,監　事,吳靜宜
115法登他000340,33,理　事,顏志忠
115法登他000340,34,常務理事,羅文良
115法登他000340,35,監　事,張君平
115法登他000340,36,理　事,陳元武
115法登他000340,37,副理事長,鄭景暉
115法登他000340,38,監　事,吳如惠
115法登他000340,39,監　事,王振穎
115法登他000340,40,常務監事,連新傑
115法登他000340,41,理　事,林敬凱
115法登他000340,42,理　事,楊俊杰
115法登他000340,43,理事長,余建宏
115法登他000340,44,理　事,方致元
115法登他000340,45,理　事,許文傑
115法登他000340,46,監　事,李楊鈞
115法登他000342,1,董　事,孫蕙蘭
115法登他000342,2,董　事,俞永康
115法登他000342,3,董　事,陳壽穗
115法登他000342,4,董事長,俞禮正
115法登他000342,5,董　事,徐壯華
115法登他000342,6,董　事,李美鶴
115法登他000342,7,董　事,莊政義
115法登他000342,8,董　事,林永芳
115法登他000342,9,董　事,許萬註
115法登他000342,10,監察人,黃三雄
115法登他000343,2,董　事,黃郁文
115法登他000343,3,常務董事,范琳珮
115法登他000343,4,監察人,蔡綽芳
115法登他000343,5,董　事,黃秀文
115法登他000343,6,董　事,劉易鑫
115法登他000343,7,董　事,朱慶倫
115法登他000343,8,董　事,靳燕玲
115法登他000343,9,常務董事,林永發
115法登他000343,10,董　事,張簡鴻儷
115法登他000343,11,董　事,林佑璘
115法登他000343,14,董　事,王光祥
115法登他000343,15,董　事,洪廸光
115法登他000343,16,董　事,黃秀莊
115法登他000343,17,董事長,崔懋森
115法登他000343,19,董　事,于淑婷
115法登他000343,20,常務監察人,徐守國
115法登他000343,21,董　事,邱瓊萱
115法登他000343,22,董　事,陳人忠
115法登他000343,23,董　事,羅必達
115法登他000343,24,副董事長,周光宙
115法登他000343,25,常務董事,徐燕興
115法登他000343,26,監察人,劉麗玉
115法登他000344,1,常務監事,盧貞祥
115法登他000344,2,理　事,陳芳富
115法登他000344,3,理　事,楊智雄
115法登他000344,4,理　事,黃志超
115法登他000344,5,理　事,李正誠
115法登他000344,6,理　事,何岳晉
115法登他000344,7,理　事,蔡坤廷
115法登他000344,8,理　事,黃保賢
115法登他000344,9,理　事,石朝松
115法登他000344,10,理　事,陳豐松
115法登他000344,11,理事長,陳俊豪
115法登他000344,12,理　事,陳乃瑜
115法登他000344,13,理　事,高宗寓
115法登他000344,14,理　事,楊錫能
115法登他000344,15,監　事,葉秀山
115法登他000344,16,監　事,張朝明
115法登他000345,1,監察人,李宜興
115法登他000345,4,董　事,詹靜芬
115法登他000345,8,董　事,鄭問堂
115法登他000345,9,董　事,劉坤億
115法登他000345,10,常務監察人,張世賢
115法登他000345,11,董　事,鄭王燦
115法登他000345,12,董事長,林義煊
115法登他000345,13,常務董事,吳明富
115法登他000345,14,常務董事,林鴻基
115法登他000345,15,常務董事,郭清河
115法登他000345,16,董　事,洪淑宜
115法登他000345,17,監察人,宣介慈
115法登他000345,18,董　事,王怡文
115法登他000345,19,董　事,許秀春
115法登他000345,20,常務董事,許慈美
115法登他000345,21,董　事,周佑民
115法登他000349,1,董　事,黃朗文
115法登他000349,2,董　事,陳玉華
115法登他000349,3,董事長,賴爾柔
115法登他000349,5,董　事,顏建賢
115法登他000349,6,董　事,王俊豪
115法登他000349,7,董　事,董時叡
115法登他000349,8,董　事,蔡培慧
115法登他000350,1,董事長,廖惠燕
115法登他000350,2,"董  事",羅玉英
115法登他000350,3,"董  事",賴瑞珍
115法登他000350,4,"董  事",徐培芳
115法登他000350,5,"董  事",孫英子
115法登他000351,1,理　事,沈伯洋
115法登他000351,2,理　事,蕭新晟
115法登他000351,3,理　事,王曰舒
115法登他000351,4,理　事,楊貴智
115法登他000351,5,理　事,王興中
115法登他000351,6,理　事,蕭育和
115法登他000351,7,理　事,戴辰宇
115法登他000351,8,理　事,蔡宗霖
115法登他000351,9,理事長,嚴婉玲
115法登他000351,10,常務監事,林欣怡
115法登他000351,11,監　事,張龍僑
115法登他000351,12,監　事,崔愫欣
115法登他000352,1,常務理事,陳宇全
115法登他000352,2,理事長,林淑芬
115法登他000352,3,常務理事,陳佳琦
115法登他000352,4,理　事,李淑惠
115法登他000352,5,理　事,林昀臻
115法登他000352,6,理　事,孫藹頻
115法登他000352,7,理　事,姚婉容
115法登他000352,8,理　事,魏　瑄
115法登他000352,9,理　事,邢禹賢
115法登他000352,10,常務監事,王德蓓
115法登他000352,11,監　事,程思聆
115法登他000352,12,監　事,陳宇慷
115法登他000353,1,副理事長,劉復興
115法登他000353,2,理事長,汪忠一
115法登他000353,3,副理事長,黃廸熹
115法登他000353,4,理　事,司徒元炎
115法登他000353,5,理　事,黃義村
115法登他000353,6,理　事,陳申華
115法登他000353,7,常務理事,林玲蘭
115法登他000353,8,常務理事,柯尊仁
115法登他000353,9,理　事,夏紹達
115法登他000353,10,副理事長,萬家佛
115法登他000353,11,理　事,陳天佑
115法登他000353,12,副理事長,洪廷祿
115法登他000353,13,理　事,孫承一
115法登他000353,14,理　事,文　瀚
115法登他000353,15,理　事,陳長武
115法登他000353,16,理　事,張治平
115法登他000353,17,常務理事,周有義
115法登他000353,18,副理事長,李長明
115法登他000353,19,常務理事,陳瑞禾
115法登他000353,20,理　事,謝國源
115法登他000353,21,理　事,秦台生
115法登他000353,22,理　事,彭家慶
115法登他000353,23,理　事,曾俊凱
115法登他000353,24,理　事,謝潮炎
115法登他000353,25,理　事,劉菊生
115法登他000353,26,理　事,裘力行
115法登他000353,27,理　事,梁　平
115法登他000353,28,理　事,巫勝鴻
115法登他000353,29,理　事,何禮耕
115法登他000353,30,理　事,謝宜璋
115法登他000353,31,理　事,王徐勳
115法登他000353,32,理　事,林昭倫
115法登他000353,33,監　事,蕭湘寧
115法登他000353,34,監　事,成漢生
115法登他000353,35,監　事,江永華
115法登他000353,36,監　事,蔡育德
115法登他000353,37,監事會召集人,張裕民
115法登他000353,38,監　事,蔣雨春
115法登他000353,39,常務監事,孟惠華
115法登他000353,40,監　事,吳軍齡
115法登他000353,41,常務監事,李　錨
115法登他000353,42,監　事,謝德瑄
115法登他000353,43,監　事,李歙明
115法登他000353,44,常務理事,蔡中鈺
115法登他000355,1,理事長,龍台平
115法登他000355,2,理　事,王宏生
115法登他000355,3,監　事,李寶珍
115法登他000355,4,理　事,陳美玲
115法登他000355,5,理　事,張其嵩
115法登他000355,6,常務監事,符明勝
115法登他000355,7,常務監事,趙國雄
115法登他000355,8,理　事,張筱慧
115法登他000355,9,理　事,黃誼班
115法登他000355,10,理　事,陳栐坤
115法登他000355,11,監　事,陳仰霆
115法登他000355,12,常務理事,鄧治東
115法登他000356,1,理　事,蔣大程
115法登他000356,2,理　事,周玉山
115法登他000356,3,監　事,吳　萍
115法登他000356,4,常務理事,歐陽彪
115法登他000356,5,監　事,萬復華
115法登他000356,6,常務理事,蔣序仁
115法登他000356,7,理　事,吳文希
115法登他000356,8,監　事,金行陵
115法登他000356,9,理　事,甯佑民
115法登他000356,10,理　事,胡超群
115法登他000356,11,副理事長,周習之
115法登他000356,12,理　事,劉鵬佛
115法登他000356,13,理　事,陳蘇民
115法登他000356,14,常務監事,張　超
115法登他000356,15,監　事,謝棉羽
115法登他000356,16,監　事,高　青
115法登他000356,17,常務理事,孔元生
115法登他000356,18,理　事,張中棟
115法登他000356,19,理　事,張晴生
115法登他000356,20,理　事,何力君
115法登他000356,21,理　事,𨶒家琳
115法登他000356,22,常務理事,謝志嘉
115法登他000356,23,理事長,陳智華
115法登他000356,24,常務理事,張京育
115法登他000356,25,理　事,羅忠成
115法登他000356,26,理　事,陳漣文
115法登他000356,27,理　事,劉滋宇
115法登他000356,28,監　事,胡宗
115法登他000357,1,副理事長,駱秉寬
115法登他000357,2,副理事長,張秀蓮
115法登他000357,3,常務理事,林維俊
115法登他000357,4,副理事長,陳思寬
115法登他000357,5,理　事,劉容生
115法登他000357,6,理　事,王鍾渝
115法登他000357,7,理　事,林嵩烈
115法登他000357,8,常務理事,傅文芳
115法登他000357,9,理　事,林建智
115法登他000357,10,常務理事,黃帥升
115法登他000357,11,理　事,李鍾熙
115法登他000357,12,常務監事,蔡昌憲
115法登他000357,13,理　事,洪秋金
115法登他000357,14,理　事,林坤賢
115法登他000357,15,理　事,周寶蓮
115法登他000357,16,理　事,黃國銘
115法登他000357,17,監事會召集人,劉中平
115法登他000357,18,理　事,劉大年
115法登他000357,19,理　事,林嘉慧
115法登他000357,20,理　事,林宗志
115法登他000357,21,監　事,林昇聖
115法登他000357,22,理　事,陸麟錚
115法登他000357,23,理事長,張振芳
115法登他000357,24,監　事,朱建州
115法登他000357,25,監　事,何子明
115法登他000357,26,監　事,林志娟
115法登他000357,27,理　事,陳瑞珠
115法登他000357,28,監　事,江誠榮
115法登他000358,2,董　事,江秋鳳
115法登他000358,4,董　事,曾文安
115法登他000358,5,董　事,桂鶴菱
115法登他000358,6,董事長,朱曉露
115法登他000358,8,董　事,劉寶猜
115法登他000359,1,理　事,林志慶
115法登他000359,2,監　事,鄭本忠
115法登他000359,3,理　事,施孟甫
115法登他000359,4,理　事,黃政文
115法登他000359,5,理　事,張春偉
115法登他000359,6,理　事,林俊良
115法登他000359,7,理　事,田亞中
115法登他000359,8,監　事,施宏謀
115法登他000359,9,理　事,吳家兆
115法登他000359,10,理　事,曾進忠
115法登他000359,11,理　事,賴台軒
115法登他000359,12,理　事,張浤榮
115法登他000359,13,常務理事,邱怡文
115法登他000359,14,監　事,方昱偉
115法登他000359,15,常務理事,楊智偉
115法登他000359,16,理　事,陳建良
115法登他000359,17,理事長,陳金順
115法登他000359,18,理　事,王介立
115法登他000359,19,監　事,陳呈旭
115法登他000359,20,常務理事,許永和
115法登他000359,21,理　事,盧國欽
115法登他000359,22,監　事,蔡宜純
115法登他000359,23,理　事,林承叡
115法登他000359,24,理　事,吳美儀
115法登他000359,25,常務監事,唐德成
115法登他000359,26,理　事,杜柏村
115法登他000359,27,監　事,許育瑞
115法登他000359,28,副理事長,林石化
115法登他000360,1,董　事,蔡宏圖
115法登他000360,2,董　事,吳東昇
115法登他000360,3,董　事,王仁宏
115法登他000360,4,董　事,徐小波
115法登他000360,5,董　事,林坤賢
115法登他000360,6,董　事,黃詩淳
115法登他000360,7,董　事,黃瑞明
115法登他000360,9,常務董事,陳聰富
115法登他000360,10,董　事,馬英九
115法登他000360,12,常務董事,劉志鵬
115法登他000360,14,董　事,黃銘傑
115法登他000360,15,常務董事,林秋琴
115法登他000360,16,董事長,蔡明忠
115法登他000360,18,常務董事,吳從周
115法登他000360,19,董　事,賴英照
115法登他000360,20,董　事,戴東雄
115法登他000360,22,常務董事,王皇玉
115法登他000360,23,常務董事,蔡英文
115法登他000360,24,董　事,蔡明誠
115法登他000362,1,常務理事,方素貞
115法登他000362,2,理事長,房樹孝
115法登他000362,3,監　事,高端禾
115法登他000362,4,常務監事,吳麗秋
115法登他000362,5,理　事,鄭有席
115法登他000362,6,理　事,杜　維
115法登他000362,7,監　事,鄭逸伸
115法登他000362,8,理　事,鍾慧敏
115法登他000362,9,常務理事,謝竺晉
115法登他000362,10,理　事,李駿平
115法登他000362,11,理　事,莊皓瑋
115法登他000362,12,理　事,潘國慶
115法登他000363,1,董　事,王嘉聰
115法登他000363,2,董　事,宋一新
115法登他000363,3,董　事,蔡鴻賢
115法登他000363,4,董　事,馬君梅
115法登他000363,5,董　事,林書伃
115法登他000363,6,董事長,陳清祥
115法登他000363,7,董　事,謝永明
115法登他000363,8,董　事,蕭春鴛
115法登他000363,9,董　事,王怡文
115法登他000363,10,董　事,劉文正
115法登他000363,11,董　事,李東峯
115法登他000363,12,董　事,徐聖忠
115法登他000363,13,董　事,詹乾隆
115法登他000363,14,董　事,黃柏淑
115法登他000363,15,董　事,李峰春
115法登他000363,16,董　事,康景泰
115法登他000363,17,董　事,林瑞章
115法登他000363,18,董　事,郭慶輝
115法登他000363,19,董　事,曹永祥
115法登他000363,20,董　事,湯治亞
115法登他000363,21,董　事,簡敏秋
115法登他000363,22,董　事,陳薔旬
115法登他000363,23,董　事,楊建華
115法登他000363,24,董　事,王菘澤
115法登他000363,25,董　事,曾于哲
115法登他000364,1,常務理事,許程順
115法登他000364,2,常務理事,胡素萍
115法登他000364,3,理　事,林志豪
115法登他000364,4,常務監事,林庭妤
115法登他000364,5,理　事,江翠玲
115法登他000364,6,理　事,連惠芳
115法登他000364,7,監　事,鄭巧巧
115法登他000364,8,理　事,林良霜
115法登他000364,9,理　事,黃芷賢
115法登他000364,10,理　事,吳政霖
115法登他000364,11,理事長,李璧如
115法登他000364,12,理　事,郭秀媛
115法登他000364,13,理　事,柯佼伶
115法登他000364,14,理　事,蔡明娟
115法登他000364,15,監　事,秦苰秝
115法登他000364,16,理　事,王淑蕙
115法登他000365,1,董　事,李權哲
115法登他000365,2,董　事,黃仲光
115法登他000365,3,董事長,呂百倉
115法登他000365,4,董　事,王雲霞
115法登他000365,7,董　事,張晉碩
115法登他000365,8,董　事,呂美玲
115法登他000365,9,董　事,李君凱
115法登他000365,10,董　事,林瀚明
115法登他000365,11,董　事,楊麗桂
115法登他000366,1,理事長,莊惟婷
115法登他000366,2,理　事,陸黛玲
115法登他000366,3,常務理事,"Martino Alex Joseph"
115法登他000366,4,理　事,康　欣
115法登他000366,5,理　事,黃亭惠
115法登他000366,6,理　事,吳俊儀
115法登他000366,7,理　事,張菡殷
115法登他000366,8,常務理事,陳攸竹
115法登他000366,9,理　事,曾子恩
115法登他000366,10,常務監事,孫薏婷
115法登他000366,11,監　事,李婉瑜
115法登他000366,12,監　事,莊孟鈞
115法登他000367,1,理　事,張宏平
115法登他000367,2,會　長,劉梅芬
115法登他000367,3,理　事,鄭　朝
115法登他000367,4,副會長,楊棟朝
115法登他000367,5,理　事,劉昌文
115法登他000367,6,常務監事,葉俊家
115法登他000367,7,監　事,王世雄
115法登他000367,8,監　事,林育正
115法登他000367,9,監　事,范兆廣
115法登他000367,10,常務理事,鄭峻明
115法登他000367,11,理　事,黃陳筑
115法登他000367,12,理　事,林雅琪
115法登他000367,13,理　事,何志遠
115法登他000367,14,監　事,汪傳來
115法登他000367,15,常務理事,童曾月香
115法登他000367,16,理　事,蕭志文
115法登他000367,17,常務理事,李宗仁
115法登他000367,18,理　事,黃財源
115法登他000367,19,常務理事,陳騰翌
115法登他000367,20,理　事,蕭慶桂
115法登他000367,21,理　事,柯清澤
115法登他000367,22,理　事,陳來真
115法登他000367,23,理　事,林純如
115法登他000367,24,副會長,林秋才
115法登他000367,25,監　事,洪榮宏
115法登他000367,26,監　事,林松茂
115法登他000367,27,理　事,黃國雄
115法登他000367,28,理　事,劉小絹
115法登他000368,1,董事長,李顯榮
115法登他000368,2,董　事,蔡明志
115法登他000368,3,董　事,吳政達
115法登他000368,4,董　事,李鼎嘉
115法登他000368,5,董　事,汪精輝
115法登他000368,6,董　事,黃麗貴
115法登他000368,7,董　事,張　恆
115法登他000368,8,監察人,林淑珍
115法登他000368,9,董　事,郭瑞真
115法登他000368,10,董　事,李宜珊
115法登他000368,11,董　事,邱香穎
115法登他000368,12,董　事,陳三吉
115法登他000369,1,理事長,何弘能
115法登他000369,2,常務理事,楊泮池
115法登他000369,3,理　事,褚候維
115法登他000369,4,理　事,周廼寬
115法登他000369,5,理　事,廖勇柏
115法登他000369,6,監　事,范建得
115法登他000369,7,常務理事,陳丁章
115法登他000369,8,理　事,李子聿
115法登他000369,9,常務理事,李崇僖
115法登他000369,10,常務理事,陳君厚
115法登他000369,11,理　事,柯美蘭
115法登他000369,12,理　事,陳垚生
115法登他000369,13,理　事,林勤富
115法登他000369,14,理　事,王照元
115法登他000369,15,理　事,沈政雄
115法登他000369,16,理　事,劉宜亷
115法登他000369,17,理　事,林榮信
115法登他000369,18,理　事,黃啟誠
115法登他000369,19,理　事,楊欣洲
115法登他000369,20,理　事,施修明
115法登他000369,21,常務理事,陳仲嶙
115法登他000369,22,監　事,華國媛
115法登他000369,23,監　事,李德章
115法登他000369,24,常務理事,陳修聖
115法登他000369,25,監　事,陳金順
115法登他000369,26,監　事,李勝雄
115法登他000369,27,監　事,李明媛
115法登他000369,28,常務監事,陳錦煌
115法登他000370,1,董　事,邱偉倫
115法登他000370,2,董　事,王寶輝
115法登他000370,3,董　事,甘添貴
115法登他000370,4,董　事,林誠二
115法登他000370,5,董事長,邱英男
115法登他000370,6,董　事,邱彥勳
115法登他000370,7,董　事,邱黃宏美
115法登他000370,8,董　事,蔡有惠
115法登他000370,9,董　事,柯安正
115法登他000370,10,董　事,林信和
115法登他000370,11,董　事,邱家霖
115法登他000371,1,常務理事,涂淑慧
115法登他000371,2,理　事,何雅眞
115法登他000371,3,常務理事,彭瑛婷
115法登他000371,4,理　事,劉育如
115法登他000371,5,理事長,黃思騰
115法登他000371,6,理　事,鄒明憲
115法登他000371,7,理　事,張志文
115法登他000371,8,監　事,邱琬茹
115法登他000371,9,理　事,官家敏
115法登他000371,10,常務監事,黃薏樺
115法登他000371,11,理　事,李英聖
115法登他000371,12,監　事,魏宏壽
115法登他000372,1,董事長,陳進廣
115法登他000372,2,董　事,林毅明
115法登他000372,3,董　事,蔡孟君
115法登他000372,4,董　事,翁慧敏
115法登他000372,5,董　事,薛勝吉
115法登他000372,6,董　事,董玉芸
115法登他000372,7,董　事,羅素娟
115法登他000372,8,董　事,徐　芃
115法登他000372,9,董　事,蕭明雄
115法登他000372,10,董　事,謝若男
115法登他000372,11,董　事,吳家驥
115法登他000372,12,董　事,梁治平
115法登他000372,13,董　事,張麗芳
115法登他000372,14,董　事,方　矩
115法登他000372,15,董　事,吳政哲
115法登他000372,16,常務監察人,鄭依雯
115法登他000372,17,監察人,謝志明
115法登他000372,18,監察人,張正輝
115法登他000372,19,監察人,王璽榜
115法登他000372,20,監察人,唐蕙芳
115法登他000373,1,董事長,鄭秀霞
115法登他000373,2,董　事,游雅慧
115法登他000373,3,董　事,邱芸岐
115法登他000373,4,董　事,許華山
115法登他000373,5,董　事,朱玉昌
115法登他000375,1,監　事,蔡克銓
115法登他000375,2,監　事,宋裕祺
115法登他000375,3,理　事,李翼安
115法登他000375,4,監　事,張國鎮
115法登他000375,5,常務理事,洪崇展
115法登他000375,6,常務理事,鍾立來
115法登他000375,7,監　事,邱建國
115法登他000375,8,理　事,陳正平
115法登他000375,9,理　事,詹文宗
115法登他000375,10,理　事,陳伯炤
115法登他000375,11,常務理事,李宏仁
115法登他000375,12,常務理事,王炤烈
115法登他000375,13,理　事,邱聰智
115法登他000375,14,理　事,江世雄
115法登他000375,15,理　事,詹穎雯
115法登他000375,16,監　事,呂良正
115法登他000375,17,常務理事,汪向榮
115法登他000375,18,理　事,黃炳勳
115法登他000375,19,常務監事,林子剛
115法登他000375,20,理　事,徐茂卿
115法登他000375,21,理　事,陳宗珷
115法登他000375,22,理　事,陳敬賢
115法登他000375,23,理　事,吳東諭
115法登他000375,24,理　事,張家銘
115法登他000375,25,常務理事,歐昱辰
115法登他000375,26,理　事,陳沛清
115法登他000375,27,常務理事,廖文正
115法登他000375,28,理　事,郭錫卿
115法登他000375,29,理　事,施忠賢
115法登他000375,30,監　事,廖文義
115法登他000375,31,理　事,劉光晏
115法登他000375,32,理　事,洪曉慧
115法登他000375,33,理　事,謝尚賢
115法登他000375,34,理　事,蕭輔沛
115法登他000375,35,理事長,黃尹男
115法登他000375,36,理　事,陳俊仲
115法登他000375,37,監　事,周中哲
115法登他000375,38,理　事,李姿瑩
115法登他000375,39,理　事,柯鎮洋
115法登他000375,40,監　事,黃震興
115法登他000375,41,理　事,彭康瑜
115法登他000375,42,理　事,許庭偉
115法登他000375,43,常務理事,盧煉元
115法登他000375,44,理　事,廖書賢
115法登他000376,1,董事長,邱淑珍
115法登他000376,2,董　事,王長榮
115法登他000376,3,董　事,黃鈺庭
115法登他000376,4,董　事,吳昭寬
115法登他000376,5,董　事,顏雯莉
115法登他000376,6,董　事,李嘉惠
115法登他000376,7,董　事,黃婷珠
115法登他000377,3,董　事,郭本城
115法登他000377,5,董　事,蔡振宗
115法登他000377,6,董事長,韓秉融
115法登他000377,8,董　事,李春漢
115法登他000377,9,董　事,侯瑞紅
115法登他000377,10,董　事,任成傑
115法登他000377,11,董　事,韓睿毅
115法登他000378,1,常務理事,劉天富
115法登他000378,2,理　事,張秀鳳
115法登他000378,3,理　事,蘇榮彬
115法登他000378,5,常務監事,黃美玲
115法登他000378,6,理　事,宣家壽
115法登他000378,7,理　事,郭明崇
115法登他000378,8,理　事,周宗毅
115法登他000378,9,常務理事,賴伽虹
115法登他000378,10,監　事,莊錦龍
115法登他000378,11,理　事,林劉淑慧
115法登他000378,12,理事長,葉良吉
115法登他000378,13,監　事,陳淑玲
115法登他000378,14,理　事,陳晉生
115法登他000378,16,理　事,高美華
115法登他000379,1,理　事,陳育傑
115法登他000379,2,常務理事,陳世欽
115法登他000379,3,常務理事,陳玉瑩
115法登他000379,4,常務理事,鄭奕帝
115法登他000379,5,常務理事,王郁青
115法登他000379,6,理　事,陳惠玉
115法登他000379,7,監　事,顏秋蘭
115法登他000379,8,常務監事,葉明功
115法登他000379,9,常務理事,林淑文
115法登他000379,10,理　事,朱裕文
115法登他000379,11,理　事,黎孝韻
115法登他000379,12,常務理事,王雅玲
115法登他000379,13,理　事,鄭靜蘭
115法登他000379,14,理　事,林宗坤
115法登他000379,15,常務理事,謝永宏
115法登他000379,16,理　事,楊媛婷
115法登他000379,17,理　事,許永佳
115法登他000379,19,理　事,周千瀅
115法登他000379,20,理　事,劉采艷
115法登他000379,21,理　事,賴永融
115法登他000379,22,常務理事,吳大圩
115法登他000379,23,理　事,廖玲巧
115法登他000379,24,理　事,陳綺華
115法登他000379,25,理　事,林慧娟
115法登他000379,26,理　事,謝政智
115法登他000379,27,理　事,程思偉
115法登他000379,28,理　事,王明賢
115法登他000379,29,理事長,蘇慧真
115法登他000379,30,常務監事,陳智芳
115法登他000379,31,監　事,何沁沁
115法登他000379,32,監　事,古貞庭
115法登他000379,33,監　事,江怡蓉
115法登他000379,34,監　事,陳華鑫
115法登他000379,35,監　事,李紀慧
115法登他000379,36,理　事,劉存濱
115法登他000379,37,監事會召集人,胡幼圃
115法登他000380,1,理事長,陳建州
115法登他000380,2,副理事長,王冠斌
115法登他000380,3,副理事長,張文靜
115法登他000380,4,理　事,陳勇男
115法登他000380,5,監　事,陳德安
115法登他000380,6,理　事,謝志明
115法登他000380,7,理　事,陳本龍
115法登他000380,8,理　事,温致群
115法登他000380,9,理　事,郭冠廷
115法登他000380,10,理　事,許朝富
115法登他000380,11,常務監事,魏秀貞
115法登他000380,12,監　事,黃榮貴
115法登他000381,1,董事長,侯傑騰
115法登他000381,2,董　事,侯王怡文
115法登他000381,5,董　事,彭旭明
115法登他000381,8,董　事,陳力俊
115法登他000381,9,董　事,曾成德
115法登他000381,10,董　事,陳培哲
115法登他000381,11,董　事,何長慶
115法登他000381,12,董　事,蔣本基
115法登他000381,13,董　事,莊東漢
115法登他000382,1,理　事,莊浚崩
115法登他000382,2,理事長,黃薰隆
115法登他000382,3,常務監事,石岱弘
115法登他000382,4,理　事,黃敬堯
115法登他000382,5,理　事,李湘怡
115法登他000382,6,常務理事,郭培雅
115法登他000382,7,常務理事,李萃芳
115法登他000382,8,理　事,郭馥滋
115法登他000382,9,理　事,許雯玲
115法登他000382,10,理　事,游承逸
115法登他000382,11,監　事,林素珍
115法登他000382,12,監　事,張玉潔
115法登他000385,1,董　事,謝秀婉
115法登他000385,2,董　事,廖婉茹
115法登他000385,3,董事長,陳朝貴
115法登他000385,4,董　事,楊棉棉
115法登他000385,5,董　事,陳怡伶
115法登他000386,1,董事長,黃煌雄
115法登他000386,2,監察人,廖英智
115法登他000386,3,董　事,吳清基
115法登他000386,4,董　事,林家宏
115法登他000386,5,董　事,曾志朗
115法登他000386,6,董　事,葉俊榮
115法登他000386,7,董　事,賴進祥
115法登他000386,8,董　事,王德威
115法登他000386,9,董　事,蔣偉寧
115法登他000386,10,董　事,王　平
115法登他000386,11,董　事,高為元
115法登他000386,12,董　事,龔天行
115法登他000386,13,監察人,林琬琬
115法登他000386,14,董　事,江東亮
115法登他000386,15,董　事,陳德華
115法登他000386,16,董　事,江宜樺
115法登他000386,17,董　事,黃榮村
115法登他000387,1,董事長,盧明燦
115法登他000387,2,董　事,盧明德
115法登他000387,4,董　事,江如蓉
115法登他000387,5,董　事,彭國豐
115法登他000387,7,董　事,陳婉如
115法登他000387,8,董　事,蔡秋芬
115法登他000387,9,董　事,張曉芸
115法登他000388,1,董　事,林家如
115法登他000388,2,董　事,陳秀碧
115法登他000388,3,董　事,張碧珠
115法登他000388,4,董　事,謝文欽
115法登他000388,5,監察人,陳進發
115法登他000388,6,董　事,馬賢義
115法登他000388,7,副董事長,邱奕達
115法登他000388,8,董　事,楊儒上
115法登他000388,9,董　事,巫順興
115法登他000388,10,董　事,簡鳳伶
115法登他000388,11,董　事,曹瓊文
115法登他000388,12,董　事,張淑惠
115法登他000388,13,董　事,王永清
115法登他000388,14,董事長,林昇樂
115法登他000389,1,理　事,楊佳鳳
115法登他000389,2,理　事,劉青山
115法登他000389,3,理　事,鄭明美
115法登他000389,4,理　事,王桂馨
115法登他000389,5,理　事,季康揚
115法登他000389,6,副理事長,楊尚訓
115法登他000389,7,理　事,姚季光
115法登他000389,8,常務監事,劉祐岑
115法登他000389,9,監　事,吳仕玫
115法登他000389,10,監　事,謝松蒼
115法登他000389,11,副理事長,孫苑庭
115法登他000389,12,理　事,藍旻瑜
115法登他000389,13,理　事,郭明哲
115法登他000389,14,理事長,陳瓊美
115法登他000390,1,理　事,鄧學仁
115法登他000390,2,理　事,陳重陽
115法登他000390,3,理　事,徐慧怡
115法登他000390,4,理事長,戴瑀如
115法登他000390,5,理　事,黃詩淳
115法登他000390,6,理　事,施慧玲
115法登他000390,7,理　事,梁維珊
115法登他000390,8,理　事,林昀嫺
115法登他000390,9,理　事,紀冠伶
115法登他000390,10,常務監事,陳明楷
115法登他000390,11,監　事,趙之敏
115法登他000390,12,監　事,魏正棻
115法登他000391,1,理　事,游尚儒
115法登他000391,2,理事長,翁仲和
115法登他000391,3,常務理事,糜以雍
115法登他000391,4,副理事長,蔡一郎
115法登他000391,5,理　事,陳至彥
115法登他000391,6,理　事,陳慶瀚
115法登他000391,7,理　事,陳聲鏗
115法登他000391,8,理　事,陳儀雪
115法登他000391,9,理　事,楊淑宏
115法登他000391,10,常務監事,張世潔
115法登他000391,11,監　事,林心瑜
115法登他000391,12,監　事,何俊炘
115法登他000392,2,董　事,黃光男
115法登他000392,7,董　事,姚浙生
115法登他000392,11,董　事,夏立言
115法登他000392,13,董　事,白俊男
115法登他000392,15,董　事,邱文義
115法登他000392,16,董　事,嚴雋泰
115法登他000392,17,董　事,林克銘
115法登他000392,18,董事長,沈慶京
115法登他000392,19,董　事,沈輝庭
115法登他000392,20,董　事,趙　怡
115法登他000392,21,董　事,張家祝
115法登他000392,22,董　事,李燈場
115法登他000392,23,董　事,張文賓
115法登他000393,1,董　事,林湘評
115法登他000393,2,董　事,鄭孝勇
115法登他000393,5,董　事,劉美貞
115法登他000393,9,董　事,黃俊龍
115法登他000393,10,董　事,馬文玲
115法登他000393,12,董事長,王靜亞
115法登他000393,13,董　事,李美津
115法登他000393,14,董　事,蔡騰緯
115法登他000393,15,董　事,林佩貞
115法登他000393,16,董　事,吳宗霖
115法登他000393,17,董　事,王慧明
115法登他000393,18,董　事,黄士羽
115法登他000393,19,董　事,林冠佩
115法登他000393,20,董　事,李晏寧
115法登他000393,21,董　事,李　衡
115法登他000395,1,理　事,廖文華
115法登他000395,2,常務理事,林惠雯
115法登他000395,3,理　事,洪綺苓
115法登他000395,4,理事長,黃翠芬
115法登他000395,5,理　事,李任雅
115法登他000395,6,理　事,陳　澤
115法登他000395,7,常務理事,陳淑蘋
115法登他000395,8,理　事,李宗勳
115法登他000395,9,理　事,陳志豪
115法登他000395,10,常務監事,李宏志
115法登他000395,11,監　事,陳修并
115法登他000395,12,監　事,王俊翔
115法登他000396,2,理　事,熊冬根
115法登他000396,3,常務理事,趙英先
115法登他000396,4,理　事,陳瑞光
115法登他000396,5,理　事,徐永國
115法登他000396,6,理　事,胡麗凰
115法登他000396,7,監　事,曾奇民
115法登他000396,8,副理事長,李智雄
115法登他000396,9,理　事,彭正福
115法登他000396,11,常務理事,路慧珠
115法登他000396,13,監　事,蔡明亮
115法登他000396,14,理　事,葉義光
115法登他000396,15,理　事,陳昱光
115法登他000396,16,理　事,王有德
115法登他000396,17,常務監事,王景光
115法登他000396,18,常務理事,李世賓
115法登他000396,19,理　事,林義豪
115法登他000396,20,理　事,陳大維
115法登他000396,21,理　事,楊奕笙
115法登他000396,23,理　事,陳祥昇
115法登他000396,24,理　事,戴家祥
115法登他000396,25,理　事,湯春重
115法登他000396,26,副理事長,邱榮吉
115法登他000396,27,常務理事,柯約瑟
115法登他000396,32,理事長,曹大誠
115法登他000397,1,監　事,湯偉修
115法登他000397,2,理事長,李元濠
115法登他000397,3,常務理事,李文洲
115法登他000397,4,理　事,陳語禎
115法登他000397,5,理　事,黃智勇
115法登他000397,6,理　事,貝瑪多瑪
115法登他000397,7,理　事,車茂蓮
115法登他000397,8,理　事,仁真卓瑪
115法登他000397,9,常務理事,李碧昭
115法登他000397,10,常務監事,賴育寧
115法登他000397,11,理　事,張綺蓮
115法登他000397,12,監　事,曾品仁
115法登他000398,1,董事長,杜永光
115法登他000398,2,董　事,張進益
115法登他000398,3,董　事,邱浩彰
115法登他000398,4,董　事,簡茂男
115法登他000398,5,監察人,黃柏凱
115法登他000398,6,董　事,邱仲慶
115法登他000398,7,董　事,江春松
115法登他000398,8,董　事,涂三遷
115法登他000398,9,董　事,黃美娜
115法登他000398,10,監察人,邱孝震
115法登他000398,11,董　事,林俊立
115法登他000398,12,董　事,陳　龍
115法登他000398,13,董　事,林博義
115法登他000398,14,董　事,蔡茂禎
115法登他000398,15,董　事,邵作賢
115法登他000398,16,監察人,陳名㨗
115法登他000399,1,理事長,蕭雅文
115法登他000399,2,常務理事,郭靖怡
115法登他000399,3,常務理事,徐涍挺
115法登他000399,4,理　事,姜尚佑
115法登他000399,5,理　事,林士淵
115法登他000399,6,理　事,鄭宜湘
115法登他000399,7,理　事,大西健丞
115法登他000399,8,理　事,長瀬理夏
115法登他000399,9,理　事,稻葉基高
115法登他000399,10,常務監事,李建樑
115法登他000399,11,監　事,張文誌
115法登他000399,12,監　事,富田啓一朗
115法登他000400,1,董　事,侯永清
115法登他000400,2,董　事,邱仁鈿
115法登他000400,3,董　事,徐小波
115法登他000400,4,監察人,康子苹
115法登他000400,6,董　事,王德頻
115法登他000400,7,董　事,王子瑋
115法登他000400,8,董　事,瞿志豪
115法登他000400,9,董　事,蔡承道
115法登他000400,10,監察人,方頌仁
115法登他000400,11,董　事,張嘉淵
115法登他000400,12,董　事,廖治凱
115法登他000400,13,董　事,劉蔚志
115法登他000400,14,董事長,何奕達
115法登他000400,15,董　事,賴瑞麟
115法登他000400,16,副董事長,張剛綸
115法登他000400,17,董　事,許介立
115法登他000400,18,董　事,程建中
115法登他000400,19,董　事,吳昕恩
115法登他000400,20,董　事,饒達仁
115法登他000400,21,董　事,蔡宗憲
115法登他000400,22,董　事,黃俊東
115法登他000400,24,董　事,張景溢
115法登他000400,25,董　事,郭珊珊
115法登他000400,26,常務監察人,葉志鴻
115法登他000401,1,董事長,黃昭欽
115法登他000401,2,監察人,周妙芳
115法登他000401,3,董　事,陳啓榮
115法登他000401,4,董　事,陳志維
115法登他000401,5,董　事,林緣珠
115法登他000401,6,董　事,陳莉容
115法登他000401,7,董　事,黃小娟
115法登他000401,8,董　事,陳清源
115法登他000401,9,董　事,楊明憲
115法登他000401,10,董　事,吳榮杰
115法登他000401,11,董　事,張靜貞
115法登他000401,12,董　事,鄭年鈞
115法登他000401,13,董　事,張素華
115法登他000401,14,監察人,王勝平
115法登他000401,15,監察人,吳芙蓉
115法登他000401,16,董　事,張澤民
115法登他000402,1,理　事,郭信男
115法登他000402,2,理　事,周伯鍾
115法登他000402,3,理　事,林帥宏
115法登他000402,4,理　事,羅蕉森
115法登他000402,5,理　事,劉謙儒
115法登他000402,6,理事長,陳雅蓮
115法登他000402,7,常務理事,朱榮群
115法登他000402,8,理　事,蕭宸婕
115法登他000402,9,常務理事,陳麗玲
115法登他000402,10,監　事,游承勳
115法登他000402,11,常務監事,梁　志
115法登他000402,12,監　事,張玉婷
115法登他000403,2,董　事,甄曉蘭
115法登他000403,3,董　事,張　彬
115法登他000403,4,董　事,丁費宗清
115法登他000403,5,董事長,黃台芬
115法登他000403,6,董　事,王龍雄
115法登他000404,1,常務理事,蔡蕙莉
115法登他000404,2,常務監事,簡國城
115法登他000404,3,理　事,翁崇峰
115法登他000404,4,理　事,張祐豪
115法登他000404,5,理　事,溫明賢
115法登他000404,6,理　事,廖慧媛
115法登他000404,7,理　事,徐永偉
115法登他000404,8,理　事,廖啓清
115法登他000404,9,常務理事,顏伯諭
115法登他000404,10,理事長,謝立人
115法登他000404,11,監　事,陳素媛
115法登他000404,12,監　事,李貞儀
115法登他000405,1,董　事,李振賢
115法登他000405,2,董　事,高張東妹
115法登他000405,3,董　事,汪中和
115法登他000405,4,董事長,周育賢
115法登他000405,5,董　事,溫信義
115法登他000405,6,監　事,汪中一
115法登他000405,7,董　事,高夢光
115法登他000405,8,董　事,温淑芳
115法登他000405,9,監　事,張美琪
115法登他000405,10,監　事,江燕燕
115法登他000406,1,董事長,鍾安住
115法登他000406,2,董　事,戴愛仁
115法登他000406,3,董　事,林恒毅
115法登他000406,4,董　事,鄒繼群
115法登他000406,5,董　事,蕭淑貞
115法登他000406,6,董　事,陸幼琴
115法登他000406,7,董　事,王德蘭
115法登他000406,8,董　事,林天德
115法登他000406,9,董　事,羅際元
115法登他000406,10,董　事,藍功堯
115法登他000406,11,董　事,趙永吉
115法登他000406,12,監察人,陳　科
115法登他000407,1,董　事,李良德
115法登他000407,2,董　事,林郭文艶
115法登他000407,3,董　事,譚建中
115法登他000407,4,董　事,蔣乃辛
115法登他000407,5,董　事,何明果
115法登他000407,6,董　事,張德雄
115法登他000407,7,董　事,張益華
115法登他000407,8,董　事,余玫靜
115法登他000407,9,董　事,洪賑城
115法登他000407,10,董　事,林信宏
115法登他000407,11,董　事,林榮三
115法登他000407,12,董　事,賴光哲
115法登他000407,13,董　事,歐添發
115法登他000407,14,董　事,彭文傑
115法登他000407,15,監察人,沈仰斌
115法登他000407,16,董事長,朱文成
115法登他000408,1,理事長,雷建宇
115法登他000408,2,理　事,黃伊涵
115法登他000408,3,常務理事,廖淳英
115法登他000408,4,常務理事,雷以宣
115法登他000408,5,理　事,馮延君
115法登他000408,6,理　事,傅秀月
115法登他000408,7,理　事,韓恩華
115法登他000408,8,理　事,季偉強
115法登他000408,9,理　事,蕭孟藍
115法登他000408,10,常務監事,蔡雅欣
115法登他000408,11,監　事,王麗英
115法登他000408,12,監　事,陳秀靜
115法登他000410,1,常務理事,江旻諺
115法登他000410,2,理　事,黃郁芬
115法登他000410,3,常務理事,劉盈君
115法登他000410,4,常務理事,熊庭志
115法登他000410,5,理　事,李芃萱
115法登他000410,6,理　事,楊　剛
115法登他000410,7,理　事,林秀幸
115法登他000410,8,理事長,許恩恩
115法登他000410,9,理　事,李　淇
115法登他000410,10,理　事,呂伊庭
115法登他000410,11,監　事,吳易叡
115法登他000410,12,理　事,黃兆年
115法登他000410,13,理　事,蔡喻安
115法登他000410,14,常務監事,戴思潔
115法登他000410,15,監　事,林芳如
115法登他000410,16,理　事,徐承恩
115法登他000411,1,董事長,林伯庭
115法登他000411,2,董　事,鐘貫洋
115法登他000411,3,董　事,陳福昌
115法登他000411,4,董　事,程子維
115法登他000411,5,董　事,王聖凱
115法登他000411,6,監察人,林　群
115法登他000412,1,理　事,葉美伶
115法登他000412,2,理　事,林明賢
115法登他000412,3,常務理事,林達德
115法登他000412,4,理　事,吳明哲
115法登他000412,5,理　事,陳炤堅
115法登他000412,6,監　事,洪福良
115法登他000412,7,理　事,馮誠萬
115法登他000412,8,理　事,許　輔
115法登他000412,9,常務理事,周天穎
115法登他000412,10,理　事,費雯綺
115法登他000412,11,理　事,林維君
115法登他000412,12,理　事,葉耀明
115法登他000412,13,監　事,張明毅
115法登他000412,14,常務理事,邱奕志
115法登他000412,15,理　事,陳世芳
115法登他000412,16,監　事,方　煒
115法登他000412,17,常務理事,阮明淑
115法登他000412,18,理事長,江昭皚
115法登他000412,19,常務監事,吳文正
115法登他000412,20,監　事,王峻禧
115法登他000413,1,董　事,陶德友
115法登他000413,2,董　事,丁克華
115法登他000413,3,董　事,陳興國
115法登他000413,6,監察人,楊國賜
115法登他000413,9,董　事,楊敦和
115法登他000413,10,董　事,汪大華
115法登他000413,11,董事長,童中儀
115法登他000413,12,董　事,劉三錡
115法登他000413,13,董　事,胡天玫
115法登他000413,14,董　事,劉瑞生
115法登他000416,1,董　事,"THOMAS ANDREW CHEN"
115法登他000416,2,董　事,朱黃傑
115法登他000416,3,董　事,歐陽家立
115法登他000416,4,董　事,江秀琴
115法登他000416,5,董　事,劉群茂
115法登他000416,6,董事長,江素蘭
115法登他000416,7,董　事,"EDWARD ANDREW OW"
115法登他000416,8,董　事,王雪紅
115法登他000416,9,董　事,陳英安
115法登他000417,1,董事長,黃晴雯
115法登他000417,2,董　事,吳素吟
115法登他000417,3,董　事,彭學增
115法登他000417,5,董　事,杜金森
115法登他000417,6,董　事,楊政憲
115法登他000417,7,董　事,播本昇
115法登他000417,8,董　事,賴必昌
115法登他000417,9,董　事,許淑賢
115法登他000417,10,董　事,李艾佳
115法登他000418,1,監察人,林奕辰
115法登他000418,2,董　事,林弘彬
115法登他000418,3,董　事,陳德偉
115法登他000418,4,董　事,賴介文
115法登他000418,5,董　事,廖顯名
115法登他000418,6,董　事,黃豪顔
115法登他000418,7,董　事,郭家佑
115法登他000418,8,董　事,李錦虹
115法登他000418,9,監察人,李紀鳳
115法登他000418,10,董事長,葉慶元
115法登他000418,11,監察人,陳麗珍
115法登他000418,12,董　事,張廷吉
115法登他000418,13,董　事,林東益
115法登他000418,14,董　事,林佳玲
115法登他000419,1,董　事,劉美慧
115法登他000419,2,董　事,劉建成
115法登他000419,3,董　事,鍾光豐
115法登他000419,4,董　事,涂鐵雄
115法登他000419,7,董　事,陳焜銘
115法登他000419,12,董　事,米泓生
115法登他000419,13,董　事,于蓓蒂
115法登他000419,14,董　事,朱文煌
115法登他000419,15,董　事,謝璧璘
115法登他000419,16,董　事,王金平
115法登他000419,17,董　事,林東泰
115法登他000419,18,董　事,宋曜廷
115法登他000419,20,董　事,鄭志富
115法登他000419,21,董　事,潘文炎
115法登他000419,22,董　事,吳清基
115法登他000419,23,董　事,陳正雄
115法登他000419,24,董　事,印永翔
115法登他000419,25,董　事,許勝雄
115法登他000419,26,董事長,吳正己
115法登他000419,27,董　事,林玫君
115法登他000419,28,董　事,陳學志
115法登他000420,1,理　事,陳瀅州
115法登他000420,2,監　事,阮碧玲
115法登他000420,3,監事會召集人,陳炫銘
115法登他000420,4,理事長,賴妙菊
115法登他000420,5,副理事長,陳燕輝
115法登他000420,6,副理事長,張國強
115法登他000420,7,理　事,李孟翰
115法登他000420,8,副理事長,黄淑慧
115法登他000420,9,常務理事,呂信寬
115法登他000420,10,理　事,王馥華
115法登他000420,11,理　事,林郁信
115法登他000420,12,監　事,簡碧嬌
115法登他000420,13,理　事,楊惟仁
115法登他000420,14,理　事,李宗霖
115法登他000420,15,理　事,陳素卿
115法登他000420,16,理　事,陳慧敏
115法登他000420,17,理　事,楊佩霞
115法登他000420,18,副理事長,藍美玲
115法登他000420,19,理　事,徐月娥
115法登他000420,20,理　事,鄭佳宙
115法登他000420,21,常務理事,湯源福
115法登他000420,22,理　事,吳心潔
115法登他000420,23,理　事,卓宗穎
115法登他000420,24,常務理事,蔡鴻鈺
115法登他000420,25,理　事,簡秀梅
115法登他000420,26,理　事,賴彥勳
115法登他000420,27,監　事,侯美雅
115法登他000420,28,理　事,黃麗霞
115法登他000420,29,常務理事,蔡銘峯
115法登他000420,30,理　事,黃淑卿
115法登他000422,1,董　事,王傳珏
115法登他000422,4,董　事,李乾虎
115法登他000422,5,董　事,盧林賜
115法登他000422,6,董　事,許書榮
115法登他000422,7,董　事,黃子倫
115法登他000422,8,董　事,陳　治
115法登他000422,9,董事長,潘韋嘉
115法登他000423,24,監　事,林建志
115法登他000423,25,監　事,塗義澤
115法登他000423,26,監　事,薛煒立
115法登他000423,27,監　事,劉德宗
115法登他000423,28,監　事,陳劍威
115法登他000424,1,副理事長,吳英俊
115法登他000424,2,監　事,張麗慧
115法登他000424,3,常務監事,郭大衛
115法登他000424,4,理　事,鄭　威
115法登他000424,5,理　事,張文昌
115法登他000424,6,理　事,陳德智
115法登他000424,7,理　事,林應群
115法登他000424,8,理　事,牛　弘
115法登他000424,9,理　事,李樹蘋
115法登他000424,10,監　事,唐仙美
115法登他000424,11,理　事,蔡志東
115法登他000424,12,理事長,愷茵‧達路
115法登他000425,1,董事長,黃忠臣
115法登他000425,3,董　事,葉文堂
115法登他000425,4,董　事,黃魏蕙君
115法登他000425,5,董　事,吳清基
115法登他000425,6,董　事,高春麗
115法登他000425,7,董　事,林聰明
115法登他000425,8,董　事,李吉仁
115法登他000426,1,董　事,何猷忠
115法登他000426,2,董　事,何壽川
115法登他000426,3,董事長,張中一
115法登他000426,6,董　事,蘇澤民
115法登他000426,8,董　事,黃熙緝
115法登他000426,9,董　事,林其隆
115法登他000426,10,董　事,林智峯
115法登他000428,1,董事長,翁林明清
115法登他000428,2,董　事,倪仁禧
115法登他000428,3,董　事,王德勝
115法登他000428,4,董　事,文　郁
115法登他000428,5,董　事,孫淑霞
115法登他000429,1,理　事,鄭忍嬌
115法登他000429,2,理　事,張明致
115法登他000429,3,理　事,黃心慈
115法登他000429,4,理　事,廖鴻宇
115法登他000429,5,理　事,余宗澤
115法登他000429,6,常務理事,張琬君
115法登他000429,7,常務理事,鄭秀娟
115法登他000429,8,常務監事,曹錫智
115法登他000429,9,理　事,洪德揚
115法登他000429,10,理事長,翁繩玉
115法登他000429,11,監　事,劉宥君
115法登他000429,12,監　事,羅于婷
115法登他000430,1,董　事,高明華
115法登他000430,3,常務董事,呂自勇
115法登他000430,5,董　事,趙維良
115法登他000430,6,常務董事,吳碩廣
115法登他000430,7,董　事,康德華
115法登他000430,8,董　事,沈明耀
115法登他000430,9,董事長,鄭耀華
115法登他000430,10,董　事,唐道中
115法登他000430,11,董　事,吳碩傳
115法登他000431,1,董　事,黃麒龍
115法登他000431,2,董　事,林冠男
115法登他000431,3,董　事,余賢正
115法登他000431,4,董　事,謝元楨
115法登他000431,5,董　事,張美燕
115法登他000431,6,董　事,歐金秋
115法登他000431,7,副董事長,張　傑
115法登他000431,8,董　事,李柏樺
115法登他000431,9,董　事,丁怡瑄
115法登他000431,10,董　事,羅文聰
115法登他000431,11,董　事,蔡其和
115法登他000431,12,董　事,王振宇
115法登他000431,13,董　事,洪秀龍
115法登他000431,14,董　事,呂炅坤
115法登他000431,15,董　事,黃震源
115法登他000431,16,董　事,詹木淋
115法登他000431,17,董　事,朱德仁
115法登他000431,18,董　事,汪毓嫻
115法登他000431,19,董　事,柯偉震
115法登他000431,20,董　事,王淑玲
115法登他000431,21,董　事,柯震芳
115法登他000431,22,監察人,陳淑玲
115法登他000431,23,董　事,余俊杰
115法登他000431,24,董　事,張瓊文
115法登他000431,25,董事長,鄭文暹
115法登他000431,26,董　事,張俊雄
115法登他000431,27,董　事,黃傳理
115法登他000431,28,董　事,林松雄
115法登他000431,29,董　事,許福利
115法登他000431,30,董　事,張德豊
115法登他000431,31,董　事,陳明崇
115法登他000431,32,董　事,林彩萍
115法登他000432,1,董事長,楊源明
115法登他000432,3,董　事,黃嘉祿
115法登他000432,5,監察人,陳俊傑
115法登他000432,6,董　事,許修銘
115法登他000432,7,監察人,劉章遠
115法登他000432,10,董　事,蕭瑞芬
115法登他000432,11,董　事,黃錦章
115法登他000432,12,董　事,張訓嘉
115法登他000432,13,董　事,陳宏揚
115法登他000432,14,董　事,林茂雄
115法登他000432,15,董　事,孟憲輝
115法登他000432,16,董　事,張維敦
115法登他000432,17,董　事,王勝盟
115法登他000432,19,董　事,王朝煌
115法登他000432,20,董　事,黃俊龍
115法登他000432,21,監察人,李承龍
115法登他000432,22,董　事,吳春山
115法登他000432,23,監察人,李貴琪
115法登他000432,24,董　事,陳建興
115法登他000432,25,董　事,何煖軒
115法登他000432,26,董　事,楊文超
115法登他000434,1,理　事,王國川
115法登他000434,2,理　事,李明學
115法登他000434,3,監　事,楊士弘
115法登他000434,4,理　事,陳建民
115法登他000434,5,理　事,陳怡龍
115法登他000434,6,常務理事,黃文成
115法登他000434,7,常務理事,張志儒
115法登他000434,8,理　事,李宜堅
115法登他000434,9,理　事,盧　康
115法登他000434,10,理　事,莊皓宇
115法登他000434,11,監　事,蔡承嘉
115法登他000434,12,理　事,林建和
115法登他000434,13,理　事,劉安祥
115法登他000434,14,理事長,林乾閔
115法登他000434,15,理　事,邱琮朗
115法登他000434,16,理　事,蔡昇宗
115法登他000434,17,監　事,許秉權
115法登他000434,18,理　事,張正修
115法登他000434,19,理　事,陳春忠
115法登他000434,20,監　事,莊啟政
115法登他000434,21,理　事,陳元皓
115法登他000434,22,理　事,徐鵬偉
115法登他000434,23,理　事,陳品元
115法登他000434,24,監　事,許育弘
115法登他000434,25,理　事,陳旭照
115法登他000434,26,理　事,陳志偉
115法登他000434,27,監　事,劉安正
115法登他000434,28,常務監事,林志隆
115法登他000434,29,理　事,蔡明成
115法登他000434,30,常務理事,鄭文郁
115法登他000434,31,監　事,李旭東
115法登他000434,32,常務理事,陳武福
115法登他000434,33,理　事,孫瑞明
115法登他000434,34,監　事,戴世煌
115法登他000434,35,理　事,廖維專
115法登他000434,36,理　事,饒政玄
115法登他000435,1,董　事,李曜州
115法登他000435,2,董　事,吳東瀛
115法登他000435,3,董事長,洪晴瀠
115法登他000435,4,董　事,翁昆湖
115法登他000435,5,董　事,林俊龍
115法登他000435,6,董　事,聶焱庠
115法登他000435,7,董　事,黃世雄
115法登他000435,8,董　事,陳又慈
115法登他000435,9,董　事,周文安
115法登他000436,2,監察人,王麟章
115法登他000436,3,董　事,曲守康
115法登他000436,4,常務董事,林政溪
115法登他000436,5,董　事,洪再崑
115法登他000436,8,董　事,林裕峰
115法登他000436,11,常務董事,劉友員
115法登他000436,12,常務董事,陳一坤
115法登他000436,14,董　事,劉克昌
115法登他000436,15,董事長,許恒進
115法登他000436,16,董　事,喻瑞慶
115法登他000436,17,常務董事,林焜泉
115法登他000436,18,董　事,葉玉真
115法登他000436,19,董　事,王青瑋
115法登他000436,20,董　事,卓瑞華
115法登他000437,1,董　事,洪志彰Ciwciang．Sawawan
115法登他000437,2,董　事,鄭瓊芬
115法登他000437,3,董　事,邱文隆
115法登他000437,4,董　事,鄭偉成
115法登他000437,5,董　事,楊婷媜
115法登他000437,6,董　事,梁學政
115法登他000437,7,董　事,"高清菊ya'aw kalahae' kaybaybaw"
115法登他000437,8,董　事,阿凡樂卡爾AFANLEKAL
115法登他000437,9,董　事,陳　麒
115法登他000437,10,董　事,"汝苡．菈菈Dungi Lala'"
115法登他000437,11,董事長,俄鄧．殷艾Eteng．Ingay
115法登他000437,12,董　事,毛喬慧Mani．Lhkapamumu
115法登他000437,13,董　事,簡月真
115法登他000437,14,董　事,柯美稜
115法登他000437,15,監察人,高麗萍
115法登他000437,16,常務監察人,黃美嘉
115法登他000437,17,監察人,郭基鼎
115法登他000437,18,董　事,吳清生Tjamale
115法登他000438,1,董　事,王震鈺
115法登他000438,2,董事長,王震南
115法登他000438,3,董　事,張存瑤
115法登他000438,4,董　事,沈佩蒂
115法登他000438,5,董　事,沈一真
115法登他000438,6,董　事,施燕鈴
115法登他000438,7,董　事,曾俊明
115法登他000439,1,董　事,馬詠睿
115法登他000439,4,董　事,沃祥瑞
115法登他000439,5,董　事,廖尚文
115法登他000439,12,董　事,林妏純
115法登他000439,13,董　事,王令一
115法登他000439,14,董　事,陳安祥
115法登他000439,15,董　事,陳通和
115法登他000439,16,董事長,王令麟
115法登他000439,17,董　事,洪茂光
115法登他000440,1,董　事,張聖原
115法登他000440,2,董　事,黃坤崙
115法登他000440,3,董　事,王正康
115法登他000440,4,董事長,沈國樑
115法登他000440,5,董　事,譚開元
115法登他000440,6,董　事,謝士明
115法登他000440,7,董　事,張立人
115法登他000440,8,董　事,陳耀昌
115法登他000440,9,董　事,高森永
115法登他000440,10,董　事,吳錦楨
115法登他000440,11,董　事,鄭寳雲
115法登他000441,1,董　事,滕光政
115法登他000441,2,董　事,劉懷恩
115法登他000441,3,董　事,黃文鴻
115法登他000441,4,董事長,寇紹恩
115法登他000441,5,董　事,謝禎泰
115法登他000441,6,董　事,楊吉田
115法登他000441,7,董　事,陳伯儀
115法登他000441,8,董　事,鄭有恒
115法登他000441,9,董　事,金培文
115法登他000441,11,董　事,邱連發
115法登他000441,12,董　事,馬遠貴
115法登他000441,13,董　事,劉惠慈
115法登他000441,14,董　事,莊家蘭
115法登他000442,1,董　事,杜金換
115法登他000442,5,"董  事",吳子清
115法登他000442,6,董　事,廖金常
115法登他000442,7,董　事,蘇瑞珠
115法登他000442,8,董事長,黃琦玲
115法登他000443,6,董　事,鄭祺耀
115法登他000443,7,董　事,李敏勇
115法登他000443,8,董事長,辜王美琇
115法登他000443,9,董　事,路　平
115法登他000443,10,董　事,李川信
115法登他000443,11,董　事,陳瑞麟
115法登他000443,12,董　事,姚文智
115法登他000443,16,董　事,沈清楷
115法登他000443,17,董　事,郭雨嵐
115法登他000443,18,董　事,馮賢賢
115法登他000443,19,董　事,林瓊華
115法登他000444,1,董事長,蔡維倫
115法登他000444,2,董　事,陳義明
115法登他000444,3,董　事,黃哲彥
115法登他000444,4,董　事,沈月蓮
115法登他000444,5,董　事,邱煌森
115法登他000444,6,董　事,林瑜琳
115法登他000444,7,董　事,趙國光
115法登他000444,8,董　事,吳夏語
115法登他000444,9,董　事,何堅信
115法登他000444,10,董　事,許弘一
115法登他000444,11,董　事,邱寶瑩
115法登他000444,12,董　事,陳錦慧
115法登他000444,13,董　事,趙國玉
115法登他000444,14,董　事,陳美玲
115法登他000444,15,董　事,潘璦琬
115法登他000445,2,中央常務執行委員,范　雲
115法登他000445,8,中央常務執行委員,邱志偉
115法登他000445,9,中央常務執行委員,王定宇
115法登他000445,11,中央常務執行委員,翁章梁
115法登他000445,16,中央常務執行委員,莊瑞雄
115法登他000445,19,中央常務執行委員,蔡其昌
115法登他000445,20,中央常務執行委員,洪申翰
115法登他000445,21,中央常務執行委員,陳茂松
115法登他000445,22,中央常務執行委員,王世堅
115法登他000445,24,中央常務執行委員,鍾佩玲
115法登他000445,25,主　席,賴清德
115法登他000445,27,中央常務執行委員,林俊憲
115法登他000445,30,中央常務執行委員,黃偉哲
115法登他000445,31,中央常務執行委員,陳亭妃
115法登他000445,32,中央常務執行委員,張宏陸
115法登他000445,33,中央常務執行委員,陳其邁
115法登他000445,34,中央常務執行委員,陳淑華
115法登他000446,1,董　事,梁佳敏
115法登他000446,2,董事長,梁欣敏
115法登他000446,3,董　事,馮雅敏
115法登他000446,4,董　事,蔣至剛
115法登他000446,5,董　事,賴虞倫
115法登他000446,6,董　事,陳幼玲
115法登他000446,7,董　事,蔡佩珊
115法登他000446,8,董　事,黃士芬
115法登他000446,9,董　事,楊祺瑛
115法登他000447,1,理　事,翁孟慈
115法登他000447,2,理事長,魏淑鉁
115法登他000447,3,常務理事,吳登強
115法登他000447,4,理　事,張君照
115法登他000447,5,常務理事,倪衍玄
115法登他000447,6,理　事,林煒晟
115法登他000447,7,理　事,施怡倫
115法登他000447,8,理　事,莊喬雄
115法登他000447,9,理　事,林春吉
115法登他000447,10,常務監事,王照元
115法登他000447,11,監　事,張廷安
115法登他000447,12,監　事,顏旭亨
115法登他000448,1,董　事,張添晉
115法登他000448,2,副董事長,周朝崇
115法登他000448,3,董　事,張貞貴
115法登他000448,6,董　事,李源德
115法登他000448,9,董　事,許和鈞
115法登他000448,10,董　事,許華玲
115法登他000448,11,董　事,許永明
115法登他000448,12,董　事,陳安治
115法登他000448,13,董事長,邱月琴
115法登他000448,14,董　事,方螢基
115法登他000448,15,董　事,葉欣誠
115法登他000448,16,董　事,杜美華
115法登他000448,17,董　事,詹阿水
115法登他000449,1,理　事,蘇宗振
115法登他000449,2,理　事,郭坤峯
115法登他000449,3,常務理事,莊老達
115法登他000449,4,理　事,張錦宜
115法登他000449,5,常務理事,詹富智
115法登他000449,6,理　事,林彥蓉
115法登他000449,7,理　事,黃振文
115法登他000449,8,常務理事,李紅曦
115法登他000449,9,理　事,蔡新聲
115法登他000449,10,理　事,楊大吉
115法登他000449,11,理　事,曾彥學
115法登他000449,12,常務理事,杜文珍
115法登他000449,13,常務理事,林裕彬
115法登他000449,14,理　事,楊宏瑛
115法登他000449,15,理　事,林學詩
115法登他000449,16,理　事,謝廷芳
115法登他000449,17,常務理事,王仕賢
115法登他000449,18,理　事,黃振芳
115法登他000449,19,理事長,胡忠一
115法登他000449,20,理　事,盧虎生
115法登他000449,21,理　事,呂秀英
115法登他000449,22,監　事,謝昌衛
115法登他000449,23,監　事,林達德
115法登他000449,24,監　事,王毓華
115法登他000449,25,監　事,張定霖
115法登他000449,26,常務監事,鄒篪生
115法登他000449,27,監　事,楊秋忠
115法登他000449,28,監　事,邱垂章
115法登他000451,1,董事長,程紹智
115法登他000451,2,董　事,常佑康
115法登他000451,3,董　事,吳宏城
115法登他000451,4,董　事,楊牧峻
115法登他000451,5,董　事,廖如文
115法登他000451,6,監察人,林岑音
115法登他000452,1,董事長,蔡令怡
115法登他000452,2,董　事,葉俊良
115法登他000452,3,董　事,莊文欽
115法登他000452,4,董　事,陳哲明
115法登他000452,5,董　事,伍佩鈴
115法登他000452,6,董　事,吳素真
115法登他000452,7,董　事,梁世武
115法登他000452,8,董　事,吳子安
115法登他000452,9,監察人,温三郎
115法登他000452,10,董　事,廖康志
115法登他000453,1,理事長,李明依
115法登他000453,2,常務理事,蔡衣如
115法登他000453,3,常務理事,龐甄嬉
115法登他000453,4,理　事,楊紹廷
115法登他000453,5,理　事,孟庭如
115法登他000453,6,理　事,袁佐材
115法登他000453,7,理　事,李威力
115法登他000453,8,理　事,曾則剛
115法登他000453,9,理　事,梁雁菁
115法登他000453,10,常務監事,高瑩倢
115法登他000453,11,監　事,趙威誌
115法登他000453,12,監　事,黃信維
115法登他000454,1,理　事,林彥宏
115法登他000454,2,理事長,涂予尹
115法登他000454,3,理　事,邱毓斌
115法登他000454,4,理　事,翁國彥
115法登他000454,5,理　事,徐偉群
115法登他000454,6,理　事,許仁碩
115法登他000454,7,理　事,邱伊翎
115法登他000454,8,監　事,錢建榮
115法登他000454,9,理　事,羅毓嘉
115法登他000454,10,監　事,郭復齊
115法登他000454,11,理　事,周怡君
115法登他000454,16,副理事長,魏培軒
115法登他000454,17,理　事,賈文宇
115法登他000454,18,常務監事,周宇修
115法登他000454,19,理　事,彭仁郁
115法登他000454,20,理　事,李宣毅
115法登他000455,1,董　事,顏尚文
115法登他000455,2,董　事,周美秀
115法登他000455,3,董　事,徐兆群
115法登他000455,4,董　事,楊朝祥
115法登他000455,5,董　事,徐于晴
115法登他000455,6,董事長,彭臺臨
115法登他000455,7,董　事,李大偉
115法登他000455,8,監察人,蘇曉芳
115法登他000456,1,董事長,陳建甫
115法登他000456,2,董　事,郭臨伍
115法登他000456,3,董　事,張凱智
115法登他000456,4,董　事,蔡孟君
115法登他000456,5,董　事,郭育仁
115法登他000457,1,董　事,何星輝
115法登他000457,2,董　事,陳宏德
115法登他000457,4,董　事,張美玉
115法登他000457,5,董　事,夏閎秋
115法登他000457,7,董事長,陳逸芬
115法登他000458,1,董事長,王貴雲
115法登他000458,2,董　事,陳主望
115法登他000458,3,董　事,陳信生
115法登他000458,5,董　事,蘇郁修
115法登他000458,6,董　事,徐維根
115法登他000458,7,董　事,楊琇瑤
115法登他000458,8,董　事,謝鈴鈴
115法登他000458,10,董　事,黃敏吉
115法登他000458,11,董　事,陳韻鈴
115法登他000458,12,董　事,郭蕙青
115法登他000458,13,董　事,吳丁平
115法登他000458,14,董　事,林弘道
115法登他000458,15,董　事,李常吉
115法登他000459,1,理事長,李芃萱
115法登他000459,2,理　事,蔡孟筑
115法登他000459,3,理　事,楊　剛
115法登他000459,4,理　事,羅禮涵
115法登他000459,5,理　事,洪靖雅
115法登他000459,6,理　事,張　馳
115法登他000459,7,常務理事,王昱翔
115法登他000459,8,常務理事,熊庭志
115法登他000459,9,監　事,梁組盈
115法登他000459,10,常務監事,施逸翔
115法登他000459,11,監　事,楊書瑋
115法登他000459,12,理　事,謝仁郡
115法登他000460,1,董事長,邵之雋
115法登他000460,2,董　事,林志潔
115法登他000460,3,董　事,陳萬祥
115法登他000460,4,董　事,蕭奕弘
115法登他000460,5,董　事,張　錫
115法登他000460,6,董　事,壽勤偉
115法登他000460,7,董　事,張清雲
115法登他000460,8,董　事,劉尚志
115法登他000460,9,董　事,糜以雍
115法登他000460,10,董　事,金憶惠
115法登他000460,11,董　事,鄒景雯
115法登他000460,12,董　事,郭羿廷
115法登他000460,13,董　事,吳　杰
115法登他000461,1,常務理事,謝鴻鳴
115法登他000461,2,理　事,陳瑞淑
115法登他000461,3,理　事,劉蘭姝
115法登他000461,4,監　事,黃淑芬
115法登他000461,5,常務理事,張巧燕
115法登他000461,6,理　事,丁立華
115法登他000461,7,理　事,池　蘋
115法登他000461,8,理　事,邱文彥
115法登他000461,9,理　事,劉淑英
115法登他000461,10,常務理事,卓鈺薰
115法登他000461,11,理　事,潘宇文
115法登他000461,12,常務理事,劉欣怡
115法登他000461,13,理　事,胡景惠
115法登他000461,14,理　事,王彩妙
115法登他000461,15,理事長,劉絲涵
115法登他000461,16,理　事,黃舒青
115法登他000461,17,監　事,曾如敏
115法登他000461,18,監　事,蔣蕙君
115法登他000461,19,常務監事,廖敏君
115法登他000461,20,監　事,謝鴻均
115法登他000462,1,常務監事,胡家誠
115法登他000462,2,理　事,陳佩雯
115法登他000462,3,理事長,余蘊欣
115法登他000462,4,理　事,黃裕倫
115法登他000462,5,理　事,李　瑋
115法登他000462,6,監　事,陳佳琪
115法登他000462,7,常務理事,杜婉茹
115法登他000462,8,理　事,陳怡巧
115法登他000462,9,理　事,陳虹頻
115法登他000462,10,監　事,蔡一如
115法登他000462,11,常務理事,陳志明
115法登他000462,12,理　事,楊婉伶
115法登他000463,1,理事長,王信實
115法登他000463,2,常務理事,傅如馨
115法登他000463,3,理　事,朱笠綺
115法登他000463,4,理　事,林佾璇
115法登他000463,5,理　事,曾韋晨
115法登他000463,6,理　事,洪敏真
115法登他000463,7,理　事,方將任
115法登他000463,8,理　事,王亞維
115法登他000463,9,理　事,蘇盈儀
115法登他000463,10,常務監事,蔡佳璇
115法登他000463,11,監　事,石逸萱
115法登他000463,12,監　事,郭芸甄
115法登他000464,1,理　事,陳春生
115法登他000464,2,理　事,楊子慧
115法登他000464,3,理　事,黃銘輝
115法登他000464,5,理　事,陳清秀
115法登他000464,6,理　事,劉定基
115法登他000464,7,理　事,吳志光
115法登他000464,8,常務監事,黃錦堂
115法登他000464,9,理　事,蘇永欽
115法登他000464,10,常務理事,石世豪
115法登他000464,12,理　事,林明鏘
115法登他000464,15,理事長,林超駿
115法登他000464,20,監　事,陳愛娥
115法登他000464,21,監　事,許育典
115法登他000464,24,常務理事,陳淳文
115法登他000464,31,常務理事,陳淑芳
115法登他000464,33,理　事,詹鎮榮
115法登他000464,34,常務理事,張文郁
115法登他000464,35,理　事,廖元豪
115法登他000464,39,監　事,董保城
115法登他000464,40,監　事,李復甸
115法登他000465,1,常務監事,劉毓修
115法登他000465,2,監　事,陳映達
115法登他000465,3,副理事長,曾俊智
115法登他000465,4,理　事,掌耀萱
115法登他000465,5,理　事,陳佩雯
115法登他000465,6,理　事,賴楚孟
115法登他000465,7,理　事,黃裕倫
115法登他000465,8,理事長,翁舜頤
115法登他000465,9,理　事,陳筱妮
115法登他000465,10,理　事,洪千婷
115法登他000465,11,監　事,歐育志
115法登他000465,12,常務理事,許穎昌
115法登他000466,1,董　事,汪郁純
115法登他000466,2,董事長,王錦鴻
115法登他000466,3,董　事,安軒毅
115法登他000466,4,董　事,劉郁馨
115法登他000466,5,董　事,蔡文鴻
115法登他000467,1,理　事,郭恒成
115法登他000467,2,理事長,林妙琪
115法登他000467,3,理　事,郭冠宏
115法登他000467,4,理　事,郭芳維
115法登他000467,5,常務理事,蔡林高
115法登他000467,6,理　事,張謝來好
115法登他000467,7,理　事,吳瑞君
115法登他000467,8,理　事,陳李幼
115法登他000467,9,常務理事,洪錦瑩
115法登他000467,10,常務監事,張宏翔
115法登他000467,11,監　事,洪張月華
115法登他000467,12,監　事,陳文雄
115法登他000468,1,董　事,李浩正
115法登他000468,2,董事長,盧瑞祥
115法登他000468,3,董　事,林育玟
115法登他000468,4,董　事,王仁佑
115法登他000468,5,董　事,林男錡
115法登他000468,6,董　事,蘇賢錡
115法登他000468,7,董　事,陳倩如
115法登他000468,8,董　事,顏斈瑞
115法登他000468,9,董　事,饒宜中
115法登他000468,10,董　事,黃麗倫
115法登他000468,11,董　事,許博翔
115法登他000468,12,董　事,李韋霆
115法登他000468,13,董　事,陳詠華
115法登他000468,14,董　事,張子鞍
115法登他000468,15,董　事,陳雅姿
115法登他000468,16,董　事,張峻毓
115法登他000468,17,董　事,林家鏵
115法登他000469,1,常務董事,吳錫澤
115法登他000469,2,常務董事,唐明輝
115法登他000469,3,董事長,袁靖宇
115法登他000469,4,董　事,陳碧鐘
115法登他000469,5,董　事,屠德銘
115法登他000469,6,董　事,孫曉柔
115法登他000469,7,董　事,薛詠諭
115法登他000469,8,董　事,陳國良
115法登他000469,9,董　事,葉顯光
115法登他000470,1,董事長,高明見
115法登他000470,2,董　事,高士偉
115法登他000470,3,董　事,高士晴
115法登他000470,4,董　事,黃宗仁
115法登他000470,5,董　事,林建廷
115法登他000470,6,董　事,曲家林
115法登他000470,7,董　事,王中平
115法登他000470,8,董　事,陳贊仁
115法登他000470,9,董　事,蔡總美
115法登他000470,10,董　事,葉紫華
115法登他000470,11,董　事,戴世煌
115法登他000470,12,董　事,吳曉萍
115法登他000470,13,董　事,張峰毓
115法登他000470,14,董　事,黃正勝
115法登他000470,15,董　事,邱仲慶
115法登他000471,1,董　事,林政億
115法登他000471,2,董　事,黃競愷
115法登他000471,3,董　事,李易松
115法登他000471,4,董事長,周士煒
115法登他000471,6,董　事,陳慕天
115法登他000471,7,董　事,葉勝煌
115法登他000471,8,董　事,余志信
115法登他000471,9,董　事,鍾嘉華
115法登他000471,10,董　事,王宗隆
115法登他000472,1,董事長,吳靜吉
115法登他000472,2,董　事,王榮文
115法登他000472,4,董　事,葉玉珠
115法登他000472,7,董　事,李永豐
115法登他000472,8,董　事,陳甫彥
115法登他000473,6,董　事,陳南詩
115法登他000473,7,董　事,林淑琳
115法登他000473,8,董事長,李奇龍
115法登他000473,10,董　事,戴約信
115法登他000473,17,董　事,林榮任
115法登他000473,18,董　事,潘政憲
115法登他000473,19,董　事,許嘉玲
115法登他000473,20,董　事,陳金杏
115法登他000473,21,董　事,詹維軒
115法登他000473,22,董　事,陳鵬文
115法登他000473,23,董　事,宋玟秀
115法登他000473,24,董　事,盧信錕
115法登他000473,25,董　事,李偉民
115法登他000473,26,董　事,謝大衛
115法登他000473,27,董　事,鄭明敏
115法登他000474,2,董　事,邱彩薇
115法登他000474,4,董　事,蕭牧平
115法登他000474,5,董　事,黃雅雯
115法登他000474,6,董　事,戴晋奉
115法登他000474,8,董事長,周雅芬
115法登他000475,1,董　事,董靜馨
115法登他000475,2,董　事,蔡秋棠
115法登他000475,3,董　事,郭瓊英
115法登他000475,4,監察人,王國豐
115法登他000475,5,董　事,繆自昌
115法登他000475,7,董　事,陳愷雯
115法登他000475,8,董　事,吳杏如
115法登他000475,10,董　事,管焙埼
115法登他000475,12,董　事,韓玉山
115法登他000475,13,董　事,李永盛
115法登他000475,14,常務監察人,涂美香
115法登他000475,15,董事長,葉信明
115法登他000475,17,董　事,唐慶宗
115法登他000475,21,董　事,鄭淑文
115法登他000475,22,董　事,楊雲裕
115法登他000475,24,監察人,郭俊伶
115法登他000475,27,監察人,吳姿蓉
115法登他000475,31,董　事,塗智顯
115法登他000475,32,董　事,袁華興
115法登他000475,33,監察人,林欲達
115法登他000476,1,理事長,方鳳真
115法登他000476,2,副理事長,陳弱水
115法登他000476,3,副理事長,吳彬安
115法登他000476,4,"理  事",張瓊文
115法登他000476,5,常務理事,闞正宗
115法登他000476,6,"理  事",林春鏞
115法登他000476,7,常務理事,顏慕庸
115法登他000476,8,"理  事",李伯訓
115法登他000476,9,"理  事",林盈利
115法登他000476,10,"理  事",鄭輝雄
115法登他000476,11,"理  事",翁國超
115法登他000476,12,"理  事",陳裕源
115法登他000476,13,"理  事",楊仕山
115法登他000476,14,"理  事",張錦秋
115法登他000476,15,"理  事",王麗惠
115法登他000476,16,常務監事,張漢斌
115法登他000476,17,"監  事",劉靜容
115法登他000476,18,"監  事",黃永昌
115法登他000476,19,"監  事",吳靜修
115法登他000476,20,"監  事",蘇逸玲
115法登他000477,1,董　事,朱元雷
115法登他000477,2,董　事,蘇彥文
115法登他000477,5,董　事,陳麗卿
115法登他000477,6,董　事,連勤之
115法登他000477,7,董　事,程宜中
115法登他000477,8,董　事,徐國銘
115法登他000477,9,董事長,李南山
115法登他000477,10,董　事,劉錦徐
115法登他000477,11,董　事,劉世高
115法登他000478,1,理事長,程信芥
115法登他000478,2,常務理事,歐宗照
115法登他000478,3,常務理事,石公燦
115法登他000478,4,理　事,蘇智清
115法登他000478,5,理　事,吳貴欽
115法登他000478,6,理　事,翁清水
115法登他000478,7,理　事,譚桂明
115法登他000478,8,理　事,吳文政
115法登他000478,9,理　事,甘偉達
115法登他000478,10,監　事,鄭義文
115法登他000478,11,監　事,劉忠銘
115法登他000478,12,常務監事,葉榮軍
115法登他000479,1,董　事,林朝祥
115法登他000479,2,董事長,蔡宏圖
115法登他000479,3,董　事,倪衍玄
115法登他000479,4,董　事,陳維昭
115法登他000479,5,副董事長,蔡宗憲
115法登他000479,6,董　事,李興中
115法登他000479,7,董　事,郭明鑑
115法登他000479,8,董　事,蔡鎮球
115法登他000479,9,董　事,林志明
115法登他000479,10,監察人,劉上旗
115法登他000479,11,董　事,張上淳
115法登他000479,12,董　事,簡志誠
115法登他000479,13,常務監察人,李長庚
115法登他000479,14,董　事,吳明賢
115法登他000479,15,董　事,蔡宗男
115法登他000479,16,董　事,李明賢
115法登他000479,17,董　事,熊明河
115法登他000479,18,監察人,莊順裕
115法登他000480,1,理事長,蔡慧玲
115法登他000480,2,副理事長,陳亦純
115法登他000480,3,副理事長,王絹閔
115法登他000480,4,理　事,陳立武
115法登他000480,5,理　事,林建邦
115法登他000480,6,理　事,楊憲法
115法登他000480,7,理　事,高家偉
115法登他000480,8,理　事,吳文斌
115法登他000480,9,理　事,宋俊明
115法登他000480,10,理　事,黃秋凌
115法登他000480,11,理　事,盧　勤
115法登他000480,12,理　事,劉笏華
115法登他000480,13,理　事,連潔妤
115法登他000480,14,常務監事,邢國震
115法登他000480,15,監　事,林昭呈
115法登他000480,16,監　事,蔡瑋蔓
115法登他000481,1,董事長,林清波
115法登他000481,2,董　事,王大任
115法登他000481,4,董　事,柳逸義
115法登他000481,5,董　事,謝建民
115法登他000481,6,董　事,王啓元
115法登他000481,7,董　事,陳學聖
115法登他000481,13,董　事,朱台森
115法登他000481,14,董　事,簡學禮
115法登他000481,15,董　事,吳豪卿
115法登他000481,16,董　事,李羣英
115法登他000481,17,董　事,黃一昌
115法登他000482,1,董　事,潘敏雄
115法登他000482,2,董　事,王淑珍
115法登他000482,3,董　事,彭桂港
115法登他000482,4,董　事,滕鴻文
115法登他000482,5,董　事,蒙天祥
115法登他000482,6,董　事,李賢中
115法登他000482,7,董　事,潘啓慶
115法登他000482,8,董　事,雷永健
115法登他000482,10,董　事,陳世賢
115法登他000482,11,董　事,楊雯如
115法登他000482,12,董事長,林裕彬
115法登他000482,13,董　事,盧虎生
115法登他000482,14,董　事,陳君如
115法登他000483,1,董事長,呂允仁
115法登他000483,2,董　事,陳宗賢
115法登他000483,3,常務董事,陳梅軒
115法登他000483,5,董　事,羅蘭英
115法登他000483,6,董　事,林王清凉
115法登他000483,7,董　事,謝多佳
115法登他000483,8,常務董事,劉國華
115法登他000483,9,董　事,羅煜寰
115法登他000483,11,董　事,彭懷冰
115法登他000483,12,董　事,陳登年
115法登他000483,13,董　事,王雅麗
115法登他000484,2,監察人,林秉宏
115法登他000484,3,董　事,孔耀櫻
115法登他000484,4,董　事,張現能
115法登他000484,5,董事長,劉發泉
115法登他000484,6,董　事,謝志強
115法登他000484,7,董　事,黃耀樟
115法登他000484,8,董　事,陳炳煥
115法登他000484,10,董　事,陳明清
115法登他000484,12,董　事,潘艾嘉
115法登他000484,14,董　事,李素雲
115法登他000484,15,監察人,胡恆碩
115法登他000484,16,董　事,李春柳
115法登他000484,18,監察人,陳昭錦
115法登他000484,19,董　事,蔡尚達
115法登他000484,20,董　事,林雨亭
115法登他000484,21,董　事,廖大淵
115法登他000485,1,常務理事,蔡孟儒
115法登他000485,2,理　事,池育君
115法登他000485,3,常務理事,張綺芬
115法登他000485,4,理事長,葉文英
115法登他000485,5,理　事,邱怡婷
115法登他000485,6,理　事,蕭麗君
115法登他000485,7,常務理事,蔡鋕鑫
115法登他000485,8,副理事長,陳怡仁
115法登他000485,9,監　事,黃鈺婷
115法登他000485,10,理　事,王雅慧
115法登他000485,11,理　事,林淑琳
115法登他000485,12,理　事,楊淑蘭
115法登他000485,13,理　事,馬英娟
115法登他000485,14,理　事,林郡儀
115法登他000485,15,理　事,林峯全
115法登他000485,16,常務監事,陳美慧
115法登他000485,17,理　事,林珊如
115法登他000485,18,監　事,卓士傑
115法登他000485,19,監　事,張嘉芸
115法登他000485,20,監　事,葉佳欣
115法登他000486,1,董　事,方淑華
115法登他000486,2,董事長,張博雅
115法登他000486,3,董　事,周逸衡
115法登他000486,6,董　事,呂廷璋
115法登他000486,8,董　事,林恒志
115法登他000486,9,董　事,薛光傑
115法登他000486,11,董　事,陳敏隆
115法登他000486,12,常務董事,郭斐然
115法登他000486,13,常務董事,陳淑麗
115法登他000486,14,常務董事,李志恒
115法登他000486,15,董　事,吳佑佑
115法登他000486,16,董　事,賴德仁
115法登他000486,17,常務董事,邱弘毅
115法登他000487,1,常務監事,劉代華
115法登他000487,2,常務理事,陳秋子
115法登他000487,3,常務理事,潘林芳梅
115法登他000487,4,監　事,何璧秀
115法登他000487,5,理　事,侯美蘭
115法登他000487,6,監　事,賈茜如
115法登他000487,7,理　事,張舜典
115法登他000487,8,理　事,潘恒青
115法登他000487,9,理事長,劉代民
115法登他000487,10,理　事,趙盈瑞
115法登他000487,11,理　事,楊子靚
115法登他000487,12,理　事,潘立婷
115法登他000488,1,理　事,陳美杏
115法登他000488,2,理　事,藍彥文
115法登他000488,3,理　事,謝佳龍
115法登他000488,4,理　事,陳　祺
115法登他000488,5,理　事,王為豪
115法登他000488,6,理　事,陳柏中
115法登他000488,7,理事長,郭建成
115法登他000488,8,理　事,楊展其
115法登他000488,9,監　事,林文欽
115法登他000488,10,理　事,黃斯衍
115法登他000488,11,副理事長,羅志偉
115法登他000488,12,理　事,楊湘怡
115法登他000488,13,理　事,董崇禮
115法登他000488,14,理　事,陳易韾
115法登他000488,15,理　事,鄭澄懋
115法登他000488,16,監　事,何孟書
115法登他000488,17,常務理事,陸亭樺
115法登他000488,18,理　事,林俐暉
115法登他000488,19,監　事,鄭舜仁
115法登他000488,20,理　事,許進恭
115法登他000488,21,理　事,陳凱風
115法登他000488,22,理　事,楊仲準
115法登他000488,23,常務理事,曲宏宇
115法登他000488,24,監　事,郭家銘
115法登他000488,25,常務理事,許華書
115法登他000488,26,常務監事,高英哲
115法登他000489,2,董　事,林承添
115法登他000489,3,監察人,卓錦泰
115法登他000489,5,董　事,林春雄
115法登他000489,6,監察人,楊必誠
115法登他000489,7,董　事,沈建仁
115法登他000489,8,常務董事,陳迪旭
115法登他000489,9,董　事,張郁仁
115法登他000489,11,董事長,周永興
115法登他000489,12,董　事,李俊賢
115法登他000489,13,董　事,李錫揚
115法登他000489,14,常務董事,王山月
115法登他000489,15,董　事,陳予澤
115法登他000489,16,監察人,連建竣
115法登他000489,17,董　事,林美秀
115法登他000490,2,董事長,辜仲瑩
115法登他000490,3,董　事,余珊蓉
115法登他000490,4,董　事,馮昌國
115法登他000490,5,董　事,丁中原
115法登他000490,7,董　事,周瑤敏
115法登他000490,8,董　事,王欣華
115法登他000490,9,董　事,王芸廷
115法登他000490,10,董　事,顏志堅
115法登他000490,11,董　事,江欣玲
115法登他000491,2,董　事,蔡依珍
115法登他000491,3,董　事,江峻秋
115法登他000491,12,董　事,詹鼎正
115法登他000491,13,董事長,李義男
115法登他000491,14,董　事,黃文志
115法登他000492,1,董　事,林昇泉
115法登他000492,2,董事長,何焱銘
115法登他000492,4,董　事,陳榮輝
115法登他000492,5,董　事,蔡燕珠
115法登他000492,7,董　事,陳怡均
115法登他000492,8,董　事,張家豪
115法登他000492,9,董　事,李柏儒
115法登他000492,10,董　事,陳冠文
115法登他000492,11,董　事,李麗生
115法登他000492,12,監察人,羅芳晁
115法登他000493,1,常務監事,陳偉望
115法登他000493,2,監　事,蕭泉安
115法登他000493,3,常務理事,干文元
115法登他000493,4,理　事,李淑儀
115法登他000493,5,理　事,陳進炎
115法登他000493,6,常務理事,蘇家宏
115法登他000493,7,理　事,干凱恩
115法登他000493,8,監　事,李忠昇
115法登他000493,9,理　事,竇國昌
115法登他000493,10,理　事,王明智
115法登他000493,11,理事長,胡德興
115法登他000493,12,副理事長,劉郁純
115法登他000493,13,常務理事,佘日新
115法登他000493,14,理　事,毛培堯
115法登他000493,15,理　事,張簡義宸
115法登他000493,16,理　事,胡莉莉
115法登他000493,17,理　事,袁新民
115法登他000493,18,理　事,張亨達
115法登他000494,1,董事長,呂建儒
115法登他000494,2,董　事,林良楓
115法登他000494,3,董　事,林苑玲
115法登他000494,4,董　事,周麗修
115法登他000494,5,董　事,侯秀芳
115法登他000494,6,董　事,黃廷瑞
115法登他000494,7,董　事,陳槿慧
115法登他000494,8,董　事,劉明富
115法登他000494,9,董　事,劉　欣
115法登他000494,10,監察人,張譽鐘
115法登他000495,2,董　事,潘慶明
115法登他000495,3,董　事,李明賢
115法登他000495,4,董　事,莊琬華
115法登他000495,5,董　事,葉大嘉
115法登他000495,6,董　事,李威德
115法登他000495,7,董事長,張清櫆
115法登他000495,8,董　事,蔡宗諺
115法登他000495,9,董　事,傅伯昇
115法登他000495,10,董　事,林朝祥
115法登他000496,2,董　事,胡世杰
115法登他000496,3,董　事,陳信文
115法登他000496,4,董　事,林哲群
115法登他000496,5,董　事,李　敏
115法登他000496,6,董事長,張祥光
115法登他000496,7,董　事,巫勇賢
115法登他000496,8,董　事,蔡進步
115法登他000496,10,董　事,蔡宏營
115法登他000496,13,董　事,張芳宇
115法登他000496,14,董　事,廖湘如
115法登他000496,15,董　事,黃克勤
115法登他000496,16,董　事,黃男州
115法登他000496,17,董　事,戴念華
115法登他000497,1,董事長,顧　芸
115法登他000497,2,董　事,李鴻源
115法登他000497,3,董　事,徐錫隆
115法登他000497,4,董　事,陳鶴文
115法登他000497,5,董　事,樂淑珍
115法登他000497,6,董　事,魏啓林
115法登他000497,7,董　事,譚傳慧
115法登他000498,1,理事長,賴貞穎
115法登他000498,2,常務理事,陳東彬
115法登他000498,3,常務理事,薛恩岳
115法登他000498,4,理　事,陳玉翰
115法登他000498,5,理　事,陳雅齡
115法登他000498,6,理　事,李恩邦
115法登他000498,7,理　事,匡嘉媚
115法登他000498,8,理　事,謝奐儀
115法登他000498,9,理　事,賴建志
115法登他000498,10,常務監事,許耀華
115法登他000498,11,監　事,馬俊龍
115法登他000498,12,監　事,楊忠冀
115法登他000499,1,董事長,陳昭德
115法登他000499,2,董　事,黃兆明
115法登他000499,3,董　事,王彩俶
115法登他000499,4,董　事,古崇孝
115法登他000499,5,董　事,許華英
115法登他000499,6,董　事,謝文琦
115法登他000499,7,董　事,王樹治
115法登他000499,8,董　事,劉巨烘
115法登他000499,9,董　事,劉嘉玲
115法登他000499,10,董　事,歐晋德
115法登他000499,11,董　事,季紅瑋
115法登他000499,12,董　事,林思伶
115法登他000499,13,董　事,林耀堂
115法登他000499,14,董　事,張傳慧
115法登他000499,15,董　事,莊筱敏
115法登他000500,1,理事長,林政儒
115法登他000500,2,副理事長,許立京
115法登他000500,3,理　事,許騉洪
115法登他000500,4,理　事,陳雅玲
115法登他000500,5,理　事,洪仲男
115法登他000500,6,理　事,程偉源
115法登他000500,7,理　事,卓韋廷
115法登他000500,8,理　事,許世明
115法登他000500,9,理　事,黃雅蓮
115法登他000500,10,常務監事,何育展
115法登他000500,11,監　事,方一昕
115法登他000500,12,監　事,田宓艷
115法登他000501,1,董　事,蕭政廷
115法登他000501,2,董事長,陳日昌
115法登他000501,3,董　事,邱德發
115法登他000501,4,董　事,楊坤儒
115法登他000501,5,董　事,李強忠
115法登他000501,6,董　事,黃集仁
115法登他000501,7,董　事,龔嘉德
115法登他000501,8,董　事,王豐林
115法登他000501,9,董　事,丘濬誠
115法登他000501,10,董　事,羅祥雲
115法登他000501,11,董　事,管仁澤
115法登他000501,12,董　事,鍾　亢
115法登他000501,13,董　事,柳居豐
115法登他000501,14,董　事,詹逸凌
115法登他000501,15,董　事,李景行
115法登他000501,16,董　事,林稜傑
115法登他000501,17,董　事,黃名男
115法登他000501,18,董　事,楊仕屹
115法登他000501,19,董　事,詹征褘
115法登他000501,20,董　事,陳俊宇
115法登他000501,21,董　事,翁一銘
115法登他000502,1,理　事,曾文逸
115法登他000502,2,常務理事,張棋楨
115法登他000502,3,理　事,余光輝
115法登他000502,4,理　事,謝松洲
115法登他000502,5,常務監事,謝祖怡
115法登他000502,6,監　事,陳相成
115法登他000502,7,常務理事,陳怡行
115法登他000502,8,理　事,陳明翰
115法登他000502,9,常務理事,郭昶甫
115法登他000502,10,監　事,陳瑋昇
115法登他000502,11,監　事,吳建陞
115法登他000502,12,理　事,翁孟玉
115法登他000502,13,理　事,許鐘元
115法登他000502,14,理　事,陳信華
115法登他000502,15,常務理事,黃文男
115法登他000502,16,理　事,盧俊吉
115法登他000502,18,理事長,李克仁
115法登他000502,19,理　事,黃光永
115法登他000502,20,理　事,陳一銘
115法登他000502,21,監　事,林科名
115法登他000503,1,理事長,謝奐儀
115法登他000503,2,常務理事,林修民
115法登他000503,3,常務理事,古珈穎
115法登他000503,4,理　事,林宜潔
115法登他000503,5,理　事,郭苓苓
115法登他000503,6,理　事,何震威
115法登他000503,7,理　事,詹鈞智
115法登他000503,8,理　事,張嘉哲
115法登他000503,9,理　事,高慶豐
115法登他000503,10,常務監事,蔡宜玫
115法登他000503,11,監　事,曹純玉
115法登他000503,12,監　事,高志明
115法登他000504,1,理　事,陳玠甫
115法登他000504,2,理　事,盧阿水
115法登他000504,3,理　事,林宏文
115法登他000504,4,監　事,廖淑慎
115法登他000504,5,理　事,林國煌
115法登他000504,6,理　事,朱水澐
115法登他000504,7,理　事,姚葉孟珠
115法登他000504,8,理　事,陳田稻
115法登他000504,9,理　事,何秀湄
115法登他000504,10,理　事,邱林春美
115法登他000504,11,監　事,余靜姬
115法登他000504,12,理　事,周怡利
115法登他000504,13,會　長,董光世
115法登他000504,14,理　事,張少文
115法登他000504,15,理　事,吳陳麗美
115法登他000504,16,常務監事,廖清吉
115法登他000504,17,理　事,楊文榮
115法登他000504,18,監　事,李月雲
115法登他000504,19,副會長,林榮世
115法登他000504,20,監　事,吳明達
115法登他000505,1,董　事,"THOMAS ANDREW CHEN"
115法登他000505,2,董　事,朱黃傑
115法登他000505,3,董　事,歐陽家立
115法登他000505,4,董　事,江秀琴
115法登他000505,5,董　事,劉群茂
115法登他000505,6,董事長,江素蘭
115法登他000505,7,董　事,"EDWARD ANDREW OW"
115法登他000505,8,董　事,王雪紅
115法登他000505,9,董　事,陳英安
115法登他000506,1,董　事,陳建廷
115法登他000506,2,董　事,陳重文
115法登他000506,3,董事長,吳俊雄
115法登他000506,4,董　事,吳宜倫
115法登他000506,5,董　事,張至滿
115法登他000506,6,董　事,吳志揚
115法登他000506,7,董　事,洪嘉文
115法登他000506,8,董　事,黃永旺
115法登他000506,9,董　事,曾燦金
115法登他000506,10,董　事,陳炳甫
115法登他000506,11,董　事,陳滄智
115法登他000506,12,董　事,李奕寬
115法登他000506,13,董　事,曾國維
115法登他000506,14,董　事,吳宜臻
115法登他000506,15,董　事,詹益正
115法登他000507,1,常務理事,藍偉瑩
115法登他000507,2,理　事,莊福泰
115法登他000507,3,理事長,余　霖
115法登他000507,4,常務理事,黃國珍
115法登他000507,5,理　事,歐靜瑜
115法登他000507,6,理　事,范信賢
115法登他000507,7,理　事,卯靜儒
115法登他000507,8,理　事,簡世欣
115法登他000507,9,理　事,林百鴻
115法登他000507,10,常務監事,郭藺慧
115法登他000507,11,監　事,黃偉立
115法登他000507,12,監　事,張洸源
115法登他000508,1,董　事,周永興
115法登他000508,2,董　事,黃秀福
115法登他000508,3,董　事,曾瑞兆
115法登他000508,4,董事長,郭芳美
115法登他000508,5,董　事,李讚興
115法登他000510,1,理　事,蘇靖雅
115法登他000510,2,理　事,簡　瓅
115法登他000510,3,常務理事,王薇盈
115法登他000510,4,理　事,王今暐
115法登他000510,5,理　事,林亞靖
115法登他000510,6,理　事,李晏榛
115法登他000510,7,常務理事,李盈姿
115法登他000510,8,理　事,陳怡伃
115法登他000510,9,理事長,鄒欣樺
115法登他000510,10,常務監事,張書懷
115法登他000510,11,監　事,李佳庭
115法登他000510,12,監　事,謝宜潔
115法登他000511,1,理　事,王照邦
115法登他000511,2,理　事,陳麗如
115法登他000511,3,監　事,周廖德
115法登他000511,4,理事長,黃志鵬
115法登他000511,5,常務理事,謝堃坪
115法登他000511,6,副理事長,歐陽禹
115法登他000511,7,副理事長,楊武鉉
115法登他000511,8,理　事,楊富榮
115法登他000511,9,理　事,陳苓恩
115法登他000511,10,監　事,林寬仁
115法登他000511,11,理　事,林鶴年
115法登他000511,12,理　事,陳進飛
115法登他000511,13,監　事,劉溪雄
115法登他000511,14,理　事,王谷原
115法登他000511,15,常務理事,楊維漢
115法登他000511,16,常務理事,郭戊己
115法登他000511,17,理　事,凃淑靜
115法登他000511,18,理　事,張添壽
115法登他000511,19,監　事,陳美芳
115法登他000511,20,監事長,林　原
115法登他000511,21,理　事,唐榮宏
115法登他000511,22,常務理事,洪玉芬
115法登他000511,23,理　事,林淑媛
115法登他000511,24,監　事,王惠珍
115法登他000511,25,監　事,許毓珊
115法登他000511,26,理　事,陳昱榮
115法登他000511,27,理　事,施鴻森
115法登他000511,28,理　事,徐雨樹
115法登他000512,1,董事長,孫　震
115法登他000512,2,董　事,許嘉棟
115法登他000512,3,董　事,侯傑騰
115法登他000512,4,董　事,朱美麗
115法登他000512,5,董　事,陳旭昇
115法登他000512,6,董　事,鍾正宏
115法登他000512,7,董　事,薛　琦
115法登他000512,8,董　事,林惠玲
115法登他000512,9,董　事,林建甫
115法登他000512,10,董　事,駱錦明
115法登他000512,11,董　事,梁啟源
115法登他000512,12,董　事,王道一
115法登他000512,15,董　事,陳正倉
115法登他000512,16,董　事,林明仁
115法登他000512,17,董　事,吳中書
115法登他000513,1,董　事,"Edward Andrew Ow"
115法登他000513,3,董　事,劉群茂
115法登他000513,4,董　事,張茂松
115法登他000513,7,董　事,"Thomas Andrew Chen"
115法登他000513,10,董　事,王雪紅
115法登他000513,11,董事長,歐陽家立
115法登他000513,12,董　事,丁家蘊
115法登他000513,13,董　事,顧其芸
115法登他000513,14,董　事,張育達
115法登他000514,1,常務理事,呂瑞香
115法登他000514,2,監　事,曹玉玉
115法登他000514,3,理　事,何家琳
115法登他000514,4,理　事,龔瑪琍
115法登他000514,5,理　事,張韻如
115法登他000514,6,理　事,張璧群
115法登他000514,7,常務理事,薛麗雪
115法登他000514,8,理事長,劉漢揚
115法登他000514,9,理　事,段重民
115法登他000514,10,監　事,秦嘉瑩
115法登他000514,11,常務監事,殷五國
115法登他000514,12,理　事,胡康寧
115法登他000515,2,董　事,陳翔玠
115法登他000515,4,董　事,王敏錡
115法登他000515,5,董　事,許育瑞
115法登他000515,6,董　事,許顯榮
115法登他000515,7,董事長,陳翔中
115法登他000515,8,董　事,陳建平
115法登他000515,10,董　事,郭瑞嵩
115法登他000515,11,董　事,張宏嘉
115法登他000515,13,董　事,林宏銘
115法登他000516,1,理事長,釋大徹
115法登他000516,2,常務監事,釋大奉
115法登他000516,3,常務理事,釋大恆
115法登他000516,4,理　事,釋大緣
115法登他000516,5,理　事,釋大若
115法登他000516,6,理　事,釋大真
115法登他000516,7,理　事,王大想
115法登他000516,8,理　事,郭家瑀
115法登他000516,9,理　事,連佑勝
115法登他000516,10,常務理事,釋大修
115法登他000516,11,監　事,許凱詞
115法登他000516,12,監　事,姜昕妤
115法登他000517,1,董事長,李成家
115法登他000517,3,董　事,楊益成
115法登他000517,5,副董事長,李育家
115法登他000517,6,董　事,陳萬來
115法登他000517,7,董　事,林坤榮
115法登他000517,10,董　事,黃顯華
115法登他000517,12,副董事長,林倬立
115法登他000517,13,董　事,鄧美華
115法登他000517,14,董　事,歐淑芳
115法登他000517,15,董　事,李永川
115法登他000517,16,董　事,黃祺娟
115法登他000517,17,董　事,賴淑芬
115法登他000517,18,董　事,可文山
115法登他000517,19,董　事,吳定國
115法登他000517,20,董　事,吳俊億
115法登他000518,1,常務理事,葉文琪
115法登他000518,2,理事長,唐欣潔
115法登他000518,3,常務監事,陸聲山
115法登他000518,4,理　事,劉威廷
115法登他000518,5,常務理事,張宏銘
115法登他000518,6,理　事,陳一銘
115法登他000518,7,理　事,顏瑞毅
115法登他000518,8,理　事,簡奉如
115法登他000518,9,理　事,潘光道
115法登他000518,10,監　事,林緯原
115法登他000518,11,監　事,陳賜隆
115法登他000518,12,理　事,張毓琦
115法登他000519,1,董事長,王傳亮
115法登他000519,2,董　事,王傳揚
115法登他000519,3,董　事,王繼陶
115法登他000519,5,董　事,林靜雯
115法登他000519,7,董　事,林新欽
115法登他000519,8,董　事,叢樹朗
115法登他000519,9,董　事,林騰蛟
115法登他000519,10,董　事,歐陽海蜀
115法登他000519,11,董　事,劉盛良
115法登他000519,12,監察人,湯健明
115法登他000520,1,董事長,許積臯
115法登他000520,5,董　事,陳蘭芳
115法登他000520,6,董　事,欒文斌
115法登他000520,7,董　事,呂進成
115法登他000520,8,董　事,胡瑞金
115法登他000521,1,理　事,周婉茹
115法登他000521,2,常務理事,姜定宇
115法登他000521,3,常務監事,郭建志
115法登他000521,4,監　事,吳宗祐
115法登他000521,5,理事長,胡昌亞
115法登他000521,6,理　事,周麗芳
115法登他000521,7,常務理事,熊欣華
115法登他000521,8,理　事,連玉輝
115法登他000521,9,理　事,簡忠仁
115法登他000521,10,監　事,黃敏萍
115法登他000521,11,理　事,林姿葶
115法登他000521,12,理　事,蔡松純
115法登他000522,1,董　事,吳國全
115法登他000522,2,董　事,黃明珠
115法登他000522,3,董　事,許月時
115法登他000522,4,董事長,鄔寒穎
115法登他000522,5,董　事,廖子彬
115法登他000523,1,董　事,黃永銓
115法登他000523,2,監　事,黃世熹
115法登他000523,3,董　事,黃大瑞
115法登他000523,4,董　事,黃啟國
115法登他000523,5,董　事,黃書瑋
115法登他000523,6,監　事,黃思翰
115法登他000523,7,董　事,黃智遠
115法登他000523,8,董　事,黃文裕
115法登他000523,9,董　事,黃振剛
115法登他000523,10,董　事,黃威翔
115法登他000523,11,監　事,黃瀧申
115法登他000523,12,董　事,黃柑霖
115法登他000523,13,董　事,黃侯恭
115法登他000523,14,董　事,黃江林
115法登他000523,15,董　事,黃書聖
115法登他000523,16,董事長,黃豐猷
115法登他000524,1,董　事,莊子華
115法登他000524,2,董事長,康義勝
115法登他000524,3,董　事,瞿德淵
115法登他000524,4,董　事,黃進霖
115法登他000524,5,董　事,謝其文
115法登他000524,6,董　事,邱添木
115法登他000524,7,董　事,陳景浪
115法登他000524,8,監察人,廖文達
115法登他000524,9,董　事,張恒豪
115法登他000524,10,董　事,林知海
115法登他000524,11,董　事,陳俊朶
115法登他000524,12,董　事,呂錦美
115法登他000524,13,董　事,林佳範
115法登他000524,14,董　事,黃旭田
115法登他000524,15,董　事,李岳霖
115法登他000524,16,董　事,蔡政旺
115法登他000524,17,董　事,簡承盈
115法登他000524,18,董　事,葉再成
115法登他000524,19,董　事,黃培輝
115法登他000524,20,董　事,胡語姍
115法登他000524,21,董　事,吳淑華
115法登他000524,22,董　事,謝炎盛
115法登他000524,23,董　事,黃品欽
115法登他000524,24,董　事,張光瑤
115法登他000525,1,董　事,李立夫
115法登他000525,3,董　事,邱文傑
115法登他000525,4,董　事,傅茹璋
115法登他000525,5,董　事,林文郁
115法登他000525,6,董　事,吳忠山
115法登他000525,7,董　事,陳大引
115法登他000525,8,董　事,陳慧穎
115法登他000525,9,董　事,王淑宜
115法登他000525,11,董　事,李乾朗
115法登他000525,12,董　事,黃浩德
115法登他000525,13,董　事,陳乙安
115法登他000525,14,董　事,張敏慎
115法登他000525,15,董事長,王嘉明
115法登他000526,1,董　事,鄒明珊
115法登他000526,2,董　事,於慧堅
115法登他000526,4,董　事,陳玉華
115法登他000526,5,董　事,陳炳宏
115法登他000526,6,董　事,邱家宜
115法登他000526,7,董　事,李佩雯
115法登他000526,8,董事長,洪貞玲
115法登他000526,9,董　事,黃兆徽
115法登他000526,10,董　事,周宇修
115法登他000526,11,董　事,王維菁
115法登他000526,12,董　事,丁憲文
115法登他000527,1,理　事,劉怡均
115法登他000527,2,監　事,李英明
115法登他000527,3,常務理事,廖慶榮
115法登他000527,4,理事長,藍易振
115法登他000527,5,理　事,王子奇
115法登他000527,6,監　事,林思伶
115法登他000527,7,常務理事,何明果
115法登他000527,8,理　事,葛煥昭
115法登他000527,9,監事會召集人,李天任
115法登他000527,10,理　事,王　葳
115法登他000527,11,理　事,詹乾隆
115法登他000527,12,理　事,陳清河
115法登他000527,13,理　事,李選士
115法登他000527,14,理　事,張國恩
115法登他000528,1,董事長,鍾安住
115法登他000528,3,董　事,賴淳瑀
115法登他000528,5,董　事,黃斯勝
115法登他000528,6,董　事,葛永勉
115法登他000528,13,董　事,李裁榮
115法登他000528,14,董　事,孫志青
115法登他000528,17,董　事,趙永吉
115法登他000528,18,董　事,馬漢光
115法登他000528,19,董　事,鄒繼群
115法登他000528,20,董　事,藍功堯
115法登他000528,21,董　事,陳　科
115法登他000528,22,董　事,葉炳強
115法登他000528,23,董　事,江綺雯
115法登他000529,1,董　事,童中儀
115法登他000529,2,董　事,廖憲文
115法登他000529,3,董　事,王明誠
115法登他000529,4,董　事,何怡君
115法登他000529,5,董　事,夏惠汶
115法登他000529,6,董　事,曾鴻鍊
115法登他000529,7,董　事,王孝熙
115法登他000529,8,董　事,李博明
115法登他000529,9,董　事,楊立人
115法登他000529,10,董　事,湯明哲
115法登他000529,11,董　事,李俊賢
115法登他000529,12,董　事,謝金賢
115法登他000529,13,董　事,陳允恭
115法登他000529,14,董　事,丁振源
115法登他000529,15,董　事,游陳鳳嬌
115法登他000529,16,董　事,林品瑄
115法登他000529,17,董事長,王金龍
115法登他000529,18,監察人,劉嘉偉
115法登他000529,19,董　事,張齊玲
115法登他000529,20,董　事,洪金水
115法登他000529,21,監察人,盧秋玲
115法登他000529,22,董　事,呂曜志
115法登他000529,23,監察人,廖益興
115法登他000529,24,監察人,蔡榮捷
115法登他000529,25,監察人,張瑀珊
115法登他000529,26,董　事,陳信君
115法登他000530,1,董　事,鄭中仁
115法登他000530,2,常務董事,李錦媛
115法登他000530,3,常務董事,陳金成
115法登他000530,4,董　事,蕭尊仁
115法登他000530,5,常務董事,唐陳寶猜
115法登他000530,6,董　事,林謝秀琴
115法登他000530,7,董事長,劉信德
115法登他000530,8,董　事,范月貞
115法登他000530,9,董　事,黃旭民
115法登他000530,10,董　事,陳㛄霓
115法登他000530,11,董　事,黃錦甲
115法登他000530,12,董　事,游淑娟
115法登他000530,13,董　事,朱雪美
115法登他000530,14,董　事,李少櫻
115法登他000530,15,常務董事,柯廷霖
115法登他000532,1,董事長,楊賽芬
115法登他000532,2,董　事,蔡孟修
115法登他000532,4,董　事,陳銘樹
115法登他000532,5,董　事,高瑞苓
115法登他000532,6,董　事,陳禮琴
115法登他000532,7,董　事,李柔瑾
115法登他000532,8,董　事,宋定邦
115法登他000533,1,理　事,黃柏誠
115法登他000533,2,常務理事,陳德當
115法登他000533,3,理　事,邱郁惠
115法登他000533,4,理事長,陳榮傑
115法登他000533,5,理　事,張東榮
115法登他000533,6,理　事,楊華中
115法登他000533,7,理　事,林　毅
115法登他000533,8,常務理事,陳家順
115法登他000533,9,理　事,陳淑穎
115法登他000533,10,理　事,李玉麟
115法登他000533,11,理　事,陳仁豪
115法登他000533,12,理　事,陳傳宗
115法登他000533,13,理　事,洪文輝
115法登他000533,14,常務理事,蔡季宏
115法登他000533,15,理　事,陳宏德
115法登他000533,16,理　事,柯守時
115法登他000533,17,理　事,王麗華
115法登他000533,18,常務理事,李志鑫
115法登他000533,19,理　事,何良模
115法登他000533,20,監　事,張美凰
115法登他000533,21,監　事,王潘美桂
115法登他000533,22,監　事,陳福來
115法登他000533,23,監　事,陳枝吟
115法登他000533,24,常務監事,龔康秀鳳
115法登他000534,1,董　事,鍾延年
115法登他000534,2,董　事,吳宗翰
115法登他000534,3,董事長,胡貽圓
115法登他000534,4,董　事,王復香
115法登他000534,7,董　事,廖國雄
115法登他000534,8,董　事,吳若慧
115法登他000534,9,董　事,陳　強
115法登他000534,10,董　事,張麗君
115法登他000534,11,董　事,常勤芬
115法登他000534,12,董　事,王怡嘉
115法登他000534,13,董　事,鄒　瑾
115法登他000534,14,董　事,袁珍莉
115法登他000534,15,董　事,楊梅玲
115法登他000535,2,董　事,洪詠恩
115法登他000535,5,董　事,游國賓
115法登他000535,7,董　事,趙謨立
115法登他000535,10,董事長,廖繼成
115法登他000535,12,董　事,謝大衛
115法登他000535,15,董　事,林博彥
115法登他000535,16,董　事,莊慧琴
115法登他000535,17,董　事,廖繼坤
115法登他000535,18,董　事,周漢隆
115法登他000536,2,董　事,翁華廷
115法登他000536,7,董事長,顏文隆
115法登他000536,8,董　事,翁俊治
115法登他000536,12,董　事,葉明進
115法登他000536,14,董　事,謝鴻基
115法登他000536,16,董　事,顏志光
115法登他000536,17,董　事,邱仁賢
115法登他000536,18,董　事,顏文熙
115法登他000536,19,董　事,林鴻道
115法登他000536,20,董　事,楊偉舟
115法登他000536,21,董　事,吳慶堂
115法登他000536,22,董　事,劉宗信
115法登他000536,23,董　事,林德福
115法登他000536,24,董　事,簡朝陽
115法登他000536,25,董　事,葉哲正
115法登他000536,26,監察人,王家麟
115法登他000536,27,監察人,王永興
115法登他000536,28,監察人,陳聰敏
115法登他000537,1,董事長,洪泰和
115法登他000537,2,董　事,陳思甫
115法登他000537,3,董　事,洪榮志
115法登他000537,4,董　事,林祥惠
115法登他000537,5,董　事,林忠毅
115法登他000537,6,董　事,吳曉青
115法登他000537,7,董　事,許隆倫
115法登他000538,1,監　事,許雅茹
115法登他000538,2,常務理事,蕭翔耀
115法登他000538,3,理事長,吳振佑
115法登他000538,4,理　事,羅珮文
115法登他000538,5,理　事,陳正昌
115法登他000538,6,理　事,陳雅儀
115法登他000538,7,理　事,梁興榮
115法登他000538,8,監　事,邱麒豪
115法登他000538,9,理　事,黃裕峯
115法登他000538,10,常務監事,林哲漢
115法登他000538,11,理　事,陳昭瑩
115法登他000538,12,常務理事,江飛宇
115法登他000539,1,董事長,夏惠汶
115法登他000539,2,董　事,廖偉銘
115法登他000539,6,董　事,翟風道
115法登他000539,7,董　事,李鴻鈞
115法登他000539,8,董　事,施榮焱
115法登他000539,9,董　事,夏豪均
115法登他000539,10,董　事,彭凱崧
115法登他000540,1,理　事,林育賢
115法登他000540,2,理事長,林恆吉
115法登他000540,3,常務理事,林海样
115法登他000540,4,常務理事,吳冠霆
115法登他000540,5,常務理事,文家倩
115法登他000540,6,常務理事,蔡憲德
115法登他000540,7,理　事,廖健男
115法登他000540,8,理　事,施柏宏
115法登他000540,9,理　事,梁哲瑋
115法登他000540,10,理　事,徐淑芬
115法登他000540,11,理　事,胡宜如
115法登他000540,12,理　事,張少威
115法登他000540,13,理　事,廖晉賦
115法登他000540,14,理　事,鄭富城
115法登他000540,15,理　事,吳承學
115法登他000540,16,常務監事,王屏夏
115法登他000540,17,監　事,吳秋宏
115法登他000540,18,監　事,陳思帆
115法登他000541,1,常務理事,劉姝麟
115法登他000541,2,理　事,鄭宇茹
115法登他000541,3,理　事,林琦臻
115法登他000541,4,常務理事,謝宜桓
115法登他000541,5,理　事,戴思潔
115法登他000541,6,監　事,許淑麗
115法登他000541,7,監　事,林孟慧
115法登他000541,8,理事長,侯家楷
115法登他000541,9,常務監事,林彥澄
115法登他000541,10,理　事,陳一強
115法登他000541,11,理　事,亞弼．達利
115法登他000541,12,理　事,陳米蘭
115法登他000542,1,董事長,李忠義
115法登他000542,2,董　事,李彥良
115法登他000542,3,董　事,李彥宏
115法登他000542,4,董　事,洪調進
115法登他000542,5,董　事,蘇瑤華
115法登他000542,6,董　事,瞿世泉
115法登他000542,7,董　事,林樹旺
115法登他000542,8,董　事,周育如
115法登他000542,9,董　事,王俊傑
115法登他000542,10,董　事,林芳慧
115法登他000542,11,董　事,謝宗哲
115法登他000542,12,董　事,方序中
115法登他000542,13,董　事,李彥靜
115法登他000543,1,董　事,林明信
115法登他000543,5,董　事,李崇大
115法登他000543,7,董　事,嚴從碩
115法登他000543,8,董　事,許有杉
115法登他000543,9,董　事,蕭萬龍
115法登他000543,10,董　事,陳柏任
115法登他000543,11,董事長,蕭育仁
115法登他000543,13,監察人,林淑娟
115法登他000544,1,董事長,吳榮輝
115法登他000544,2,董　事,張原豪
115法登他000544,3,董　事,黃佳松
115法登他000544,4,董　事,鄭葉淑華
115法登他000544,5,董　事,劉德榮
115法登他000544,7,董　事,林桂華
115法登他000544,10,董　事,宋元貞
115法登他000544,11,董　事,王李好惠
115法登他000544,12,董　事,梁世昌
115法登他000544,14,董　事,黃桂鈶
115法登他000544,15,董　事,蔡孟宏
115法登他000544,16,董　事,高麗英
115法登他000544,17,董　事,黎玉東
115法登他000545,1,理事長,蔡緯嘉
115法登他000545,2,常務理事,蔡宗翰
115法登他000545,3,常務理事,洪士哲
115法登他000545,4,理　事,李招政
115法登他000545,5,理　事,郭文欣
115法登他000545,6,理　事,張育倫
115法登他000545,7,理　事,陳麗燕
115法登他000545,8,理　事,蕭翎芷
115法登他000545,9,常務監事,李佩潔
115法登他000545,10,理　事,李健滐
115法登他000545,11,監　事,蔡黛莉
115法登他000545,12,監　事,洪嘉璘
115法登他000546,1,董　事,陳天來
115法登他000546,2,董　事,謝英智
115法登他000546,3,董　事,沈俊成
115法登他000546,4,董　事,鄭忠仁
115法登他000546,5,董事長,楊啓仁
115法登他000546,6,董　事,陳加婓
115法登他000546,7,董　事,林憲懋
115法登他000546,8,董　事,戴約信
115法登他000546,9,董　事,王雅怜
115法登他000546,11,董　事,施貞同
115法登他000546,12,董　事,林明人
115法登他000547,2,董　事,嚴長壽
115法登他000547,3,董　事,管中閔
115法登他000547,4,董　事,張倚竹
115法登他000547,5,董　事,阮大年
115法登他000547,7,董　事,焦仁和
115法登他000547,8,董　事　,嚴　正
115法登他000547,11,董　事,王修尉
115法登他000547,12,董事長,趙元修
115法登他000547,14,董　事,趙元德
115法登他000548,1,董事長,張麗蘭
115法登他000548,2,董　事,林　揚
115法登他000548,3,董　事,吳汶錡
115法登他000548,4,董　事,黃澄枝
115法登他000548,5,董　事,莊忠桓
115法登他000548,6,董　事,陳秀鳳
115法登他000548,7,董　事,黃沁湘
115法登他000549,1,副理事長,李政晃
115法登他000549,2,理事長,張詠銜
115法登他000549,3,理　事,張可瑩
115法登他000549,4,理　事,高瑋鈴
115法登他000549,5,理　事,林鈺埁
115法登他000549,6,理　事,林鈞丞
115法登他000549,7,理　事,許煜祺
115法登他000549,8,理　事,李家彰
115法登他000549,9,常務理事,林堅立
115法登他000549,10,常務監事,盧美芳
115法登他000549,11,監　事,蔡琬婷
115法登他000549,12,監　事,李佩芬
115法登他000550,1,董　事,鍾志宏
115法登他000550,2,董　事,宋餘俠
115法登他000550,3,董　事,王麗惠
115法登他000550,4,董　事,何英蘭
115法登他000550,5,董　事,林秀燕
115法登他000550,6,董事長,張玉煇
115法登他000550,7,董　事,湯惠雯
115法登他000550,8,監察人,施麗媫
115法登他000550,9,監察人,劉純斌
115法登他000550,10,董　事,蔡漢凌
115法登他000550,11,監察人,蔡鈺泰
115法登他000550,12,董　事,陳嵐君
115法登他000550,13,董　事,辛敬賢
115法登他000551,1,理事長,黃尚卿
115法登他000551,2,常務理事,蔡依玲
115法登他000551,3,常務理事,黃宜佳
115法登他000551,4,理　事,葉家俊
115法登他000551,5,理　事,葉于瑄
115法登他000551,6,理　事,邱劭琪
115法登他000551,7,理　事,鄭知耘
115法登他000551,8,理　事,陳昀婕
115法登他000551,9,理　事,王　翎
115法登他000551,10,常務監事,林敬旻
115法登他000551,11,監　事,劉葳葳
115法登他000551,12,監　事,王僅雅
115法登他000552,1,董事長,鄭至能
115法登他000552,2,董　事,姚博銘
115法登他000552,3,董　事,徐秀連
115法登他000552,4,董　事,葉安然
115法登他000552,5,董　事,褚秀敏
115法登他000552,6,董　事,徐碧華
115法登他000552,7,董　事,柯清長
115法登他000552,8,董　事,李炳坤
115法登他000552,9,董　事,陳育瑩
115法登他000552,10,董　事,陳廣蓮
115法登他000552,12,董　事,蔡本元
115法登他000552,14,副董事長,林榮州
115法登他000552,15,董　事,康文志
115法登他000552,16,董　事,吳國財
115法登他000552,17,董　事,江進興
115法登他000552,18,董　事,王瓊瑤
115法登他000552,20,董　事,王德興
115法登他000552,22,董　事,林士翔
115法登他000552,24,董　事,詹一新
115法登他000552,25,董　事,張金龍
115法登他000552,27,董　事,徐國政
115法登他000552,28,董　事,陳世銓
115法登他000552,29,董　事,王湘傑
115法登他000552,30,董　事,張詩維
115法登他000552,31,董　事,呂文賓
115法登他000552,32,董　事,徐長德
115法登他000552,33,董　事,陳禎芳
115法登他000553,1,董　事,吳靜吉
115法登他000553,2,董　事,陳東升
115法登他000553,5,董　事,施振榮
115法登他000553,6,董　事,金耀基
115法登他000553,7,董　事,劉國偉
115法登他000553,8,董　事,王　平
115法登他000553,9,董　事,羅文嘉
115法登他000553,10,監察人,劉遵義
115法登他000553,11,董　事,宋楚瑜
115法登他000553,12,董　事,陳長文
115法登他000553,13,董　事,梁其姿
115法登他000553,14,董事長,錢　復
115法登他000553,15,董　事,徐旭東
115法登他000553,16,董　事,海英俊
115法登他000553,17,董　事,王雪紅
115法登他000553,18,董　事,曾志朗
115法登他000553,19,董　事,黃榮村
115法登他000553,22,監察人,賴浩敏
115法登他000553,24,監察人,彭淮南
115法登他000553,25,董　事,陳純一
115法登他000553,26,董　事,王德威
115法登他000553,27,董　事,余寶琳
115法登他000553,28,董　事,酈英傑
115法登他000553,29,董　事,潘文忠
115法登他000554,1,董　事,徐淑蘭
115法登他000554,2,董　事,王美雲
115法登他000554,3,董事長,呂俊慶
115法登他000554,4,董　事,劉凱綺
115法登他000554,5,董　事,林健邦
115法登他000554,6,董　事,林德棋
115法登他000554,7,董　事,柯惠美
115法登他000554,8,董　事,羅文傑
115法登他000554,9,董　事,吳瓊花
115法登他000555,1,董　事,彭文傑
115法登他000555,2,董　事,譚建中
115法登他000555,3,董　事,林榮三
115法登他000555,4,董　事,林永仁
115法登他000555,5,董　事,林信宏
115法登他000555,6,董　事,戴正吳
115法登他000555,7,董　事,歐添發
115法登他000555,9,董　事,謝宏波
115法登他000555,11,董　事,蔣乃辛
115法登他000555,12,董　事,林郭文艶
115法登他000555,14,董　事,張德雄
115法登他000555,15,董　事,李良德
115法登他000555,16,董　事,盧明光
115法登他000555,17,董　事,洪賑城
115法登他000555,18,監察人,沈仰斌
115法登他000555,19,董事長,朱文成
115法登他000556,1,理事長,李元坤
115法登他000556,2,理　事,李雅鈴
115法登他000556,3,副理事長,連寬寬
115法登他000556,4,副理事長,張秀琴
115法登他000556,5,副理事長,陳總鎮
115法登他000556,6,理　事,李元正
115法登他000556,7,理　事,楊晶琇
115法登他000556,8,常務監事,林乙葶
115法登他000556,9,理　事,鄭春美
115法登他000556,10,理　事,傅筱倩
115法登他000556,11,理　事,蔡瑜真
115法登他000556,12,理　事,何怡君
115法登他000556,13,理　事,莊雪芳
115法登他000556,14,理　事,池麗鈴
115法登他000556,15,理　事,蘇秀璧
115法登他000556,16,副理事長,姚克中
115法登他000556,17,理　事,劉明仁
115法登他000556,18,理　事,鄭惠菁
115法登他000556,19,監　事,陳淑純
115法登他000556,20,監　事,謝玉玲
115法登他000557,1,董事長,何紀芳
115法登他000557,2,董　事,張益榮
115法登他000557,3,常務董事,郭　箐
115法登他000557,4,董　事,張訓海
115法登他000557,5,常務董事,彭双浪
115法登他000557,6,董　事,張哲倫
115法登他000557,7,常務董事,李育杰
115法登他000557,8,董　事,林伯聰
115法登他000557,9,董　事,邱森彬
115法登他000557,10,常務董事,甘豐源
115法登他000557,13,董　事,林穎芳
115法登他000557,14,常務監事,張垂津
115法登他000557,15,董　事,李筱白
115法登他000557,16,董　事,吳麗惠
115法登他000557,17,監　事,陳依芸
115法登他000557,18,監　事,謝宜為
115法登他000558,1,理　事,彭育輝
115法登他000558,2,常務理事,周天倫
115法登他000558,3,理　事,張舒喬
115法登他000558,4,理事長,林園淞
115法登他000558,5,理　事,王俐容
115法登他000558,6,理　事,張寶川
115法登他000558,7,常務理事,廖元良
115法登他000558,8,理　事,陳嘉良
115法登他000558,9,理　事,李忠信
115法登他000558,10,常務監事,吳紹猛
115法登他000558,11,監　事,曾珠參
115法登他000558,12,監　事,許世煒
115法登他000559,1,監　事,麥增妹
115法登他000559,2,理　事,吳之華
115法登他000559,3,常務理事,楊恒中
115法登他000559,4,常務理事,葛惠琴
115法登他000559,5,理事長,廖素清
115法登他000559,6,理　事,陳英文
115法登他000559,7,常務監事,柏獻清
115法登他000559,8,理　事,董玉凡
115法登他000559,9,理　事,楊玉明
115法登他000559,10,理　事,陳永美
115法登他000559,11,理　事,詹玫芬
115法登他000559,12,監　事,王瑞雯
115法登他000560,1,董事長,李昌霖
115法登他000560,2,董　事,陳繼業
115法登他000560,3,董　事,簡春安
115法登他000560,5,董　事,虞希禹
115法登他000560,6,董　事,李榕榕
115法登他000560,7,董　事,黃棣棟
115法登他000560,9,董　事,陳慧遊
115法登他000560,10,監察人,王金來
115法登他000560,11,董　事,陳維昭
115法登他000560,12,董　事,蔡炅廷
115法登他000561,1,理事長,王顯斌
115法登他000561,2,副理事長,張永正
115法登他000561,3,常務理事,楊立中
115法登他000561,4,理　事,劉建成
115法登他000561,5,監　事,邱亭瑜
115法登他000561,6,常務監事,徐　鋭
115法登他000561,7,理　事,張琇瑩
115法登他000561,8,理　事,李朝盛
115法登他000561,9,理　事,周星輝
115法登他000561,10,理　事,陳東華
115法登他000561,11,監　事,康淑玲
115法登他000561,12,理　事,袁應誠
115法登他000562,1,董　事,蔡惠卿
115法登他000562,2,董　事,陸偉明
115法登他000562,3,董　事,林思伶
115法登他000562,4,常務董事,葛自祥
115法登他000562,5,董　事,李蔡彥
115法登他000562,6,董　事,陳月端
115法登他000562,7,董事長,李德財
115法登他000562,8,董　事,鄭道明
115法登他000562,9,監察人,黃俊杰
115法登他000562,10,董　事,蔡秀芬
115法登他000562,12,董　事,楊玉惠
115法登他000562,13,董　事,林從一
115法登他000562,14,董　事,何孟書
115法登他000562,15,常務董事,何明果
115法登他000562,16,監察人,劉嘉偉
115法登他000562,17,監察人,林嬋娟
115法登他000562,19,常務董事,廖高賢
115法登他000562,20,董　事,陳純音
115法登他000562,21,董　事,莊偉哲
115法登他000562,22,常務董事,詹富智
115法登他000563,1,董　事,李典穎
115法登他000563,2,董　事,彭立沛
115法登他000563,3,董　事,阮清華
115法登他000563,4,董事長,陳彥伯
115法登他000563,6,董　事,黃謀信
115法登他000563,7,董　事,何奕佳
115法登他000563,8,董　事,謝委呈
115法登他000563,9,董　事,賴建信
115法登他000563,10,董　事,高星潢
115法登他000563,11,監察人,陳慧娟
115法登他000564,1,董　事,白蕢誌
115法登他000564,2,董事長,林偉峰
115法登他000564,3,常務董事,楊榮男
115法登他000564,4,董　事,高森永
115法登他000564,5,董　事,楊雅如
115法登他000564,6,董　事,林海珠
115法登他000564,7,董　事,林茂文
115法登他000564,9,董　事,周昭祺
115法登他000564,10,董　事,徐　健
115法登他000564,11,董　事,陳明鐘
115法登他000564,12,董　事,佘振興
115法登他000564,13,董　事,黃心慈
115法登他000564,14,常務董事,董明先
115法登他000565,1,董　事,李大偉
115法登他000565,2,董事長,董保城
115法登他000565,3,董　事,秦夢群
115法登他000565,4,董　事,洪久賢
115法登他000565,5,董　事,朱燦煌
115法登他000565,7,董　事,廖孟良
115法登他000565,8,董　事,劉春榮
115法登他000565,9,董　事,許勝哲
115法登他000565,10,董　事,張國保
115法登他000565,11,董　事,林麗華
115法登他000565,12,監察人,俞素君
115法登他000565,13,董　事,王美霞
115法登他000566,1,董　事,馬耀章
115法登他000566,2,常務董事,馬啟明
115法登他000566,3,董　事,馬孟姚
115法登他000566,4,監　事,馬涵鈺
115法登他000566,5,董　事,馬子龍
115法登他000566,6,監　事,張繼宗
115法登他000566,7,常務董事,伍漢文
115法登他000566,8,董　事,白偉民
115法登他000566,9,常務董事,初雅士
115法登他000566,10,董　事,陳泓瑋
115法登他000566,11,董　事,米牧瑋
115法登他000566,12,董　事,蔡進中
115法登他000566,13,董　事,苑默文
115法登他000566,14,董事長,鄭泰祥
115法登他000566,15,董　事,馬凱達
115法登他000566,16,常務董事,包嘉源
115法登他000566,17,董　事,戴重實
115法登他000566,18,董　事,鄭　平
115法登他000566,19,董　事,王治中
115法登他000566,20,董　事,陳玉晏
115法登他000566,21,常務董事,柴偉光
115法登他000566,22,監事召集人,馬　君
115法登他000566,23,常務董事,蔡海光
115法登他000566,24,董　事,趙錫麟
115法登他000567,2,董　事,許志雄
115法登他000567,4,董　事,陳靜敏
115法登他000567,5,董　事,林萬億
115法登他000567,6,董事長,賴清德
115法登他000567,7,副董事長,林錫耀
115法登他000567,8,董　事,吳思瑤
115法登他000567,14,副董事長,邱義仁
115法登他000567,16,董　事,郭智輝
115法登他000567,19,董　事,鄭麗君
115法登他000567,20,董　事,張建一
115法登他000567,21,董　事,王俐容
115法登他000567,22,董　事,李金龍
115法登他000567,23,副董事長,童子賢
115法登他000567,24,董　事,徐國勇
115法登他000567,25,董　事,吳介民
115法登他000567,26,董　事,沈國榮
115法登他000567,27,董　事,林飛帆
115法登他000567,28,董　事,鄭清霞
115法登他000567,29,董　事,何美玥
115法登他000568,1,常務理事,陳彰儀
115法登他000568,2,監　事,翁世川
115法登他000568,4,理　事,于厚恩
115法登他000568,5,理　事,李懷恩
115法登他000568,6,監　事,查時政
115法登他000568,10,理　事,孫榮菁
115法登他000568,11,理　事,張傳琳
115法登他000568,12,常務監事,陳煥門
115法登他000568,13,常務理事,周興國
115法登他000568,14,理事長,陳文元
115法登他000568,15,理　事,屠德銘
115法登他000568,16,理　事,左大萱
115法登他000569,1,監　事,陳麗朱
115法登他000569,2,理　事,陳莉莉
115法登他000569,3,理　事,林楊翠花
115法登他000569,4,理　事,李星怡
115法登他000569,5,理事長,高素雲
115法登他000569,6,理　事,郭宗平
115法登他000569,7,監　事,許林寶鳳
115法登他000569,8,常務理事,王慧樺
115法登他000569,9,理　事,王淑珍
115法登他000569,10,常務理事,馬祖軍
115法登他000569,11,常務監事,徐敏雯
115法登他000569,12,理　事,陳嵐薰
115法登他000569,13,常務理事,陳玉芮
115法登他000569,14,常務理事,白韻如
115法登他000570,1,監　事,劉貞佑
115法登他000570,2,常務理事,樊靜芬
115法登他000570,3,常務監事,劉展豪
115法登他000570,4,理　事,鄭秀玲
115法登他000570,5,理事長,王小英
115法登他000570,6,理　事,潘素蘭
115法登他000570,7,理　事,張梅芳
115法登他000570,8,常務理事,李春燕
115法登他000570,9,理　事,丁文莉
115法登他000570,10,理　事,林育丞
115法登他000570,11,理　事,吳信勲
115法登他000570,12,監　事,白德義
115法登他000571,1,董　事,楊穎堅
115法登他000571,2,董　事,梁乃匡
115法登他000571,3,董　事,陳民本
115法登他000571,4,董　事,高家俊
115法登他000571,5,董　事,張翠玉
115法登他000571,6,董事長,宋國士
115法登他000571,7,董　事,文展權
115法登他000571,8,董　事,李汴軍
115法登他000571,9,董　事,陳琪芳
115法登他000572,1,常務理事,許順德
115法登他000572,2,理　事,汪全炎
115法登他000572,3,常務理事,蔡信億
115法登他000572,4,理　事,彭淑玲
115法登他000572,5,理事長,曾明芬
115法登他000572,6,理　事,蔡志成
115法登他000572,7,理　事,侯憲明
115法登他000572,8,理　事,劉立揚
115法登他000572,9,理　事,張文馨
115法登他000572,10,常務監事,鄒尚霖
115法登他000572,11,監　事,張永富
115法登他000572,12,監　事,黃郭鳳保
115法登他000575,1,董事長,莊子華
115法登他000575,2,董　事,許旭輝
115法登他000575,3,董　事,瞿德淵
115法登他000575,4,董　事,黄進霖
115法登他000575,5,董　事,謝其文
115法登他000575,6,董　事,邱添木
115法登他000575,7,董　事,陳景浪
115法登他000575,8,監察人,陳李聰
115法登他000575,9,董　事,張恒豪
115法登他000575,10,董　事,林知海
115法登他000575,11,董　事,陳俊朶
115法登他000575,12,董　事,林淑華
115法登他000575,13,董　事,林佳範
115法登他000575,14,董　事,黃旭田
115法登他000575,15,董　事,李岳霖
115法登他000575,16,董　事,蔡政旺
115法登他000575,17,監察人,鄭冠宇
115法登他000575,18,監察人,丁玉山
115法登他000575,19,董　事,黃培輝
115法登他000575,20,董　事,胡語姍
115法登他000575,21,董　事,黃桂香
115法登他000575,22,董　事,楊金振
115法登他000575,23,董　事,黃品欽
115法登他000575,24,董　事,章金元
115法登他000576,1,常務監事,黃碧桃
115法登他000576,2,理　事,吳文豪
115法登他000576,3,理　事,李昆樺
115法登他000576,4,理　事,麥建方
115法登他000576,5,監　事,杜苡榛
115法登他000576,6,理　事,馮　燕
115法登他000576,7,常務理事,呂宗學
115法登他000576,8,理　事,林曼蕙
115法登他000576,9,監　事,洪錦芳
115法登他000576,10,理事長,林志嘉
115法登他000576,11,常務理事,高玉泉
115法登他000576,12,理　事,陳志道
115法登他000576,13,常務理事,呂　立
115法登他000576,14,監　事,廖華芳
115法登他000576,15,理　事,呂俊毅
115法登他000576,16,常務理事,江東亮
115法登他000576,17,理　事,葉宗林
115法登他000576,18,理　事,張安慈
115法登他000576,19,理　事,吳春福
115法登他000576,20,理　事,謝奇璋
115法登他000576,21,理　事,楊文理
115法登他000576,22,理　事,張碧真
115法登他000576,23,理　事,謝凱生
115法登他000576,24,監　事,朱世明
115法登他000576,25,理　事,黃璟隆
115法登他000576,26,理　事,張　珏
115法登他000576,27,監　事,李元暉
115法登他000576,28,理　事,方麗容
115法登他000576,29,理　事,李孟智
115法登他000576,30,理　事,張文昌
115法登他000576,31,監　事,張乃文
115法登他000576,32,理　事,沈瓊桃
115法登他000577,1,董　事,禹慶槿
115法登他000577,2,董　事,任炳沃
115法登他000577,3,董　事,田炳德
115法登他000577,6,董　事,姜龍洙
115法登他000577,7,董　事,申亨湜
115法登他000577,8,董事長,尹振圭
115法登他000577,9,董　事,李熙俊
115法登他000578,1,理　事,黃麗凰
115法登他000578,2,常務理事,林　溦
115法登他000578,3,理事長,蔡淑芬
115法登他000578,4,理　事,楊舒琴
115法登他000578,5,理　事,林哲民
115法登他000578,6,監　事,顏愛倫
115法登他000578,7,常務理事,劉宥均
115法登他000578,8,理　事,沈威君
115法登他000578,9,理　事,劉庭軒
115法登他000578,10,監　事,夏嘉純
115法登他000578,11,理　事,曹念佳
115法登他000578,12,常務監事,李秋龍
115法登他000580,1,董事長,顧其芸
115法登他000580,2,董　事,林盛康
115法登他000580,3,董　事,范康登
115法登他000580,4,董　事,詹鴻恩
115法登他000580,5,董　事,陳頌聖
115法登他000581,2,董　事,釋淨威
115法登他000581,4,董　事,黃偉修
115法登他000581,5,董　事,陳文毅
115法登他000581,10,董　事,釋弘眞
115法登他000581,14,董　事,釋淨仁
115法登他000581,18,董　事,釋淨音
115法登他000581,19,董　事,釋淨恩
115法登他000581,20,董　事,釋淨承
115法登他000581,21,董　事,釋淨灯
115法登他000581,22,董　事,釋淨隆
115法登他000581,23,董　事,釋淨侑
115法登他000581,24,董　事,釋淨航
115法登他000581,25,董事長,釋慧淨
115法登他000581,26,董　事,釋淨開
115法登他000581,27,董　事,釋淨磐
115法登他000582,1,董事長,李天勇
115法登他000582,2,董　事,陳宏柱
115法登他000582,3,董　事,薛珮緹
115法登他000582,4,董　事,鄧津貴
115法登他000582,5,董　事,高湘惠
115法登他000582,6,常務董事,陳誌順
115法登他000582,7,董　事,丘琁芝
115法登他000582,8,董　事,李舜達
115法登他000582,9,常務董事,黃家泰
115法登他000583,1,董　事,袁濟凡
115法登他000583,5,董　事,張文華
115法登他000583,8,監察人,榮幼娥
115法登他000583,10,董　事,陳桂鈴
115法登他000583,15,董事長,郭修敏
115法登他000583,17,董　事,柯百觀
115法登他000583,18,董　事,張良民
115法登他000583,22,董　事,林季蓉
115法登他000583,26,董　事,林在良
115法登他000583,28,監察人,柯淑玲
115法登他000583,29,副董事長,黎淑瑛
115法登他000583,30,董　事,魏德珍
115法登他000583,31,董　事,謝美香
115法登他000583,32,董　事,葉詩卉
115法登他000583,33,董　事,楊菁萍
115法登他000583,34,副董事長,謝明輝
115法登他000583,35,監察人,陳聖智
115法登他000583,36,董　事,黃行德
115法登他000583,37,董　事,王明祥
115法登他000583,38,董　事,黃薰瑢
115法登他000584,1,理事長,林憲銘
115法登他000584,2,理　事,王裕仁
115法登他000584,3,理　事,譚智睿
115法登他000584,4,理　事,卞志祥
115法登他000584,5,理　事,呂名峯
115法登他000584,6,理　事,李緯明
115法登他000584,7,理　事,潘健成
115法登他000584,8,常務理事,林威丞
115法登他000584,9,理　事,王震緯
115法登他000584,10,理　事,璩大成
115法登他000584,11,常務理事,許銘能
115法登他000584,12,理　事,邱繼弘
115法登他000584,13,理　事,陳俞琪
115法登他000584,14,理　事,陳正昱
115法登他000584,15,理　事,麻筱祺
115法登他000584,16,監　事,明金蓮
115法登他000584,17,監　事,陳嘉文
115法登他000584,18,監　事,李佩縈
115法登他000584,19,監　事,藍雅玲
115法登他000584,20,常務監事,蘇厚安
115法登他000585,1,董事長,何美頤
115法登他000585,2,董　事,楊炤濃
115法登他000585,3,董　事,馮　燕
115法登他000585,4,董　事,費宗澄
115法登他000585,5,董　事,顧克基
115法登他000585,6,董　事,卓　薪
115法登他000585,7,董　事,鄭秋豫
115法登他000585,8,董　事,郭大同
115法登他000585,9,董　事,顧駿基
115法登他000586,4,董　事,許瓊心
115法登他000586,5,董　事,林瑞瑩
115法登他000586,6,董　事,吳玉琴
115法登他000586,11,董　事,王亮凱
115法登他000586,16,董　事,呂玉鳳
115法登他000586,17,董事長,張瑞幸
115法登他000586,18,董　事,陳景松
115法登他000586,19,董　事,周弘傑
115法登他000586,21,董　事,張弘洋
115法登他000586,22,董　事,張德馨
115法登他000586,23,董　事,陳宜雍
115法登他000586,24,董　事,黃品欽
115法登他000586,25,董　事,李奇龍
115法登他000586,26,董　事,盧信錕
115法登他000586,27,董　事,潘政憲
115法登他000587,1,董　事,葛葆萱
115法登他000587,2,董　事,曾照薰
115法登他000587,3,董　事,杜張梅莊
115法登他000587,4,董事長,彭俊亨
115法登他000587,5,董　事,李靜慧
115法登他000587,6,董　事,林正儀
115法登他000587,7,董　事,李慧娜
115法登他000587,8,董　事,施德玉
115法登他000587,9,董　事,蘇憲法
115法登他000587,10,董　事,賴瑛瑛
115法登他000587,11,董　事,范銘如
115法登他000587,12,董　事,林鶴宜
115法登他000587,13,董　事,蔡崇隆
115法登他000587,14,董　事,于國華
115法登他000587,15,董　事,楊長鎮
115法登他000587,16,董　事,高志尚
115法登他000587,17,董　事,蕭新煌
115法登他000587,18,董　事,黃美娥
115法登他000587,19,董　事,李韻儀
115法登他000587,20,常務監事,黃時中
115法登他000587,21,董　事,陳永賢
115法登他000587,22,監　事,容淑華
115法登他000587,23,監　事,楊其文
115法登他000587,24,董　事,王俊雄
115法登他000587,25,監　事,羅莉婷
115法登他000587,26,監　事,林發立
115法登他000588,1,理事長,楊士青
115法登他000588,2,理　事,穆昱佳
115法登他000588,3,理　事,方瓊彗
115法登他000588,4,監　事,黃瑞霖
115法登他000588,5,理　事,林宥伯
115法登他000588,6,常務理事,黃柏諺
115法登他000588,7,監　事,張　遠
115法登他000588,8,理　事,林士涵
115法登他000588,9,理　事,廖尹瑄
115法登他000588,10,理　事,林修澈
115法登他000588,11,監　事,簡翔泰
115法登他000588,12,常務理事,陳瑞霖
115法登他000589,1,董　事,王公翰
115法登他000589,2,董事長,王為昭
115法登他000589,4,董　事,林子超
115法登他000589,5,董　事,林秀珠
115法登他000589,7,董　事,謝東昇
115法登他000589,8,董　事,謝震揚
115法登他000589,9,董　事,楊慶鈴
115法登他000590,2,中央常務委員,曾新慧
115法登他000590,4,中央常務委員,黃　仁
115法登他000590,5,中央常務委員,周季融
115法登他000590,6,中央常務委員,傅崐萁
115法登他000590,7,中央常務委員,鄭任宗
115法登他000590,8,中央常務委員,陳汪全
115法登他000590,9,中央常務委員,張育美
115法登他000590,11,中央常務委員,柯貞竹
115法登他000590,12,中央常務委員,李德維
115法登他000590,14,中央常務委員,邱奕勝
115法登他000590,15,中央常務委員,凃俊仰
115法登他000590,16,中央常務委員,陳慶齡
115法登他000590,17,中央常務委員,游家富
115法登他000590,18,中央常務委員,楊博仁
115法登他000590,19,中央常務委員,蔡宜助
115法登他000590,20,中央常務委員,王伯綸
115法登他000590,21,中央常務委員,王姿茵
115法登他000590,22,中央常務委員,李　中
115法登他000590,23,中央常務委員,高思博
115法登他000590,24,中央常務委員,邱鎮軍
115法登他000590,25,中央常務委員,勤彭蓁
115法登他000590,29,中央常務委員,林永泰
115法登他000590,30,中央常務委員,鄭正鈐
115法登他000590,32,中央常務委員,吳尚鷹
115法登他000590,33,主　席,鄭麗文
115法登他000590,34,中央常務委員,蔣根煌
115法登他000590,35,中央常務委員,邱素蘭
115法登他000590,38,中央常務委員,鄧治平
115法登他000590,39,中央常務委員,車宜靜
115法登他000590,41,中央常務委員,曾文培
115法登他000590,42,中央常務委員,陳俗蓉
115法登他000590,43,中央常務委員,郭又睿
115法登他000590,44,中央常務委員,戴錫欽
115法登他000590,45,副主席,李乾龍
115法登他000590,46,副主席,季麟連
115法登他000590,47,副主席,張榮恭
115法登他000590,48,中央常務委員,羅明才
115法登他000590,49,中央常務委員,陳菁徽
115法登他000590,50,副主席,蕭旭岑
115法登他000590,51,中央常務委員,張清照
115法登他000591,1,董事長,林建智
115法登他000591,2,董　事,陳慕真
115法登他000591,3,董　事,許永明
115法登他000591,4,董　事,許榮賢
115法登他000591,5,董　事,李松季
115法登他000591,6,董　事,陳正祺
115法登他000591,7,董　事,李崇言
115法登他000591,8,董　事,張立秋
115法登他000591,10,董　事,曾增成
115法登他000591,11,董　事,楊清榮
115法登他000591,12,董　事,陳燦煌
115法登他000592,1,董　事,陳定川
115法登他000592,2,董　事,黃贊彥
115法登他000592,3,董事長,黃文竹
115法登他000592,4,董　事,黃亞新
115法登他000592,5,董　事,張原禎
115法登他000592,6,董　事,陳寶國
115法登他000592,8,董　事,許新生
115法登他000592,10,董　事,莊懷駟
115法登他000592,11,董　事,洪蓁蓁
115法登他000593,1,常務董事,王張月桂
115法登他000593,2,董　事,張家豪
115法登他000593,3,董事長,張志榮
115法登他000593,4,董　事,葉淑玲
115法登他000593,5,常務監事,張輝雄
115法登他000593,6,常務董事,王佳郁
115法登他000593,7,董　事,張長宏
115法登他000593,8,董　事,宋誌凱
115法登他000593,9,董　事,張光明
115法登他000593,10,董　事,張維安
115法登他000593,11,董　事,范素美
115法登他000593,12,常務董事,陳林茂
115法登他000593,13,監　事,吳李純純
115法登他000593,14,董　事,許清忠
115法登他000593,15,常務董事,張志成
115法登他000593,16,監　事,周榮昭
115法登他000594,5,董　事,劉得寬
115法登他000594,6,監察人,黃俊翔
115法登他000594,9,董　事,吳耿介
115法登他000594,10,董　事,游瑤君
115法登他000594,11,董事長,陳金發
115法登他000594,12,董　事,李瑞玲
115法登他000594,13,董　事,李健民
115法登他000594,14,董　事,吳毓山
115法登他000594,15,董　事,施源卿
115法登他000594,16,董　事,許傳忠
115法登他000595,1,董事長,詹火生
115法登他000595,3,董　事,簡春安
115法登他000595,4,董　事,李玉春
115法登他000595,5,董　事,黃明和
115法登他000595,9,董　事,蔡勳雄
115法登他000595,10,董　事,陳保中
115法登他000595,11,董　事,黃心苑
115法登他000595,12,董　事,薛承泰
115法登他000595,13,董　事,陳節如
115法登他000595,14,董　事,許泰文
115法登他000595,15,董　事,陳靜敏
115法登他000595,16,董　事,柯長崎
115法登他000595,17,董　事,詹慶齡
115法登他000595,18,董　事,吳永乾
115法登他000595,19,董　事,沈世宏
115法登他000596,1,監　事,李泰叡
115法登他000596,2,理　事,林麗卿
115法登他000596,3,理　事,藍文聰
115法登他000596,4,理　事,陳錦麟
115法登他000596,5,常務理事,林徹人
115法登他000596,6,常務理事,吳嘉沅
115法登他000596,7,理　事,張少暐
115法登他000596,8,監　事,鄧東成
115法登他000596,9,理　事,高曉立
115法登他000596,10,副理事長,李憲國
115法登他000596,11,理事長,黃冠鈞
115法登他000596,12,理　事,邱麒璋
115法登他000596,13,常務監事,江肇欽
115法登他000596,14,理　事,洪俊銘
115法登他000596,15,副理事長,蔡俊峯
115法登他000596,16,理　事,曾俊豪
115法登他000596,17,理　事,魯世平
115法登他000596,18,監　事,林聖恩
115法登他000596,19,監　事,王建文
115法登他000596,20,理　事,連威霽
115法登他000597,1,理　事,施俊偉
115法登他000597,2,理　事,曹瑞濱
115法登他000597,3,常務理事,李毓超
115法登他000597,4,監　事,楊廖堯
115法登他000597,5,常務理事,王福漲
115法登他000597,6,理　事,蔣光隆
115法登他000597,7,理　事,李欽漢
115法登他000597,8,理　事,廖國富
115法登他000597,9,理　事,楊聰達
115法登他000597,10,常務監事,蔡德發
115法登他000597,11,理事長,林徹人
115法登他000597,12,監　事,林春年
115法登他000598,1,董　事,蕭政廷
115法登他000598,2,董事長,陳日昌
115法登他000598,3,董　事,邱德發
115法登他000598,4,董　事,楊坤儒
115法登他000598,5,董　事,李強忠
115法登他000598,6,董　事,黃集仁
115法登他000598,7,董　事,龔嘉德
115法登他000598,8,董　事,王豐林
115法登他000598,9,董　事,丘濬誠
115法登他000598,10,董　事,羅祥雲
115法登他000598,11,董　事,管仁澤
115法登他000598,12,董　事,鍾　亢
115法登他000598,13,董　事,柳居豐
115法登他000598,14,董　事,詹逸凌
115法登他000598,15,董　事,李景行
115法登他000598,16,董　事,林稜傑
115法登他000598,17,董　事,黃名男
115法登他000598,18,董　事,楊仕屹
115法登他000598,19,董　事,詹征褘
115法登他000598,20,董　事,陳俊宇
115法登他000598,21,董　事,翁一銘
115法登他000599,1,董　事,曹紹徽
115法登他000599,2,董　事,梁秋萍
115法登他000599,4,常務董事,孫維廷
115法登他000599,5,董　事,楊焜棟
115法登他000599,6,董　事,魏賢堉
115法登他000599,7,常務董事,蘇夢蘭
115法登他000599,8,董　事,陳邦賓
115法登他000599,9,董　事,李文汕
115法登他000599,10,董　事,劉淑華
115法登他000599,12,常務董事,劉玉雯
115法登他000599,14,董事長,朱建偉
115法登他000599,16,董　事,周福來
115法登他000599,18,董　事,林庚辛
115法登他000599,19,監察人,傅雅群
115法登他000599,20,常務監察人,吳仲榮
115法登他000599,23,常務董事,張宏浩
115法登他000599,24,董　事,涂予尹
115法登他000599,26,監察人,林元麒
115法登他000600,1,董事長,王怡心
115法登他000600,2,董　事,武永生
115法登他000600,3,董　事,陳惠珠
115法登他000600,4,董　事,楊文安
115法登他000600,5,董　事,柯柏成
115法登他000600,6,董　事,林寬照
115法登他000600,7,董　事,盧聯生
115法登他000600,8,董　事,許坤錫
115法登他000600,9,董　事,費鴻泰
115法登他000601,1,理　事,林政佑
115法登他000601,2,理　事,熊明旺
115法登他000601,3,理　事,徐愫儀
115法登他000601,4,理　事,吳哲維
115法登他000601,5,副理事長,林旺枝
115法登他000601,6,常務理事,沈高輝
115法登他000601,7,監事長,江俊逸
115法登他000601,8,理事長,王智弘
115法登他000601,9,常務理事,簡志彦
115法登他000601,10,常務理事,許巍鐘
115法登他000601,11,理　事,辛宗翰
115法登他000601,12,副理事長,戴志展
115法登他000601,13,理　事,戴世光
115法登他000601,14,理　事,力博宏
115法登他000601,15,常務理事,方端仁
115法登他000601,16,常務監事,鄭元凱
115法登他000601,17,理　事,蘇性豪
115法登他000601,18,監　事,莫振東
115法登他000601,19,理　事,王仲祺
115法登他000601,20,常務理事,鄭熙騰
115法登他000601,21,監　事,王俊傑
115法登他000601,22,理　事,凃智文
115法登他000601,23,理　事,林弘揚
115法登他000601,24,理　事,周賢章
115法登他000601,25,常務理事,黃健郎
115法登他000601,26,監　事,方谷豪
115法登他000601,27,理　事,林哲玄
115法登他000601,28,監　事,鄭博文
115法登他000601,29,常務理事,朱本元
115法登他000601,30,理　事,蔡青劭
115法登他000601,31,常務理事,楊宜璋
115法登他000601,32,常務監事,陳培榕
115法登他000601,33,監　事,阮嵩翔
115法登他000601,34,理　事,吳振吉
115法登他000601,35,理　事,黃致仰
115法登他000601,36,理　事,陳信傑
115法登他000601,37,理　事,王瀛標
115法登他000601,38,理　事,連哲震
115法登他000601,39,監　事,趙善楷
115法登他000601,40,理　事,徐正明
115法登他000601,41,監　事,陳俊男
115法登他000601,42,理　事,張永芳
115法登他000601,43,理　事,陳信雄
115法登他000601,44,監　事,藍敏瑛
115法登他000602,1,理　事,馬鈞怡
115法登他000602,2,理　事,羅瑀慈
115法登他000602,3,理　事,鄭樹中
115法登他000602,4,常務理事,陳炯霖
115法登他000602,5,理　事,康志瑋
115法登他000602,6,常務理事,林勝漢
115法登他000602,7,理　事,楊俊彥
115法登他000602,8,理　事,楊瑤佩
115法登他000602,9,理　事,王秋雲
115法登他000602,10,理　事,蘇嘉盈
115法登他000602,11,理　事,徐振華
115法登他000602,12,理　事,周韋伶
115法登他000602,13,理事長,林暉川
115法登他000602,14,常務理事,黃信偉
115法登他000602,15,常務理事,李定隆
115法登他000602,16,監　事,王筠涵
115法登他000602,17,監　事,李　楨
115法登他000602,18,監　事,陳雅君
115法登他000602,19,監　事,劉憶貞
115法登他000602,20,常務監事,張于紳
115法登他000603,1,理事長,王淑敏
115法登他000603,2,常務理事,林瓊英
115法登他000603,3,常務理事,劉明珠
115法登他000603,4,理　事,賴　嶔
115法登他000603,5,常務理事,陳樹東
115法登他000603,6,常務理事,鄭光明
115法登他000603,7,常務理事,江慶益
115法登他000603,8,監　事,陳敬祥
115法登他000603,9,理　事,鄭茂松
115法登他000603,10,理　事,周漢偉
115法登他000603,11,常務理事,蔡兩全
115法登他000603,12,理　事,黃振忠
115法登他000603,13,理　事,周立齡
115法登他000603,14,監　事,陳金清
115法登他000603,15,理　事,黃秀娥
115法登他000603,16,理　事,陳永祿
115法登他000603,17,理　事,陳湘慈
115法登他000603,18,理　事,李文雄
115法登他000603,19,理　事,謝雲金
115法登他000603,20,理　事,劉慶忠
115法登他000603,21,理　事,鄭有桂
115法登他000603,22,常務監事,簡良璘
115法登他000603,23,理　事,陳淑貞
115法登他000603,24,監　事,卓淑真
115法登他000603,25,理　事,方文楨
115法登他000603,26,監　事,張良聰
115法登他000603,27,監　事,張耀中
115法登他000603,28,監　事,吳宗賢
115法登他000604,1,董　事,陳定川
115法登他000604,2,董　事,陳冠賢
115法登他000604,4,董　事,胡業民
115法登他000604,7,董　事,周學信
115法登他000604,8,董事長,陳建信
115法登他000604,10,董　事,劉郁純
115法登他000604,11,董　事,林榮恩
115法登他000604,12,董　事,佘日新
115法登他000604,13,董　事,陸家珩
115法登他000605,1,副會長,林得鴻
115法登他000605,2,監　事,吳柏陞
115法登他000605,3,副會長,藍士凱
115法登他000605,4,副會長,苗子陽
115法登他000605,5,會　長,邱耀萱
115法登他000605,6,副會長,黃鋕文
115法登他000605,7,監事長,王翊璇
115法登他000605,8,監　事,陳映儒
115法登他000605,9,副會長,胡芳寧
115法登他000605,10,副會長,余雅暄
115法登他000605,11,副會長,黃詩穎
115法登他000605,12,副會長,黄照文
115法登他000605,13,副會長,鍾適安
115法登他000605,14,副會長,許祐誠
115法登他000607,1,常務監事,呂良正
115法登他000607,2,理　事,謝姍諭
115法登他000607,3,常務理事,藍隆寬
115法登他000607,4,理　事,徐造華
115法登他000607,5,監　事,張添晉
115法登他000607,6,理　事,曾志國
115法登他000607,7,理　事,黃一鈺
115法登他000607,8,理　事,王俊傑
115法登他000607,9,理　事,王建全
115法登他000607,10,理　事,邵文政
115法登他000607,11,理　事,江國權
115法登他000607,12,監　事,李政安
115法登他000607,13,理　事,戴昌賢
115法登他000607,14,常務理事,陳志賢
115法登他000607,15,常務理事,金崇仁
115法登他000607,16,監　事,陳水添
115法登他000607,17,理　事,方孟德
115法登他000607,18,理　事,陳煜賢
115法登他000607,19,常務理事,鄭瑞濱
115法登他000607,20,理　事,林逸彬
115法登他000607,21,常務理事,謝佶燁
115法登他000607,22,監　事,何明錦
115法登他000607,23,常務理事,邱建國
115法登他000607,24,理　事,徐登科
115法登他000607,25,理事長,廖肇昌
115法登他000607,26,理　事,謝佳伯
115法登他000608,1,董事長,黃文成
115法登他000608,2,董　事,施淑貞
115法登他000608,3,董　事,何俊輝
115法登他000608,4,董　事,陳甫彥
115法登他000608,5,董　事,吳炳溪
115法登他000608,6,董　事,黃俊評
115法登他000608,7,董　事,程曙昇
115法登他000608,8,董　事,林傳成
115法登他000608,9,董　事,張淑華
115法登他000609,1,董事長,洪國昌
115法登他000609,2,董　事,陳國宏
115法登他000609,3,董　事,簡瑀姮
115法登他000609,4,董　事,高義達
115法登他000609,5,董　事,黃珮瑩
115法登他000611,1,理事長,吳國俊
115法登他000611,2,理　事,蔡錫鐃
115法登他000611,3,副理事長,吳桂靖
115法登他000611,4,理　事,葉忠福
115法登他000611,5,理　事,張丕白
115法登他000611,6,副理事長,周榮泉
115法登他000611,7,理　事,楊　康
115法登他000611,8,理　事,王雅麗
115法登他000611,9,常務理事,張婷婷
115法登他000611,10,理　事,盧星華
115法登他000611,11,理　事,潘靜宜
115法登他000611,12,監　事,林秀娟
115法登他000611,13,理　事,畢　慧
115法登他000611,14,常務理事,吳智堯
115法登他000611,15,理　事,黃雪琴
115法登他000611,16,理　事,卓清松
115法登他000611,17,常務監事,林吉田
115法登他000611,18,監　事,吳翠霞
115法登他000611,19,監　事,卓學孟
115法登他000611,20,監　事,江明岳
115法登他000612,1,理事長,方荷生
115法登他000612,2,常務理事,郭昭巖
115法登他000612,3,理　事,楊炎芬
115法登他000612,4,理　事,彭揚凱
115法登他000612,5,理　事,蔡維河
115法登他000612,6,理　事,陳美姿
115法登他000612,7,理　事,紀寶如
115法登他000612,8,理　事,徐春花
115法登他000612,9,副理事長,羅于婷
115法登他000612,10,常務監事,夏禮章
115法登他000612,11,監　事,郭有賢
115法登他000612,12,監　事,林志蘭
115法登他000613,1,常務監事,蕭介夫
115法登他000613,2,監　事,黃青真
115法登他000613,3,監　事,魏耀揮
115法登他000613,4,理　事,何佳安
115法登他000613,5,常務理事,吳金洌
115法登他000613,6,理　事,林翰佳
115法登他000613,7,常務理事,徐麗芬
115法登他000613,8,理　事,紀威光
115法登他000613,9,常務理事,楊健志
115法登他000613,10,常務理事,陳威戎
115法登他000613,11,理　事,蕭培文
115法登他000613,12,理　事,林甫容
115法登他000613,13,理　事,蔡承佳
115法登他000613,14,理事長,廖啓成
115法登他000613,15,監　事,蘇南維
115法登他000613,16,監　事,潘子明
115法登他000613,17,理　事,楊啓伸
115法登他000613,18,理　事,陳彥榮
115法登他000613,19,理　事,陳佩燁
115法登他000613,20,理　事,陳俊任
115法登他000614,1,常務理事,曾素琴
115法登他000614,2,理　事,李欣佛
115法登他000614,3,理　事,莊淑真
115法登他000614,4,理　事,陳思樺
115法登他000614,5,理　事,莊昱峰
115法登他000614,6,常務理事,方壯莉
115法登他000614,7,理　事,劉先覺
115法登他000614,8,理　事,何美雲
115法登他000614,9,監　事,黎順發
115法登他000614,10,副理事長,陳玉婷
115法登他000614,11,理　事,徐偲瑋
115法登他000614,12,監　事,林千鳳
115法登他000614,13,理　事,林美惠
115法登他000614,14,常務理事,高菱蓮
115法登他000614,15,理　事,程一凡
115法登他000614,17,副理事長,楊美娟
115法登他000614,18,理　事,張秀娟
115法登他000614,19,監　事,郭志剛
115法登他000614,20,理　事,廖鴻儒
115法登他000614,21,理　事,袁　媛
115法登他000614,22,理事長,劉育群
115法登他000614,23,理　事,葛尉壬
115法登他000614,24,理　事,曾粹頤
115法登他000614,25,理　事,傅　強
115法登他000614,26,理　事,黃坤傑
115法登他000614,27,理　事,陳煥章
115法登他000614,28,理　事,陳怡潔
115法登他000614,29,理　事,蔡霈晴
115法登他000614,30,理　事,陳瓊妙
115法登他000614,31,副理事長,蔡聖威
115法登他000614,32,理　事,羅秀玲
115法登他000614,33,常務監事,鄭祥人
115法登他000614,34,監　事,林瑞彬
115法登他000614,35,理　事,莊中慶
115法登他000614,36,理　事,陳沛潔
115法登他000614,37,理　事,蕭輔民
115法登他000615,1,董　事,王　煒
115法登他000615,2,董　事,王嘉穗
115法登他000615,4,董　事,呂俊憲
115法登他000615,6,董　事,黃寶慧
115法登他000615,8,董　事,蔡逸民
115法登他000615,9,董　事,侯智元
115法登他000615,10,董　事,陳慧穎
115法登他000615,11,董　事,陳玄佳
115法登他000615,12,董　事,林知延
115法登他000615,13,董　事,侯嘉騏
115法登他000615,14,董　事,林璟驊
115法登他000615,15,董事長,邱垂元
115法登他000615,16,董　事,楊文鈞
115法登他000615,17,董　事,張朝凱
115法登他000615,18,董　事,林靖德
115法登他000616,1,董　事,梁佑任
115法登他000616,2,董　事,黃碧雲
115法登他000616,3,董　事,夏大明
115法登他000616,7,董　事,水雲翔
115法登他000616,8,董　事,陳克威
115法登他000616,9,董事長,袁慶杭
115法登他000616,10,董　事,劉孟婷
115法登他000617,1,常務理事,蔡易成
115法登他000617,2,常務理事,陳慧娟
115法登他000617,3,理　事,游文相
115法登他000617,4,理　事,李魁鵬
115法登他000617,5,理事長,林建維
115法登他000617,6,理　事,張建泰
115法登他000617,7,理　事,魏毅明
115法登他000617,8,理　事,黃海清
115法登他000617,9,監　事,林芳生
115法登他000617,10,理　事,王偉宇
115法登他000617,11,常務監事,陳宏裕
115法登他000617,12,監　事,趙士逸
115法登他000618,1,董　事,杜武俊
115法登他000618,2,董　事,林建煌
115法登他000618,3,董事長,杜武青
115法登他000618,4,董　事,王景賢
115法登他000618,5,董　事,杜東璊
115法登他000618,6,董　事,張秀蓉
115法登他000618,7,董　事,劉景寬
115法登他000618,8,董　事,林琬琬
115法登他000618,9,董　事,陳永興
115法登他000618,10,董　事,黃德富
115法登他000618,11,董　事,許芷瑜
115法登他000619,1,董　事,黃春林
115法登他000619,2,常務董事,吳三連
115法登他000619,3,董　事,戴武良
115法登他000619,4,董　事,李火南
115法登他000619,5,董　事,張道全
115法登他000619,6,董　事,莊秋梅
115法登他000619,7,董　事,何進忠
115法登他000619,8,董　事,余文玲
115法登他000619,9,董　事,吳榮化
115法登他000619,10,董　事,朱武進
115法登他000619,11,董　事,李建輝
115法登他000619,12,董事長,魏復鎮
115法登他000619,13,董　事,劉萬舜
115法登他000620,1,常務董事,莊光明
115法登他000620,2,董　事,黃大洲
115法登他000620,3,監察人,丁慧娟
115法登他000620,4,常務董事,陳燕靜
115法登他000620,5,董　事,蔡明哲
115法登他000620,6,董事長,周師文
115法登他000620,7,常務監察人,蘇明道
115法登他000620,8,董　事,江孟蓉
115法登他000620,9,董　事,張文亮
115法登他000620,10,監察人,陳士魁
115法登他000620,11,董　事,鄒枝和
115法登他000620,12,監察人,林正杰
115法登他000620,14,常務董事,吳孟玲
115法登他000620,15,董　事,陳士伯
115法登他000620,16,常務董事,林思妤
115法登他000620,17,董　事,汪昭華
115法登他000620,18,董　事,莊金安
115法登他000620,20,董　事,何永山
115法登他000620,21,監察人,李秀麗
115法登他000620,22,董　事,陳進治
115法登他000621,1,董　事,郭雲蓮
115法登他000621,2,董　事,王致明
115法登他000621,3,董　事,鄭舒雯
115法登他000621,4,董　事,邱湘萍
115法登他000621,5,董　事,滿福堂
115法登他000621,6,董　事,諶家瑞
115法登他000621,7,董事長,葛復光
115法登他000622,1,理事長,洪儷瑜
115法登他000622,2,常務理事,陳佩玉
115法登他000622,3,常務理事,蔡淑妃
115法登他000622,4,理　事,吳怡萱
115法登他000622,5,理　事,翁素珍
115法登他000622,6,理　事,廖芳玫
115法登他000622,7,理　事,謝佳真
115法登他000622,8,理　事,吳佩芳
115法登他000622,9,理　事,莊季靜
115法登他000622,10,理　事,王宣惠
115法登他000622,11,理　事,姚惠馨
115法登他000622,12,常務監事,歐思賢
115法登他000622,13,監　事,賴美智
115法登他000622,14,監　事,段傳芬
115法登他000623,1,董　事,高繼祖
115法登他000623,4,常務董事,黃芳芷
115法登他000623,5,董　事,陳信文
115法登他000623,6,董　事,李遠哲
115法登他000623,7,董事長,何建明
115法登他000623,8,董　事,吳原旭
115法登他000623,9,董　事,張杏如
115法登他000623,11,常務董事,陳竹亭
115法登他000623,12,董　事,陳東升
115法登他000623,13,董　事,邱美虹
115法登他000623,14,常務董事,林福來
115法登他000623,15,常務董事,林宏明
115法登他000623,16,董　事,吳仲卿
115法登他000623,17,董　事,林志民
115法登他000623,18,董　事,林陳涌
115法登他000624,1,董事長,侯翠杏
115法登他000624,5,董　事,黃培銘
115法登他000624,6,董　事,陳生育
115法登他000624,8,董　事,侯彥良
115法登他000624,9,董　事,李素慧
115法登他000626,1,常務理事,鄭清和
115法登他000626,2,理事長,楊明哲
115法登他000626,3,常務理事,劉亭君
115法登他000626,4,理　事,郭俊良
115法登他000626,5,理　事,黃昭銘
115法登他000626,6,理　事,王國照
115法登他000626,7,理　事,張運宗
115法登他000626,8,理　事,黃耀堂
115法登他000626,9,理　事,周玉潔
115法登他000626,10,常務監事,郭克忠
115法登他000626,11,監　事,鄭清榮
115法登他000626,12,監　事,李安妮
115法登他000627,1,理　事,余孟謙
115法登他000627,2,理　事,陳正平
115法登他000627,3,理　事,黎光傑
115法登他000627,4,副理事長,張清雲
115法登他000627,5,理　事,李明哲
115法登他000627,6,監　事,梁禮麟
115法登他000627,7,理事長,賴建宏
115法登他000627,8,理　事,吳懿哲
115法登他000627,9,監　事,謝祥樹
115法登他000627,10,理　事,陳建民
115法登他000627,11,監　事,張錦峯
115法登他000627,12,常務理事,許錦森
115法登他000627,13,理　事,倪超凡
115法登他000627,14,常務理事,陳錦芳
115法登他000627,15,副理事長,黃騰輝
115法登他000627,16,理　事,陳清展
115法登他000627,17,理　事,蔡震邦
115法登他000627,18,理　事,杜明星
115法登他000627,19,常務監事,施義芳
115法登他000627,20,監　事,巫垂晃
115法登他000628,1,董事長,葉福林
115法登他000628,2,董　事,葉家豪
115法登他000628,3,董　事,葉家銘
115法登他000628,4,董　事,黃浩然
115法登他000628,5,董　事,金修賢
115法登他000628,6,董　事,蘇柏誠
115法登他000628,7,董　事,陳裕中
115法登他000628,8,董　事,秦台生
115法登他000628,9,董　事,李嘉典
115法登他000629,1,董　事,王馨梓
115法登他000629,2,董事長,周蓉生
115法登他000629,3,董　事,王明我
115法登他000629,4,董　事,王　冠
115法登他000629,5,董　事,孔繁定
115法登他000629,6,董　事,洪佑群
115法登他000629,7,董　事,許思敬
115法登他000629,8,董　事,李　明
115法登他000629,9,董　事,王福生
115法登他000629,10,董　事,胡光夏
115法登他000629,11,董　事,沈方祥
115法登他000629,12,董　事,章昌文
115法登他000629,13,董　事,詹惠登
115法登他000629,14,董　事,王俊傑
115法登他000629,15,董　事,張曉華
115法登他000629,16,監察人,謝國光
115法登他000630,1,監　事,高　安
115法登他000630,2,會　長,令狐榮達
115法登他000630,3,理　事,施文斌
115法登他000630,4,理　事,呂慶龍
115法登他000630,5,理　事,林見松
115法登他000630,6,副會長,周　麟
115法登他000630,7,理　事,黃介正
115法登他000630,8,理　事,傅依萍
115法登他000630,9,常務理事,章文樑
115法登他000630,10,監　事,張大同
115法登他000630,11,理　事,呂元榮
115法登他000630,12,常務監事,梁英斌
115法登他000631,1,理事長,佘健源
115法登他000631,2,常務理事,劉玉皙
115法登他000631,3,常務理事,余歆儀
115法登他000631,4,理　事,蔡佳妤
115法登他000631,5,理　事,陳柏良
115法登他000631,6,理　事,黃韋豪
115法登他000631,7,理　事,洪㨗粲
115法登他000631,8,理　事,羅尹悅
115法登他000631,9,理　事,梁家瑜
115法登他000631,10,監　事,顏厚棟
115法登他000631,11,常務監事,鄭義暉
115法登他000631,12,監　事,安大衛
115法登他000632,1,監　事,吳儒芳
115法登他000632,2,理　事,楊明珠
115法登他000632,3,理事長,賴雨農
115法登他000632,4,常務理事,黃華首
115法登他000632,5,理　事,沈秋秀
115法登他000632,6,理　事,郭麗玲
115法登他000632,7,常務監事,潘俊良
115法登他000632,8,理　事,楊水詠
115法登他000632,9,理　事,莊璧瑄
115法登他000632,10,理　事,連正義
115法登他000632,11,監　事,蔡瓊眞
115法登他000632,12,常務理事,蔡奇勲
115法登他000633,1,理　事,李慧嫻
115法登他000633,2,副理事長,連秋銘
115法登他000633,3,監　事,莊詠玲
115法登他000633,4,常務理事,許毓麟
115法登他000633,5,理　事,方郁惠
115法登他000633,6,常務理事,林卉婕
115法登他000633,7,理　事,鄒念湧
115法登他000633,8,理　事,李月華
115法登他000633,9,理　事,蔣永寵
115法登他000633,10,理　事,許晋銘
115法登他000633,11,理　事,陳世雄
115法登他000633,12,常務監事,施汎泉
115法登他000633,13,監　事,張騰龍
115法登他000633,14,常務理事,王斯煒
115法登他000633,15,副理事長,陳秀娥
115法登他000633,16,理事長,黃允暐
115法登他000633,17,理　事,王慕凡
115法登他000633,18,理　事,吳溱曜
115法登他000633,19,理　事,郭禮賦
115法登他000633,20,理　事,莊盛祺
115法登他000633,21,常務理事,趙松山
115法登他000633,22,理　事,李慧貞
115法登他000633,23,理　事,蔡琪銘
115法登他000633,24,常務理事,林其隆
115法登他000633,25,理　事,周靜幸
115法登他000633,26,理　事,羅錦雄
115法登他000633,27,理　事,黃意倩
115法登他000633,28,理　事,孫嘉明
115法登他000633,29,監　事,張晉瑞
115法登他000633,30,監　事,張月玲
115法登他000633,31,常務理事,蕭奕弘
115法登他000633,32,理　事,林家正
115法登他000634,1,董事長,黃昭欽
115法登他000634,2,副董事長,繆自昌
115法登他000634,3,董　事,謝慶欽
115法登他000634,4,董　事,洪國堯
115法登他000634,5,董　事,徐韶良
115法登他000634,6,董　事,陳美伶
115法登他000634,7,董　事,鄭又華
115法登他000634,8,董　事,謝龍隱
115法登他000634,9,董　事,郭庭君
115法登他000634,10,董　事,詹滿色
115法登他000634,11,董　事,鄭鈺宸
115法登他000634,12,監察人,劉家禎
115法登他000634,13,常務監察人,歐姿蘭
115法登他000634,14,監察人,賴怡汝
115法登他000634,15,監察人,林啓滄
115法登他000634,16,監察人,趙朝森
115法登他000634,17,董　事,王佳惠
115法登他000634,18,董　事,林麗美
115法登他000635,1,常務監事,蔡邵華
115法登他000635,2,常務理事,鄒欣穎
115法登他000635,3,理　事,黃詩棋
115法登他000635,4,監　事,姚如婷
115法登他000635,5,監　事,徐珮珊
115法登他000635,6,理　事,蔡鎧鴻
115法登他000635,7,理　事,何守正
115法登他000635,8,理事長,吳宗霖
115法登他000635,9,常務理事,林慧敏
115法登他000635,10,理　事,黃映寧
115法登他000635,11,理　事,張琳妮
115法登他000635,12,理　事,林淑菁
115法登他000636,1,董事長,葉文忠
115法登他000636,2,董　事,吳建豐
115法登他000636,3,董　事,陳建州
115法登他000636,4,董　事,葉文超
115法登他000636,5,董　事,蔡門火
115法登他000636,6,監察人,郭志成
115法登他000636,7,董　事,黃崇智
115法登他000636,10,董　事,蔡江鋒
115法登他000636,11,董　事,張衍義
115法登他000636,12,董　事,游元旺
115法登他000637,1,理事長,鐘基啓
115法登他000637,2,副理事長,梁兆佐
115法登他000637,3,常務理事,葉文宏
115法登他000637,4,副理事長,劉國良
115法登他000637,5,常務理事,林皓昱
115法登他000637,6,理　事,劉士豪
115法登他000637,7,理　事,周　麟
115法登他000637,8,理　事,胡治漢
115法登他000637,9,理　事,林家瑋
115法登他000637,10,監　事,沈劭蘭
115法登他000637,11,理　事,林育用
115法登他000637,12,理　事,鍾　昉
115法登他000637,13,理　事,林依柔
115法登他000637,14,理　事,張中棣
115法登他000637,15,理　事,李加程
115法登他000637,16,常務監事,林珮瑩
115法登他000637,17,監　事,陳鵲蓮
115法登他000637,18,監　事,蘇巧純
115法登他000637,19,理　事,王悅竹
115法登他000637,20,監　事,李銘尉
115法登他000638,1,董　事,林明志
115法登他000638,3,董事長,蔡政宏
115法登他000638,5,董　事,蔡國玲
115法登他000638,7,董　事,李家昀
115法登他000638,8,董　事,吳美秀
115法登他000639,1,董事長,繆自昌
115法登他000639,2,監察人,侯彥隆
115法登他000639,3,董　事,田士金
115法登他000639,4,董　事,楊雲裕
115法登他000639,5,董　事,王秀溶
115法登他000639,6,董　事,郭愷珶
115法登他000639,7,監察人,吳淑鈴
115法登他000639,8,董　事,吳淑美
115法登他000639,9,董　事,沈珍珍
115法登他000639,10,監察人,鄭安倉
115法登他000639,11,副董事長,林緣珠
115法登他000639,12,董　事,葉信明
115法登他000639,14,董　事,林晏如
115法登他000639,15,常務監察人,韓玉山
115法登他000639,16,董　事,郭展豪
115法登他000639,17,董　事,林啓滄
115法登他000639,18,監察人,吳姿蓉
115法登他000639,19,董　事,謝政佐
115法登他000639,20,董　事,余俊明
115法登他000639,21,董　事,呂昱姮
115法登他000640,1,理　事,林陸堯
115法登他000640,2,常務理事,孟令功
115法登他000640,3,常務理事,孫婉融
115法登他000640,4,常務監事,黃成校
115法登他000640,5,理　事,林世庭
115法登他000640,6,理　事,徐承邦
115法登他000640,7,理　事,吳明威
115法登他000640,8,理事長,林思安
115法登他000640,9,監　事,王家存
115法登他000640,10,理　事,李逸峯
115法登他000640,11,理　事,李忠翰
115法登他000640,12,監　事,蔡桂姍
115法登他000641,1,董事長,邱昌其
115法登他000641,2,董　事,何佩芬
115法登他000641,3,董　事,邱昌宜
115法登他000641,4,董　事,邱彥鈞
115法登他000641,5,董　事,陳中和
115法登他000641,6,董　事,劉偉業
115法登他000641,7,董　事,黃淳亮
115法登他000641,8,董　事,吳淑如
115法登他000641,9,董　事,廖振德
115法登他000642,1,理事長,高俊雄
115法登他000642,2,副理事長,方希聖
115法登他000642,3,副理事長,陳淑娉
115法登他000642,4,副理事長,王千珮
115法登他000642,5,常務理事,王重凱
115法登他000642,6,理　事,蘇秋色
115法登他000642,7,理　事,趙秀娟
115法登他000642,8,理　事,謝源一
115法登他000642,9,理　事,吳國本
115法登他000642,10,理　事,趙大深
115法登他000642,11,理　事,劉宗澧
115法登他000642,12,理　事,曹雲傑
115法登他000642,13,理　事,黃明侃
115法登他000642,14,理　事,陳和順
115法登他000642,15,理　事,胡素華
115法登他000642,16,理　事,洪明郁
115法登他000642,17,監　事,戰淑芬
115法登他000642,18,監事長,鄭添原
115法登他000642,19,監　事,陳俊尹
115法登他000642,20,監　事,楊政達
115法登他000642,21,監　事,賴國津
115法登他000642,22,理　事,林俊智
115法登他000643,1,董事長,羅友三
115法登他000643,2,董　事,鄭欽明
115法登他000643,3,董　事,余俊彥
115法登他000643,4,董　事,林宏遠
115法登他000643,5,董　事,林震岩
115法登他000643,6,董　事,陳振遠
115法登他000643,7,董　事,陳豊明
115法登他000644,1,董事長,夏惠汶
115法登他000644,3,董　事,陳令虔
115法登他000644,5,董　事,成天明
115法登他000644,7,董　事,"SHANE CHENEY WANG"
115法登他000644,8,董　事,林立信
115法登他000644,9,董　事,陳泗滄
115法登他000644,10,董　事,黃大倫
115法登他000644,11,監察人,劉正雄
115法登他000644,12,董　事,彭俊燊
115法登他000644,13,董　事,黃天平
115法登他000645,1,董事長,宗志媛
115法登他000645,2,董　事,楊　杰
115法登他000645,3,董　事,曾怡綺
115法登他000645,4,董　事,姚　謙
115法登他000645,5,董　事,陳昱潔
115法登他000646,1,董事長,蘇添財
115法登他000646,2,董　事,王廷俊
115法登他000646,5,董　事,詹俊彥
115法登他000646,6,董　事,林松雄
115法登他000646,7,董　事,許有良
115法登他000646,8,董　事,蘇月娥
115法登他000646,14,董　事,陳柏序
115法登他000646,15,董　事,陳淑玲
115法登他000646,16,監察人,薛雅倩
115法登他000646,17,監察人,許程晏
115法登他000646,18,監察人,鄭若妤
115法登他000646,20,董　事,馬豫芳
115法登他000647,1,董事長,應思漢
115法登他000647,2,董　事,陳佩蓓
115法登他000647,3,董　事,應思敏
115法登他000647,4,董　事,謝楠楨
115法登他000647,5,董　事,王　浩
115法登他000647,6,董　事,王麗靜
115法登他000647,7,董　事,馬述壯
115法登他000647,8,董　事,樊芳銘
115法登他000647,9,董　事,黃清淵
115法登他000648,1,理事長,陳曉峯
115法登他000648,2,常務理事,陳元川
115法登他000648,3,理　事,張添福
115法登他000648,4,監　事,李宗霖
115法登他000648,5,理　事,蔡曜陽
115法登他000648,6,理　事,王啟誠
115法登他000648,7,常務監事,鄭念國
115法登他000648,8,監　事,呂清源
115法登他000648,9,理　事,吳靜宜
115法登他000648,10,理　事,李名駿
115法登他000648,11,監　事,謝明泰
115法登他000648,12,理　事,梁書瑄
115法登他000648,13,理　事,莊紘勝
115法登他000648,14,常務理事,周添發
115法登他000648,15,理　事,葉士豪
115法登他000648,16,常務理事,張健文
115法登他000648,17,理　事,韓慶錩
115法登他000648,18,常務理事,林達山
115法登他000648,19,理　事,藍炯程
115法登他000648,20,監　事,曹永聖
115法登他000649,1,理　事,林志善
115法登他000649,2,理事長,劉明宗
115法登他000649,3,常務理事,黃慶淵
115法登他000649,4,理　事,蔡志益
115法登他000649,5,副理事長,余炳盛
115法登他000649,6,常務理事,向性一
115法登他000649,7,理　事,楊秉霖
115法登他000649,8,常務監事,陳逸偵
115法登他000649,9,理　事,莊東杰
115法登他000649,10,常務理事,王俊傑
115法登他000649,11,理　事,吳玉娟
115法登他000649,12,理　事,劉雅瑄
115法登他000649,13,常務理事,李奕亨
115法登他000649,14,理　事,李韋暤
115法登他000649,15,理　事,曹　申
115法登他000649,16,監　事,翁榮南
115法登他000649,17,理　事,馬楷崴
115法登他000649,18,理　事,連雙喜
115法登他000649,19,常務理事,陳貞光
115法登他000649,20,常務理事,游象麟
115法登他000649,21,理　事,陳睿遠
115法登他000649,22,理　事,林士剛
115法登他000649,23,理　事,陳松春
115法登他000649,24,常務理事,曾永森
115法登他000649,25,監　事,顏怡文
115法登他000649,26,理　事,謝秉志
115法登他000649,27,監　事,羅光孏
115法登他000649,28,監　事,唐自標
115法登他000649,29,監　事,王　中
115法登他000649,30,理　事,李勝偉
115法登他000649,31,監　事,汪世輝
115法登他000649,32,理　事,劉志仁
115法登他000649,33,理　事,陳文豪
115法登他000649,34,理　事,田志明
115法登他000650,1,監　事,周珮婷
115法登他000650,2,理　事,陸　宜
115法登他000650,3,監　事,劉瑞芝
115法登他000650,4,理　事,田祚貞
115法登他000650,5,常務理事,吳惠瑜
115法登他000650,6,理　事,張紹琦
115法登他000650,7,常務監事,陳孟蘭
115法登他000650,8,理　事,吳宗德
115法登他000650,9,理　事,林雨涵
115法登他000650,10,理事長,陳義秋
115法登他000650,11,常務理事,林俊宏
115法登他000650,12,理　事,楊慧怡
115法登他000651,1,董　事,林明鏘
115法登他000651,2,董　事,陳清秀
115法登他000651,3,董　事,邵允鍾
115法登他000651,4,董　事,林永頌
115法登他000651,5,董　事,張文貞
115法登他000651,6,董　事,蘇慧婕
115法登他000651,7,董　事,林石根
115法登他000651,8,董　事,林合民
115法登他000651,9,董事長,孫迺翊
115法登他000652,10,監　事,廖惠珠
115法登他000652,11,理　事,林冠志
115法登他000652,12,理事長,劉克宜
115法登他000652,13,理　事,凌振宇
115法登他000652,14,常務監事,周佑達
115法登他000652,15,監　事,白鈞銘
115法登他000652,16,副理事長,馬君廷
115法登他000652,17,理　事,廖憶慈
115法登他000652,18,理　事,陳謙慧
115法登他000652,19,理　事,曾偉倫
115法登他000652,20,理　事,陳晉昌
115法登他000652,21,理　事,陳俊宏
115法登他000652,22,副理事長,黃煌達
115法登他000652,23,副理事長,黃崇益
115法登他000652,24,理　事,楊素芳
115法登他000652,25,監　事,廖蕙君
115法登他000652,26,副理事長,洪佑伶
115法登他000652,27,監　事,陳光慧
115法登他000652,28,理　事,曾國禓
115法登他000652,29,理　事,涂愷峰
115法登他000653,1,董　事,蔡維哲
115法登他000653,2,董　事,王麗惠
115法登他000653,3,董　事,曾妙慧
115法登他000653,4,監察人,高啓仁
115法登他000653,5,董　事,鄭明慧
115法登他000653,7,董　事,林志憲
115法登他000653,9,董　事,羅俊瑋
115法登他000653,10,董　事,陳昌正
115法登他000653,11,董　事,陳慧遊
115法登他000653,12,董　事,賴榮崇
115法登他000653,13,董事長,石百達
115法登他000653,14,董　事,李淑華
115法登他000654,1,理事長,"文誼HILDT VINCENT TENZANG"
115法登他000654,2,理　事,張依潔
115法登他000654,3,常務理事,郭冠顯
115法登他000654,4,常務理事,鄭凱元
115法登他000654,5,理　事,何香君
115法登他000654,6,理　事,游欣慧
115法登他000654,7,理　事,徐選彋
115法登他000654,8,理　事,張婷茹
115法登他000654,9,理　事,孫可書
115法登他000654,10,常務監事,游芳儀
115法登他000654,11,監　事,宗格桑
115法登他000654,12,監　事,張愉旋
115法登他000655,1,董　事,周維信
115法登他000655,5,監察人,劉大坤
115法登他000655,6,董　事,許晉珮
115法登他000655,8,董　事,江建材
115法登他000655,15,董　事,蕭文寬
115法登他000655,16,董　事,許凱勛
115法登他000655,17,副董事長,盧正皓
115法登他000655,18,董　事,黃永富
115法登他000655,19,董　事,張惠珍
115法登他000655,20,董　事,鄭光暉
115法登他000655,21,董　事,袁榮燦
115法登他000655,22,董　事,周哲銳
115法登他000655,23,董　事,游松翰
115法登他000655,24,董　事,許晴智
115法登他000655,25,董　事,顧婉馨
115法登他000655,26,董事長,范千惠
115法登他000655,27,監察人,陳冠傑
115法登他000655,28,監察人,王家雯
115法登他000656,1,理　事,余建畿
115法登他000656,2,理事長,吳岳峰
115法登他000656,3,副理事長,戴興鉦
115法登他000656,4,理　事,駱文淵
115法登他000656,5,副理事長,楊松山
115法登他000656,6,副理事長,李建成
115法登他000656,7,常務監事,郭錦蓉
115法登他000656,8,理　事,羅瑞玉
115法登他000656,9,理　事,莊舜智
115法登他000656,10,理　事,黎耀惇
115法登他000656,11,理　事,王淑芬
115法登他000656,12,理　事,戴佐梅
115法登他000656,13,理　事,陳怡安
115法登他000656,14,副理事長,蘇昭雄
115法登他000656,15,監　事,蕭淑貞
115法登他000656,16,監　事,詹佳樺
115法登他000656,17,理　事,徐嘉欣
115法登他000656,18,理　事,劉克宜
115法登他000656,19,監　事,林煥龍
115法登他000656,20,監　事,蘇允中
115法登他000657,1,理　事,沈馥馥
115法登他000657,2,理事長,郭宗霖
115法登他000657,3,常務理事,黃奕誠
115法登他000657,4,監　事,陳珮瑛
115法登他000657,5,副理事長,張明仁
115法登他000657,6,副理事長,王恩國
115法登他000657,7,理　事,林男和
115法登他000657,8,理　事,張真卿
115法登他000657,9,理　事,趙元祥
115法登他000657,10,監　事,鄭可人
115法登他000657,11,副理事長,簡世雄
115法登他000657,12,理　事,張登溪
115法登他000657,13,理　事,許碧雲
115法登他000657,14,理　事,黃英記
115法登他000657,15,理　事,張妍婷
115法登他000657,16,理　事,洪健凱
115法登他000657,17,監　事,葉文燦
115法登他000657,18,理　事,姚文鈞
115法登他000657,19,常務監事,涂蕙蘭
115法登他000657,20,監　事,萬心寧
115法登他000658,1,董事長,蔡林雪瑩
115法登他000658,2,董　事,郭家綸
115法登他000658,3,董　事,王琪儀
115法登他000658,4,董　事,孫臻芳
115法登他000658,5,董　事,張淑惠
115法登他000659,1,董事長,蔡明忠
115法登他000659,2,董　事,蔡祈岩
115法登他000659,3,董　事,蔡明興
115法登他000659,4,董　事,揭朝華
115法登他000659,5,董　事,林之晨
115法登他000659,6,董　事,林東閔
115法登他000659,7,董　事,詹兆源
115法登他000659,8,董　事,朱曉幸
115法登他000659,9,董　事,張家麒
115法登他000660,1,理　事,胡德琦
115法登他000660,2,理　事,張宏尉
115法登他000660,3,理　事,王書貞
115法登他000660,4,副理事長,張瑋珊
115法登他000660,5,理　事,許佳鳴
115法登他000660,6,理　事,楊振甫
115法登他000660,7,理事長,簡秀芬
115法登他000660,8,常務監事,唐蓓莉
115法登他000660,9,理　事,徐佩琳
115法登他000660,10,監　事,林哲宇
115法登他000660,11,監　事,黃安美
115法登他000660,12,副理事長,謝煥麒
115法登他000661,1,董　事,王姚月
115法登他000661,2,董　事,湯榮清
115法登他000661,3,常務董事,黃美蓮
115法登他000661,4,董　事,郭秋英
115法登他000661,5,監察人,方淑慧
115法登他000661,6,監察人,林志保
115法登他000661,7,董事長,王耀庭
115法登他000661,8,董　事,盧景煌
115法登他000661,9,常務董事,楊志清
115法登他000661,10,董　事,楊美媛
115法登他000661,11,常務董事,許永輝
115法登他000661,12,董　事,鄒宇新
115法登他000661,13,董　事,余文裕
115法登他000661,14,常務監察人,張尚鈞
115法登他000661,15,董　事,黃凱苹
115法登他000661,16,常務董事,翁文仁
115法登他000662,1,理事長,吳怡農
115法登他000662,2,常務理事,劉璐娜
115法登他000662,3,常務理事,王詩情
115法登他000662,4,理　事,蕭伶玲
115法登他000662,5,理　事,楊盛安
115法登他000662,6,理　事,周映璇
115法登他000662,7,理　事,劉昭祥
115法登他000662,8,理　事,郭又菁
115法登他000662,9,理　事,黃尚卿
115法登他000662,10,監　事,郭秉賢
115法登他000662,11,監　事,洪宜良
115法登他000662,12,常務監事,王詩穎
115法登他000663,1,董事長,陳麗芬
115法登他000663,3,董　事,蔡鈴蘭
115法登他000663,4,董　事,潘榮春
115法登他000663,5,董　事,黃善教
115法登他000663,6,董　事,黃綉婷
115法登他000664,1,常務董事,蕭善言
115法登他000664,2,常務董事,李姸慧
115法登他000664,3,監察人,王慶宗
115法登他000664,4,常務董事,周正山
115法登他000664,5,常務董事,劉瑞媛
115法登他000664,6,董　事,游凱全
115法登他000664,7,董　事,林明怡
115法登他000664,10,常務監察人,簡信惠
115法登他000664,11,董事長,侯立洋
115法登他000664,13,監察人,詹德恩
115法登他000664,14,董　事,陳逸琳
115法登他000664,15,董　事,王桂蘭
115法登他000665,1,董事長,黃昭興
115法登他000665,2,董　事,李欣潔
115法登他000665,3,董　事,莊淑容
115法登他000665,4,董　事,涂泉明
115法登他000665,5,董　事,徐煇妃
115法登他000665,6,監察人,陳俊宏
115法登他000665,7,董　事,黃淑蕙
115法登他000665,8,董　事,張永成
115法登他000665,9,董　事,王慧珍
115法登他000665,10,董　事,湯惟真
115法登他000665,13,董　事,張素貞
115法登他000665,16,常務監察人,黃新達
115法登他000665,18,監察人,張秀琪
115法登他000665,20,董　事,黃勝泉
115法登他000665,21,董　事,李佳澤
115法登他000665,22,董　事,洪伯達
115法登他000666,1,董　事,孫亞棣
115法登他000666,2,董　事,劉綺思
115法登他000666,3,董事長,劉介宇
115法登他000666,4,董　事,梁若文
115法登他000666,5,董　事,陸福克
115法登他000666,6,董　事,陸以明
115法登他000666,7,董　事,任禮恩
115法登他000666,8,董　事,張志君
115法登他000666,9,董　事,夏德霖
115法登他000666,10,董　事,王紹裘
115法登他000666,11,董　事,楊恩典
115法登他000667,1,董　事,楊維貞
115法登他000667,2,董　事,謝進賢
115法登他000667,3,董事長,沈妘玫
115法登他000667,4,董　事,黃治峯
115法登他000667,5,董　事,柯承恩
115法登他000668,1,理事長,翁逸豪
115法登他000668,2,監　事,刁茂盟
115法登他000668,3,理　事,李坤峰
115法登他000668,4,常務監事,陳銘仁
115法登他000668,5,監　事,郭亮增
115法登他000668,6,理　事,吳承誌
115法登他000668,7,理　事,翁紹恩
115法登他000668,8,理　事,陳田育
115法登他000668,9,理　事,陳可欣
115法登他000668,10,理　事,李宜恭
115法登他000668,11,理　事,葉美玲
115法登他000668,12,常務理事,陳琦華
115法登他000668,13,常務理事,蔡榮美
115法登他000668,14,常務理事,蔡明劭
115法登他000668,15,監　事,李玲玲
115法登他000668,16,理　事,劉俞旻
115法登他000668,17,監　事,林皇伸
115法登他000668,18,理　事,林月娥
115法登他000668,19,常務理事,李君儀
115法登他000668,20,理　事,侯文萱
115法登他000668,21,理　事,穆淑琪
115法登他000668,22,理　事,廖健安
115法登他000669,2,董　事,蘇國垚
115法登他000669,3,董　事,李　綱
115法登他000669,4,董　事,黃志元
115法登他000669,5,董　事,林文淵
115法登他000669,6,董　事,楊承翰
115法登他000669,7,董　事,鍾永豐
115法登他000669,8,董　事,陳玉秀
115法登他000669,9,監察人,許永議
115法登他000669,10,監察人,張政美
115法登他000669,11,監察人,王自軍
115法登他000669,12,董　事,李武強
115法登他000669,13,董事長,葉菊蘭
115法登他000669,14,董　事,吳延君
115法登他000669,15,董　事,蔡滄波
115法登他000670,1,董　事,邱義智
115法登他000670,2,董　事,高國倫
115法登他000670,3,董事長,王文華
115法登他000670,10,董　事,林明貴
115法登他000670,14,董　事,楊松田
115法登他000670,15,董　事,黃坤和
115法登他000670,16,董　事,李宗亮
115法登他000670,17,董　事,李阿利
115法登他000670,18,董　事,吳龍山
115法登他000670,19,董　事,王錦鐘
115法登他000670,20,董　事,吳文賢
115法登他000670,21,董　事,徐松芳
115法登他000670,22,董　事,魏早炯
115法登他000670,23,董　事,侯崇博
115法登他000670,24,董　事,張國振
115法登他000670,25,董　事,簡慶郎
115法登他000670,26,董　事,紀男昌
115法登他000670,27,董　事,蔡皆悅
115法登他000670,28,董　事,林美智
115法登他000670,29,董　事,陳藝昕
115法登他000670,30,董　事,柯盛洋
115法登他000671,1,理事長,王友華
115法登他000671,2,理　事,陳文哲
115法登他000671,3,監　事,翟厚翔
115法登他000671,4,監　事,黃柏翰
115法登他000671,5,理　事,張苡庭
115法登他000671,6,理　事,王朝弘
115法登他000671,7,理　事,郎怡囡
115法登他000671,8,理　事,郭礎源
115法登他000671,9,理　事,粘洋溢
115法登他000671,10,理　事,楊璦芳
115法登他000671,11,理　事,謝恆恩
115法登他000671,12,常務監事,劉瑜楷
115法登他000672,1,董事長,張昱國
115法登他000672,2,董　事,楊敦興
115法登他000672,3,董　事,孟　天
115法登他000672,4,董　事,胡昌豪
115法登他000672,5,董　事,莊為程
115法登他000673,1,理　事,林佳君
115法登他000673,2,理　事,林秀倩
115法登他000673,3,理事長,劉宗翰
115法登他000673,4,常務理事,戴心怡
115法登他000673,5,理　事,吳珮琪
115法登他000673,6,理　事,陳慧宜
115法登他000673,7,常務監事,呂燕智
115法登他000673,8,常務理事,賴靜儀
115法登他000673,9,理　事,駱雀屏
115法登他000673,10,監　事,黃依婷
115法登他000673,11,監　事,方之祈
115法登他000673,12,理　事,劉佳婷
115法登他000674,1,董　事,尹玉麗
115法登他000674,3,董　事,楊瑞琴
115法登他000674,4,董　事,李柏蒼
115法登他000674,5,董　事,賴祈助
115法登他000674,6,董　事,王繼華
115法登他000674,7,董　事,王素華
115法登他000674,8,董事長,顧希珍
115法登他000674,9,董　事,王淑惠
115法登他000674,10,董　事,劉莉玲
115法登他000674,11,董　事,施源卿
115法登他000674,12,董　事,許傳忠
115法登他000674,13,董　事,王春娥
115法登他000674,14,董　事,劉鴻毅
115法登他000674,15,監察人,李坤興
115法登他000675,1,副董事長,陳韋迪
115法登他000675,2,董　事,王國安
115法登他000675,3,董　事,林祖嘉
115法登他000675,4,董　事,李建榮
115法登他000675,5,董　事,林俊宏
115法登他000675,6,董　事,徐德馨
115法登他000675,7,董　事,涂明慧
115法登他000675,8,董　事,張平沼
115法登他000675,9,董　事,張賢銘
115法登他000675,10,監察人,陳冠如
115法登他000675,11,監察人,陳振豐
115法登他000675,12,監察人,游瑞德
115法登他000675,13,董　事,黃秋陽
115法登他000675,14,監察人,雷祖綱
115法登他000675,15,董　事,潘常雄
115法登他000675,16,董　事,鄭金鎮
115法登他000675,17,董　事,謝明凱
115法登他000675,18,董　事,謝清福
115法登他000675,19,董　事,蘭梁筱娟
115法登他000675,20,董　事,郭姿蘭
115法登他000675,21,董事長,林中森
115法登他000675,22,董　事,朱　甌
115法登他000675,23,董　事,周繼祥
115法登他000675,24,董　事,蕭家淇
115法登他000675,25,董　事,邱素蘭
115法登他000675,26,副董事長,吳清基
115法登他000675,27,監察人,李茂春
115法登他000675,28,董　事,曾勇夫
115法登他000676,1,常務理事,楊式光
115法登他000676,2,常務理事,王正一
115法登他000676,3,理　事,于蕙華
115法登他000676,4,理事長,林姮均
115法登他000676,5,理　事,戴維柔
115法登他000676,6,理　事,許淑媛
115法登他000676,7,理　事,陳志遠
115法登他000676,8,理　事,陳心怡
115法登他000676,9,理　事,汪鷹夆
115法登他000676,10,常務監事,許自齊
115法登他000676,11,監　事,喬俊偉
115法登他000676,12,監　事,吳聖中
115法登他000677,1,理　事,賀一平
115法登他000677,2,理　事,趙國慶
115法登他000677,3,理　事,劉達嶺
115法登他000677,4,理事長,吳曼英
115法登他000677,5,理　事,奚達人
115法登他000677,6,理　事,范政隆
115法登他000677,7,理　事,張再平
115法登他000677,8,常務理事,張台立
115法登他000677,9,監　事,曹春秀
115法登他000677,10,常務監事,吳安祥
115法登他000677,11,理　事,陳國屏
115法登他000677,12,理　事,承競舫
115法登他000677,13,理　事,楊惠文
115法登他000677,14,常務理事,王　剛
115法登他000677,15,理　事,吳曉秋
115法登他000677,16,監　事,夏肇平
115法登他000678,1,理事長,許逸臻
115法登他000678,2,常務理事,黃意鈞
115法登他000678,3,監　事,葉碩暉
115法登他000678,4,理　事,宋豪軒
115法登他000678,5,常務理事,張桂芬
115法登他000678,6,理　事,蔡淑芳
115法登他000678,7,理　事,費樂理
115法登他000678,8,理　事,林依瑋
115法登他000678,9,理　事,鐘琮貿
115法登他000678,10,監　事,陳姝娟
115法登他000678,11,常務監事,蔡梅萍
115法登他000678,12,理　事,薛碧雯
115法登他000679,1,董　事,蔡翔馨
115法登他000679,2,董　事,莊順裕
115法登他000679,3,董　事,張仁和
115法登他000679,8,董事長,李明賢
115法登他000679,9,董　事,陳萬祥
115法登他000679,10,董　事,林朝祥
115法登他000679,11,董　事,吳建興
115法登他000679,12,董　事,蔡宜芳
115法登他000679,13,董　事,周冠成
115法登他000680,1,理　事,任朂龍
115法登他000680,2,理　事,宋思賢
115法登他000680,3,監　事,許榮城
115法登他000680,4,理　事,方修御
115法登他000680,5,理　事,王怡智
115法登他000680,6,理　事,林茂欣
115法登他000680,7,監　事,詹世鴻
115法登他000680,8,常務理事,蔡政廷
115法登他000680,9,監　事,陳俊吉
115法登他000680,10,理事長,張其任
115法登他000680,11,監　事,曹殿萍
115法登他000680,12,理　事,李政翰
115法登他000680,13,常務理事,黃啓宏
115法登他000680,14,理　事,夏建勳
115法登他000680,15,理　事,吳承學
115法登他000680,16,理　事,陳郁志
115法登他000680,17,理　事,顧博明
115法登他000680,18,理　事,林俊呈
115法登他000680,19,常務監事,王光德
115法登他000680,20,理　事,邱正安
115法登他000680,21,理　事,王宇澄
115法登他000680,22,理　事,蘇峻弘
115法登他000680,23,理　事,蔡宗能
115法登他000680,24,理　事,葉仲軒
115法登他000680,25,理　事,黃建龍
115法登他000680,26,監　事,施俊明
115法登他000680,27,理　事,黃玄禮
115法登他000680,28,理　事,郭風裕
115法登他000680,29,理　事,曹承榮
115法登他000680,30,監　事,盧澤民
115法登他000681,1,常務理事,王淑俐
115法登他000681,2,理事長,胡興梅
115法登他000681,3,理　事,何柏呈
115法登他000681,4,常務理事,王悅賢
115法登他000681,5,常務理事,劉　濱
115法登他000681,6,監　事,郭稟翰
115法登他000681,7,理　事,宋瓊華
115法登他000681,8,理　事,吳明宗
115法登他000681,9,理　事,李美宜
115法登他000681,10,監　事,鄭麗蘭
115法登他000681,11,常務理事,陳純適
115法登他000681,12,理　事,黃俊翰
115法登他000681,13,理　事,盛翠穎
115法登他000681,14,理　事,莊晨鴻
115法登他000681,15,理　事,張　康
115法登他000681,16,理　事,盛于誠
115法登他000681,17,理　事,王淑慧
115法登他000681,18,監　事,簡崇元
115法登他000681,19,常務監事,葉俊士
115法登他000681,20,監　事,李翠齡
115法登他000684,1,理　事,薛珍華
115法登他000684,2,常務理事,馮靜如
115法登他000684,3,常務理事,侯禮仁
115法登他000684,4,理　事,葉君婷
115法登他000684,5,理　事,林志郎
115法登他000684,6,理事長,曾本茹
115法登他000684,7,理　事,廖碧媚
115法登他000684,8,理　事,楊麗香
115法登他000684,9,理　事,吳進財
115法登他000684,10,常務監事,王定宇
115法登他000684,11,監　事,蘇麗芳
115法登他000684,12,監　事,盧維武
115法登他000685,1,董　事,潘小雪
115法登他000685,2,董　事,鄧美容
115法登他000685,3,董　事,陳學毅
115法登他000685,4,董　事,廖仁義
115法登他000685,6,監察人,邱大環
115法登他000685,7,監察人,梁孫傑
115法登他000685,8,董　事,賴守正
115法登他000685,10,董　事,劉以德
115法登他000685,11,董　事,賴嘉玲
115法登他000685,12,董　事,楊淑娟
115法登他000685,13,董　事,陳淑華
115法登他000685,15,董事長,宋曜廷
115法登他000685,16,監察人,梁　蓉
115法登他000685,17,董　事,劉惠芝
115法登他000686,1,常務理事,李志偉
115法登他000686,2,常務理事,楊荊生
115法登他000686,3,理　事,陳瑞香
115法登他000686,4,理　事,邱德荃
115法登他000686,5,理　事,陶恩惠
115法登他000686,6,理　事,方蘇淑真
115法登他000686,7,理　事,劉秀雲
115法登他000686,8,監　事,張玉芬
115法登他000686,9,理　事,王秀梅
115法登他000686,10,監　事,莊秀春
115法登他000686,11,常務監事,陳　芸
115法登他000686,12,理事長,李愛蓮
115法登他000687,1,董事長,陳昱凱
115法登他000687,2,監察人,廖昭銘
115法登他000687,3,董　事,陳德為
115法登他000687,4,董　事,黃翠娟
115法登他000687,5,董　事,蔡佩芳
115法登他000687,6,董　事,方淑慧
115法登他000687,7,董　事,顧同慧
115法登他000687,8,監察人,呂正欣
115法登他000687,9,董　事,陳俊榮
115法登他000687,10,董　事,謝佳娟
115法登他000687,11,監察人,劉玉蘭
115法登他000687,12,董　事,黃旭暉
115法登他000688,1,常務理事,賴錦皇
115法登他000688,2,理　事,李佩珍
115法登他000688,3,監　事,邱弘毅
115法登他000688,4,監　事,陳為堅
115法登他000688,5,理　事,黃翰斌
115法登他000688,6,理　事,尹立銘
115法登他000688,7,理　事,王姿乃
115法登他000688,8,理　事,呂宗學
115法登他000688,9,理　事,白其卉
115法登他000688,10,常務理事,李中一
115法登他000688,11,理　事,林先和
115法登他000688,12,常務理事,陳培詩
115法登他000688,13,理　事,郭柏秀
115法登他000688,14,理　事,高森永
115法登他000688,15,理　事,郭憲文
115法登他000688,16,理事長,楊俊毓
115法登他000688,17,監　事,鄭守夏
115法登他000688,18,理　事,吳章甫
115法登他000688,19,理　事,鄭雅文
115法登他000688,20,常務理事,陳怡樺
115法登他000688,21,理　事,趙　馨
115法登他000688,22,常務監事,陳保中
115法登他000688,23,監　事,李玉春
115法登他000688,24,理　事,廖勇柏
115法登他000688,25,理　事,胡淑貞
115法登他000688,26,理　事,蘇遂龍
115法登他000689,1,董事長,顧駿基
115法登他000689,2,董　事,陳小慧
115法登他000689,3,董　事,脫宗文
115法登他000689,4,董　事,郭敦蒂
115法登他000689,5,董　事,吳和蓉
115法登他000689,6,董　事,黃頎順
115法登他000689,7,董　事,李逸玫
115法登他000689,8,董　事,顧弘基
115法登他000689,9,董　事,何美頤
115法登他000690,1,理　事,張大強
115法登他000690,2,理　事,温銀霞
115法登他000690,3,理　事,蒲錫仲
115法登他000690,4,常務理事,李展中
115法登他000690,5,監　事,吳道娟
115法登他000690,6,監　事,葉乃嘉
115法登他000690,7,常務理事,黃金信
115法登他000690,8,理　事,張大裕
115法登他000690,9,理事長,潘盛京
115法登他000690,10,理　事,李友蘭
115法登他000690,11,理　事,劉素美
115法登他000690,12,理　事,潘英穗
115法登他000690,13,理　事,潘英陽
115法登他000690,14,常務監事,曾梅妹
115法登他000690,15,理　事,溫振倫
115法登他000690,16,常務理事,張偉良
115法登他000690,17,理　事,練駿宏
115法登他000690,18,常務理事,葉傑生
115法登他000691,1,董事長,胡榮財
115法登他000691,2,董　事,張念雪
115法登他000691,3,董　事,吳秋華
115法登他000691,4,董　事,劉芸娜
115法登他000691,5,董　事,蔡子平
115法登他000691,6,董　事,黃瑞璋
115法登他000691,7,董　事,王勝源
115法登他000691,8,監察人,莊正福
115法登他000692,1,常務理事,陳筠安
115法登他000692,2,理　事,陳麗寬
115法登他000692,3,理事長,葉蟬慈
115法登他000692,4,監　事,黃蓉珊
115法登他000692,5,常務監事,李珮瑜
115法登他000692,6,常務理事,柯秋桂
115法登他000692,7,理　事,莊苑榆
115法登他000692,8,理　事,謝明君
115法登他000692,9,理　事,陳育立
115法登他000692,10,理　事,陳靜怡
115法登他000692,11,理　事,鄭世儀
115法登他000692,12,監　事,李垣瑾
115法登他000693,1,董　事,彭俊亨
115法登他000693,2,董事長,王時思
115法登他000693,3,董　事,李玉玲
115法登他000693,4,董　事,王俊雄
115法登他000693,5,董　事,林　平
115法登他000693,6,董　事,顏名宏
115法登他000693,7,董　事,劉惠芝
115法登他000693,8,董　事,薛喬仁
115法登他000693,9,董　事,簡秀枝
115法登他000693,10,董　事,龔書章
115法登他000693,11,董　事,周雅菁
115法登他000693,12,常務監察人,黃時中
115法登他000693,13,監察人,邵瓊慧
115法登他000693,14,監察人,吳美芍
115法登他000693,15,董　事,江清松
115法登他000693,16,董　事,黃心健
115法登他000694,1,董事長,鄭至能
115法登他000694,2,常務董事,王圳宏
115法登他000694,4,董　事,張淑英
115法登他000694,5,監察人,王湘傑
115法登他000694,8,常務董事,吳昇翰
115法登他000694,9,常務董事,陳進生
115法登他000694,10,董　事,林茂雄
115法登他000694,11,常務監察人,康嘉芳
115法登他000694,12,董　事,林素妃
115法登他000694,13,董　事,陳怡君
115法登他000694,14,常務董事,林榮州
115法登他000694,15,董　事,吳進文
115法登他000694,16,董　事,張淑霞
115法登他000694,17,董　事,陳育瑩
115法登他000694,18,監察人,林侑正
115法登他000694,20,董　事,劉俐良
115法登他000695,1,理　事,岑慶才
115法登他000695,2,常務理事,楊書漢
115法登他000695,3,常務理事,何國鋒
115法登他000695,4,理　事,蔡恩賜
115法登他000695,5,理事長,王宗隆
115法登他000695,6,理　事,洪敏瑛
115法登他000695,7,理　事,黃中建
115法登他000695,8,理　事,楊明賢
115法登他000695,9,理　事,鄭祺民
115法登他000695,10,常務監事,林志蓮
115法登他000695,11,監　事,葛以心
115法登他000695,12,監　事,林岳峙
115法登他000696,1,董事長,陳玉秀
115法登他000696,2,董　事,林宏恩
115法登他000696,3,董　事,簡余晏
115法登他000696,4,董　事,吳朝彥
115法登他000696,5,董　事,吳盈良
115法登他000696,6,董　事,蕭景田
115法登他000696,8,董　事,李吉田
115法登他000696,9,董　事,張永成
115法登他000696,10,董　事,陳永裕
115法登他000696,11,副董事長,黃勢芳
115法登他000696,12,董　事,許晉睿
115法登他000697,1,常務理事,黃金信
115法登他000697,2,理　事,李友蘭
115法登他000697,3,常務理事,曾進發
115法登他000697,4,理事長,陳光明
115法登他000697,5,監　事,陳嘉玲
115法登他000697,6,理　事,劉素美
115法登他000697,7,理　事,杜順發
115法登他000697,8,理　事,劉玉香
115法登他000697,9,監　事,劉玉美
115法登他000697,10,常務監事,曾碧鳳
115法登他000697,11,理　事,陳嘉偉
115法登他000697,12,理　事,曾碧玉
115法登他000697,13,理　事,陳福帶
115法登他000697,14,理　事,朱　文
115法登他000698,1,董　事,洪素娥
115法登他000698,2,董　事,李黛宜
115法登他000698,3,董　事,吳杜素霞
115法登他000698,4,監　事,吳善媛
115法登他000698,5,常務董事,胡景星
115法登他000698,6,董　事,許淑媛
115法登他000698,7,董事長,詹彩琴
115法登他000698,8,董　事,劉琪亮
115法登他000698,10,董　事,藍美津
115法登他000698,16,董　事,王宜玲
115法登他000698,19,常務董事,賴琇瑜
115法登他000698,20,監　事,戴妙香
115法登他000698,21,常務董事,游美玉
115法登他000698,22,董　事,徐進聰
115法登他000698,23,董　事,李婉萍
115法登他000698,24,常務董事,邱麗秋
115法登他000698,28,常務董事,陳美䔄
115法登他000698,32,常務董事,林連素珍
115法登他000698,33,監　事,陳幼苗
115法登他000698,34,監　事,許寶秀
115法登他000698,36,常務監事,朱芳梅
115法登他000698,37,董　事,廖妙蓮
115法登他000698,38,董　事,鄭麗慧
115法登他000698,39,董　事,曾惠玲
115法登他000698,40,董　事,蔡秋女
115法登他000698,41,常務董事,莊萍如
115法登他000698,42,常務董事,蘇燕雀
115法登他000698,43,董　事,顏燕綾
115法登他000699,2,常務董事,陳何家
115法登他000699,5,常務董事,陳建東
115法登他000699,6,董事長,許績陵
115法登他000699,8,常務董事,林高德
115法登他000699,9,董　事,王定中
115法登他000699,11,常務董事,李宗孝
115法登他000699,13,董　事,馬英漢
115法登他000699,17,董　事,林裕盟
115法登他000699,18,常務董事,房茂宏
115法登他000699,24,常務董事,莊光明
115法登他000699,29,監察人,周廣齊
115法登他000699,30,董　事,王紹華
115法登他000699,31,常務董事,朱河村
115法登他000699,32,董　事,黃金財
115法登他000699,33,董　事,簡世峰
115法登他000699,34,董　事,吳宗霖
115法登他000699,35,董　事,簡士善
115法登他000699,36,監察人,柳惠千
115法登他000699,37,董　事,羅德民
115法登他000699,38,監察人,林立才
115法登他000699,39,董　事,蔡仲達
115法登他000699,41,監察人,王繼開
115法登他000699,42,常務董事,陳國華
115法登他000699,45,董　事,劉建東
115法登他000699,46,監察人,黃祺嵐
115法登他000699,47,董　事,李靖方
115法登他000699,48,董　事,莊鴻文
115法登他000699,49,董　事,洪　過
115法登他000699,50,董　事,賴廷彰
115法登他000699,51,董　事,林文皇
115法登他000701,1,理事長,洪明麗
115法登他000701,2,常務理事,呂家甄
115法登他000701,3,常務理事,呂家華
115法登他000701,4,理　事,洪清油
115法登他000701,5,理　事,呂家宏
115法登他000701,6,理　事,洪雪芳
115法登他000701,7,理　事,呂嘉玲
115法登他000701,8,理　事,劉　麗
115法登他000701,9,理　事,謝承勳
115法登他000701,10,常務監事,洪為杰
115法登他000701,11,監　事,陳延琮
115法登他000701,12,監　事,梁元昌
115法登他000702,1,常務理事,杞昭安
115法登他000702,2,理事長,何世芸
115法登他000702,3,常務理事,吳純慧
115法登他000702,4,理　事,黃靜玲
115法登他000702,5,理　事,游喻絲
115法登他000702,6,理　事,葉旭培
115法登他000702,7,理　事,李文煥
115法登他000702,8,理　事,何銘軒
115法登他000702,9,理　事,林慶仁
115法登他000702,10,理　事,林蔚荏
115法登他000702,11,理　事,張弘昌
115法登他000702,12,常務理事,莊素貞
115法登他000702,13,理　事,吳宥靚
115法登他000702,14,理　事,羅文吟
115法登他000702,15,常務理事,鄭靜瑩
115法登他000702,16,常務監事,王聖維
115法登他000702,17,監　事,邱大昕
115法登他000702,18,監　事,章雅惠
115法登他000702,19,監　事,劉貞成
115法登他000702,20,監　事,楊皓群
115法登他000703,1,董　事,李令德
115法登他000703,2,董　事,鍾文博
115法登他000703,3,董　事,桂先農
115法登他000703,4,董　事,謝瓊嬉
115法登他000703,5,董　事,周陽山
115法登他000703,7,董　事,劉俊偉
115法登他000703,8,董　事,陳聖方
115法登他000703,9,董　事,代延玉
115法登他000703,10,董　事,蕭玫玲
115法登他000703,11,董　事,彭立忠
115法登他000703,14,董　事,蘇嘉鈺
115法登他000703,16,董事長,李顯光
115法登他000703,18,董　事,李孔智
115法登他000703,19,董　事,黃萬福
115法登他000703,20,董　事,賴添錦
115法登他000703,21,董　事,張亞中
115法登他000703,22,董　事,齊光裕
115法登他000703,23,董　事,林天源
115法登他000703,24,董　事,謝政諭
115法登他000703,25,董　事,李令道
115法登他000703,26,董　事,趙鎮藩
115法登他000704,1,理事長,羅佩盈
115法登他000704,2,理　事,林中惠
115法登他000704,3,常務理事,尋歆怡
115法登他000704,4,常務理事,徐瑋婷
115法登他000704,5,理　事,張美玉
115法登他000704,6,理　事,張偉韜
115法登他000704,7,監　事,黃柏堯
115法登他000704,8,理　事,饒華琳
115法登他000704,9,理　事,陳麒如
115法登他000704,10,常務監事,謝富閔
115法登他000704,11,監　事,顏汝芳
115法登他000704,12,理　事,蔡依津
115法登他000705,1,理事長,黃筱雯
115法登他000705,2,常務理事,趙晧鈞
115法登他000705,3,常務理事,曾武祥
115法登他000705,4,理　事,曾美蓮
115法登他000705,5,理　事,林俊佑
115法登他000705,6,理　事,陳正將
115法登他000705,7,理　事,黃永富
115法登他000705,8,理　事,莊爵賓
115法登他000705,9,理　事,翁銘駿
115法登他000705,10,常務監事,劉昭汶
115法登他000705,11,監　事,曾武忠
115法登他000705,12,監　事,黄文信
115法登他000706,1,理　事,許至榮
115法登他000706,2,理　事,李素幸
115法登他000706,3,監　事,陳威伸
115法登他000706,4,理　事,許惠珍
115法登他000706,5,監　事,夏正德
115法登他000706,6,理　事,蕭培元
115法登他000706,7,理　事,蕭湘芸
115法登他000706,8,理　事,黃美絨
115法登他000706,9,副理事長,蕭文瑜
115法登他000706,10,監　事,張金猜
115法登他000706,11,副理事長,吳靜秋
115法登他000706,12,理　事,吳逸楓
115法登他000706,13,理　事,王進榮
115法登他000706,14,常務監事,李旻貞
115法登他000706,15,理　事,呂芳如
115法登他000706,16,監　事,詹心嵐
115法登他000706,17,理　事,陳美惠
115法登他000706,18,理　事,鄭姵萱
115法登他000706,19,常務理事,楊　文
115法登他000706,20,理事長,陳綺珍
115法登他000706,21,理　事,陳　仁
115法登他000706,22,理　事,温明正
115法登他000706,23,監　事,楊榮賢
115法登他000706,24,副理事長,廖芯瑩
115法登他000706,25,理　事,施靖嘉
115法登他000706,26,理　事,林姃錞
115法登他000706,27,常務理事,吳淑芸
115法登他000706,28,理　事,趙俊淵
115法登他000706,29,理　事,張嘉言
115法登他000706,30,監　事,陳大鵬
115法登他000706,31,理　事,夏智弘
115法登他000706,32,常務理事,鄭秀珠
115法登他000707,1,董　事,楊培釧
115法登他000707,2,董　事,黃　琳
115法登他000707,3,董　事,王國棟
115法登他000707,4,董　事,陳國基
115法登他000707,5,董　事,高林玉嬌
115法登他000707,6,董　事,蔡培林
115法登他000707,7,監　事,謝啓峯
115法登他000707,8,常務董事,陳錦鏜
115法登他000707,9,常務董事,曾高松
115法登他000707,11,董　事,陳引源
115法登他000707,12,董　事,黃慶輝
115法登他000707,13,監　事,王慶珠
115法登他000707,14,監　事,張源澤
115法登他000707,15,董　事,陳崑博
115法登他000707,16,董　事,高進財
115法登他000707,17,監　事,廖永震
115法登他000707,19,常務監事,陳西湖
115法登他000707,20,董事長,陳欽賜
115法登他000707,21,董　事,林佳成
115法登他000707,22,董　事,陳謝長
115法登他000708,1,理事長,陳思樺
115法登他000708,2,常務理事,陳佩穎
115法登他000708,3,常務理事,陳佩璇
115法登他000708,4,理　事,蘇朝宗
115法登他000708,5,理　事,蘇楊淑燕
115法登他000708,6,理　事,蘇家弘
115法登他000708,7,理　事,蘇品瑜
115法登他000708,8,理　事,蘇品禎
115法登他000708,9,理　事,蘇芸蓁
115法登他000708,10,常務監事,高于嵐
115法登他000708,11,監　事,陳明月
115法登他000708,12,監　事,高國耀
115法登他000709,1,"董  事",曾國生
115法登他000709,2,董事長,朱黃傑
115法登他000709,3,"董  事",紀惟明
115法登他000709,4,"董  事",干陳鑾鳳
115法登他000709,6,"董  事",周逸衡
115法登他000709,7,"董  事",林慶豐
115法登他000709,8,"董 事",朱竹元
115法登他000710,1,董　事,黃裕峰
115法登他000710,4,董　事,林正容
115法登他000710,7,董　事,曾明瑞
115法登他000710,9,董　事,陳明造
115法登他000710,13,董事長,羅英裕
115法登他000710,14,董　事,簡立賢
115法登他000710,15,董　事,蔡必焜
115法登他000710,16,董　事,黃裕銘
115法登他000710,17,董　事,郭崇志
115法登他000710,18,董　事,李孟訓
115法登他000710,19,董　事,楊坤鋒
115法登他000710,20,董　事,侯明源
115法登他000710,21,董　事,陳建德
115法登他000711,1,理　事,藍朝卿
115法登他000711,2,常務理事,郭寶英
115法登他000711,3,副理事長,陳節如
115法登他000711,4,常務理事,陳誠亮
115法登他000711,5,監　事,李育慧
115法登他000711,6,常務理事,鄭宗盛
115法登他000711,7,常務理事,林志模
115法登他000711,8,理　事,賴光蘭
115法登他000711,9,理　事,鄭昂哲
115法登他000711,10,理　事,莊國偉
115法登他000711,11,理　事,吳慧中
115法登他000711,12,監　事,卜維禮
115法登他000711,13,理　事,林明正
115法登他000711,14,理　事,郭柏峰
115法登他000711,15,理　事,廖婕汝
115法登他000711,16,理　事,王麗玉
115法登他000711,17,理　事,林維堯
115法登他000711,18,理　事,邱肯為
115法登他000711,19,理　事,張恒豪
115法登他000711,20,常務理事,劉貞鳳
115法登他000711,21,常務監事,潘同銓
115法登他000711,22,理　事,陳麗雲
115法登他000711,23,理事長,賴豐福
115法登他000711,24,理　事,林楊佳琴
115法登他000711,25,理　事,張克勝
115法登他000711,26,監　事,尹燾言
115法登他000711,27,理　事,廖坤靜
115法登他000711,28,監　事,趙自強
115法登他000711,29,理　事,黃慶祥
115法登他000711,30,監　事,王安全
115法登他000711,31,理　事,林玉琴
115法登他000711,32,監　事,林靜宜
115法登他000712,1,董　事,孫蕙蘭
115法登他000712,2,董　事,俞永康
115法登他000712,3,董　事,邱生福
115法登他000712,4,董事長,俞禮正
115法登他000712,5,董　事,徐壯華
115法登他000712,6,董　事,李美鶴
115法登他000712,7,董　事,莊政義
115法登他000712,8,董　事,林永芳
115法登他000712,9,董　事,許萬註
115法登他000712,10,監察人,黃三雄
115法登他000713,1,理事長,邱奕儒
115法登他000713,2,常務理事,"黃  騰"
115法登他000713,3,常務理事,張小玫
115法登他000713,4,常務理事,徐斯儉
115法登他000713,5,常務理事,范勝傑
115法登他000713,6,理　事,陳瑞源
115法登他000713,7,理　事,陳麗珠
115法登他000713,8,理　事,楊宗翰
115法登他000713,9,理　事,楊淑朱
115法登他000713,10,理　事,鄭美秀
115法登他000713,11,理　事,李翠娟
115法登他000713,12,理　事,趙明德
115法登他000713,13,理　事,楊幸芳
115法登他000713,14,理　事,林潔敏
115法登他000713,15,理　事,李美純
115法登他000713,16,常務監事,"BHAGAT ANIL KUMAR"
115法登他000713,17,監　事,邱奕嘉
115法登他000713,18,監　事,鄧芹珠
115法登他000713,19,監　事,劉亮伶
115法登他000713,20,監　事,陳瑞昌
115法登他000714,1,董　事,吳芳君
115法登他000714,2,董　事,周純堂
115法登他000714,3,董　事,張財源
115法登他000714,5,董　事,楊士霆
115法登他000714,8,董　事,錢秋華
115法登他000714,9,董　事,陳樹立
115法登他000714,10,董　事,鍾智文
115法登他000714,11,董　事,陳勝誥
115法登他000714,14,董　事,陳吉隆
115法登他000714,16,董　事,林肇基
115法登他000714,17,董　事,楊朝安
115法登他000714,19,董　事,林銘鐔
115法登他000714,20,董　事,蕭地域
115法登他000714,21,董　事,游永全
115法登他000714,22,董　事,鄭石強
115法登他000714,23,董事長,周淑媛
115法登他000714,24,董　事,黃國彭
115法登他000714,25,董　事,朱士家
115法登他000714,26,董　事,蔡文中
115法登他000714,27,董　事,盧壯智
115法登他000714,28,董　事,林廷祥
115法登他000715,1,理事長,范揚松
115法登他000715,2,常務理事,梁錦鵬
115法登他000715,3,常務理事,鄒長霖
115法登他000715,4,理　事,蕭　勻
115法登他000715,5,理　事,藍清水
115法登他000715,6,理　事,尹可名
115法登他000715,7,理　事,梁玫玲
115法登他000715,8,理　事,傅瑞瑩
115法登他000715,9,理　事,徐原城
115法登他000715,10,監　事,田錫娟
115法登他000715,11,常務監事,李明殷
115法登他000715,12,監　事,郭榮華
115法登他000716,1,理事長,何建華
115法登他000716,2,常務理事,張愛軍
115法登他000716,3,常務理事,黃志烽
115法登他000716,4,理　事,楊　姍
115法登他000716,5,常務理事,黃秀芳
115法登他000716,6,理　事,陳宣曈
115法登他000716,7,理　事,朱育紅
115法登他000716,8,理　事,張香桂
115法登他000716,9,理　事,杜　琳
115法登他000716,10,理　事,王　麗
115法登他000716,11,理　事,劉子琳
115法登他000716,12,常務理事,顧愛花
115法登他000716,13,理　事,陳修素
115法登他000716,14,理　事,李玉頻
115法登他000716,15,理　事,蔡尚梅
115法登他000716,16,監　事,楊玉紅
115法登他000716,17,監　事,楊志會
115法登他000716,18,常務監事,張　紅
115法登他000716,19,監　事,林楚玟
115法登他000716,20,監　事,徐鳳仙
115法登他000717,1,董事長,劉弘白
115法登他000717,2,常務董事,劉　駿
115法登他000717,3,"董  事",毛開駿
115法登他000717,4,常務董事,朱粵江
115法登他000717,5,"董  事",薛明漢
115法登他000717,6,"董  事",邱明來
115法登他000717,7,"董  事",陳易昇
115法登他000718,1,董事長,陳繼盛
115法登他000718,2,董　事,吳慎宜
115法登他000718,3,董　事,陳耀祥
115法登他000718,4,董　事,彭雪玉
115法登他000718,5,董　事,郭麗珍
115法登他000718,6,董　事,劉明鏡
115法登他000718,7,董　事,洪貴叁
115法登他000718,8,董　事,陳郁志
115法登他000718,9,董　事,陳宜君
115法登他000719,1,常務監事,余　烈
115法登他000719,2,理　事,余俊輝
115法登他000719,3,監　事,葛文斌
115法登他000719,4,常務理事,拱祥生
115法登他000719,5,理　事,杜明星
115法登他000719,6,常務理事,蔡得時
115法登他000719,7,常務理事,王炤烈
115法登他000719,8,理　事,楊名裕
115法登他000719,9,理　事,彭聰明
115法登他000719,10,監　事,戴雲發
115法登他000719,11,理　事,周建國
115法登他000719,12,理　事,謝祥樹
115法登他000719,13,理　事,黃昭琳
115法登他000719,14,監　事,王春煌
115法登他000719,15,理　事,陳元睿
115法登他000719,16,理事長,李順敏
115法登他000719,17,理　事,朱順清
115法登他000719,18,監　事,蔡東和
115法登他000719,19,常務理事,周南山
115法登他000719,20,理　事,李景亮
115法登他000720,1,監察人,蘇文龍
115法登他000720,2,董　事,周　儒
115法登他000720,3,董　事,吳秀媛
115法登他000720,4,董　事,湯忠正
115法登他000720,5,董　事,王三中
115法登他000720,6,董　事,薛秋火
115法登他000720,7,董　事,吳奕蓉
115法登他000720,8,董　事,陳譽馨
115法登他000720,11,董事長,林奕華
115法登他000720,12,董　事,吳金龍
115法登他000720,13,監察人,邱春堂
115法登他000720,14,董　事,張孟純
115法登他000720,15,董　事,鍾侑霖
115法登他000720,17,董　事,楊淑喻
115法登他000720,18,董　事,吳文德
115法登他000720,19,董　事,邱榮光
115法登他000720,20,監察人,林秀玲
115法登他000720,22,董　事,黃玫瑄
115法登他000720,23,監察人,陳明鈴
115法登他000720,24,董　事,鍾德馨
115法登他000720,25,董　事,程培嘉
115法登他000720,26,監察人,張慕貞
115法登他000721,1,董　事,吳耀典
115法登他000721,2,常務董事,陳培哲
115法登他000721,3,董　事,陳怡文
115法登他000721,4,董事長,高嘉宏
115法登他000721,5,常務董事,吳望真
115法登他000721,6,董　事,劉俊人
115法登他000721,7,董　事,蘇東弘
115法登他000722,1,監　事,林怡成
115法登他000722,2,理　事,曹皓崴
115法登他000722,3,理　事,趙國翔
115法登他000722,4,監　事,林子揚
115法登他000722,5,理　事,羅得晉
115法登他000722,6,理　事,林　葳
115法登他000722,7,理　事,黃奕崴
115法登他000722,8,理　事,林信介
115法登他000722,9,理　事,林昱任
115法登他000722,10,理　事,李明遠
115法登他000722,11,理　事,鄭翔宇
115法登他000722,12,理　事,許仕聰
115法登他000722,13,理　事,張登信
115法登他000722,14,理事長,蔡佩龍
115法登他000722,15,理　事,倪梅真
115法登他000722,16,副理事長,鄭牧民
115法登他000722,17,監事會召集人,曾士哲
115法登他000722,18,常務理事,陳英和
115法登他000722,19,理　事,盧威利
115法登他000722,20,副理事長,黃舜德
115法登他000722,21,副理事長,陳科維
115法登他000722,22,理　事,劉亭均
115法登他000722,23,理　事,林顯書
115法登他000722,24,常務理事,洪榮杰
115法登他000722,25,理　事,張豪傑
115法登他000722,26,理　事,張軍堯
115法登他000722,27,副理事長,黃紀勳
115法登他000722,28,常務理事,李曉蕙
115法登他000722,29,理　事,趙子婷
115法登他000722,30,常務監事,簡志勲
115法登他000722,31,常務監事,盧彥丞
115法登他000722,32,副理事長,郭文傑
115法登他000722,33,監　事,林建州
115法登他000722,34,監　事,黃大維
115法登他000722,35,監　事,溫育騰
115法登他000722,36,監　事,鄭聖達
115法登他000723,1,常務理事,李金卿
115法登他000723,2,理　事,江玉蓮
115法登他000723,3,理　事,陳聖宜
115法登他000723,4,監　事,何水錦
115法登他000723,5,監　事,凃麗美
115法登他000723,6,理　事,石美倫
115法登他000723,7,監　事,許美月
115法登他000723,8,理　事,林張淑芬
115法登他000723,9,理　事,宋瑞琴
115法登他000723,10,監　事,楊美金
115法登他000723,11,理　事,古若蘭
115法登他000723,12,常務監事,沈玉蓮
115法登他000723,13,理事長,黃琇鳳
115法登他000723,14,理　事,陳碧珠
115法登他000723,15,理　事,劉貴美
115法登他000723,16,常務理事,周麗華
115法登他000723,17,理　事,林美湘
115法登他000723,18,常務理事,李欣芳
115法登他000723,19,常務理事,李玉雪
115法登他000723,20,理　事,李翠雪
115法登他000724,1,董事長,李湘陵
115法登他000724,2,常務董事,陳俊宏
115法登他000724,3,董　事,譚昌文
115法登他000724,4,董　事,陳志堯
115法登他000724,5,董　事,李榮耕
115法登他000724,6,董　事,張懿欣
115法登他000724,7,董　事,陳　馨
115法登他000725,1,負責人,甘崇緯
115法登他000725,2,中央執行委員,李菁琪
115法登他000725,3,中央執行委員,楊勝豪
115法登他000725,4,中央執行委員,簡秀宸
115法登他000725,5,中央執行委員,林俊杰
115法登他000725,6,中央執行委員,吳律德
115法登他000725,7,共同召集人,王彥涵
115法登他000725,8,中央評議委員,胡嘉穎
115法登他000725,9,中央評議委員,高　諗
115法登他000725,10,中央評議委員,游子昂
115法登他000726,1,理事長,禹珮辰
115法登他000726,2,常務理事,陳盈蓁
115法登他000726,3,常務理事,陳乃嘉
115法登他000726,4,理　事,杜思誠
115法登他000726,5,理　事,彭治鏐
115法登他000726,6,理　事,黎璿萍
115法登他000726,7,理　事,鄧　傑
115法登他000726,8,理　事,陳璽尹
115法登他000726,9,理　事,賴冠宇
115法登他000726,10,監　事,林實芳
115法登他000726,11,常務監事,林義凱
115法登他000726,12,監　事,楊宜靜
115法登他000727,2,董　事,蕭煥章
115法登他000727,3,董　事,陳進財
115法登他000727,4,董　事,杜國正
115法登他000727,5,董　事,呂建德
115法登他000727,6,董　事,郭愷珶
115法登他000727,8,董　事,歐蜜．偉浪
115法登他000727,9,董　事,許舒博
115法登他000727,10,董　事,劉秋伶
115法登他000727,11,董事長,陳時中
115法登他000727,12,董　事,高緒芝
115法登他000727,13,董　事,王美蘋Akiku．Haisum
115法登他000727,14,董　事,李紹齡
115法登他000727,15,董　事,李玲玲
115法登他000727,16,董　事,蘇俊誠
115法登他000727,17,監察人,陳淑萍
115法登他000727,18,監察人,王淑儀
115法登他000727,19,董　事,廖常新
115法登他000727,20,監察人,林建志
115法登他000728,1,理　事,廖彩絹
115法登他000728,2,理　事,蔡文仁
115法登他000728,3,常務理事,黃慶輝
115法登他000728,4,理　事,彭火興
115法登他000728,5,理　事,陳素連
115法登他000728,6,理　事,劉舉弘
115法登他000728,7,理事長,陳敏雄
115法登他000728,8,理　事,張源澤
115法登他000728,9,常務理事,鄒忠志
115法登他000728,10,監事會主席,楊民賢
115法登他000728,11,監　事,周碩威
115法登他000728,12,監　事,陳墻基
115法登他000729,1,理　事,楊惠中
115法登他000729,2,監　事,任若芙
115法登他000729,3,理　事,王念慈
115法登他000729,4,理事長,邱飄逸
115法登他000729,5,理　事,蔡黃雄
115法登他000729,6,常務監事,李春暖
115法登他000729,7,理　事,鄭舒倖
115法登他000729,8,理　事,王增勇
115法登他000729,9,理　事,陳淵渝
115法登他000729,10,理　事,林瓊美
115法登他000729,11,監　事,吳偉立
115法登他000729,12,理　事,林　驥
115法登他000730,1,常務理事,盛竹玲
115法登他000730,2,常務理事,邱淑媞
115法登他000730,3,理事長,李萬吉
115法登他000730,4,理　事,許賓鄉
115法登他000730,5,理　事,趙少康
115法登他000730,6,常務理事,高俊雄
115法登他000730,7,理　事,張思敏
115法登他000730,8,理　事,蔡秀華
115法登他000730,9,理　事,周宏室
115法登他000730,10,理　事,陳叡瑜
115法登他000730,11,常務理事,項國寧
115法登他000730,12,常務理事,簡文仁
115法登他000730,13,理　事,張惠興
115法登他000730,14,理　事,何橈通
115法登他000730,15,理　事,詹鼎正
115法登他000730,16,理　事,陳俊忠
115法登他000730,17,監　事,彭上耘
115法登他000730,18,常務理事,吳淑芳
115法登他000730,19,理　事,陳秋蓉
115法登他000730,20,理　事,陳逸弘
115法登他000730,21,理　事,祝年豐
115法登他000730,22,常務監事,洪慶忠
115法登他000730,23,監　事,蕭乃彰
115法登他000730,24,監　事,周靖媛
115法登他000730,25,監　事,陳一飛
115法登他000730,26,監　事,楊濟成
115法登他000730,27,理　事,陳美滿
115法登他000730,28,監　事,陳立洋
115法登他000732,1,董事長,查重傳
115法登他000732,2,董　事,李范燕瑛
115法登他000732,4,董　事,賴鴻銘
115法登他000732,6,董　事,吳威志
115法登他000732,7,董　事,林至誠
115法登他000732,8,董　事,姚再興
115法登他000732,9,董　事,唐德明
115法登他000732,11,董　事,楊中立
115法登他000732,12,董　事,朱湘吟
115法登他000732,13,董　事,鄭德音
115法登他000732,14,董　事,蔡秋安
115法登他000732,15,董　事,高雅鈴
115法登他000732,16,董　事,林日春
115法登他000733,1,理事長,莊輝和
115法登他000733,2,監　事,江星仁
115法登他000733,3,監　事,鄭　華
115法登他000733,4,理　事,張清雲
115法登他000733,5,監　事,蔡得時
115法登他000733,6,常務理事,陳煌城
115法登他000733,7,常務理事,張明森
115法登他000733,8,理　事,林國華
115法登他000733,9,監　事,吳傳福
115法登他000733,10,理　事,陳澤修
115法登他000733,11,常務理事,王紀耕
115法登他000733,12,理　事,郭明峰
115法登他000733,13,理　事,連耀東
115法登他000733,14,常務理事,蔡水旺
115法登他000733,15,理　事,吳思宜
115法登他000733,16,理　事,章　毅
115法登他000733,17,理　事,蔡東和
115法登他000733,18,理　事,張盈智
115法登他000733,19,理　事,趙天佐
115法登他000733,20,理　事,廖益謙
115法登他000733,21,常務理事,林世堂
115法登他000733,22,常務監事,高志揚
115法登他000733,23,理　事,方耀徵
115法登他000733,24,理　事,蔡仁毅
115法登他000733,25,理　事,王大衡
115法登他000733,26,常務理事,陳木壽
115法登他000733,27,理　事,吳志強
115法登他000733,28,理　事,黃正銅
115法登他000733,29,監　事,莊國榮
115法登他000733,30,理　事,劉書竹
115法登他000733,31,監　事,徐民安
115法登他000733,32,理　事,楊松裕
115法登他000734,1,理　事,洪淳逸
115法登他000734,2,監　事,吳桂森
115法登他000734,3,理　事,吳永乾
115法登他000734,4,常務監事,吳清基
115法登他000734,5,理　事,李德維
115法登他000734,6,理　事,趙　怡
115法登他000734,7,理　事,翁宏文
115法登他000734,8,副理事長,林新欽
115法登他000734,9,理　事,游　顥
115法登他000734,10,理　事,林富男
115法登他000734,11,理　事,李永萍
115法登他000734,12,理　事,鄧桂菊
115法登他000734,13,監　事,李念祖
115法登他000734,14,理　事,沈達吉
115法登他000734,15,理　事,鄭錦洲
115法登他000734,16,理　事,朱鳳芝
115法登他000734,17,理　事,林健昌
115法登他000734,18,理　事,李棟樑
115法登他000734,19,理　事,李銘洲
115法登他000734,20,監　事,凃如肯
115法登他000734,21,理　事,莊隆昌
115法登他000734,22,理　事,周淳卿
115法登他000734,23,理事長,楊朝祥
115法登他000734,24,理　事,黃國芳
115法登他000734,25,監　事,廖學茂
115法登他000734,26,理　事,邱昌其
115法登他000734,27,理　事,黎建球
115法登他000734,28,理　事,楊煜德
115法登他000734,29,副理事長,王美只
115法登他000734,30,副理事長,劉招明
115法登他000735,1,董事長,吳麥斯
115法登他000735,2,董　事,王娟娟
115法登他000735,3,董　事,白碧玉
115法登他000735,4,董　事,吳志雄
115法登他000735,5,董　事,李飛鵬
115法登他000735,6,董　事,林孝義
115法登他000735,7,董　事,邱弘毅
115法登他000735,8,董　事,張　珩
115法登他000735,9,董　事,張高祥
115法登他000735,10,董　事,簡承盈
115法登他000735,11,董　事,陳振文
115法登他000735,12,董　事,陳珮蓉
115法登他000735,13,董　事,黃尚志
115法登他000735,14,監察人,顏宗海
115法登他000735,15,監察人,盧國城
115法登他000735,16,監察人,方基存
115法登他000735,17,監察人,吳美儀
115法登他000735,18,董　事,姜至剛
115法登他000735,19,監察人,廖清輝
115法登他000735,20,董　事,楊岳虎
115法登他000736,1,董事長,吳東進
115法登他000736,2,董　事,林伯翰
115法登他000736,3,董　事,陳彥名
115法登他000736,4,董　事,陳錦慧
115法登他000736,5,董　事,李增昌
115法登他000736,7,董　事,林文華
115法登他000736,8,董　事,簡維能
115法登他000736,11,董　事,李超儒
115法登他000736,12,董　事,林伯峰
115法登他000736,13,董　事,徐順鋆
115法登他000736,14,董　事,張日政
115法登他000737,1,董　事,江啟臣
115法登他000737,2,董　事,李乾龍
115法登他000737,3,副董事長,劉哲彰
115法登他000737,4,董　事,吳亮儀
115法登他000737,5,董事長,李德維
115法登他000737,6,董　事,楊應超
115法登他000737,7,董　事,黃奎博
115法登他000737,8,董　事,鈕則勲
115法登他000737,9,董　事,葉慶元
115法登他000737,10,董　事,徐弘庭
115法登他000737,11,董　事,梁為超
115法登他000737,12,董　事,江怡臻
115法登他000737,13,董　事,林憶君
115法登他000737,14,董　事,陳萓袨
115法登他000737,15,董　事,張峰旗
115法登他000738,1,常務監事,林陽期
115法登他000738,2,監　事,朱建光
115法登他000738,3,理　事,游文玫
115法登他000738,4,理　事,羅道蕴
115法登他000738,5,理　事,劉正彥
115法登他000738,6,理　事,陳功正
115法登他000738,7,理　事,蘇坤珍
115法登他000738,8,常務理事,朱錫五
115法登他000738,9,理　事,劉正吉
115法登他000738,10,理　事,羅承業
115法登他000738,11,監　事,林泉音
115法登他000738,12,理事長,楊冠章
115法登他000738,13,理　事,李士驊
115法登他000738,14,常務理事,邱垂章
115法登他000738,15,常務理事,林子恩
115法登他000738,16,常務理事,黃美雪
115法登他000738,17,理　事,虞蕙琪
115法登他000738,18,理　事,董　晶
115法登他000739,1,常務理事,陳　鶴
115法登他000739,2,理事長,楊明清
115法登他000739,3,常務理事,鐘政凱
115法登他000739,4,理　事,曾國維
115法登他000739,5,理　事,龍淑蕙
115法登他000739,6,理　事,馬立翰
115法登他000739,7,理　事,何佳霖
115法登他000739,8,理　事,蕭羽珊
115法登他000739,9,理　事,陳昆緯
115法登他000739,10,常務監事,黃恩浩
115法登他000739,11,監　事,陳威仁
115法登他000739,12,監　事,李子昇
115法登他000740,1,理　事,張瓊齡
115法登他000740,2,常務理事,蔡傳暉
115法登他000740,3,理　事,林雪玉
115法登他000740,4,理　事,顧忠華
115法登他000740,5,理　事,陳建志
115法登他000740,6,常務監事,鄭景隆
115法登他000740,8,理事長,何文賢
115法登他000740,11,監　事,高阿福
115法登他000740,13,理　事,王欣華
115法登他000740,15,監　事,陳淑敏
115法登他000740,18,常務理事,姚炳煊
115法登他000740,20,理　事,林忠蔚
115法登他000741,1,董事長,劉鎮鯤
115法登他000741,2,董　事,李一辰
115法登他000741,3,董　事,洪上凱
115法登他000741,4,董　事,謝岳哲
115法登他000741,5,董　事,許彥鈞
115法登他000741,6,董　事,王詩潔
115法登他000741,7,董　事,趙鈞志
115法登他000741,8,董　事,"Sébastien Tyrpak"
115法登他000741,9,董　事,"Olivier Franchi"
115法登他000742,2,副理事長,張淑芬
115法登他000742,3,理　事,李怡璇
115法登他000742,9,理事長,袁秀玲
115法登他000742,11,常務理事,趙桂琳
115法登他000742,12,理　事,李素純
115法登他000742,13,理　事,柯雅芬
115法登他000742,14,監　事,林一蘭
115法登他000742,15,常務監事,吳烈生
115法登他000742,16,監　事,施明汝
115法登他000742,17,理　事,胡雅蘋
115法登他000742,18,理　事,陳娥驥
115法登他000742,19,理　事,張瑞芳
115法登他000743,1,董事長,詹德隆
115法登他000743,2,董　事,艾立勤
115法登他000743,3,董　事,范慶靈
115法登他000743,4,董　事,丁立偉
115法登他000743,5,董　事,黃斯勝
115法登他000744,1,董　事,"Edward Andrew Ow"
115法登他000744,3,董　事,劉群茂
115法登他000744,4,董　事,張茂松
115法登他000744,7,董　事,"Thomas Andrew Chen"
115法登他000744,10,董　事,王雪紅
115法登他000744,11,董事長,歐陽家立
115法登他000744,12,董　事,楊中堅
115法登他000744,13,董　事,黎少倫
115法登他000744,14,董　事,張育達
115法登他000745,1,常務理事,張光偉
115法登他000745,2,理　事,林珮伃
115法登他000745,3,常務理事,張秋芩
115法登他000745,4,理事長,歐成予
115法登他000745,5,理　事,劉凱馨
115法登他000745,6,理　事,羅　敏
115法登他000745,7,理　事,王奕久
115法登他000745,8,理　事,吳易珊
115法登他000745,9,理　事,林俐伽
115法登他000745,10,常務監事,游尚桓
115法登他000745,11,監　事,張康利
115法登他000745,12,監　事,蔡昀恬
115法登他000746,1,董事長,李永然
115法登他000746,2,董　事,李廷鈞
115法登他000746,3,董　事,彭郁欣
115法登他000746,4,董　事,黃斐旻
115法登他000746,5,董　事,許啟龍
115法登他000746,6,董　事,陳淑芬
115法登他000746,7,董　事,陳宜鴻
115法登他000747,1,董　事,詹德隆
115法登他000747,3,董　事,謝詩祥
115法登他000747,4,董　事,丁立偉
115法登他000747,6,董　事,曲慶浩
115法登他000747,8,董　事,黃惠萍
115法登他000747,12,董　事,曾弘彬
115法登他000747,13,董事長,徐森義
115法登他000747,14,董　事,饒志成
115法登他000747,15,董　事,孫柔遠
115法登他000747,16,董　事,許美玲
115法登他000747,17,董　事,陳文良
115法登他000748,1,董　事,錢美如
115法登他000748,2,常務董事,劉靜媛
115法登他000748,4,董　事,黃遙棉
115法登他000748,5,常務董事,姜定邦
115法登他000748,7,監　事,徐睿鈴
115法登他000748,9,董　事,楊宜純
115法登他000748,10,常務董事,湯詠茹
115法登他000748,11,監　事,林秀芳
115法登他000748,12,董　事,賴何秀卿
115法登他000748,13,董　事,趙瑞萍
115法登他000748,14,常務董事,洪鄭鳳英
115法登他000748,15,董　事,呂貞瑩
115法登他000748,16,董　事,謝　純
115法登他000748,18,董　事,戴玉佩
115法登他000748,20,董事長,湯富瑞
115法登他000748,21,監　事,邱法華
115法登他000748,22,董　事,李梁雲香
115法登他000748,23,常務監事,徐霞琪
115法登他000748,24,董　事,謝淑貞
115法登他000748,25,監　事,郝元元
115法登他000749,1,董事長,李萬吉
115法登他000749,3,董　事,許牧民
115法登他000749,4,董　事,譚蕙婷
115法登他000749,6,董　事,李良娉
115法登他000749,7,董　事,黃輝鐘
115法登他000749,8,董　事,徐雅婷
115法登他000749,9,董　事,林柏任
115法登他000749,10,監察人,黃艶秋
115法登他000749,11,董　事,李和欣
115法登他000749,12,董　事,洪秀柱
115法登他000750,1,理事長,林坤正
115法登他000750,2,理　事,紀春錦
115法登他000750,3,理　事,柯勇全
115法登他000750,4,理　事,楊大德
115法登他000750,5,理　事,劉建宏
115法登他000750,6,理　事,鄭名道
115法登他000750,7,理　事,林健盛
115法登他000750,8,理　事,徐克宇
115法登他000750,9,理　事,蔡孟峯
115法登他000750,10,常務監事,林明芳
115法登他000750,11,監　事,陳富煒
115法登他000750,12,監　事,徐于喬
115法登他000751,1,董　事,陳萬祥
115法登他000751,2,董　事,詹凌菁
115法登他000751,3,董　事,利菊秀
115法登他000751,4,董　事,詹芳書
115法登他000751,6,董　事,林金樹
115法登他000751,7,董　事,蔡火炎
115法登他000751,8,董事長,黃泓智
115法登他000751,9,董　事,楊麗萍
115法登他000751,10,董　事,臧正運
115法登他000751,11,監察人,徐萃文
115法登他000751,12,監察人,黃啓瑞
115法登他000751,13,監察人,杜逸寧
115法登他000752,1,常務監察人,盧韻竹
115法登他000752,2,董　事,陳繁興
115法登他000752,3,董　事,利政南
115法登他000752,4,董　事,翁明賢
115法登他000752,5,董　事,林鴻基
115法登他000752,6,董事長,許永德
115法登他000752,7,監察人,卓播英
115法登他000752,8,董　事,陳碧芬
115法登他000752,9,董　事,林恭煌
115法登他000752,10,董　事,顏綠芬
115法登他000752,11,董　事,廖昆德
115法登他000752,12,董　事,張秀明
115法登他000752,13,董　事,黃靖雄
115法登他000752,14,監察人,楊蓓薇
115法登他000752,15,董　事,李　彌
115法登他000752,16,董　事,許永真
115法登他000752,17,董　事,吳天方
115法登他000752,18,董　事,石文傑
115法登他000753,1,董　事,謝滿憬
115法登他000753,2,董　事,廖尚文
115法登他000753,3,董　事,張心藍
115法登他000753,4,董事長,李暉暉
115法登他000753,5,董　事,楊水來
115法登他000753,6,董　事,黃英琪
115法登他000753,7,董　事,莊沛從
115法登他000753,8,董　事,黃國維
115法登他000753,9,董　事,李育桓
115法登他000753,10,董　事,蔡芸芸
115法登他000754,1,理事長,李明依
115法登他000754,2,常務理事,蔡衣如
115法登他000754,3,常務理事,龐甄嬉
115法登他000754,4,理　事,楊紹廷
115法登他000754,5,理　事,孟庭如
115法登他000754,6,理　事,袁佐材
115法登他000754,7,理　事,李威力
115法登他000754,8,理　事,曾則剛
115法登他000754,9,理　事,梁雁菁
115法登他000754,10,常務監事,高瑩倢
115法登他000754,11,監　事,趙威誌
115法登他000754,12,監　事,黃信維
115法登他000755,1,監　事,林薇莉
115法登他000755,2,常務監事,鄭南鵬
115法登他000755,3,理　事,李孟芬
115法登他000755,4,監　事,高碧月
115法登他000755,5,理　事,吳佩蓉
115法登他000755,6,理　事,陳乃綾
115法登他000755,7,理事長,林玉惠
115法登他000755,8,常務理事,許寶鶯
115法登他000755,9,理　事,陳美麗
115法登他000755,10,理　事,尤克玲
115法登他000755,13,常務理事,盧雪華
115法登他000755,14,理　事,高瑛霞
115法登他000756,1,董　事,李聰勇
115法登他000756,10,董　事,童政彰
115法登他000756,11,董　事,陶慧恆
115法登他000756,12,董　事,黃俊智
115法登他000756,13,董　事,魏啓林
115法登他000756,14,董　事,邱月琴
115法登他000756,15,董　事,董瑞斌
115法登他000756,16,董　事,麥勝剛
115法登他000756,17,董　事,凌忠嫄
115法登他000756,18,董　事,林衍茂
115法登他000756,20,監察人會主席,賴欣國
115法登他000756,22,董　事,陳思寬
115法登他000756,23,監察人,曾宛如
115法登他000756,25,董事長,雷仲達
115法登他000756,26,董　事,高一誠
115法登他000756,27,董　事,劉秀玲
115法登他000756,28,董　事,黃男州
115法登他000756,29,監察人,吳懿娟
115法登他000756,30,監察人,陳　杰
115法登他000756,31,監察人,李俊伸
115法登他000757,1,董事長,蕭新煌
115法登他000757,2,董　事,傅棟成
115法登他000757,3,董　事,楊珍妮
115法登他000757,4,董　事,葛葆萱
115法登他000757,5,董　事,甄國清
115法登他000757,6,董　事,林昭宏
115法登他000757,7,董　事,杜文珍
115法登他000757,8,董　事,劉威亷
115法登他000757,9,董　事,賴銘賢
115法登他000757,10,董　事,許宏達
115法登他000757,11,董　事,馬小惠
115法登他000757,12,監察人,王金英
115法登他000757,13,董　事,黃志芳
115法登他000757,14,常務監察人,陳唐山
115法登他000757,15,董　事,林正義
115法登他000757,16,監察人,張翰璧
115法登他000758,2,副董事長,許勝雄
115法登他000758,3,董　事,戴錦銓
115法登他000758,5,董　事,王文淵
115法登他000758,6,董　事,陳勇勝
115法登他000758,7,董　事,林靜儀
115法登他000758,8,董　事,高星潢
115法登他000758,9,董　事,朱炳昱
115法登他000758,10,董　事,李詩欽
115法登他000758,11,董　事,陳冠舟
115法登他000758,12,董　事,伍勝園
115法登他000758,13,董　事,邱復生
115法登他000758,15,董　事,簡志誠
115法登他000758,16,董　事,江文若
115法登他000758,17,董　事,吳東進
115法登他000758,18,董事長,蘇嘉全
115法登他000758,19,董　事,葛葆萱
115法登他000758,20,董　事,林明成
115法登他000758,21,董　事,莊琇媛
115法登他000758,22,董　事,杜文珍
115法登他000758,23,董　事,江俊德
115法登他000758,24,董　事,徐旭東
115法登他000758,26,董　事,林富男
115法登他000758,27,董　事,楊文慶
115法登他000758,28,董　事,張平沼
115法登他000758,29,董　事,黃　崧
115法登他000758,31,董　事,辜公怡
115法登他000758,32,董　事,蔡紹中
115法登他000758,34,董　事,許顯榮
115法登他000758,35,董　事,張忠謀
115法登他000758,36,董　事,林伯豐
115法登他000758,37,董　事,高仙桂
115法登他000758,38,董　事,黃永泰
115法登他000758,39,董　事,陳炳宇
115法登他000758,41,董　事,焦佑衡
115法登他000758,42,董　事,陳進廣
115法登他000758,44,董　事,羅智先
115法登他000758,45,董　事,蔡明忠
115法登他000758,47,董　事,張雅屏
115法登他000758,48,監　事,周成虎
115法登他000758,49,監　事,李成家
115法登他000758,50,監　事,馮　成
115法登他000758,51,董　事,蔡豐明
115法登他000758,53,監　事,李麗珍
115法登他000758,55,董　事,吳峻鋕
115法登他000758,57,董　事,黃志芳
115法登他000758,58,董　事,廖育珮
115法登他000758,59,董　事,陳明仁
115法登他000758,60,監　事,林慧瑛
115法登他000758,61,副董事長,羅文嘉
115法登他000758,62,董　事,馬士元
115法登他000758,63,董　事,嚴陳莉蓮
115法登他000758,64,董　事,劉國偉
115法登他000758,65,副董事長,梁文傑
115法登他000758,66,董　事,宋承恩
115法登他000758,67,董　事,沈有忠
115法登他000758,68,董　事,王時思
115法登他000758,69,監　事,張惇涵
115法登他000760,1,董事長,林伯庭
115法登他000760,2,董　事,鐘貫洋
115法登他000760,3,董　事,陳福昌
115法登他000760,4,董　事,程子維
115法登他000760,5,董　事,王聖凱
115法登他000760,6,監察人,林　群
115法登他000761,2,董　事,楊焜燿
115法登他000761,3,董事長,林芳寬
115法登他000761,4,董　事,謝榮坤
115法登他000761,5,董　事,陳政鴻
115法登他000761,6,董　事,林澂河
115法登他000762,1,董事長,王麗惠
115法登他000762,2,董　事,柯承恩
115法登他000762,3,董　事,林麗穗
115法登他000762,4,董　事,鄭茂雄
115法登他000762,5,董　事,李晴美
115法登他000763,1,董事長,趙爾文
115法登他000763,2,董　事,趙政寧
115法登他000763,3,董　事,樓耀中
115法登他000763,4,董　事,齊汝萱
115法登他000763,5,董　事,熊全迪
115法登他000763,6,董　事,高有志
115法登他000763,8,董　事,潘萬來
115法登他000763,9,董　事,林睿紳
115法登他000763,10,董　事,郭銓慶
115法登他000764,1,董　事,林倍宏
115法登他000764,2,董　事,徐永康
115法登他000764,3,董　事,張松鑌
115法登他000764,4,董　事,曾潔明
115法登他000764,5,董事長,張榮華
115法登他000764,6,董　事,王秀月
115法登他000764,7,董　事,羅中平
115法登他000764,8,董　事,游培倫
115法登他000764,9,董　事,陳建宏
115法登他000764,10,董　事,柯永桐
115法登他000764,11,董　事,葉護彬
115法登他000764,12,董　事,林孝俊
115法登他000764,13,董　事,鄭盛育
115法登他000764,14,董　事,劉鋒智
115法登他000764,15,董　事,莊明華
115法登他000765,1,董　事,余信達
115法登他000765,2,董　事,張松鑌
115法登他000765,4,董　事,王琪瑾
115法登他000765,5,董　事,郭思宏
115法登他000765,6,董事長,張榮華
115法登他000765,7,董　事,陳姿妤
115法登他000765,8,董　事,陳連聰
115法登他000765,9,董　事,郭金華
115法登他000765,10,董　事,楊秀環
115法登他000765,11,董　事,簡汶儒
115法登他000765,12,董　事,吳冠佑
115法登他000765,13,董　事,張藤耀
115法登他000765,14,董　事,王錦雄
115法登他000765,15,董　事,王祥兆
115法登他000765,16,董　事,吳信豪
115法登他000766,1,董事長,王泉仁
115法登他000766,3,董　事,陳秀娟
115法登他000766,4,董　事,蘇育範
115法登他000766,5,董　事,劉兆瀅
115法登他000766,6,董　事,翁美惠
115法登他000767,1,理　事,辜周靖華
115法登他000767,2,副理事長,黃志宜
115法登他000767,3,理　事,鄭怡君
115法登他000767,4,理　事,李安琪
115法登他000767,5,理　事,林佳瑾
115法登他000767,6,理　事,黃翠慧
115法登他000767,7,監　事,聶　雲
115法登他000767,8,理　事,林青蓁
115法登他000767,9,理　事,謝宜玲
115法登他000767,10,理　事,王芃之
115法登他000767,11,理　事,廖育崎
115法登他000767,12,理事長,戴芳如
115法登他000767,13,理　事,林欣蓓
115法登他000767,14,理　事,羅曉君
115法登他000767,15,常務監事,林忠立
115法登他000767,16,監　事,盧美蓮
115法登他000767,17,監　事,李慧祈
115法登他000767,18,監　事,謝宜如
115法登他000767,19,理　事,李雯雯
115法登他000767,20,常務理事,蘇昭樺
115法登他000767,21,常務理事,呂佳慧
115法登他000767,22,理　事,洪珮珮
115法登他000767,23,理　事,李正媛
115法登他000767,24,常務理事,黃閔暄
115法登他000768,1,董　事,賴銀馨
115法登他000768,2,董事長,夏超榮
115法登他000768,3,董　事,陳成明
115法登他000768,4,董　事,歐璨賓
115法登他000768,5,董　事,胡正倫
115法登他000769,1,理　事,劉葉永嬌
115法登他000769,2,常務監事,陳節如
115法登他000769,3,常務理事,陳惠玲
115法登他000769,4,理　事,黃盛炤
115法登他000769,5,常務理事,林志模
115法登他000769,6,副理事長,陳誠亮
115法登他000769,7,常務理事,曾治乾
115法登他000769,8,監　事,林碧霞
115法登他000769,9,理　事,郭俊男
115法登他000769,10,監　事,徐文豪
115法登他000769,11,常務理事,楊錦良
115法登他000769,12,理　事,陳謝雪嬌
115法登他000769,13,理　事,游麗花
115法登他000769,14,監　事,林美智
115法登他000769,15,理　事,張慧昭
115法登他000769,16,監　事,林旻慧
115法登他000769,17,理事長,李艷菁
115法登他000769,18,理　事,蕭雲祥
115法登他000769,19,理　事,王淑娥
115法登他000769,20,理　事,曾陵珍
115法登他000769,21,副理事長,葉月桂
115法登他000769,22,理　事,江憲鴻
115法登他000769,23,理　事,楊文清
115法登他000769,24,理　事,林正俠
115法登他000769,25,監　事,陳玲香
115法登他000769,26,理　事,江碧玉
115法登他000769,27,常務理事,林秀美
115法登他000769,28,理　事,莊瑞蒼
115法登他000769,29,副理事長,游錦源
115法登他000769,30,理　事,孫月霞
115法登他000769,31,監　事,吳老德
115法登他000769,32,理　事,譚子文
115法登他000769,34,理　事,楊玉娟
115法登他000769,35,理　事,李富順
115法登他000769,36,理　事,陳淑芬
115法登他000769,37,常務理事,林秀仙
115法登他000769,38,常務理事,劉貞鳳
115法登他000769,39,理　事,歐陽彥森
115法登他000769,40,監　事,陳盈宏
115法登他000769,41,理　事,鄭雅惠
115法登他000769,42,監　事,陳錳僅
115法登他000769,45,理　事,吳戊辰
115法登他000769,46,監　事,陳姵穎
115法登他000769,47,理　事,賴豐福
115法登他000769,48,理　事,莊明祥
115法登他000769,49,監　事,廖敏玲
115法登他000770,1,監　事,林碧霞
115法登他000770,2,理　事,劉葉永嬌
115法登他000770,3,常務監事,陳節如
115法登他000770,4,理　事,楊玉娟
115法登他000770,5,常務理事,曾治乾
115法登他000770,6,副理事長,陳誠亮
115法登他000770,7,理　事,歐陽彥森
115法登他000770,8,理　事,游麗花
115法登他000770,9,理　事,郭俊男
115法登他000770,10,理　事,莊明祥
115法登他000770,11,常務理事,林秀美
115法登他000770,12,理　事,張慧昭
115法登他000770,13,理　事,林正俠
115法登他000770,14,監　事,陳錳僅
115法登他000770,15,監　事,林旻慧
115法登他000770,16,常務理事,劉貞鳳
115法登他000770,17,理　事,黃盛炤
115法登他000770,18,理　事,莊瑞蒼
115法登他000770,19,理　事,蕭雲祥
115法登他000770,20,理　事,曾陵珍
115法登他000770,21,常務理事,林志模
115法登他000770,22,理　事,楊文清
115法登他000770,23,理　事,鄭雅惠
115法登他000770,24,理　事,江憲鴻
115法登他000770,25,理　事,陳謝雪嬌
115法登他000770,26,理　事,王淑娥
115法登他000770,27,理　事,江碧玉
115法登他000770,28,理　事,孫月霞
115法登他000770,29,副理事長,游錦源
115法登他000770,30,監　事,林美智
115法登他000770,31,常務理事,陳惠玲
115法登他000770,32,理　事,吳戊辰
115法登他000770,33,理　事,賴豐福
115法登他000770,34,理事長,李艷菁
115法登他000770,35,理　事,李富順
115法登他000770,36,理　事,陳淑芬
115法登他000770,37,副理事長,葉月桂
115法登他000770,38,常務理事,林秀仙
115法登他000770,39,監　事,徐文豪
115法登他000770,40,監　事,廖敏玲
115法登他000770,41,常務理事,楊錦良
115法登他000770,42,監　事,陳玲香
115法登他000770,43,監　事,陳盈宏
115法登他000770,44,監　事,吳老德
115法登他000770,45,理　事,譚子文
115法登他000770,46,監　事,陳姵穎
115法登他000771,1,董事長,曾參寶
115法登他000771,2,董　事,廖士煒
115法登他000771,3,董　事,林家弘
115法登他000771,4,董　事,曾琡芬
115法登他000771,5,董　事,吳淼文
115法登他000771,6,董　事,林伯相
115法登他000771,7,董　事,陳正忠
115法登他000771,8,董　事,吳素禎
115法登他000771,9,董　事,陳啓斌
115法登他000771,10,監察人,蔡欣諭
115法登他000771,11,監察人,何君艷
115法登他000772,1,董　事,陳秀吉
115法登他000772,2,董事長,趙又琳
115法登他000772,3,董　事,周宛瑩
115法登他000772,4,董　事,賴麗卿
115法登他000772,5,董　事,宋孟欣
115法登他000773,1,常務理事,羅伊琳
115法登他000773,2,常務理事,王代香
115法登他000773,3,理　事,陳木蘭
115法登他000773,4,理　事,廣文榮
115法登他000773,5,理　事,林佩君
115法登他000773,6,監　事,洪秀如
115法登他000773,7,理　事,馬希賢
115法登他000773,8,理事長,林世文
115法登他000773,9,理　事,柯惠美
115法登他000773,10,理　事,馮婕熒
115法登他000773,11,常務監事,石　嵩
115法登他000773,12,監　事,郭淑瓊
115法登他000774,1,理　事,侯憶亭
115法登他000774,2,監　事,劉育宏
115法登他000774,3,副理事長,吳政鴻
115法登他000774,4,常務理事,高子鈞
115法登他000774,5,常務理事,張東豪
115法登他000774,6,副理事長,魏秋富
115法登他000774,7,理　事,陳子鴻
115法登他000774,8,理　事,周子勤
115法登他000774,9,理　事,鍾典晏
115法登他000774,10,常務理事,陳又新
115法登他000774,11,理　事,蔡白井
115法登他000774,12,理　事,李佳憲
115法登他000774,13,監　事,陳宇鼎
115法登他000774,14,理　事,黄逸寧
115法登他000774,15,理　事,呂肇家
115法登他000774,16,理　事,林文源
115法登他000774,17,理　事,黃建誠
115法登他000774,18,理　事,尤浚達
115法登他000774,19,常務理事,高振坤
115法登他000774,20,理　事,邵懿文
115法登他000774,21,理　事,陳建州
115法登他000774,22,常務監事,江智偉
115法登他000774,23,理　事,郭莉穎
115法登他000774,24,監　事,蔡吉記
115法登他000774,25,理事長,魏碧芬
115法登他000774,26,監　事,黃奎隆
115法登他000776,1,理事長,張宏浩
115法登他000776,2,常務理事,柳婉郁
115法登他000776,3,常務理事,黃文琪
115法登他000776,4,常務理事,楊明憲
115法登他000776,5,常務理事,魯　真
115法登他000776,6,常務理事,簡立賢
115法登他000776,7,常務理事,闕雅文
115法登他000776,8,理　事,李俊鴻
115法登他000776,9,理　事,李昭蓉
115法登他000776,10,理　事,周百隆
115法登他000776,11,理　事,林俊昇
115法登他000776,12,理　事,張國益
115法登他000776,13,理　事,許聖章
115法登他000776,14,理　事,陳郁蕙
115法登他000776,15,理　事,陳逸潔
115法登他000776,16,理　事,陸怡蕙
115法登他000776,17,理　事,曾偉君
115法登他000776,18,理　事,黃振德
115法登他000776,19,理　事,楊奕農
115法登他000776,20,理　事,詹滿色
115法登他000776,21,理　事,雷立芬
115法登他000776,22,理　事,劉哲良
115法登他000776,23,理　事,盧永祥
115法登他000776,24,理　事,蕭堯仁
115法登他000776,25,理　事,鍾秋悅
115法登他000776,26,常務監事,許玉雪
115法登他000776,27,監　事,王鈺惠
115法登他000776,28,監　事,林幸君
115法登他000776,29,監　事,林俊男
115法登他000776,30,監　事,張嘉玲
115法登他000776,31,監　事,陳韻如
115法登他000776,32,監　事,劉育姍
115法登他000777,1,常務監察人,潘清鴻
115法登他000777,2,常務董事,陳佩利
115法登他000777,3,常務董事,李冠志
115法登他000777,4,常務董事,張嘉魁
115法登他000777,5,董事長,魏明谷
115法登他000777,7,董　事,蕭幸金
115法登他000777,9,董　事,房秀岱
115法登他000777,10,董　事,李育家
115法登他000777,12,監察人,李國忠
115法登他000777,16,董　事,李佳玲
115法登他000777,17,董　事,陳幼婉
115法登他000777,18,監察人,黃瓊慧
115法登他000777,19,監察人,陳志育
115法登他000777,21,董　事,吳騰彥
115法登他000777,22,常務董事,朱美麗
115法登他000777,24,董　事,陳家濬
115法登他000777,25,董　事,葉仁創
115法登他000777,26,監察人,楊淑卿
115法登他000778,1,董事長,黃坤陵
115法登他000778,2,董　事,黃美慧
115法登他000778,3,董　事,胡茹萍
115法登他000778,4,董　事,洪久賢
115法登他000778,5,董　事,楊敦和
115法登他000778,6,董　事,鄭桂枝
115法登他000778,7,董　事,周壽祿
115法登他000778,9,董　事,林　華
115法登他000778,10,董　事,曾炳榮
115法登他000779,1,理事長,陳寬裕
115法登他000779,2,常務理事,方淑婉
115法登他000779,3,常務理事,蘇明俊
115法登他000779,4,理　事,林穎俊
115法登他000779,5,理　事,曹莉縈
115法登他000779,6,理　事,施宗樺
115法登他000779,7,理　事,莊嘉宏
115法登他000779,8,理　事,吳德南
115法登他000779,9,監　事,李建緯
115法登他000779,10,理　事,陳治權
115法登他000779,11,常務監事,童明慧
115法登他000779,12,監　事,林育滿
115法登他000780,1,董　事,陳飛龍
115法登他000780,3,董　事,詹火生
115法登他000780,5,董　事,魏千峯
115法登他000780,6,董　事,焦興鎧
115法登他000780,7,董　事,劉士豪
115法登他000780,9,董事長,劉志鵬
115法登他000780,12,董　事,李友吉
115法登他000780,13,董　事,辛炳隆
115法登他000780,14,董　事,成之約
115法登他000781,1,常務理事,黃建益
115法登他000781,2,理　事,蔡鈞澤
115法登他000781,3,常務理事,高齊駿
115法登他000781,4,理　事,洪雅莉
115法登他000781,5,理　事,吳皇圻
115法登他000781,6,理　事,王怡雯
115法登他000781,7,理事長,楊仁豪
115法登他000781,8,理　事,侯家楷
115法登他000781,9,理　事,簡淑琦
115法登他000781,10,常務監事,葉維輝
115法登他000781,11,監　事,陳　穎
115法登他000781,12,監　事,張慧嬅
115法登他000782,1,董　事,張米妹
115法登他000782,2,董　事,林國禎
115法登他000782,3,董　事,連秀寬
115法登他000782,4,董　事,嚴建忠
115法登他000782,5,董　事,陳惠蘭
115法登他000782,6,董　事,劉貴珍
115法登他000782,7,董　事,周豔麗
115法登他000782,8,監　事,陳朝城
115法登他000782,9,董　事,陳修明
115法登他000782,10,董　事,陳清泉
115法登他000782,11,董事長,周勝考
115法登他000782,12,董　事,宋忠昌
115法登他000782,13,董　事,蘇姿敏
115法登他000782,14,董　事,周韋翰
115法登他000782,15,監　事,廖志鴻
115法登他000782,16,董　事,陳美杏
115法登他000782,17,常務監事,李松鶴
115法登他000782,18,董　事,陳麗琴
115法登他000783,1,董　事,劉蓉果
115法登他000783,2,董事長,張仁和
115法登他000783,3,董　事,李維倫
115法登他000783,4,董　事,簡晉龍
115法登他000783,5,董　事,許詩淇
115法登他000783,6,董　事,周婉茹
115法登他000783,7,董　事,彭榮邦
115法登他000784,1,董事長,陳邦治
115法登他000784,2,董　事,胡瑞訓
115法登他000784,3,監察人,蔡鴻圖
115法登他000784,4,董　事,王明我
115法登他000784,5,董　事,章昌文
115法登他000784,6,董　事,李顯虎
115法登他000784,7,董　事,朱蕙芳
115法登他000784,8,董　事,黃介正
115法登他000784,9,董　事,黃開森
115法登他000784,10,董　事,趙永生
115法登他000784,11,常務董事,史順文
115法登他000784,12,董　事,陳宏一
115法登他000784,13,董　事,李復甸
115法登他000784,14,董　事,李永然
115法登他000784,15,監察人,許哲耀
115法登他000785,1,副理事長,張沈碧蓮
115法登他000785,2,常務理事,方櫻如
115法登他000785,3,常務理事,王鳳珍
115法登他000785,4,理事長,賴秋玉
115法登他000785,5,理　事,賴淑茹
115法登他000785,6,理　事,施沛禧
115法登他000785,7,理　事,蔡瑞菊
115法登他000785,8,理　事,柯芳秀
115法登他000785,9,常務理事,程麗敏
115法登他000785,10,理　事,潘秀環
115法登他000785,11,監　事,廖美秀
115法登他000785,12,理　事,陳玉芳
115法登他000785,13,常務監事,孔美芳
115法登他000785,14,常務理事,李鳳鑾
115法登他000785,15,理　事,賴蔡秀鳳
115法登他000785,16,理　事,劉秀鳳
115法登他000785,17,監　事,林家如
115法登他000785,18,監　事,廖文綺
115法登他000785,19,理　事,羅麗華
115法登他000785,20,理　事,黃美珍
115法登他000785,21,理　事,王雯蓉
115法登他000785,22,理　事,賴燕慧
115法登他000785,23,理　事,簡苑麗
115法登他000785,24,監　事,陳美珠
115法登他000785,25,監　事,林秀鳳
115法登他000785,26,理　事,李淑華
115法登他000785,27,常務理事,陳藝文
115法登他000785,28,監　事,王麗晴
115法登他000786,1,常務理事,蕭立俊
115法登他000786,2,理事長,吳宗憲
115法登他000786,3,理　事,周慧揚
115法登他000786,4,監　事,張惠珠
115法登他000786,5,常務理事,呂幼綸
115法登他000786,6,理　事,葉明理
115法登他000786,7,理　事,鄧紫云
115法登他000786,8,監　事,李武弘
115法登他000786,9,理　事,劉慧玲
115法登他000786,10,理　事,汪盈利
115法登他000786,11,理　事,盧逸洋
115法登他000786,12,理　事,蔡英地
115法登他000786,13,常務理事,楊懷卿
115法登他000786,14,理　事,黃馨漪
115法登他000786,15,常務理事,邱金滿
115法登他000786,16,監　事,陳國堂
115法登他000786,17,常務監事,吳錦綉
115法登他000786,18,監　事,余東昇
115法登他000786,19,理　事,陳紀君
115法登他000786,20,理　事,李淑芬
115法登他000787,1,理　事,黃羅蜀妹
115法登他000787,2,常務理事,吳淑美
115法登他000787,3,常務理事,顏杏容
115法登他000787,4,理　事,張忠實
115法登他000787,5,理　事,詹雲芳
115法登他000787,6,理　事,謝秉錡
115法登他000787,7,理　事,黃嬿純
115法登他000787,8,理　事,高烽棋
115法登他000787,9,理事長,徐彗秝
115法登他000787,10,常務監事,蔡美珠
115法登他000787,11,監　事,梁宗熙
115法登他000787,12,監　事,紀建邦
115法登他000788,1,董　事,胡保生
115法登他000788,2,董　事,陳智謀
115法登他000788,3,董　事,陳　恭
115法登他000788,4,董　事,林立峯
115法登他000788,5,董事長,張員榮
115法登他000788,6,董　事,楊景儂
115法登他000788,7,董　事,成文毅
115法登他000789,1,理事長,陳彥良
115法登他000789,2,副理事長,黃輝鐘
115法登他000789,3,副理事長,蘇偉銓
115法登他000789,4,理　事,吳萬萊
115法登他000789,5,常務理事,李彥熹
115法登他000789,6,副理事長,陳威任
115法登他000789,7,理　事,吳春財
115法登他000789,8,理　事,游世傑
115法登他000789,9,理　事,呂聰榮
115法登他000789,10,理　事,黃賢棕
115法登他000789,11,理　事,林淑華
115法登他000789,12,理　事,潘自強
115法登他000789,13,理　事,賴宗信
115法登他000789,14,理　事,蔡詩英
115法登他000789,15,理　事,陳美妃
115法登他000789,16,監　事,莊雅雯
115法登他000789,17,常務監事,劉曉潔
115法登他000789,18,監　事,鍾賢斌
115法登他000789,19,監　事,陳韻嵐
115法登他000789,20,監　事,陳盈川
115法登他000790,1,董　事,周世選
115法登他000790,2,董　事,朱紀蓉
115法登他000790,3,董　事,姚仁祿
115法登他000790,4,董　事,馬銘嬭
115法登他000790,5,董　事,吳明賢
115法登他000790,6,董　事,劉藺瑩
115法登他000790,7,董　事,趙孝萱
115法登他000790,8,董　事,曾青松
115法登他000790,9,董　事,詹慶齡
115法登他000790,10,董事長,馬紹齡
115法登他000790,11,董　事,馬志綱
115法登他000790,12,監察人,梁穗昌
115法登他000791,1,董事長,霍守業
115法登他000791,2,董　事,吳志中
115法登他000791,3,董　事,徐斯儉
115法登他000791,4,董　事,沈有忠
115法登他000791,5,董　事,唐　華
115法登他000791,6,董　事,李　問
115法登他000791,7,董　事,張元斌
115法登他000791,8,董　事,蔡孟君
115法登他000791,9,董　事,陳玉潔
115法登他000791,10,監察人,李　奇
115法登他000791,11,監察人,陳子儀
115法登他000791,12,監察人,嚴明德
115法登他000792,1,董事長,翁明顯
115法登他000792,2,董　事,翁曉蕾
115法登他000792,3,董　事,黃銘裕
115法登他000792,4,董　事,林姿君
115法登他000792,5,董　事,許樊曼儂
115法登他000792,6,董　事,簡秀枝
115法登他000792,7,董　事,李壯源
115法登他000793,1,董　事,吳岳峯
115法登他000793,2,董　事,桑國忠
115法登他000793,3,董　事,吳光輝
115法登他000793,4,董　事,陳柏廷
115法登他000793,5,董　事,張衍義
115法登他000793,8,董　事,林秋芬
115法登他000793,10,董　事,郭志成
115法登他000793,11,副董事長,葉協隆
115法登他000793,12,董　事,李明輝
115法登他000793,13,董　事,王書吉
115法登他000793,14,董　事,楊弘明
115法登他000793,15,董事長,蔡豐明
115法登他000793,16,董　事,盧清泉
115法登他000793,17,董　事,呂學修
115法登他000793,18,董　事,鄭志文
115法登他000793,19,董　事,林榮政
115法登他000793,20,董　事,劉志鴻
115法登他000793,21,董　事,陳賓權
115法登他000793,22,董　事,謝福隆
115法登他000793,23,董　事,張展榮
115法登他000793,24,董　事,蔡淑慧
115法登他000794,1,董事長,"黃尚仁KO SHOJIN"
115法登他000794,2,董　事,江明秀
115法登他000794,3,董　事,施奕年
115法登他000794,4,董　事,黃尚莉
115法登他000794,5,董　事,江榮仁
115法登他000794,6,董　事,尹可名
115法登他000794,7,董　事,林長良
115法登他000794,8,董　事,林成輝
115法登他000794,9,董　事,吳秋南
115法登他000795,2,董　事,黃郁文
115法登他000795,3,常務董事,范琳珮
115法登他000795,4,監察人,呂文弘
115法登他000795,5,董　事,黃秀文
115法登他000795,6,董　事,劉易鑫
115法登他000795,7,董　事,朱慶倫
115法登他000795,8,董　事,靳燕玲
115法登他000795,9,常務董事,林永發
115法登他000795,10,董　事,張簡鴻儷
115法登他000795,11,董　事,林佑璘
115法登他000795,14,董　事,王光祥
115法登他000795,15,董　事,洪廸光
115法登他000795,16,董　事,黃秀莊
115法登他000795,17,董事長,崔懋森
115法登他000795,19,董　事,于淑婷
115法登他000795,20,常務監察人,徐守國
115法登他000795,21,董　事,邱瓊萱
115法登他000795,22,董　事,陳人忠
115法登他000795,23,董　事,羅必達
115法登他000795,24,副董事長,周光宙
115法登他000795,25,常務董事,徐燕興
115法登他000795,26,監察人,劉麗玉
115法登他000796,1,董事長,蔡令怡
115法登他000796,2,董　事,葉俊良
115法登他000796,3,董　事,莊文欽
115法登他000796,4,董　事,陳哲明
115法登他000796,5,董　事,伍佩鈴
115法登他000796,6,董　事,吳素真
115法登他000796,7,董　事,梁世武
115法登他000796,8,董　事,吳子安
115法登他000796,9,監察人,温三郎
115法登他000796,10,董　事,廖康志
115法登他000797,1,監　事,簡　婕
115法登他000797,4,董　事,施雅馨
115法登他000797,5,董　事,師彥方
115法登他000797,7,常務董事,吳翠松
115法登他000797,9,副董事長,王儷靜
115法登他000797,10,董　事,劉　文
115法登他000797,11,董事長,郭怡青
115法登他000797,12,董　事,葉怡廷
115法登他000797,13,常務董事,陳令宜
115法登他000797,14,董　事,傅柏翔
115法登他000797,15,常務董事,方念萱
115法登他000797,16,監　事,朱芳君
115法登他000797,20,常務監事,洪惠芬
115法登他000797,21,副董事長,林實芳
115法登他000798,1,董　事,黃麗貞
115法登他000798,2,董　事,黃燕雀
115法登他000798,3,常務董事,林周絳華
115法登他000798,4,董　事,黃華芬
115法登他000798,5,副董事長,陳賴美鈴
115法登他000798,6,董事長,謝瑞華
115法登他000798,7,董　事,宋建輝
115法登他000798,8,董　事,廖鎧平
115法登他000798,9,董　事,呂　首
115法登他000798,10,董　事,沈照美
115法登他000798,11,董　事,鍾佩君
115法登他000798,12,監察人,鄭誼証
115法登他000798,13,常務董事,黃呂錦茹
115法登他000798,14,董　事,莊煐逸
115法登他000798,15,常務董事,林妙娟
115法登他000798,16,董　事,李聖美
115法登他000798,17,董　事,楊春旅
115法登他000798,18,董　事,李燕敏
115法登他000798,19,常務監察人,王淑珍
115法登他000798,20,常務董事,張秋慧
115法登他000798,21,董　事,林玉珍
115法登他000798,22,董　事,郭佳政
115法登他000798,23,董　事,洪麗芬
115法登他000798,24,董　事,許玉燕
115法登他000798,25,副董事長,莊王垂貞
115法登他000798,26,董　事,楊春職
115法登他000798,27,董　事,鄒式文
115法登他000798,28,監察人,吳偲能
115法登他000799,1,理　事,藍介洲
115法登他000799,2,理　事,劉一龍
115法登他000799,3,監　事,許坋妃
115法登他000799,4,理　事,潘淑滿
115法登他000799,5,常務理事,林萬億
115法登他000799,6,理　事,王翊涵
115法登他000799,7,副理事長,游美貴
115法登他000799,8,常務理事,鄭麗珍
115法登他000799,9,理　事,吳玉琴
115法登他000799,10,監事會主席,謝東儒
115法登他000799,11,理　事,王潔媛
115法登他000799,12,常務理事,林惠芳
115法登他000799,13,理　事,吳敏欣
115法登他000799,14,理　事,鄭怡世
115法登他000799,15,監　事,陳彥竹
115法登他000799,16,理　事,張如杏
115法登他000799,17,監　事,鄧啓明
115法登他000799,18,理　事,楊君宜
115法登他000799,19,理　事,龍紀萱
115法登他000799,20,常務理事,林月琴
115法登他000799,21,理事長,廖美蓮
115法登他000799,22,監　事,黃劍峯
115法登他000799,23,理　事,黃綵宸
115法登他000799,24,理　事,周大堯
115法登他000799,25,監　事,胡中宜
115法登他000799,26,理　事,趙善如
115法登他000799,27,監　事,蘇興中
115法登他000799,28,副理事長,陳玟如
115法登他000800,1,董　事,葛煥昭
115法登他000800,2,董　事,莊慧玲
115法登他000800,3,董　事,李毓娟
115法登他000800,4,董　事,顏家鈺
115法登他000800,5,監察人,陳錦杏
115法登他000800,6,董　事,劉祖華
115法登他000800,7,董　事,王　葳
115法登他000800,8,董　事,吳淑芳
115法登他000800,9,董　事,陳素艶
115法登他000800,11,監察人,何明果
115法登他000800,12,董　事,陳文章
115法登他000800,13,董　事,廖高賢
115法登他000800,14,董　事,沈孟儒
115法登他000800,15,董事長,李蔡彥
115法登他000800,16,監察人,陳姿蓉
115法登他000800,17,監察人,武東星
115法登他000800,18,董　事,龔瑞璋
115法登他000800,19,董　事,余明隆
115法登他000800,22,董　事,劉國偉
115法登他000800,23,董　事,楊玉惠
115法登他000800,25,監察人,黃美智
115法登他000800,26,董　事,張傳育
115法登他000801,1,理事長,黃筱雯
115法登他000801,2,常務理事,趙晧鈞
115法登他000801,3,常務理事,曾武祥
115法登他000801,4,理　事,曾美蓮
115法登他000801,5,理　事,林俊佑
115法登他000801,6,理　事,陳正將
115法登他000801,7,理　事,黃永富
115法登他000801,8,理　事,莊爵賓
115法登他000801,9,理　事,翁銘駿
115法登他000801,10,常務監事,劉昭汶
115法登他000801,11,監　事,曾武忠
115法登他000801,12,監　事,黄文信
115法登他000802,1,常務理事,陳政友
115法登他000802,2,常務理事,胡益進
115法登他000802,3,常務理事,韓國強
115法登他000802,4,理事長,許君強
115法登他000802,5,理　事,曾治乾
115法登他000802,6,理　事,吳文琪
115法登他000802,7,理　事,林昭光
115法登他000802,8,理　事,張鳳琴
115法登他000802,9,常務理事,楊文仁
115法登他000802,10,理　事,張斯蘭
115法登他000802,11,理　事,鄭麗媛
115法登他000802,12,理　事,王美純
115法登他000802,13,理　事,董貞吟
115法登他000802,14,理　事,李思賢
115法登他000802,15,監　事,劉潔心
115法登他000802,16,監事長,黃松元
115法登他000802,17,監　事,彭秀英
115法登他000802,18,理　事,紀櫻珍
115法登他000803,1,董事長,徐旭東
115法登他000803,2,董　事,周素華
115法登他000803,4,董　事,林珍玫
115法登他000803,8,董　事,徐寶玲
115法登他000803,9,董　事,沈蔡秀眞
115法登他000803,10,監察人,陳文熙
115法登他000803,11,董　事,侯玉書
115法登他000803,12,監察人,張淑征
115法登他000803,13,董　事,張嘉和
115法登他000803,14,董　事,"徐國梅Tonia Katherine Hsu"
115法登他000803,15,董　事,夏　怡
115法登他000803,16,董　事,張嘉淵
115法登他000803,17,董　事,陳致遠
115法登他000804,2,副董事長,黃永貞
115法登他000804,4,董　事,張兆順
115法登他000804,9,董事長,董瑞斌
115法登他000804,11,董　事,謝岱宇
115法登他000804,13,董　事,黃俊穎
115法登他000804,14,董　事,簡文秀
115法登他000804,15,董　事,李靜怡
115法登他000804,16,董　事,李俊賢
115法登他000804,17,董　事,黃國洲
115法登他000804,18,董　事,趙士強
115法登他000804,19,董　事,王榮周
115法登他000805,1,理　事,陳中奎
115法登他000805,2,常務理事,陳嘉讓
115法登他000805,3,常務理事,盧巧雲
115法登他000805,4,理　事,林玉雲
115法登他000805,5,常務理事,李俊秋
115法登他000805,6,理事長,陳裕琳
115法登他000805,7,常務理事,陳添益
115法登他000805,8,理　事,周輝煌
115法登他000805,9,理　事,高麗文
115法登他000805,10,理　事,張茂夫
115法登他000805,11,理　事,游雅慧
115法登他000805,12,理　事,林士誠
115法登他000805,13,理　事,陳築萱
115法登他000805,14,理　事,邱清溪
115法登他000805,15,理　事,江宗賢
115法登他000805,16,常務監事,陳懿彙
115法登他000805,17,監　事,吳雅蘋
115法登他000805,18,監　事,陳君陸
115法登他000805,19,監　事,劉貴香
115法登他000805,20,監　事,林登煌
115法登他000806,1,董事長,高婉倩
115法登他000806,2,董　事,王厲新
115法登他000806,3,董　事,朱靜玲
115法登他000806,4,董　事,林雅貞
115法登他000806,5,董　事,張小燕
115法登他000806,6,董　事,陳姸臻
115法登他000806,7,董　事,嚴陳莉蓮
115法登他000807,1,理事長,魏惠珍
115法登他000807,2,理　事,錢大衛
115法登他000807,3,理　事,江瑋玲
115法登他000807,4,理　事,蔡俊榮
115法登他000807,5,理　事,駱承良
115法登他000807,6,理　事,陳啓超
115法登他000807,7,理　事,謝佩芳
115法登他000807,8,理　事,陳依君
115法登他000807,9,理　事,陳立人
115法登他000807,10,常務監事,陳建仁
115法登他000807,11,監　事,戴智權
115法登他000807,12,監　事,何若慈
115法登他000808,1,常務理事,陳維鈞
115法登他000808,2,副理事長,王彥鈞
115法登他000808,3,理　事,江承勳
115法登他000808,4,副理事長,張朝凱
115法登他000808,5,理　事,鄭克盛
115法登他000808,6,理　事,許文章
115法登他000808,7,理　事,許作名
115法登他000808,8,副理事長,林家祺
115法登他000808,9,監　事,王伯頎
115法登他000808,10,理　事,梁添壽
115法登他000808,11,理　事,胡峰賓
115法登他000808,12,理　事,賴瀅如
115法登他000808,13,理事長,許兆慶
115法登他000808,14,理　事,高年億
115法登他000808,15,理　事,陳匡正
115法登他000808,16,監　事,陳文炯
115法登他000808,17,監　事,李禮仲
115法登他000808,18,監　事,賴國欽
115法登他000808,19,監事長,蘇　南
115法登他000808,20,理　事,胡原龍
115法登他000809,1,董　事,陳威戎
115法登他000809,2,董　事,藍偉瑩
115法登他000809,3,董　事,王　葳
115法登他000809,4,常務監察人,蕭述三
115法登他000809,5,常務董事,廖高賢
115法登他000809,6,董　事,林思伶
115法登他000809,7,常務董事,李蔡彥
115法登他000809,9,董　事,陳惠萍
115法登他000809,10,常務董事,詹富智
115法登他000809,11,常務董事,李志鵬
115法登他000809,12,董　事,余明隆
115法登他000809,14,常務董事,沈孟儒
115法登他000809,15,監察人,葛煥昭
115法登他000809,16,監察人,陳姿蓉
115法登他000809,17,董　事,陳永森
115法登他000809,18,董　事,蔡秀芬
115法登他000809,19,常務董事,林奇宏
115法登他000809,22,董事長,陳文章
115法登他000810,1,常務理事,蔡世銘
115法登他000810,2,理事長,廖盈熀
115法登他000810,3,常務理事,段式偉
115法登他000810,4,常務理事,李柏毅
115法登他000810,5,理　事,吳宜倫
115法登他000810,6,理　事,吳正群
115法登他000810,7,理　事,杜台興
115法登他000810,8,理　事,李昀臻
115法登他000810,9,監　事,于盛騰
115法登他000810,10,理　事,周宥辰
115法登他000810,11,理　事,莊翰霖
115法登他000810,12,理　事,黃培堯
115法登他000810,13,常務監事,王昕姸
115法登他000810,14,常務理事,曾國維
115法登他000810,15,理　事,田方倫
115法登他000810,16,理　事,鄭培聖
115法登他000810,17,監　事,曾暐晉
115法登他000810,18,理　事,吳定謙
115法登他000811,1,董事長,謝素燕
115法登他000811,2,董　事,陳玉愛
115法登他000811,3,董　事,閆萬鮮
115法登他000811,5,董　事,羅潘光瑛
115法登他000811,6,董　事,孫瑞敏
115法登他000811,7,董　事,趙婉淇
115法登他000811,8,董　事,趙劉曉青
115法登他000811,9,董　事,吳孟瑀
115法登他000811,10,董　事,張瓊元
115法登他000812,1,董事長,鍾榮昌
115法登他000812,2,董　事,洪嘉昇
115法登他000812,3,董　事,涂煌鎮
115法登他000812,6,董　事,何秉新
115法登他000812,7,董　事,姚秀琴
115法登他000813,1,董事長,黃月敏
115法登他000813,2,董　事,李章智
115法登他000813,3,董　事,林懷正
115法登他000813,4,董　事,李季偉
115法登他000813,5,董　事,廖健發
115法登他000813,6,董　事,彭清霖
115法登他000813,7,董　事,賴文福
115法登他000813,8,董　事,蔡佳珍
115法登他000813,9,董　事,李怡輝
115法登他000814,1,董　事　,王麗滿
115法登他000814,2,常務董事,張月滿
115法登他000814,4,常務董事,李侯明女
115法登他000814,5,董　事,楊鶯鶯
115法登他000814,6,董事長,林惠美
115法登他000814,7,董　事,洪裕昇
115法登他000814,8,董　事,黃永祥
115法登他000814,9,董　事　,林淑娟
115法登他000814,10,董　事　,張琡苹
115法登他000814,11,董　事　,許書嘉
115法登他000814,12,董　事　,蘇羨惠
115法登他000815,1,監察人,陳雲芬
115法登他000815,2,副董事長,段書厚
115法登他000815,3,董事長,何燕玲
115法登他000815,4,常務監察人,段鍾沂
115法登他000815,5,常務董事,謝維倫
115法登他000815,6,常務董事,楊國修
115法登他000815,7,董　事,黃慶強
115法登他000815,8,董　事,李　璟
115法登他000815,9,董　事,林晉賢
115法登他000815,10,董　事,李天鐸
115法登他000815,11,董　事,曹雅雯
115法登他000815,12,董　事,何秀堃
115法登他000815,13,董　事,李瑞斌
115法登他000815,14,監察人,李孟樺
115法登他000815,15,董　事,曹馨引
115法登他000815,16,董　事,廖錦慧
115法登他000815,17,董　事,柯紀瑋
115法登他000815,18,監察人,曾苡蓓
115法登他000815,19,常務董事,張耕宇
115法登他000815,20,監察人,吳逸榛
115法登他000816,1,理事長,戴佑勳
115法登他000816,2,理　事,劉家喻
115法登他000816,3,常務監事,洪浩哲
115法登他000816,4,理　事,林川富
115法登他000816,5,理　事,吳玫妏
115法登他000816,6,理　事,陳漢鈞
115法登他000816,7,理　事,鄭旭博
115法登他000816,8,常務理事,黃嘉晴
115法登他000816,9,理　事,張宇辰
115法登他000816,10,理　事,林聖翔
115法登他000816,11,監　事,洪舜凱
115法登他000816,12,監　事,周琬絨
115法登他000817,1,董事長,顏建賢
115法登他000817,2,常務董事,楊湘琳
115法登他000817,3,董　事,趙秀娟
115法登他000817,4,董　事,謝茗遠
115法登他000817,5,董　事,華寶蓓
115法登他000817,6,常務董事,林家榮
115法登他000817,7,董　事,張進興
115法登他000817,8,董　事,陳純卿
115法登他000817,9,董　事,張瑋琦
115法登他000817,10,董　事,李衍斌
115法登他000817,12,董　事,郭展豪
115法登他000817,13,監察人,曾國旗
115法登他000817,15,董　事,陳姿伶
115法登他000817,16,常務監察人,王俊豪
115法登他000817,17,董　事,陳志峰
115法登他000817,18,董　事,蘇筱駗
115法登他000817,19,董　事,王順發
115法登他000817,20,監察人,顏淑玲
115法登他000817,21,監察人,賴麗巧
115法登他000817,22,監察人,柳婉郁
115法登他000818,2,理　事,翁翊華
115法登他000818,4,理　事,謝詩婷
115法登他000818,6,理　事,陳靖昀
115法登他000818,7,理　事,黃譓宇
115法登他000818,8,常務監事,林淑惠
115法登他000818,9,副理事長,許乃夫
115法登他000818,10,理　事,陳姿穎
115法登他000818,12,理　事,陳婉榛
115法登他000818,13,理　事,徐梅倪
115法登他000818,15,理　事,楊靜宜
115法登他000818,16,理　事,鐘清沂
115法登他000818,17,理　事,章榮昌
115法登他000818,18,理　事,李若菱
115法登他000818,19,理　事,王素銜
115法登他000818,20,監　事,鄭凱鴻
115法登他000818,21,監　事,蕭睆文
115法登他000818,22,理事長,陳志清
115法登他000818,24,監　事,陳彥偉
115法登他000818,25,理　事,盧建良
115法登他000818,26,理　事,黃榆婷
115法登他000818,27,理　事,陳勇任
115法登他000818,28,理　事,王淳民
115法登他000818,29,理　事,林威雄
115法登他000818,30,理　事,陳逸弘
115法登他000818,31,常務理事,曹峻瑞
115法登他000818,33,副理事長,李嘉菊
115法登他000818,34,常務理事,徐國展
115法登他000818,35,理　事,黃　石
115法登他000818,36,理　事,許啓仁
115法登他000818,37,監　事,黃于峻
115法登他000819,1,董事長,金榮華
115法登他000819,2,董　事,陳妙如
115法登他000819,3,董　事,李　李
115法登他000819,4,董　事,陳勁臻
115法登他000819,5,董　事,陳麗娜
115法登他000819,6,董　事,張瑞文
115法登他000819,7,董　事,陳薏如
115法登他000820,2,董　事,趙明國
115法登他000820,4,董　事,韓大勛
115法登他000820,5,董　事,陳秀英
115法登他000820,8,董　事,和馬太
115法登他000820,10,董　事,范明海
115法登他000820,11,董　事,高約翰
115法登他000820,12,董　事,歐俊林
115法登他000820,13,董事長,宋林杰
115法登他000820,14,董　事,趙宏恩
115法登他000821,3,董事長,陳柏成
115法登他000821,5,董　事,吳宜恬
115法登他000821,8,董　事,李燦煌
115法登他000821,14,董　事,陳莉雯
115法登他000821,15,董　事,楊尚哲
115法登他000822,1,董事長,曾華松
115法登他000822,2,常務董事,林菊瑛
115法登他000822,3,董　事,紀和均
115法登他000822,4,董　事,徐慧怡
115法登他000822,5,董　事,林超駿
115法登他000822,6,董　事,宮文祥
115法登他000822,7,董　事,黃勤鎮
115法登他000822,8,董　事,李尹緒瑛
115法登他000822,9,常務董事,陳春生
115法登他000823,1,董事長,徐龍雄
115法登他000823,2,董　事,張漢東
115法登他000823,3,董　事,謝長堯
115法登他000823,4,董　事,徐輝哲
115法登他000823,5,董　事,邱孝震
115法登他000823,6,董　事,陳維昭
115法登他000823,7,董　事,徐明達
115法登他000823,8,監察人,阮正雄
115法登他000823,9,董　事,汪嘉康
115法登他000823,10,董　事,徐美玟
115法登他000823,12,董　事,許朝欽
115法登他000823,13,監察人,葉文德
115法登他000823,14,監察人,陳信義
115法登他000823,15,董　事,高偉華
115法登他000823,16,董　事,蕭中正
115法登他000823,17,董　事,林國昭
115法登他000824,1,副理事長,鄭瑞賓
115法登他000824,2,理　事,黃惠棉
115法登他000824,3,理　事,姜　玲
115法登他000824,4,常務理事,陳暐仁
115法登他000824,5,監　事,鄭鈴珠
115法登他000824,6,理　事,陳佩璟
115法登他000824,7,理　事,鄧禮鏹
115法登他000824,8,監　事,林志明
115法登他000824,9,理事長,李永川
115法登他000824,10,理　事,吳寶春
115法登他000824,11,理　事,陳梧桐
115法登他000824,12,監　事,黃國欣
115法登他000824,13,理　事,吳鋐遠
115法登他000824,14,理　事,余榮順
115法登他000824,15,監　事,鄭羽良
115法登他000824,16,理　事,陳隆勛
115法登他000824,17,監　事,洪誌臨
115法登他000824,18,副理事長,吳季衡
115法登他000824,19,常務理事,陳國欽
115法登他000824,20,常務理事,黃錦雲
115法登他000824,21,理　事,邱白伶
115法登他000824,22,監　事,魏煜成
115法登他000824,23,理　事,李立元
115法登他000824,24,理　事,程　鯤
115法登他000824,25,理　事,周國忠
115法登他000824,26,常務理事,黃原福
115法登他000824,27,理　事,陳俊偉
115法登他000824,28,常務監事,陳建信
115法登他000825,1,理事長,楊承翰
115法登他000825,2,常務理事,魏士晉
115法登他000825,3,理　事,陳宜笙
115法登他000825,4,監　事,徐顥珍
115法登他000825,5,理　事,李韋志
115法登他000825,6,理　事,廖翊君
115法登他000825,7,常務監事,丁文茜
115法登他000825,8,理　事,呂家榮
115法登他000825,9,理　事,林慶昌
115法登他000825,10,常務理事,吳宏熙
115法登他000825,11,理　事,于　第
115法登他000825,12,監　事,陳碧春
115法登他000826,1,董事長,高堂恩
115法登他000826,2,董　事,謝至翔
115法登他000826,3,董　事,鄧宙攀
115法登他000826,4,董　事,裘啓瑩
115法登他000826,5,董　事,許玉華
115法登他000826,6,董　事,詹文仁
115法登他000826,7,董　事,董桂月
115法登他000827,1,常務理事,陳俊榮
115法登他000827,2,理　事,毛念平
115法登他000827,3,理　事,張博鈞
115法登他000827,4,理　事,周郁翔
115法登他000827,5,理　事,林泰誠
115法登他000827,6,監　事,張士灝
115法登他000827,7,理　事,林錦松
115法登他000827,8,理　事,鄭嘉瑢
115法登他000827,9,理　事,王進瑋
115法登他000827,10,理　事,林卓瑩
115法登他000827,11,常務理事,陳智龍
115法登他000827,12,監　事,賴玉玲
115法登他000827,13,常務理事,林怡君
115法登他000827,14,監　事,黃國光
115法登他000827,15,理　事,宋承恩
115法登他000827,16,常務理事,孫千婷
115法登他000827,17,理事長,吳友仁
115法登他000827,18,常務理事,王振穎
115法登他000827,19,理　事,陳軒弘
115法登他000827,20,常務監事,黃仁勇
115法登他000827,21,理　事,鄭琬蒨
115法登他000827,22,監　事,江正陽
115法登他000827,23,監　事,潘惠玲
115法登他000827,24,常務理事,黃良吉
115法登他000827,25,理　事,杜哲彰
115法登他000827,26,監　事,黃國精
115法登他000827,27,理　事,郭博仁
115法登他000827,28,理　事,丁羣展
115法登他000827,29,理　事,喻大有
115法登他000827,30,理　事,張極青
115法登他000828,1,董　事,蘇建誠
115法登他000828,2,董事長,李明達
115法登他000828,3,董　事,葉亮吟
115法登他000828,4,董　事,江海水
115法登他000828,5,董　事,陳玉淳
115法登他000828,6,董　事,黃連星
115法登他000828,7,董　事,謝淑珍
115法登他000828,8,董　事,陳華蓮
115法登他000828,9,董　事,蘇詩琇
115法登他000829,1,董事長,陳建信
115法登他000829,2,董　事,許麗鳳
115法登他000829,3,董　事,謝淑珍
115法登他000829,4,董　事,朱紀中
115法登他000829,5,董　事,陳誠亮
115法登他000829,6,董　事,黃國倫
115法登他000829,7,董　事,簡玉美
115法登他000830,1,董　事,余宗澤
115法登他000830,3,董事長,周小雯
115法登他000830,6,董　事,馮哲明
115法登他000830,9,董　事,林煜捷
115法登他000830,10,董　事,婁明煌
115法登他000830,11,董　事,陳巧倫
115法登他000830,12,董　事,盧天授
115法登他000831,1,常務監事,林宗明
115法登他000831,2,理　事,高哲文
115法登他000831,3,理　事,陳林明月
115法登他000831,4,常務理事,江秋桃
115法登他000831,5,理　事,周潤蘭
115法登他000831,6,理事長,葉福基
115法登他000831,7,理　事,許詩佩
115法登他000831,8,理　事,曾美蓮
115法登他000831,9,常務理事,黃絲翎
115法登他000831,10,監　事,蔣美珠
115法登他000831,11,監　事,林筱鵑
115法登他000831,12,理　事,陳玉鳳
115法登他000832,1,副理事長,謝清福
115法登他000832,2,理　事,薛富井
115法登他000832,3,常務理事,陳清港
115法登他000832,4,常務理事,黃偉祥
115法登他000832,5,常務監事,李佳華
115法登他000832,6,理　事,吳春城
115法登他000832,7,副理事長,吳錦昌
115法登他000832,8,理　事,路孔明
115法登他000832,9,副理事長,林福勤
115法登他000832,10,常務理事,李孔文
115法登他000832,11,理　事,張培鏞
115法登他000832,12,理　事,沈芯菱
115法登他000832,13,理　事,林財丁
115法登他000832,14,理事長,陳進財
115法登他000832,15,理　事,施明豪
115法登他000832,16,理　事,張利榮
115法登他000832,17,理　事,蘇進強
115法登他000832,18,理　事,林榮堅
115法登他000832,19,理　事,金晋德
115法登他000832,20,理　事,盧瑞彥
115法登他000832,21,理　事,陳隆福
115法登他000832,22,理　事,葉美麗
115法登他000832,23,監　事,楊達立
115法登他000832,24,監　事,呂麗莉
115法登他000832,25,監　事,楊淑卿
115法登他000832,26,監　事,許華玲
115法登他000832,27,監　事,郭翠淑
115法登他000832,28,監　事,許寒女
115法登他000833,1,董事長,廖瓊玉
115法登他000833,2,董　事,廖龍星
115法登他000833,3,董　事,莊碩鴻
115法登他000833,4,董　事,秦凌霄
115法登他000833,5,董　事,陳國西
115法登他000833,6,董　事,林愛雲
115法登他000833,7,董　事,葉玲如
115法登他000834,1,董事長,鄭義和
115法登他000834,2,董　事,許英昌
115法登他000834,4,董　事,張立中
115法登他000834,5,董　事,楊慶清
115法登他000834,6,董　事,陳敦禮
115法登他000834,7,董　事,周秦誼
115法登他000834,8,董　事,廖勝利
115法登他000834,9,董　事,李龍雄
115法登他000834,10,董　事,鄭掬翠
115法登他000835,1,常務監事,王守愚
115法登他000835,2,常務理事,曾文壕
115法登他000835,3,理　事,林建坡
115法登他000835,4,監　事,謝宗民
115法登他000835,5,理　事,許源財
115法登他000835,6,理　事,邱冠華
115法登他000835,7,理　事,蕭力維
115法登他000835,8,理事長,張家銘
115法登他000835,9,理　事,林義成
115法登他000835,10,理　事,周耘桭
115法登他000835,11,常務理事,鄒定澄
115法登他000835,12,監　事,陳俊諺
115法登他000836,1,董事長,林邦充
115法登他000836,2,董　事,林吳靜都
115法登他000836,3,董　事,汪鑑雄
115法登他000836,5,董　事,顏永樂
115法登他000836,6,董　事,張國榮
115法登他000836,7,董　事,劉永基
115法登他000836,9,董　事,黃允哲
115法登他000836,10,董　事,翁素秋
115法登他000836,11,董　事,林正弘
115法登他000837,1,董　事,傅蒨怡
115法登他000837,2,董事長,陳彥玲
115法登他000837,3,董　事,廖芳孜
115法登他000837,4,董　事,吳謙仁
115法登他000837,5,董　事,廖乾宏
115法登他000837,6,董　事,張耀彩
115法登他000837,7,董　事,王惠津
115法登他000838,1,董事長,張剛綸
115法登他000838,2,董　事,王立心
115法登他000838,4,董　事,陳文婉
115法登他000838,5,董　事,林伯謙
115法登他000838,6,董　事,張中愷
115法登他000838,7,董　事,職誠志
115法登他000838,8,董　事,張　平
115法登他000838,9,董　事,陳奐妤
115法登他000838,10,董　事,洪偲瑜
115法登他000839,1,董事長,劉吉人
115法登他000839,2,董　事,張維民
115法登他000839,3,董　事,張珮琪
115法登他000839,4,董　事,陳慧蓉
115法登他000839,5,董　事,謝宜蓁
115法登他000841,1,董　事,葛永勉
115法登他000841,2,董事長,何如珠
115法登他000841,3,董　事,李美玉
115法登他000841,4,董　事,鄧世雄
115法登他000841,5,董　事,鄧家安
115法登他000842,1,董　事,許佩賢
115法登他000842,2,董　事,曹淑玲
115法登他000842,4,董　事,曹淑芸
115法登他000842,6,董　事,黃美娥
115法登他000842,7,董　事,詹素娟
115法登他000842,8,董　事,查　忻
115法登他000842,9,董　事,李毓中
115法登他000842,10,董　事,陳翠蓮
115法登他000842,11,董　事,陳宗仁
115法登他000842,12,董事長,鍾淑敏
115法登他000842,13,董　事,曹淑媛
115法登他000843,1,監　事,"雍景鵬(Dennis Yung)"
115法登他000843,3,理　事,"袁明琦(Ming Chi Yung)"
115法登他000843,5,理　事,"馬宗聖(Gary Ma)"
115法登他000843,9,監　事,"戴英杰(Injay Tai)"
115法登他000843,11,監　事,"張瀚書(H. Henry Chang)"
115法登他000843,13,副理事長,"林雅菁(Amber Persson)"
115法登他000843,15,理　事,"杜俊賢(David Tu)"
115法登他000843,17,理　事,"苗豐全(Paul Miao)"
115法登他000843,21,理　事,"黃之麥(Melinda Hwang)"
115法登他000843,23,理　事,"陳木蘭(Jessica Chan)"
115法登他000843,25,理　事,"潘柏迪(Pradeep Pant)"
115法登他000843,27,理　事,"王大任(Edward Wang)"
115法登他000843,29,理事長,"普瑞迪(Pradeep Mehrotra)"
115法登他000843,30,理　事,"丁維靜(Maria Ting)"
115法登他000845,1,理事長,陳淑貞
115法登他000845,2,常務理事,陳炎輝
115法登他000845,3,常務理事,蘇鈺淂
115法登他000845,4,理　事,葉明哲
115法登他000845,5,理　事,俞德忠
115法登他000845,6,理　事,孫兆杰
115法登他000845,7,理　事,陳嘉寧
115法登他000845,8,理　事,林坤燐
115法登他000845,9,理　事,葉素禎
115法登他000845,10,常務監事,賴明煌
115法登他000845,11,監　事,張証斌
115法登他000845,12,監　事,劉靜萍
115法登他000846,1,理事長,廖唯帆
115法登他000846,2,副理事長,林智強
115法登他000846,3,理　事,徐志雄
115法登他000846,4,理　事,黃秉森
115法登他000846,5,監　事,蔡政宏
115法登他000846,6,理　事,蔡政松
115法登他000846,7,副理事長,李昇芳
115法登他000846,8,理　事,郭佳瑋
115法登他000846,9,常務監事,張嫚玲
115法登他000846,10,理　事,何永清
115法登他000846,11,常務理事,陳澤鈞
115法登他000846,12,常務理事,高家偉
115法登他000846,13,副理事長,吳亮輝
115法登他000846,14,理　事,曾秋娥
115法登他000846,15,理　事,張安發
115法登他000846,16,理　事,廖順彬
115法登他000846,17,理　事,郭嘉惠
115法登他000846,18,常務理事,游秋榕
115法登他000846,19,監　事,陳佳康
115法登他000846,20,理　事,康志瑋
115法登他000846,21,理　事,傅識綱
115法登他000846,22,理　事,紀賢良
115法登他000846,23,理　事,陳炎諄
115法登他000846,24,理　事,洪彣欣
115法登他000847,1,監　事,孟子揚
115法登他000847,2,常務理事,陳柏偉
115法登他000847,3,理事長,廖珮如
115法登他000847,4,常務理事,王泓亮
115法登他000847,5,理　事,巫彥德
115法登他000847,6,理　事,吳健豪
115法登他000847,7,理　事,林倩如
115法登他000847,8,常務監事,彭治鏐
115法登他000847,9,監　事,莊泰富
115法登他000847,10,理　事,張皓雯
115法登他000847,11,理　事,林郁瑄
115法登他000847,12,理　事,陳佩儀
115法登他000848,1,理　事,林　璞
115法登他000848,2,理　事,王宏霖
115法登他000848,3,常務理事,李懷恩
115法登他000848,4,理　事,陳煜輝
115法登他000848,5,常務理事,李恩泰
115法登他000848,6,常務監事,莊美鈴
115法登他000848,7,理　事,孫榮菁
115法登他000848,8,理　事,李偉烈
115法登他000848,9,監　事,王韓依娟
115法登他000848,10,理　事,黃俊銘
115法登他000848,11,監　事,林安如
115法登他000848,12,理事長,陳建宏
115法登他000849,1,董事長,陳文章
115法登他000849,2,董　事,朱秋而
115法登他000849,3,董　事,吳靜瑜
115法登他000849,4,董　事,李毓娟
115法登他000849,5,董　事,黎倩儀
115法登他000849,6,董　事,張富林
115法登他000849,8,董　事,吳靜吉
115法登他000849,9,董　事,王泓仁
115法登他000849,10,董　事,黃慕萱
115法登他000849,11,董　事,謝舒凱
115法登他000849,12,董　事,林美香
115法登他000850,1,董事長,許茂雄
115法登他000850,2,董　事,許兆紘
115法登他000850,3,董　事,陳秋萍
115法登他000850,4,董　事,陳藝方
115法登他000850,5,董　事,許偉伸
115法登他000850,6,董　事,曾懷瑩
115法登他000850,7,董　事,陳澄芳
115法登他000851,2,董事長,文馨瑩
115法登他000851,3,董　事,周玉靜
115法登他000851,4,董　事,陳美華
115法登他000851,5,董　事,俞允安
115法登他000851,6,董　事,林憲廷
115法登他000851,7,董　事,涂敏芬
115法登他000851,8,董　事,蔡致中
115法登他000851,9,董　事,盧禎慧
115法登他000851,10,董　事,翁玲華
115法登他000852,1,董事長,王明仁
115法登他000852,2,董　事,蔡新合
115法登他000852,4,董　事,林佳璋
115法登他000852,5,董　事,李冠時
115法登他000852,6,常務董事,張忠誠
115法登他000852,7,董　事,黃明鎮
115法登他000852,8,常務董事,陳章雄
115法登他000852,9,董　事,林瑛珠
115法登他000852,10,董　事,卞愛玲
115法登他000853,1,董　事,"張虔生 Chang Chien Shen"
115法登他000853,2,董事長,吳田玉
115法登他000853,3,董　事,簡坤義
115法登他000853,4,董　事,董宏思
115法登他000853,5,董　事,陳慶華
115法登他000853,6,董　事,"張淡寧 Madeline D. Chang"
115法登他000853,7,董　事,周家佩
115法登他000853,8,董　事,陳昌益
115法登他000853,9,董　事,"唐瑞文 Andrew Robert Tang"
115法登他000854,1,理事長,莊惟婷
115法登他000854,2,理　事,陸黛玲
115法登他000854,3,常務理事,"Martino Alex Joseph"
115法登他000854,4,理　事,康　欣
115法登他000854,5,理　事,黃亭惠
115法登他000854,6,理　事,吳俊儀
115法登他000854,7,理　事,張菡殷
115法登他000854,8,常務理事,陳攸竹
115法登他000854,9,理　事,曾子恩
115法登他000854,10,常務監事,孫薏婷
115法登他000854,11,監　事,李婉瑜
115法登他000854,12,監　事,莊孟鈞
115法登他000855,1,董　事,柯婌文
115法登他000855,7,董　事,徐淑芬
115法登他000855,8,董　事,劉慈梧
115法登他000855,9,監　事,王冠雄
115法登他000855,10,副董事長,蔡壽成
115法登他000855,11,監　事,陳沛喬
115法登他000855,12,董事長,蔡小寶
115法登他000855,13,董　事,鄭詩君
115法登他000855,14,董　事,顏金龍
115法登他000857,1,常務董事,黃忠臣
115法登他000857,2,常務董事,黃建嵐
115法登他000857,3,董　事,鄭明清
115法登他000857,4,董　事,王林富
115法登他000857,5,董事長,吳岳羽
115法登他000857,6,董　事,高春麗
115法登他000857,7,董　事,汪銀夏
115法登他000857,8,董　事,葉文堂
115法登他000857,9,董　事,黃淑欽
115法登他000857,10,監　事,洪淳良
115法登他000857,11,常務監事,林勝彥
115法登他000857,12,監　事,姚孝武
115法登他000858,1,常務董事,莊光明
115法登他000858,2,董事長,宋楚瑜
115法登他000858,3,董　事,張煜權
115法登他000858,4,董　事,周師文
115法登他000858,5,常務董事,何偉真
115法登他000858,6,董　事,吳老德
115法登他000858,7,董　事,林世奇
115法登他000858,8,董　事,劉振宇
115法登他000858,9,董　事,蔡巧蓮
115法登他000858,10,董　事,廖國偉
115法登他000858,11,常務董事,李鴻源
115法登他000858,12,常務董事,林國華
115法登他000858,13,監察人,陳　潔
115法登他000858,14,董　事,鄭美蘭
115法登他000858,15,董　事,闕雅文
115法登他000858,16,常務監察人,陳宏義
115法登他000858,17,監察人,吳希廷
115法登他000858,18,董　事,黃秀美
115法登他000859,1,理事長,張偉弘
115法登他000859,2,常務理事,阮冠翰
115法登他000859,3,理　事,陳惠貴
115法登他000859,4,常務監事,林玲如
115法登他000859,5,理　事,許晋雄
115法登他000859,6,常務理事,詹芳書
115法登他000859,7,理　事,湯美玲
115法登他000859,8,監　事,吳孟舟
115法登他000859,9,理　事,徐究真
115法登他000859,10,監　事,陳柏欣
115法登他000859,11,理　事,魏恒祥
115法登他000859,12,理　事,趙詩華
115法登他000860,1,董事長,何紀芳
115法登他000860,2,董　事,張益榮
115法登他000860,3,常務董事,郭　箐
115法登他000860,4,董　事,張訓海
115法登他000860,5,常務董事,彭双浪
115法登他000860,6,董　事,張哲倫
115法登他000860,7,常務董事,李育杰
115法登他000860,8,董　事,林伯聰
115法登他000860,9,董　事,邱森彬
115法登他000860,10,常務董事,甘豐源
115法登他000860,13,董　事,林穎芳
115法登他000860,14,常務監事,張垂津
115法登他000860,15,董　事,李筱白
115法登他000860,16,董　事,吳麗惠
115法登他000860,17,監　事,陳依芸
115法登他000860,18,監　事,宋昂南
115法登他000861,1,董事長,吳東昇
115法登他000861,2,董　事,郭釧溥
115法登他000861,3,董　事,吳邦聲
115法登他000861,4,董　事,黃進興
115法登他000861,5,董　事,郭佳蕙
115法登他000861,6,董　事,吳惠文
115法登他000861,7,董　事,廖志峯
115法登他000862,1,理事長,顏瑞木
115法登他000862,2,理　事,郭金勝
115法登他000862,3,常務監事,周雅君
115法登他000862,4,常務理事,顏崑育
115法登他000862,5,理　事,蔡錫福
115法登他000862,6,理　事,楊文德
115法登他000862,7,理　事,林柏宏
115法登他000862,8,理　事,江振偉
115法登他000862,9,理　事,賴文彬
115法登他000862,10,監　事,曾湘穎
115法登他000862,11,常務理事,鄭鎔懷
115法登他000862,12,監　事,歐珈妤
115法登他000863,1,理事長,李勝陽
115法登他000863,2,監　事,周星輝
115法登他000863,3,理　事,呂順隆
115法登他000863,4,副理事長,陳東華
115法登他000863,5,理　事,周宥辰
115法登他000863,6,理　事,張　濤
115法登他000863,7,理　事,陳永斌
115法登他000863,8,監　事,黃清祥
115法登他000863,9,理　事,方聰杰
115法登他000863,10,副理事長,葉煥魁
115法登他000863,11,理　事,林宏基
115法登他000863,12,理　事,李鍵裕
115法登他000863,13,理　事,劉小嫻
115法登他000863,14,常務監事,劉憲旻
115法登他000864,1,董　事,廖冠綸
115法登他000864,2,董事長,陳日生
115法登他000864,3,董　事,黃玲娟
115法登他000864,4,董　事,蔡永煉
115法登他000864,5,董　事,李素珠
115法登他000864,6,董　事,李沛霆
115法登他000864,7,董　事,黃惠敏
115法登他000865,1,監　事,簡玥慧
115法登他000865,2,理　事,張哲維
115法登他000865,3,常務理事,王　涵
115法登他000865,4,理　事,李海琳
115法登他000865,5,理　事,張琳妮
115法登他000865,6,常務理事,黃映寧
115法登他000865,7,監　事,徐珮珊
115法登他000865,8,理　事,何守正
115法登他000865,9,理　事,洪儷涵
115法登他000865,10,常務監事,楊慧珺
115法登他000865,11,理事長,林憶茹
115法登他000865,12,理　事,吳薇娟
115法登他000866,1,董　事,蔡永豐
115法登他000866,2,董　事,吳月鳳
115法登他000866,3,董　事,簡貴昌
115法登他000866,4,副董事長,游炎嵐
115法登他000866,5,董　事,高榮聰
115法登他000866,6,監　事,林金石
115法登他000866,7,董　事,游忠証
115法登他000866,8,董　事,游秀貴
115法登他000866,9,董　事,林盛木
115法登他000866,10,監　事,周美祝
115法登他000866,11,監　事,王明義
115法登他000866,12,監　事,鄭黃吉
115法登他000866,13,董　事,吳春成
115法登他000866,14,董　事,邱元洪
115法登他000866,15,董　事,黃勝雄
115法登他000866,16,董　事,曾慶泉
115法登他000866,17,監　事,陳宗明
115法登他000866,18,董　事,廖林良玉
115法登他000866,19,董　事,賴明哲
115法登他000866,20,董事長,廖金雄
115法登他000866,21,董　事,張朝成
115法登他000866,22,常務監事,呂漢章
115法登他000866,23,董　事,徐文德
115法登他000866,24,董　事,王重棋
115法登他000866,25,董　事,劉　苺
115法登他000866,26,副董事長,仇雅彤
115法登他000866,27,監　事,盧連池
115法登他000866,28,董　事,翁幸德
115法登他000867,1,常務理事,王俊友
115法登他000867,2,常務監事,王鐘雄
115法登他000867,3,常務理事,陳福男
115法登他000867,4,理　事,王錦榮
115法登他000867,5,理　事,高傳凱
115法登他000867,6,常務理事,陳劭良
115法登他000867,7,理　事,王派峰
115法登他000867,8,理　事,鍾英鳳
115法登他000867,9,理　事,趙時樑
115法登他000867,10,常務理事,陳賓權
115法登他000867,11,理　事,張欽森
115法登他000867,12,理　事,陳吉紀
115法登他000867,13,理　事,吳清泉
115法登他000867,14,理　事,戴輝煌
115法登他000867,15,監　事,陳榮聰
115法登他000867,16,理事長,李賢義
115法登他000867,17,理　事,盧展猷
115法登他000867,18,監　事,余建勳
115法登他000868,1,董事長,陳元凱
115法登他000868,2,董　事,王廷俊
115法登他000868,5,董　事,詹俊彥
115法登他000868,6,董　事,林松雄
115法登他000868,7,董　事,張永珍
115法登他000868,8,董　事,蘇月娥
115法登他000868,14,董　事,陳柏序
115法登他000868,15,董　事,陳淑玲
115法登他000868,16,監察人,薛雅倩
115法登他000868,17,監察人,許程晏
115法登他000868,18,監察人,鄭若妤
115法登他000868,20,董　事,許碩茱
115法登他000869,1,董事長,吳東進
115法登他000869,2,董　事,洪子仁
115法登他000869,3,董　事,許嫺嫺
115法登他000869,4,董　事,張日政
115法登他000869,5,董　事,伍啟豪
115法登他000869,6,董　事,林文華
115法登他000869,7,董　事,林坤正
115法登他000869,8,董　事,吳昕東
115法登他000869,9,董　事,陸　榕
115法登他000870,1,董事長,林本源
115法登他000870,2,董　事,曹慶芳
115法登他000870,3,董　事,陳玫妏
115法登他000870,4,董　事,王翔鐘
115法登他000870,5,董　事,盧章智
115法登他000870,6,董　事,朱燦煌
115法登他000870,7,董　事,林榮茂
115法登他000870,9,董　事,許勝哲
115法登他000870,10,董　事,陳清芬
115法登他000870,11,監察人,吳鴻發
115法登他000871,1,常務理事,黃嵩立
115法登他000871,2,常務理事,林欣怡
115法登他000871,3,理　事,施逸翔
115法登他000871,4,理　事,邱伊翎
115法登他000871,5,理　事,林君潔
115法登他000871,6,理　事,"陳旻園 yapasuyongu  akuyana"
115法登他000871,7,理　事,孫友聯
115法登他000871,8,常務監事,陳雨凡
115法登他000871,9,理　事,李明洳
115法登他000871,10,理事長,徐偉群
115法登他000871,11,監　事,游鯉綺
115法登他000871,12,監　事,郭鴻儀
115法登他000872,1,理事長,顏家鈺
115法登他000872,2,副理事長,廖全平
115法登他000872,3,副理事長,施義芳
115法登他000872,4,副理事長,郭水義
115法登他000872,5,常務理事,魏雅庵
115法登他000872,6,常務理事,温琇玲
115法登他000872,7,常務理事,金群智
115法登他000872,8,理　事,柳健堂
115法登他000872,9,理　事,吳昇翰
115法登他000872,10,理　事,徐榮聰
115法登他000872,11,理　事,鍾鎮宇
115法登他000872,12,理　事,王義川
115法登他000872,13,理　事,呂曜志
115法登他000872,14,理　事,許恆壽
115法登他000872,15,理　事,蔡柏毅
115法登他000872,16,理　事,朱復銓
115法登他000872,17,理　事,崔懋森
115法登他000872,18,理　事,吳嘉沅
115法登他000872,19,理　事,張博堯
115法登他000872,20,理　事,李宗銘
115法登他000872,21,理　事,鄭名山
115法登他000872,22,常務監事,廖紫岑
115法登他000872,23,監　事,周光宙
115法登他000872,24,監　事,林建志
115法登他000872,25,監　事,陳芃棣
115法登他000872,26,監　事,薛煒立
115法登他000872,27,監　事,劉德宗
115法登他000872,28,監　事,陳劍威
115法登他000873,1,董事長,許茂雄
115法登他000873,2,董　事,陳澄芳
115法登他000873,3,董　事,曾懷瑩
115法登他000873,4,董　事,許兆晴
115法登他000873,5,董　事,許偉伸
115法登他000873,6,董　事,陳秋萍
115法登他000873,7,董　事,陳藝方
115法登他000874,1,董事長,漆畑日実
115法登他000874,2,董　事,堀田信宣
115法登他000874,3,董　事,汪渡村
115法登他000874,4,董　事,林德晃
115法登他000874,5,董　事,蔡茂松
115法登他000874,6,監察人,芝頂恩
115法登他000875,1,董　事,許文治
115法登他000875,2,常務董事,林奕杰
115法登他000875,3,常務董事,陳伯洋
115法登他000875,5,董事長,莊大立
115法登他000875,6,監察人,蔡明義
115法登他000875,7,常務董事,王陳鴻
115法登他000875,8,監察人,莊家誠
115法登他000875,9,監察人,林建佑
115法登他000875,10,董　事,賴永祥
115法登他000875,11,常務監察人,張市育
115法登他000875,12,董　事,莊宇龍
115法登他000875,13,董　事,黃朝源
115法登他000875,14,董　事,簡企健
115法登他000875,15,董　事,覺文郁
115法登他000875,16,常務董事,楊德華
115法登他000875,17,董　事,黃威翌
115法登他000875,18,董　事,林彥龍
115法登他000875,19,監察人,楊丞鈞
115法登他000875,20,董　事,林榮慶
115法登他000875,21,董　事,陳振中
115法登他000876,1,常務理事,張瀞文
115法登他000876,2,常務理事,蔡正立
115法登他000876,3,理　事,魏婕彤
115法登他000876,4,監　事,李思玫
115法登他000876,5,理　事,王姿文
115法登他000876,6,理　事,蔡佳凌
115法登他000876,7,監　事,謝朝曦
115法登他000876,8,理　事,邱雅均
115法登他000876,9,理　事,顏憶萍
115法登他000876,10,理事長,張源生
115法登他000876,11,理　事,王繼慈
115法登他000876,12,常務監事,蔡褚齡嫣
115法登他000877,1,董事長,黃昭欽
115法登他000877,2,董　事,鄭鈺宸
115法登他000877,3,監察人,莊鎮華
115法登他000877,4,董　事,王再福
115法登他000877,5,董　事,郭庭君
115法登他000877,6,董　事,李明信
115法登他000877,7,董　事,李佳璇
115法登他000877,8,董　事,鄭悅庭
115法登他000877,11,副董事長,林頂榮
115法登他000877,12,董　事,柯景淮
115法登他000877,13,董　事,商　禹
115法登他000877,14,董　事,黃一茂
115法登他000877,15,監察人,張嘉純
115法登他000877,16,董　事,謝龍隱
115法登他000877,17,董　事,翁燕菁
115法登他000877,19,董　事,李文宏
115法登他000877,20,董　事,簡建輝
115法登他000877,22,監察人,李衍斌
115法登他000877,23,董　事,吳芙蓉
115法登他000877,24,常務監察人,李國添
115法登他000877,25,董　事,石慶豐
115法登他000877,26,監察人,葉眉青
115法登他000877,27,董　事,陳皇誠
115法登他000877,28,董　事,何婉君
115法登他000879,1,董事長,賴坤成
115法登他000879,2,常務董事,姚士源
115法登他000879,3,常務董事,許永議
115法登他000879,4,常務董事,鄒清長
115法登他000879,5,常務董事,吳百仁
115法登他000879,6,董　事,李孟惠
115法登他000879,7,董　事,陳汾蘭
115法登他000879,8,董　事,李宜謙
115法登他000879,9,董　事,王敏節
115法登他000879,10,董　事,鄭晏昕
115法登他000879,11,董　事,謝建達
115法登他000879,12,董　事,曾庭熙
115法登他000879,13,董　事,李錦東
115法登他000879,14,董　事,林坤宏
115法登他000879,15,監察人,張鈞華
115法登他000879,16,常務監察人,李怡欣
115法登他000879,17,董　事,吳明蕙
115法登他000879,18,監察人,尚光琪
115法登他000880,2,常務董事,陳鑫益
115法登他000880,4,董　事,謝燕如
115法登他000880,5,董　事,林芷蕾
115法登他000880,6,董　事,莊老達
115法登他000880,7,董　事,彭克仲
115法登他000880,8,董　事,古雪雲
115法登他000880,9,董事長,蔡復進
115法登他000880,10,董　事,周師文
115法登他000880,11,董　事,郭章信
115法登他000880,12,董　事,郭華仁
115法登他000880,13,董　事,何景澤
115法登他000880,14,監察人,鄒信南
115法登他000880,15,董　事,張嘉玲
115法登他000880,16,常務董事,温祖康
115法登他000880,17,董　事,林瑞蓬
115法登他000880,18,董　事,楊明憲
115法登他000880,19,監察人,林秋燕
115法登他000880,20,監察人,林素玲
115法登他000880,21,監察人,蕭光宏
115法登他000880,22,常務監察人,江聰淵
115法登他000881,1,董事長,黃志芳
115法登他000881,2,董　事,高仙桂
115法登他000881,3,董　事,劉揚偉
115法登他000881,4,董　事,劉玉娟
115法登他000881,5,副董事長,江文若
115法登他000881,6,董　事,許舒博
115法登他000881,7,董　事,吳東亮
115法登他000881,8,董　事,潘俊榮
115法登他000881,9,董　事,胡啟娟
115法登他000881,12,董　事,陳勇勝
115法登他000881,15,董　事,李麗珍
115法登他000881,17,董　事,楊雲裕
115法登他000881,19,董　事,杜文珍
115法登他000881,21,董　事,詹賀博
115法登他000881,22,董　事,江清松
115法登他000881,29,董　事,柯拔希
115法登他000881,37,董　事,王峻益
115法登他000881,38,董　事,蔡烱民
115法登他000881,39,監察人,陳淑靜
115法登他000881,40,監察人,董瑞斌
115法登他000881,41,副董事長,陳昱凱
115法登他000881,42,董　事,謝慶堂
115法登他000881,43,監察人,蘇雲嶢
115法登他000881,44,監察人,林宸慶
115法登他000881,45,監察人,朱興華
115法登他000881,46,董　事,黃教漳
115法登他000881,47,監察人,林清安
115法登他000881,48,董　事,吳宗賢
115法登他000881,49,董　事,張剛綸
115法登他000881,51,監察人,李建輝
115法登他000881,52,監察人,王榮周
115法登他000881,53,董　事,吳坤正
115法登他000881,54,董　事,李慶雲
115法登他000882,1,理　事,曾于娟
115法登他000882,2,常務理事,郭峻良
115法登他000882,3,理　事,徐子航
115法登他000882,4,理　事,許勝評
115法登他000882,5,理　事,盧泰良
115法登他000882,6,理　事,劉育佳
115法登他000882,7,理　事,張文忠
115法登他000882,8,理　事,張毓仁
115法登他000882,9,常務監事,李忠興
115法登他000882,10,理　事,何俊德
115法登他000882,11,常務理事,黃昱霖
115法登他000882,13,監　事,王郁智
115法登他000882,15,理　事,藍明賢
115法登他000882,16,理　事,謝育佳
115法登他000882,18,副理事長,柯雯青
115法登他000882,19,監　事,羅信義
115法登他000882,20,監　事,張瑞青
115法登他000882,21,理　事,蔣寶漳
115法登他000882,22,理　事,陳易駿
115法登他000882,23,副理事長,張恆銘
115法登他000882,24,監　事,張禎容
115法登他000882,25,理事長,遲玉堃
115法登他000883,1,常務董事,張銘章
115法登他000883,2,董　事,呂安樂
115法登他000883,3,董　事,譚昌文
115法登他000883,5,董　事,陳俊宏
115法登他000883,6,董　事,王裕華
115法登他000883,7,董　事,"金炳勇(KIM PETER B)"
115法登他000883,9,董　事,"AU ALMOND KA HO"
115法登他000883,11,董事長,李湘陵
115法登他000883,13,董　事,"麥大衛(MACRAILD DAVID ALEXANDER)"
115法登他000884,1,理事長,張福源
115法登他000884,2,常務理事,蘇冠誌
115法登他000884,3,常務理事,姚淑華
115法登他000884,4,理　事,施瑩佳
115法登他000884,5,理　事,張秀蓮
115法登他000884,6,理　事,謝明珠
115法登他000884,7,理　事,王澤毅
115法登他000884,8,理　事,吳國賓
115法登他000884,9,理　事,張振銘
115法登他000884,10,常務監事,林冠樺
115法登他000884,11,監　事,蔡惟軒
115法登他000884,12,監　事,吳淑芳
115法登他000885,1,理　事,汪佑襄
115法登他000885,2,常務監事,陳威仁
115法登他000885,3,理　事,蔡德忠
115法登他000885,5,監　事,邱禮儀
115法登他000885,6,理　事,殷為瑩
115法登他000885,7,理　事,黃淵儒
115法登他000885,8,常務理事,謝賢仁
115法登他000885,9,常務理事,林銅祿
115法登他000885,10,副理事長,王惠弘
115法登他000885,11,常務監事,楊思源
115法登他000885,12,理　事,陳昱萍
115法登他000885,13,常務理事,陳青蓉
115法登他000885,14,常務理事,郭孟鎧
115法登他000885,15,理　事,周良頴
115法登他000885,16,理　事,陳佳慧
115法登他000885,18,理　事,郭崇文
115法登他000885,19,理　事,林浚禹
115法登他000885,20,理　事,曾雲龍
115法登他000885,21,理　事,元立昇
115法登他000885,22,監　事,蘇家君
115法登他000885,23,監　事,王郁傑
115法登他000885,24,副理事長,林命權
115法登他000885,25,監　事,朱榮宗
115法登他000885,27,理　事,李其澧
115法登他000885,28,理　事,蕭振明
115法登他000885,29,理　事,周祺軒
115法登他000885,30,理　事,張菁桂
115法登他000885,31,常務理事,黃柏熊
115法登他000885,32,監事會召集人,鄭育修
115法登他000885,33,監　事,黃郁茹
115法登他000885,34,理　事,劉騰徽
115法登他000885,35,常務理事,廖思淳
115法登他000885,36,理　事,朱祁珊
115法登他000885,37,理　事,張佑好
115法登他000885,38,監　事,林青吉
115法登他000885,39,理事長,陳誼芬
115法登他000886,1,董　事,鍾志宏
115法登他000886,2,董　事,王怡文
115法登他000886,3,董　事,王麗惠
115法登他000886,4,董　事,許永明
115法登他000886,5,董　事,林秀燕
115法登他000886,6,董事長,張玉煇
115法登他000886,7,董　事,周中哲
115法登他000886,8,董　事,梁正德
115法登他000886,9,監察人,劉純斌
115法登他000886,10,董　事,蔡漢凌
115法登他000886,11,監察人,蔡鈺泰
115法登他000886,12,董　事,陳嵐君
115法登他000886,13,董　事,辛敬賢
115法登他000886,14,監察人,許碩芬
115法登他000887,1,理　事,劉錦揚
115法登他000887,2,理　事,王維君
115法登他000887,3,理　事,賴俊揚
115法登他000887,4,理　事,宗群珮
115法登他000887,5,理　事,謝冠群
115法登他000887,6,理　事,蔡裕煒
115法登他000887,7,理　事,許衍熙
115法登他000887,8,理　事,陳彥希
115法登他000887,9,監　事,高孟熙
115法登他000887,10,理　事,徐廷榕
115法登他000887,11,理　事,蔡坤修
115法登他000887,12,理　事,張東朝
115法登他000887,13,常務監事,姜宇駿
115法登他000887,14,理　事,徐鈴美
115法登他000887,15,監　事,王山月
115法登他000887,16,理事長,蔡逸泓
115法登他000888,3,董　事,沈惠珠
115法登他000888,5,董　事,陳清香
115法登他000888,7,董　事,越建東
115法登他000888,8,董　事,陳仕信
115法登他000888,12,董　事,梁茂生
115法登他000888,16,董　事,陳雪娥
115法登他000888,17,董　事,趙飛鵬
115法登他000888,18,董　事,周寶珠
115法登他000888,19,董　事,林彥宏
115法登他000888,20,董　事,莊吳絹
115法登他000888,21,董事長,陳昭義
115法登他000889,1,董　事,吳永猛
115法登他000889,3,董　事,熊　琬
115法登他000889,11,董　事,郭政育
115法登他000889,13,董　事,賴鈺玫
115法登他000889,14,董　事,梁茂生
115法登他000889,15,董　事,越建東
115法登他000889,16,董　事,沈惠珠
115法登他000889,17,董　事,李建忠
115法登他000889,18,董　事,林彥宏
115法登他000889,19,董　事,莊吳絹
115法登他000889,20,董事長,陳昭義
115法登他000890,1,董　事,邱永順
115法登他000890,3,董　事,沈惠珠
115法登他000890,6,董　事,陳金玲
115法登他000890,7,董　事,梁茂生
115法登他000890,8,董　事,陳雪娥
115法登他000890,9,董　事,李盈寬
115法登他000890,11,董　事,沈正玔
115法登他000890,12,董　事,賴鈺玫
115法登他000890,13,董　事,林彥宏
115法登他000890,14,董　事,莊吳絹
115法登他000890,15,董事長,陳昭義
115法登他000891,2,董　事,劉美蘭
115法登他000891,4,董事長,邱增玉
115法登他000891,5,董　事,劉麗雯
115法登他000891,6,董　事,曾秉仁
115法登他000891,7,董　事,吳秋英
115法登他000891,8,董　事,余　天
115法登他000891,9,董　事,劉　雲
115法登他000891,10,董　事,徐承志
115法登他000891,11,董　事,許婉琪
115法登他000892,1,常務理事,吳秀倫
115法登他000892,2,理事長,黃燕玲
115法登他000892,3,常務理事,高端訓
115法登他000892,4,常務理事,陳茂鴻
115法登他000892,5,常務理事,胡瑞柔
115法登他000892,6,理　事,邱繼弘
115法登他000892,7,理　事,楊欣怡
115法登他000892,8,理　事,潘昱廷
115法登他000892,9,理　事,林麗玲
115法登他000892,10,理　事,陳菀儒
115法登他000892,11,理　事,曾盛麟
115法登他000892,12,理　事,鄭景元
115法登他000892,13,理　事,楊大德
115法登他000892,14,理　事,李鴻鈞
115法登他000892,15,理　事,陳利澤
115法登他000892,16,常務監事,郭瑞祥
115法登他000892,17,監　事,王國烜
115法登他000892,18,監　事,周樹林
115法登他000892,19,監　事,鈕則勳
115法登他000892,20,監　事,陳柏宇
115法登他000893,1,常務董事,謝維倫
115法登他000893,2,副董事長,段書厚
115法登他000893,3,監察人,蘇雅惠
115法登他000893,4,董　事,楊慧芳
115法登他000893,5,董事長,何燕玲
115法登他000893,6,常務監察人,宮崎伸滋
115法登他000893,7,常務董事,張耕宇
115法登他000893,8,董　事,李　璟
115法登他000893,9,董　事,何秀堃
115法登他000893,10,董　事,李天鐸
115法登他000893,11,常務董事,楊國修
115法登他000893,12,監察人,曹馨引
115法登他000894,1,理　事,楊家豪
115法登他000894,2,理　事,游喻絲
115法登他000894,3,理　事,陳馨梅
115法登他000894,4,常務理事,林耕國
115法登他000894,5,理　事,蔡翔翎
115法登他000894,6,監　事,巫怡萱
115法登他000894,7,理　事,蕭佳雯
115法登他000894,8,理　事,張馨文
115法登他000894,9,理事長,侯鈞賀
115法登他000894,10,理　事,陳怡碩
115法登他000894,11,理　事,張婉嫈
115法登他000894,12,常務理事,林佳琪
115法登他000894,13,常務監事,林欣怡
115法登他000894,14,監　事,廖國盟
115法登他000895,1,常務理事,呂大文
115法登他000895,2,理事長,陳怡豪
115法登他000895,3,常務理事,江世豐
115法登他000895,4,理　事,徐文錦
115法登他000895,5,理　事,蔡宏仁
115法登他000895,6,理　事,馮珮綺
115法登他000895,7,理　事,陳螢雪
115法登他000895,8,理　事,彭建文
115法登他000895,9,理　事,蘇銘源
115法登他000895,10,常務監事,陳光玲
115法登他000895,11,監　事,李重慶
115法登他000895,12,監　事,強美娟
115法登他000896,1,會　長,葉俊毅
115法登他000896,2,理　事,朱冠宗
115法登他000896,3,理　事,蔡建和
115法登他000896,4,理　事,饒允政
115法登他000896,5,理　事,馬英傑
115法登他000896,6,理　事,農嵂茗
115法登他000896,7,理　事,楊　光
115法登他000896,8,監　事,陳明智
115法登他000896,9,理　事,洪碧芳
115法登他000896,10,監　事,何光燿
115法登他000896,11,常務監事,陳宗仁
115法登他000896,12,理　事,張毓鴻
115法登他000897,1,董　事,黃威翔
115法登他000897,2,董　事,黃金德
115法登他000897,3,董　事,黃良清
115法登他000897,4,董　事,黃侯恭
115法登他000897,5,監察人,黃柏仁
115法登他000897,6,董　事,陳莉雯
115法登他000897,7,董　事,黃江林
115法登他000897,8,董　事,黃適時
115法登他000897,9,董　事,黃世福
115法登他000897,10,董　事,黄奕昶
115法登他000897,11,監察人,黃振剛
115法登他000897,12,董　事,黃啟國
115法登他000897,13,董　事,黃豐猷
115法登他000897,14,董　事,黃友至
115法登他000897,15,董　事,黃麗貞
115法登他000897,16,董事長,黃奕輝
115法登他000897,17,監察人,黃浤福
115法登他000897,18,監察人,黃教銘
115法登他000897,19,監察人,黃智遠
115法登他000897,20,董　事,黃建立
115法登他000898,2,董　事,陳慧娟
115法登他000898,3,董　事,李奕君
115法登他000898,6,董　事,張哲琛
115法登他000898,9,董事長,陳淑姿
115法登他000898,11,副董事長,蔡鴻坤
115法登他000898,12,董　事,許一娟
115法登他000898,14,董　事,蔡鈺泰
115法登他000898,15,董　事,吳欣宜
115法登他000898,16,董　事,林慶隆
115法登他000898,17,董　事,徐守國
115法登他000898,18,董　事,潘寧馨
115法登他000898,19,董　事,潘清鴻
115法登他000898,20,董　事,許永議
115法登他000898,21,董　事,陳梅英
115法登他000898,22,董　事,張惟明
115法登他000899,1,董　事,張元宵
115法登他000899,3,董　事,吳東亮
115法登他000899,4,董　事,張宏嘉
115法登他000899,5,董　事,侯翠芬
115法登他000899,6,董　事,黃光男
115法登他000899,12,董　事,黃冠豪
115法登他000899,13,董事長,侯翠杏
115法登他000899,14,董　事,吳統雄
115法登他000899,15,董　事,張克明
115法登他000900,1,理事長,"Aasa Charlotta Noren"
115法登他000900,2,副理事長,"Louise Anna Charlotta Wikstrom"
115法登他000900,3,常務理事,蔡宜芳
115法登他000900,4,理　事,"Karl William Billy Andersson"
115法登他000900,5,理　事,"Mitra Barun Neogy"
115法登他000900,6,理　事,張智捷
115法登他000900,7,理　事,鄭錫寶
115法登他000900,8,理　事,"Sibel Bahadir Aydogmus"
115法登他000900,9,理　事,余倩梅
115法登他000900,10,常務監事,"Johan Anders Ake Skarendal"
115法登他000900,11,監　事,"Estelle Lea Jennifer Seiler"
115法登他000900,12,監　事,吳霽儒
115法登他000901,1,董事長,周玉嘉
115法登他000901,2,"董  事",劉美娥
115法登他000901,3,"董  事",許德賢
115法登他000901,4,"董  事",陳一強
115法登他000901,5,"董  事",李佩璋
115法登他000901,6,"董  事",黃懿文
115法登他000901,7,"董  事",周淑卿
115法登他000902,1,董事長,黃文鴻
115法登他000902,2,董　事,干文元
115法登他000902,3,董　事,文　聞
115法登他000902,4,董　事,李家恩
115法登他000902,5,董　事,李耿誠
115法登他000902,6,董　事,林松章
115法登他000902,7,董　事,曾陽晴
115法登他000902,8,董　事,張舒晴
115法登他000902,9,董　事,詹清壽
115法登他000902,10,董　事,鄭潔心
115法登他000902,11,董　事,蕭揚江
115法登他000902,12,常務監察人,劉郁純
115法登他000902,13,監察人,林注進
115法登他000902,14,監察人,孫立群
115法登他000903,1,董事長,王景春
115法登他000903,2,董　事,杜昭理
115法登他000903,3,董　事,李婉琛
115法登他000903,4,董　事,姚武榮
115法登他000903,5,董　事,蘇秋錦
115法登他000903,6,董　事,高正吉
115法登他000903,7,董　事,蔡茂堂
115法登他000904,1,董事長,許積臯
115法登他000904,5,董　事,陳蘭芳
115法登他000904,6,董　事,欒文斌
115法登他000904,7,董　事,李嘉健
115法登他000904,8,董　事,郭娀慧
115法登他000907,1,理　事,陸麟錚
115法登他000907,2,常務理事,柯承恩
115法登他000907,3,常務理事,劉文正
115法登他000907,4,理　事,胡憲倫
115法登他000907,5,理　事,陳富煒
115法登他000907,6,監　事,陳宗鎮
115法登他000907,7,常務理事,薛明玲
115法登他000907,8,理　事,翁文祺
115法登他000907,9,理　事,林之晨
115法登他000907,10,監　事,傅文芳
115法登他000907,11,常務理事,陳清祥
115法登他000907,12,理　事,許永欽
115法登他000907,13,常務理事,劉連煜
115法登他000907,14,理　事,鄭　村
115法登他000907,16,理　事,陳麗卿
115法登他000907,17,常務監事,羅名威
115法登他000907,18,理　事,魏永篤
115法登他000907,19,理事長,朱竹元
115法登他000907,20,監　事,周寶蓮
115法登他000907,21,理　事,王群中
115法登他000907,22,監　事,陳宇紳
115法登他000907,23,監事會召集人,林嬋娟
115法登他000907,24,理　事,陳春山
115法登他000907,25,理　事,葉秀惠
115法登他000907,26,理　事,黃偉祥
115法登他000907,27,常務監事,王文宇
115法登他000907,28,理　事,王金來
115法登他000907,29,副理事長,蒲樹盛
115法登他000907,30,理　事,柯志賢
115法登他000907,31,理　事,李彥興
115法登他000907,32,常務理事,黃顯華
115法登他000907,33,常務理事,張心悌
115法登他000907,35,理　事,周紋祺
115法登他000907,37,副理事長,林建中
115法登他000907,39,理　事,劉鎮圖
115法登他000907,43,監　事,朱德芳
115法登他000907,44,理　事,黃帥升
115法登他000907,45,理　事,陳世杰
115法登他000907,46,監　事,陳建信
115法登他000907,47,副理事長,金玉瑩
115法登他000907,48,理　事,林純正
115法登他000907,49,理　事,吳志光
115法登他000908,1,董事長,林思宏
115法登他000908,2,董　事,林冠宏
115法登他000908,3,董　事,黃永銘
115法登他000908,4,董　事,陳彥融
115法登他000908,5,董　事,柯光隆
115法登他000908,6,董　事,張亞玫
115法登他000908,7,董　事,毛若宇
115法登他000909,1,理事長,趙永茂
115法登他000909,2,理　事,王宏文
115法登他000909,3,副理事長,張壯熙
115法登他000909,4,監　事,宋威穎
115法登他000909,5,理　事,王保鍵
115法登他000909,6,理　事,陳建仁
115法登他000909,7,理　事,王光旭
115法登他000909,8,理　事,方凱弘
115法登他000909,9,理　事,左宜恩
115法登他000909,10,理　事,許耿銘
115法登他000909,11,理　事,李天申
115法登他000909,12,理　事,陳秋政
115法登他000909,13,監　事,劉兆隆
115法登他000909,14,常務監事,郭銘峰
115法登他000909,15,理　事,王皓平
115法登他000909,16,副理事長,劉坤億
115法登他000909,17,理　事,黃一峯
115法登他000909,18,理　事,陳文學
115法登他000910,1,董　事,鄭幸章
115法登他000910,2,董　事,鄭　石
115法登他000910,3,董　事,鄭金松
115法登他000910,4,董　事,鄭樵安
115法登他000910,5,董　事,鄭樺榮
115法登他000910,6,監　事,鄭淵仁
115法登他000910,7,董　事,鄭明坤
115法登他000910,8,董　事,鄭明裕
115法登他000910,9,監　事,鄭勝治
115法登他000910,10,董　事,鄭陳成
115法登他000910,11,董事長,鄭明聰
115法登他000910,12,董　事,鄭明仁
115法登他000910,13,董　事,鄭添進
115法登他000910,14,監　事,鄭元涪
115法登他000910,15,董　事,鄭金洞
115法登他000910,16,董　事,鄭永進
115法登他000910,17,董　事,鄭德生
115法登他000910,18,董　事,鄭朝陽
115法登他000910,19,董　事,鄭　鏞
115法登他000910,20,常務監事,鄭明煥
115法登他000910,21,董　事,鄭梦鐘
115法登他000911,1,常務董事,羅承宗
115法登他000911,2,董　事,羅秉成
115法登他000911,3,常務董事,黃居正
115法登他000911,4,董　事,鄭文龍
115法登他000911,5,監察人,黃帝穎
115法登他000911,6,常務董事,廖福特
115法登他000911,7,監察人,李明峻
115法登他000911,8,監察人,林佳和
115法登他000911,9,董　事,宋承恩
115法登他000911,10,董　事,吳豪人
115法登他000911,11,董　事,許嘉恬
115法登他000911,12,董事長,辜王美琇
115法登他000911,13,董　事,洪偉勝
115法登他000911,14,常務董事,林宜正
115法登他000912,1,董事長,陳鈴蕙
115法登他000912,2,董　事,劉芊勻
115法登他000912,3,董　事,邱智揮
115法登他000912,4,董　事,謝心盈
115法登他000912,5,董　事,鄭馳融
115法登他000912,10,董　事,林坤霖
115法登他000912,11,董　事,何志欣
115法登他000912,12,董　事,賴秀宜
115法登他000912,13,董　事,陳玉旻
115法登他000912,14,董　事,許友松
115法登他000912,15,董　事,張介彥
115法登他000912,16,董　事,張明昌
115法登他000912,17,董　事,廖文暄
115法登他000912,18,董　事,范綱民
115法登他000912,19,董　事,程琮順
115法登他000912,20,董　事,劉建杉
115法登他000912,21,董　事,傅柏翔
115法登他000913,1,董　事,王枒龍
115法登他000913,2,董事長,林柏壽
115法登他000913,3,董　事,張秀英
115法登他000913,4,董　事,蕭丞宇
115法登他000913,5,董　事,廖繼坤
115法登他000913,6,董　事,謝英智
115法登他000913,7,董　事,施貞同
115法登他000913,8,董　事,李佳皇
115法登他000913,9,董　事,洪詠恩
115法登他000914,1,董事長,温三郎
115法登他000914,2,董　事,戴于文
115法登他000914,3,董　事,林有志
115法登他000914,4,董　事,曾燦金
115法登他000914,5,董　事,陳惠君
115法登他000914,6,董　事,劉奕霆
115法登他000914,7,董　事,鄭榮城
115法登他000915,1,董　事,吳欣盈
115法登他000915,2,董　事,吳昕紘
115法登他000915,3,董　事,吳東昇
115法登他000915,4,董　事,施桂花
115法登他000915,5,董　事,鍾永鴻
115法登他000915,6,董事長,吳敏暐
115法登他000915,7,董　事,吳邦聲
115法登他000915,8,董　事,張淑娣
115法登他000915,9,董　事,黃進興
115法登他000916,1,會　長,邱炳坤
115法登他000916,2,監　事,施秀蓉
115法登他000916,3,副會長,黃娟娟
115法登他000916,4,理　事,楊昌斌
115法登他000916,5,副會長,林秀卿
115法登他000916,6,理　事,陳文詮
115法登他000916,7,理　事,相子元
115法登他000916,8,常務理事,黃智能
115法登他000916,9,理　事,李祐穎
115法登他000916,10,常務理事,許光麃
115法登他000916,11,理　事,簡瑞宇
115法登他000916,12,常務理事,連玉輝
115法登他000916,13,理　事,林献巃
115法登他000916,14,理　事,廖俊儒
115法登他000916,15,理　事,蔡文程
115法登他000916,16,理　事,陳嘉康
115法登他000916,17,理　事,陳克舟
115法登他000916,18,理　事,金敏玲
115法登他000916,19,理　事,謝韶航
115法登他000916,20,理　事,蕭玉琴
115法登他000916,21,理　事,温延傑
115法登他000916,22,常務理事,鄭俊傑
115法登他000916,23,理　事,蕭新榮
115法登他000916,24,常務理事,林惟鐘
115法登他000916,25,常務理事,盧正崇
115法登他000916,26,理　事,張世沛
115法登他000916,27,理　事,宋一夫
115法登他000916,28,常務理事,蔡豐任
115法登他000916,29,理　事,林信佑
115法登他000916,30,理　事,陳政達
115法登他000916,31,理　事,羅旭壯
115法登他000916,32,監事會召集人,唐吉民
115法登他000916,33,副會長,王建臺
115法登他000916,34,理　事,張玉治
115法登他000916,35,理　事,陳美菁
115法登他000916,36,監　事,王佩凡
115法登他000916,37,監　事,陳膺成
115法登他000916,38,常務監事,黃瑞榮
115法登他000916,39,監　事,楊佳政
115法登他000916,40,理　事,李詩賓
115法登他000916,41,理　事,杜光玉
115法登他000916,42,監　事,簡桂彬
115法登他000916,43,常務監事,鄧碧珍
115法登他000916,44,監　事,甘乃文
115法登他000916,45,監　事,詹建人
115法登他000916,46,監　事,洪大程
115法登他000917,1,常務理事,廖俶滇
115法登他000917,2,常務理事,田展艾
115法登他000917,3,監　事,喬慧英
115法登他000917,4,理事長,葉鴻棋
115法登他000917,5,理　事,黃小真
115法登他000917,6,理　事,汪家慶
115法登他000917,7,理　事,王鼎傑
115法登他000917,8,理　事,陳柔慧
115法登他000917,9,理　事,江德明
115法登他000917,10,常務監事,陳俊逸
115法登他000917,11,監　事,顏震宇
115法登他000917,12,理　事,馮文嬿
115法登他000918,1,董事長,蔡瑤玲
115法登他000918,2,董　事,李怡欣
115法登他000918,3,董　事,王雲幼
115法登他000918,4,董　事,曾瑞媛
115法登他000918,5,董　事,王緯宸
115法登他000918,6,董　事,周素玲
115法登他000918,7,董　事,張　琦
115法登他000919,1,董事長,葉力誠
115法登他000919,2,董　事,曲曉瀅
115法登他000919,3,董　事,游進寶
115法登他000919,4,董　事,陳進財
115法登他000919,5,董　事,曾炳榮
115法登他000919,6,董　事,張景嵩
115法登他000919,7,董　事,王柄輝
115法登他000919,8,董　事,葉錠坤
115法登他000919,9,董　事,林厚志
115法登他000920,2,董　事,許嘉生
115法登他000920,3,董　事,陳明汝
115法登他000920,4,常務董事,楊世沛
115法登他000920,5,常務董事,王振宇
115法登他000920,6,董事長,張裕屏
115法登他000920,7,監察人,林嘉德
115法登他000920,9,董　事,賴曉芬
115法登他000920,10,常務董事,韓家寅
115法登他000920,11,董　事,林榮杉
115法登他000920,12,常務董事,廖啓成
115法登他000920,13,董　事,趙守堯
115法登他000920,16,董　事,周志勲
115法登他000920,17,監察人,彭賢能
115法登他000920,18,董　事,李瓊妮
115法登他000920,19,董　事,陳肇浩
115法登他000920,20,監察人,王聖方
115法登他000920,21,董　事,邱石崇
115法登他000920,22,董　事,黃正田
115法登他000920,23,董　事,顏國欽
115法登他000920,24,董　事,許嘉麟
115法登他000920,25,董　事,陳建志
115法登他000920,26,監察人,莊麗珠
115法登他000920,27,董　事,謝清銀
115法登他000920,28,董　事,洪宗林
115法登他000920,29,常務董事,孫璐西
115法登他000920,30,常務董事,吳明敏
115法登他000920,31,常務董事,侯惠茹
115法登他000920,32,董　事,劉芳銘
115法登他000920,33,董　事,陳秀卿
115法登他000920,34,常務監察人,陳國訓
115法登他000921,1,董事長,李光燾
115法登他000921,3,董　事,陳長文
115法登他000921,5,董　事,陳佳菁
115法登他000921,6,董　事,李念祖
115法登他000921,8,董　事,李家慶
115法登他000921,9,董　事,范　鮫
115法登他000921,10,董　事,張宏賓
115法登他000921,11,董　事,黃章典
115法登他000921,12,董　事,林　瑤
115法登他000921,13,董　事,吳志光
115法登他000921,14,董　事,曹明中
115法登他000922,1,理事長,趙永吉
115法登他000922,2,理　事,陳昭煌
115法登他000922,3,理　事,陳坤立
115法登他000922,4,常務理事,馬智明
115法登他000922,5,理　事,陳昭滿
115法登他000922,6,常務理事,羅際元
115法登他000922,7,理　事,劉進上
115法登他000922,8,理　事,關俊偉
115法登他000922,9,理　事,陳英俊
115法登他000922,10,監　事,林招慧
115法登他000922,11,常務監事,劉健宏
115法登他000922,12,監　事,高淑鳳
115法登他000923,1,理　事,徐啟樺
115法登他000923,2,常務理事,許明月
115法登他000923,3,常務理事,洪美珠
115法登他000923,4,常務理事,李忠成
115法登他000923,5,常務理事,林景埜
115法登他000923,6,理　事,徐文浪
115法登他000923,7,常務監事,李建中
115法登他000923,8,理　事,楊月娥
115法登他000923,9,理事長,陳功明
115法登他000923,10,理　事,羅元泉
115法登他000923,11,理　事,陳亨文
115法登他000923,12,理　事,楊木己
115法登他000923,13,監　事,張世傑
115法登他000923,14,理　事,鄭雅禎
115法登他000923,15,監　事,王雲程
115法登他000923,16,理　事,李建興
115法登他000923,17,監　事,張永信
115法登他000923,18,理　事,林妙娟
115法登他000923,19,監　事,林金生
115法登他000923,20,理　事,陳碧珍
115法登他000923,21,理　事,謝錦海
115法登他000923,22,理　事,鄭美菊
115法登他000924,1,董　事,陳哲陽
115法登他000924,2,董　事,江博煌
115法登他000924,3,董事長,蕭廣仁
115法登他000924,4,常務董事,李發耀
115法登他000924,5,常務董事,郭旭崧
115法登他000924,6,董　事,周成功
115法登他000924,7,董　事,葉文英
115法登他000924,8,董　事,沈弘德
115法登他000924,9,董　事,陳進財
115法登他000925,1,董事長,何紀芳
115法登他000925,2,董　事,張益榮
115法登他000925,3,常務董事,郭　箐
115法登他000925,4,董　事,張訓海
115法登他000925,5,常務董事,彭双浪
115法登他000925,6,董　事,張哲倫
115法登他000925,7,常務董事,李育杰
115法登他000925,8,董　事,林伯聰
115法登他000925,9,董　事,邱森彬
115法登他000925,10,常務董事,甘豐源
115法登他000925,13,董　事,林穎芳
115法登他000925,14,常務監事,張垂津
115法登他000925,15,董　事,李筱白
115法登他000925,16,董　事,吳麗惠
115法登他000925,17,監　事,陳依芸
115法登他000925,18,監　事,宋昂南
115法登他000926,1,董　事,張益豐
115法登他000926,2,董　事,周霞麗
115法登他000926,3,董　事,杜隆欽
115法登他000926,4,董　事,梅　驊
115法登他000926,5,董　事,黃瑞桐
115法登他000926,6,董　事,陳平舜
115法登他000926,7,董　事,張美瑗
115法登他000926,8,董　事,洪志勳
115法登他000926,9,董　事,蔡宗衡
115法登他000926,10,董　事,楊錦洲
115法登他000926,11,董　事,林雍堯
115法登他000926,12,董　事,吳肇銘
115法登他000926,13,董　事,歐宏仁
115法登他000926,14,董　事,郭品泓
115法登他000926,15,董事長,謝建新
115法登他000927,1,董　事,山崎房生
115法登他000927,2,董　事,邱蔡綉妙
115法登他000927,3,董　事,洪美枣
115法登他000927,4,董　事,蔡高嵩
115法登他000927,5,董　事,孫鄭省仔
115法登他000927,6,董　事,岡田悟
115法登他000927,7,董事長,岡川崇
115法登他000928,1,董事長,李文造
115法登他000928,2,董　事,吳正牧
115法登他000928,3,董　事,王榮山
115法登他000928,4,董　事,賴水成
115法登他000928,5,董　事,黃琛傑
115法登他000928,7,董　事,彭國豐
115法登他000928,8,董　事,陳武雄
115法登他000929,1,董　事,林至美
115法登他000929,2,副董事長,張平沼
115法登他000929,3,董　事,吳永強
115法登他000929,4,董　事,蔡妙慈
115法登他000929,5,常務董事,周俊吉
115法登他000929,6,董事長,許添財
115法登他000929,7,董　事,許育瑞
115法登他000929,9,常務董事,胡啟娟
115法登他000929,10,董　事,韓蔚廷
115法登他000929,11,董　事,戴婉蓉
115法登他000929,12,董　事,蕭玉美
115法登他000929,13,董　事,江誠榮
115法登他000929,14,董　事,劉玉蘭
115法登他000929,15,董　事,吳昕陽
115法登他000929,16,董　事,林千惠
115法登他000929,17,常務董事,王光祥
115法登他000929,18,董　事,許又銘
115法登他000929,19,常務董事,江文若
115法登他000929,20,監察人,黃慧珠
115法登他000929,21,常務董事,蔡群儀
115法登他000929,22,常務監察人,王雅玲
115法登他000929,23,董　事,許舒博
115法登他000929,24,董　事,盧碧黛
115法登他000929,25,監察人,李友青
115法登他000930,1,常務理事,林渝潼
115法登他000930,2,常務理事,黃俊生
115法登他000930,3,理　事,賴慧蓉
115法登他000930,4,監　事,楊運德
115法登他000930,5,理　事,簡范筠安
115法登他000930,6,監　事,吳敏慧
115法登他000930,7,理事長,龔國慶
115法登他000930,8,監　事,許宏宗
115法登他000930,9,理　事,蘇婉如
115法登他000930,10,監　事,陳麗雲
115法登他000930,11,理　事,黃月雲
115法登他000930,12,理　事,陳碧華
115法登他000930,13,常務理事,莊忠進
115法登他000930,14,理　事,何懿玲
115法登他000930,15,理　事,江麗鵑
115法登他000930,16,常務監事,陳　敦
115法登他000930,17,常務理事,劉新美
115法登他000930,18,理　事,王麗儒
115法登他000930,19,理　事,黃梅芬
115法登他000930,20,理　事,許惠敏
115法登他000931,1,董　事,王公翰
115法登他000931,2,董事長,王公獻
115法登他000931,4,董　事,林子超
115法登他000931,5,董　事,林秀珠
115法登他000931,7,董　事,謝東昇
115法登他000931,8,董　事,謝震揚
115法登他000931,9,董　事,楊慶鈴
115法登他000932,1,董事長,宋思齊
115法登他000932,2,董　事,林志明
115法登他000932,4,董　事,陳子彥
115法登他000932,5,董　事,王　皓
115法登他000932,6,董　事,陳貞燕
115法登他000933,1,董　事,林曉彤
115法登他000933,2,董　事,張坤鴻
115法登他000933,3,董　事,林曉萍
115法登他000933,4,監察人,謝淑玲
115法登他000933,5,董　事,游玉秀
115法登他000933,6,董事長,黃怡菁
115法登他000933,7,監察人,王素娟
115法登他000933,8,監察人,葉同越
115法登他000934,1,理事長,劉代英
115法登他000934,2,常務理事,江天明
115法登他000934,3,常務理事,劉桂娥
115法登他000934,4,"理  事",潘澤生
115法登他000934,5,"理  事",譚立信
115法登他000934,6,"理  事",劉　琲
115法登他000934,7,"理  事",張　敏
115法登他000934,8,"理  事",張瓊文
115法登他000934,9,"理  事",譚永宣
115法登他000934,10,常務監事,李苑菁
115法登他000934,11,"監  事",趙意和
115法登他000934,12,"監  事",蕭樹忠
115法登他000935,1,監　事,李勝雄
115法登他000935,2,常務理事,李正剛
115法登他000935,3,常務理事,謝文祥
115法登他000935,4,理　事,吳道昌
115法登他000935,5,常務理事,張　弘
115法登他000935,6,理　事,蔡松培
115法登他000935,7,常務監事,傅信福
115法登他000935,8,理　事,許信義
115法登他000935,9,理　事,王偉彥
115法登他000935,10,理　事,賴允亮
115法登他000935,11,理　事,林約翰
115法登他000935,12,理　事,王偉璋
115法登他000935,13,監　事,林嘉柏
115法登他000935,14,理　事,蔡有仁
115法登他000935,15,常務理事,蘇重仁
115法登他000935,16,理　事,陳桂熾
115法登他000935,17,理事長,吳忠宏
115法登他000935,18,理　事,蔡忠雄
115法登他000936,1,董　事,羅慧兒
115法登他000936,3,董　事,呂苔萍
115法登他000936,4,董　事,黃斯勝
115法登他000936,5,董　事,許柏燕
115法登他000936,7,董　事,左寶珠
115法登他000936,8,董　事,邱加瑜
115法登他000936,9,董事長,王德蘭
115法登他000936,10,董　事,洪山川
115法登他000936,11,董　事,蕭朱珊
115法登他000936,12,監察人,賴桂香
115法登他000937,1,理事長,劉卓珊
115法登他000937,2,理　事,李縈菲
115法登他000937,3,監　事,姜佳祥
115法登他000937,4,理　事,簡茗楓
115法登他000937,5,常務理事,張台英
115法登他000937,6,理　事,黃雪春
115法登他000937,7,監　事,姬樹雲
115法登他000937,8,常務監事,余智賢
115法登他000937,9,理　事,陳則斌
115法登他000937,10,理　事,吳楚梅
115法登他000937,11,常務理事,廖兆毅
115法登他000937,12,理　事,詹湍蕾
115法登他000938,1,監　事,林頤鑫
115法登他000938,2,理　事,廖彩羚
115法登他000938,3,副理事長,呂保儀
115法登他000938,4,監　事,劉志清
115法登他000938,5,常務理事,羅家榮
115法登他000938,6,理　事,陳漢榮
115法登他000938,7,常務監事,姚堰輝
115法登他000938,8,理　事,李錦秋
115法登他000938,9,理　事,楊麗娟
115法登他000938,10,理　事,江奇瑩
115法登他000938,11,理　事,楊淑杏
115法登他000938,12,監　事,潘明德
115法登他000938,13,理　事,翁宇緒
115法登他000938,14,理　事,洪世宇
115法登他000938,15,理　事,陳秀媛
115法登他000938,16,理　事,紀順文
115法登他000938,17,理　事,杜健銘
115法登他000938,18,監　事,羅聖淇
115法登他000938,19,常務理事,賴美琳
115法登他000938,20,理　事,呂顏麟
115法登他000938,21,監事會主席,嚴坤源
115法登他000938,22,常務理事,薛連登
115法登他000938,23,監　事,陳文賢
115法登他000938,24,理　事,張嘉麟
115法登他000938,25,理　事,李和憲
115法登他000938,26,理事長,林志成
115法登他000938,27,常務理事,勞曉芬
115法登他000938,28,副理事長,何享洲
115法登他000938,29,理　事,簡明輝
115法登他000938,30,理　事,徐偉峻
115法登他000938,31,理　事,吳依宸
115法登他000938,32,理　事,許紫晴
115法登他000939,1,理　事,李得全
115法登他000939,2,監　事,劉欣蓉
115法登他000939,3,監　事,黃麗玲
115法登他000939,4,理　事,林旺根
115法登他000939,5,監　事,康旻杰
115法登他000939,6,理　事,黃俊銘
115法登他000939,7,常務理事,謝杏慧
115法登他000939,8,常務理事,江穎慧
115法登他000939,9,常務理事,連振佑
115法登他000939,10,常務理事,孫一信
115法登他000939,11,理　事,章定煊
115法登他000939,12,常務監事,劉柏宏
115法登他000939,13,理　事,彭盛韶
115法登他000939,14,理　事,黃瑞茂
115法登他000939,15,理　事,鄭人豪
115法登他000939,16,理事長,孫啓榕
115法登他000939,17,理　事,徐文路
115法登他000939,18,理　事,蔡佳明
115法登他000939,19,監　事,曾旭正
115法登他000939,20,理　事,詹竣傑
115法登他000940,1,董　事,林家如
115法登他000940,2,董　事,陳秀碧
115法登他000940,3,董　事,張碧珠
115法登他000940,4,董事長,謝文欽
115法登他000940,5,監察人,陳進發
115法登他000940,6,董　事,馬賢義
115法登他000940,7,副董事長,邱奕達
115法登他000940,8,董　事,楊儒上
115法登他000940,9,董　事,巫順興
115法登他000940,10,董　事,簡鳳伶
115法登他000940,11,董　事,曹瓊文
115法登他000940,12,董　事,張淑惠
115法登他000940,13,董　事,王永清
115法登他000940,14,董　事,李振成
115法登他000941,1,董事長,張安平
115法登他000941,2,董　事,賈子南
115法登他000941,4,董　事,胡克難
115法登他000941,6,董　事,蔡國嶼
115法登他000941,7,董　事,沈賴明秀
115法登他000942,1,董　事,陳昭鋒
115法登他000942,2,董　事,何子健
115法登他000942,3,董　事,唐世澤
115法登他000942,4,董　事,陳正煌
115法登他000942,5,監察人,吳東穎
115法登他000942,7,董事長,凃志佶
115法登他000942,8,董　事,鍾志宏
115法登他000942,9,監察人,何　以
115法登他000942,13,董　事,林國鈺
115法登他000942,19,董　事,翁英豪
115法登他000942,20,董　事,王修德
115法登他000943,1,理事長,張季青
115法登他000943,2,常務理事,林頌堯
115法登他000943,3,理　事,歐雅琳
115法登他000943,4,常務理事,沈世玲
115法登他000943,5,常務監事,楊潮瑞
115法登他000943,6,監　事,鍾友傑
115法登他000943,7,理　事,陳惠婷
115法登他000943,8,理　事,傅碧惠
115法登他000943,9,監　事,阮保瑞
115法登他000943,10,理　事,張家語
115法登他000943,11,理　事,陳姿穎
115法登他000943,12,理　事,念玉英
115法登他000944,1,董事長,黃　彬
115法登他000944,2,董　事,徐延政
115法登他000944,3,董　事,宋建宏
115法登他000944,4,董　事,林震玉
115法登他000944,5,董　事,陳俊和
115法登他000944,6,董　事,宣承義
115法登他000944,7,董　事,袁海倫
115法登他000944,8,董　事,杜榮華
115法登他000944,9,董　事,許正郎
115法登他000945,1,董　事,侯浩安
115法登他000945,2,董　事,嚴長壽
115法登他000945,3,董　事,邱　瑗
115法登他000945,4,董　事,趙克中
115法登他000945,5,董　事,李靜芳
115法登他000945,6,董　事,劉嘉慧
115法登他000945,7,董事長,劉沁如
115法登他000946,1,董　事,許天祥
115法登他000946,2,董　事,曹俊漢
115法登他000946,3,董　事,高　朗
115法登他000946,4,董　事,石之瑜
115法登他000946,5,董事長,周陽山
115法登他000946,6,董　事,張麟徵
115法登他000946,7,董　事,葉匡時
115法登他000946,8,董　事,吳玉山
115法登他000946,9,董　事,張佑宗
115法登他000946,10,董　事,趙永茂
115法登他000946,11,董　事,韓定國
115法登他000946,12,董　事,張登及
115法登他000946,13,董　事,胡　蒓
115法登他000946,14,董　事,左正東
115法登他000946,15,董　事,白中琪
115法登他000947,1,董　事,劉邦和
115法登他000947,2,董事長,張清櫆
115法登他000947,7,董　事,顏妙如
115法登他000947,8,董　事,林政宏
115法登他000947,9,董　事,葉又瑄
115法登他000947,10,董　事,朱育頤
115法登他000947,11,董　事,陳佳延
115法登他000947,12,董　事,陳建忠
115法登他000947,13,董　事,程于芳
115法登他000948,1,董事長,陳進廣
115法登他000948,2,董　事,林毅明
115法登他000948,3,董　事,蔡孟君
115法登他000948,4,董　事,翁慧敏
115法登他000948,5,董　事,薛勝吉
115法登他000948,6,董　事,董玉芸
115法登他000948,7,董　事,羅素娟
115法登他000948,8,董　事,徐　芃
115法登他000948,9,董　事,蕭明雄
115法登他000948,10,董　事,謝若男
115法登他000948,11,董　事,吳家驥
115法登他000948,12,董　事,梁治平
115法登他000948,13,董　事,張麗芳
115法登他000948,14,董　事,方　矩
115法登他000948,15,董　事,吳政哲
115法登他000948,16,常務監察人,鄭依雯
115法登他000948,17,監察人,謝志明
115法登他000948,18,監察人,張正輝
115法登他000948,19,監察人,王璽榜
115法登他000948,20,監察人,唐蕙芳
115法登他000949,1,理　事,施泰鑫
115法登他000949,2,理事長,姚勝挺
115法登他000949,3,監　事,徐瑞陽
115法登他000949,4,常務監事,張宇樺
115法登他000949,5,理　事,梁保華
115法登他000949,6,理　事,王御風
115法登他000949,7,理　事,羅正昌
115法登他000949,8,常務理事,陳燕卿
115法登他000949,9,監　事,鄭建忠
115法登他000949,10,理　事,陳英棻
115法登他000949,11,理　事,徐方芸
115法登他000949,12,常務理事,李文琪
115法登他000950,1,理　事,吳致逸
115法登他000950,2,理　事,陳威翰
115法登他000950,3,常務理事,鄭智文
115法登他000950,4,常務理事,林志育
115法登他000950,5,理　事,陳新仁
115法登他000950,6,理　事,王銘慶
115法登他000950,7,理　事,陳彥志
115法登他000950,8,理　事,楊承燁
115法登他000950,9,理事長,蕭佳怡
115法登他000950,10,理　事,邱家鈴
115法登他000950,11,監　事,張麒威
115法登他000950,12,理　事,黃勝宏
115法登他000950,13,理　事,吳陵瑋
115法登他000950,14,理　事,李弘瑞
115法登他000950,15,常務監事,周學頤
115法登他000950,16,監　事,徐悅恆
115法登他000951,1,董　事,陳心影
115法登他000951,2,董事長,林振木
115法登他000951,5,董　事,秦舜英
115法登他000951,10,董　事,林家達
115法登他000951,11,董　事,楊金海
115法登他000951,12,常務董事,黃文安
115法登他000951,15,常務董事,鄭耀華
115法登他000951,16,董　事,黃志傑
115法登他000951,17,董　事,張明賢
115法登他000952,2,董　事,郭彩榕
115法登他000952,4,董　事,譚文玲
115法登他000952,5,董　事,戴淑芬
115法登他000952,6,董　事,羅一鈞
115法登他000952,7,董　事,張必正
115法登他000952,8,董　事,顏慕庸
115法登他000952,9,董　事,連加恩
115法登他000952,10,董　事,張峰義
115法登他000952,11,董　事,張鳳琴
115法登他000952,12,董　事,劉定萍
115法登他000952,13,董事長,黃立民
115法登他000952,14,董　事,謝佩娟
115法登他000952,15,董　事,黃瑽寧
115法登他000952,16,董　事,陳宜君
115法登他000952,17,董　事,莊銀清
115法登他000953,1,理　事,許俊宏
115法登他000953,2,理　事,尤素卿
115法登他000953,3,常務監事,郭明宏
115法登他000953,4,理　事,彭坤池
115法登他000953,5,理　事,蔡明現
115法登他000953,6,監　事,陳君豪
115法登他000953,7,理　事,闕淑君
115法登他000953,8,理　事,黃元宏
115法登他000953,9,理　事,高鐸銘
115法登他000953,10,理　事,黃徹文
115法登他000953,11,監　事,關文中
115法登他000953,12,理事長,鄔玉琪
115法登他000953,13,理　事,林梅婷
115法登他000953,14,理　事,吳文弘
115法登他000953,15,理　事,何碧芳
115法登他000953,16,理　事,張秉鈴
115法登他000954,1,理　事,鄭正彬
115法登他000954,2,理事長,李維元
115法登他000954,3,理　事,林慶豐
115法登他000954,4,理　事,翁仁哲
115法登他000954,5,常務理事,張堃清
115法登他000954,6,常務理事,賴進賢
115法登他000954,7,監　事,阮憲堃
115法登他000954,8,理　事,李政哲
115法登他000954,9,理　事,柯俊亨
115法登他000954,10,常務理事,詹詠棋
115法登他000954,11,理　事,蘇志勇
115法登他000954,12,理　事,陳朝順
115法登他000954,13,常務理事,康登傑
115法登他000954,14,理　事,柯光瑩
115法登他000954,15,理　事,李仲明
115法登他000954,16,監　事,周泰郎
115法登他000954,17,監　事,高　正
115法登他000954,18,理　事,張祖坪
115法登他000954,19,監　事,林麗真
115法登他000954,20,常務監事,陳春燦
115法登他000955,1,董　事,李敏勇
115法登他000955,3,董　事,曹欽榮
115法登他000955,4,董　事,林瓊華
115法登他000955,5,董　事,薛化元
115法登他000955,6,董　事,邱晃泉
115法登他000955,7,董　事,陳俊宏
115法登他000955,9,董　事,許景河
115法登他000955,10,董　事,鄭任汶
115法登他000955,11,董事長,鄭竹梅
115法登他000955,12,董　事,許淑芬
115法登他000955,13,董　事,許章賢
115法登他000955,14,董　事,林思吾
115法登他000955,15,董　事,鄭光廷
115法登他000957,1,董事長,黃正雄
115法登他000957,2,董　事,王昭燕
115法登他000957,3,董　事,劉紫翎
115法登他000957,5,董　事,陳正芬
115法登他000957,6,董　事,駱禕緯
115法登他000958,2,董　事,駱傑雄
115法登他000958,3,董　事,李大剛
115法登他000958,4,董　事,薛銘光
115法登他000958,5,董　事,李怡瑩
115法登他000958,6,董事長,粘碧鳳
115法登他000958,7,董　事,王文成
115法登他000958,8,董　事,黃主用
115法登他000958,9,董　事,吳煌榮
115法登他000958,10,董　事,阮寶珠
115法登他000958,11,董　事,孫寶年
115法登他000958,12,監察人,許芳銘
115法登他000958,13,董　事,彭彥禎
115法登他000959,1,董事長,林炎田
115法登他000959,3,常務董事,張淑芳
115法登他000959,8,董　事,劉炯炫
115法登他000959,9,董　事,李權哲
115法登他000959,11,董　事,李瑩瑜
115法登他000959,12,董　事,曾惠專
115法登他000959,14,董　事,吳明哲
115法登他000959,15,董　事,張玲堅
115法登他000959,16,董　事,許煜凡
115法登他000960,1,理　事,羅傳貴
115法登他000960,2,理　事,龔鴻彬
115法登他000960,3,理　事,杜正祥
115法登他000960,4,常務理事,陳宏霖
115法登他000960,5,常務理事,張恩睿
115法登他000960,6,監　事,林坤榮
115法登他000960,7,理事長,王薪圍
115法登他000960,8,常務監事,林庭新
115法登他000960,9,理　事,鍾啓光
115法登他000960,10,監　事,鄭芝承
115法登他000960,11,理　事,詹德鈺
115法登他000960,12,理　事,林慶鐘
115法登他000961,1,監　事,謝明錦
115法登他000961,2,理事長,杜潔祥
115法登他000961,3,常務理事,劉輝雄
115法登他000961,4,常務理事,李松林
115法登他000961,5,理　事,王文豪
115法登他000961,6,理　事,曾源松
115法登他000961,7,理　事,王應機
115法登他000961,8,理　事,林錦賜
115法登他000961,9,理　事,賴清林
115法登他000961,10,理　事,朱俊彥
115法登他000961,11,理　事,林建和
115法登他000961,12,常務監事,陳致寧
115法登他000961,13,理　事,徐立曄
115法登他000961,14,監　事,黃厚生
115法登他000962,1,董　事,劉華昌
115法登他000962,2,董　事,高明見
115法登他000962,3,董事長,楊泮池
115法登他000962,4,董　事,李嗣涔
115法登他000962,5,董　事,丁詩同
115法登他000962,6,董　事,王仁宏
115法登他000962,9,董　事,許銘熙
115法登他000962,10,董　事,李永然
115法登他000962,11,董　事,朱茂男
115法登他000962,12,董　事,沈登贊
115法登他000962,13,董　事,郭敏能
115法登他000962,14,董　事,江東亮
115法登他000962,15,董　事,周家蓓
115法登他000962,16,董　事,張慶瑞
115法登他000962,17,董　事,陳基旺
115法登他000963,1,董　事,鄭明峰
115法登他000963,2,董　事,羅樹蘭
115法登他000963,3,董事長,林佩柔
115法登他000963,4,董　事,林彣俽
115法登他000963,5,董　事,黃淩溱
115法登他000964,1,理　事,邱寶蓮
115法登他000964,2,理　事,張淑梅
115法登他000964,3,理　事,林睦秋
115法登他000964,4,常務理事,汪逵賢
115法登他000964,5,理　事,黃于珊
115法登他000964,6,理　事,穆仁愛
115法登他000964,7,常務理事,馬雪芬
115法登他000964,8,理　事,林素真
115法登他000964,9,理事長,吳培俐
115法登他000964,10,監　事,許家寅
115法登他000964,11,常務監事,范德章
115法登他000964,12,監　事,陳秀英
115法登他000966,1,董事長,林正道
115法登他000966,2,駐會董事,李貴英
115法登他000966,3,執行董事,楊淑惠
115法登他000966,4,董　事,吳建霖
115法登他000966,5,董　事,呂國安
115法登他000966,6,董　事,吳連木
115法登他000966,7,董　事,楊高秋枝
115法登他000966,8,董　事,李百順
115法登他000966,9,董　事,王文良
115法登他000966,10,董　事,洪雅慧
115法登他000966,11,董　事,陳秀芬
115法登他000966,12,董　事,郭翠杏
115法登他000966,13,董　事,王寶玉
115法登他000966,14,董　事,張志芳
115法登他000966,15,董　事,王繼蕙
115法登他000967,1,董　事,邱大展
115法登他000967,8,董　事,黃怡騰
115法登他000967,11,董　事,李福軒
115法登他000967,12,董　事,李鎨澂
115法登他000967,13,董事長,江美桃
115法登他000968,1,董事長,衣立凡
115法登他000968,2,董　事,陳蕾清
115法登他000968,4,董　事,張國湖
115法登他000968,6,董　事,吳必然
115法登他000968,7,董　事,陳國球
115法登他000969,1,董事長,胡　蘭
115法登他000969,2,董　事,徐慶虹
115法登他000969,4,董　事,徐昕新
115法登他000969,5,董　事,徐佳妏
115法登他000969,6,董　事,王慧姿
115法登他000969,7,董　事,奚玉華
115法登他000969,8,董　事,吳英偉
115法登他000969,9,董　事,梁慧芬
115法登他000969,10,董　事,張秋陽
115法登他000970,2,董　事,蕭煥章
115法登他000970,3,董　事,陳進財
115法登他000970,4,董　事,杜國正
115法登他000970,5,董　事,呂建德
115法登他000970,6,董　事,郭愷珶
115法登他000970,8,董　事,歐蜜．偉浪
115法登他000970,9,董　事,許舒博
115法登他000970,10,董　事,劉秋伶
115法登他000970,11,董事長,陳時中
115法登他000970,12,董　事,高緒芝
115法登他000970,13,董　事,王美蘋Akiku．Haisum
115法登他000970,14,董　事,李紹齡
115法登他000970,15,董　事,李玲玲
115法登他000970,16,董　事,蘇俊誠
115法登他000970,17,監察人,陳淑萍
115法登他000970,18,監察人,王淑儀
115法登他000970,19,董　事,紀嘉真
115法登他000970,20,監察人,林建志
115法登他000971,1,董事長,吳亮儀
115法登他000971,2,董　事,王能章
115法登他000971,4,董　事,葛維新
115法登他000971,6,董　事,陳秀福
115法登他000971,7,董　事,白越珠
115法登他000971,8,董　事,童惠珍
115法登他000971,9,董　事,吳民民
115法登他000971,12,董　事,陳以信
115法登他000971,13,董　事,王桂鶯
115法登他000971,14,董　事,夏大明
115法登他000971,15,董　事,溫玉霞
115法登他000971,16,董　事,劉雙全
115法登他000971,17,董　事,鍾維君
115法登他000972,1,董　事,水雲翔
115法登他000972,2,董　事,林鴻池
115法登他000972,3,董事長,李哲華
115法登他000972,4,董　事,王能章
115法登他000972,5,董　事,彭貫鈺
115法登他000972,6,董　事,韋渝惠
115法登他000972,7,董　事,郭志龍
115法登他000973,1,理　事,謝詩華
115法登他000973,2,理　事,江以文
115法登他000973,3,常務理事,李艷菁
115法登他000973,4,理　事,殷心蓓
115法登他000973,5,理　事,張金順
115法登他000973,6,理　事,張嘉芳
115法登他000973,7,理事長,張朝翔
115法登他000973,8,常務監事,牛暄文
115法登他000973,9,理　事,施雍穆
115法登他000973,10,副理事長,林文賓
115法登他000973,11,理　事,郭馨美
115法登他000973,12,理　事,呂鴻文
115法登他000973,13,常務理事,藍介洲
115法登他000973,14,監　事,陳惠玲
115法登他000973,15,常務理事,賴炳良
115法登他000973,16,理　事,陳筠靜
115法登他000973,17,理　事,林玲華
115法登他000973,18,監　事,賴豐福
115法登他000973,19,理　事,陳怡君
115法登他000973,20,常務理事,劉金鐘
115法登他000973,21,常務理事,林慶仁
115法登他000973,22,理　事,游鯉綺
115法登他000973,23,監　事,黃琢嵩
115法登他000973,24,監　事,蔡淑惠
115法登他000973,25,理　事,蘇國禎
115法登他000973,26,理　事,林瑞嬌
115法登他000974,1,董事長,劉昇昌
115法登他000974,2,董　事,楊進成
115法登他000974,3,董　事,李天輔
115法登他000974,4,董　事,劉錦隆
115法登他000974,5,董　事,盧國城
115法登他000974,6,董　事,許阿南
115法登他000974,7,董　事,廖志明
115法登他000975,1,董事長,金仕起
115法登他000975,2,董　事,史　英
115法登他000975,3,董　事,楊佳羚
115法登他000975,4,董　事,曾光宗
115法登他000975,5,董　事,鄭谷苑
115法登他000975,6,董　事,謝小芩
115法登他000975,7,董　事,楊　翠
115法登他000976,1,董事長,許育寧
115法登他000976,2,董　事,李乾龍
115法登他000976,3,董　事,王聲威
115法登他000976,4,董　事,康秋桂
115法登他000976,5,董　事,林偉峰
115法登他000976,6,董　事,江美桃
115法登他000976,7,董　事,陳嘉興
115法登他000977,1,監　事,潘永波
115法登他000977,2,常務監事,張國洋
115法登他000977,3,理　事,陳宏宇
115法登他000977,4,理　事,宋昌龍
115法登他000977,5,理　事,梁敦第
115法登他000977,6,常務理事,賴昇鋒
115法登他000977,7,監　事,陳健和
115法登他000977,8,理事長,江順發
115法登他000977,9,理　事,許明吉
115法登他000977,10,常務理事,黃志國
115法登他000977,11,理　事,賴建宏
115法登他000977,12,理　事,陳秀國
115法登他000978,1,理　事,張炳坤
115法登他000978,2,理　事,邱德光
115法登他000978,3,常務監事,陳國源
115法登他000978,4,監　事,劉克昌
115法登他000978,5,理　事,陳孟堯
115法登他000978,6,理　事,蔡智杰
115法登他000978,7,理　事,張貴博
115法登他000978,8,理　事,李易達
115法登他000978,9,理　事,林新傳
115法登他000978,10,理　事,賴彥宏
115法登他000978,11,監　事,陳世凱
115法登他000978,12,常務理事,林志宏
115法登他000978,13,常務理事,劉柏樟
115法登他000978,14,理事長,劉俊賢
115法登他000978,15,理　事,莊文欽
115法登他000978,16,理　事,楊宇宸
115法登他000979,1,理　事,黃進明
115法登他000979,2,監　事,羅秀珠
115法登他000979,3,理　事,林衍茂
115法登他000979,4,理　事,周吳添
115法登他000979,5,理　事,廖益誠
115法登他000979,6,理　事,陳昭蓉
115法登他000979,7,副理事長,林丙輝
115法登他000979,8,理　事,吳薏菱
115法登他000979,9,理事長,林知延
115法登他000979,10,理　事,劉熾原
115法登他000979,11,理　事,郭倍廷
115法登他000979,12,理　事,李文柱
115法登他000979,13,監　事,葉俊佑
115法登他000979,14,理　事,謝宗權
115法登他000979,15,常務監事,王信力
115法登他000979,16,理　事,廖家宏
115法登他000979,17,理　事,陳耀南
115法登他000979,18,監　事,施博文
115法登他000979,19,監　事,徐采蘩
115法登他000979,20,理　事,金憶惠
115法登他000980,1,監察人,張永昌
115法登他000980,2,董　事,陳維昭
115法登他000980,4,董　事,張家祝
115法登他000980,5,董　事,徐旭東
115法登他000980,6,董　事,林曼麗
115法登他000980,7,董　事,徐旭平
115法登他000980,8,董　事,李坤炎
115法登他000980,10,董　事,薛　琦
115法登他000980,11,董　事,"徐國梅 Tonia Katherine Hsu"
115法登他000980,13,董　事,沈榮津
115法登他000980,14,監察人,郭為藩
115法登他000980,15,董事長,李光燾
115法登他000980,16,董　事,"徐國安 Douglas Jefferson Hsu"
115法登他000980,17,董　事,歐晋德
115法登他000980,18,董　事,王書吉
115法登他000981,1,董事長,高明見
115法登他000981,2,董　事,周柏龍
115法登他000981,3,監察人,徐瑞璘
115法登他000981,4,董　事,張金堅
115法登他000981,5,董　事,吳曉萍
115法登他000981,6,董　事,蔡總美
115法登他000981,7,董　事,陸　萍
115法登他000981,8,董　事,張承仁
115法登他000981,9,董　事,高士偉
115法登他000981,10,董　事,黃萬騰
115法登他000981,11,董　事,劉麗琳
115法登他000981,12,董　事,高士晴
115法登他000981,13,董　事,張朝凱
115法登他000981,14,董　事,湯月碧
115法登他000981,15,董　事,黃建文
115法登他000981,16,董　事,曲家林
115法登他000981,17,監察人,葛建埔
115法登他000981,18,監察人,藍萬烘
115法登他000982,1,董　事,吳祖安
115法登他000982,2,董　事,李發耀
115法登他000982,3,董　事,吳旻鴻
115法登他000982,4,董　事,林韋億
115法登他000982,5,董　事,王琇瑩
115法登他000982,6,董　事,吳炳達
115法登他000982,7,董　事,李發焜
115法登他000982,8,董　事,吳祚辰
115法登他000982,9,董　事,蕭竹生
115法登他000982,10,董　事,李祖霆
115法登他000982,11,董　事,鄭世隆
115法登他000982,12,董　事,林語宸
115法登他000982,13,董　事,李謝松芬
115法登他000982,14,董事長,林靜霞
115法登他000982,15,董　事,王怡仁
115法登他000982,16,監察人,洪瑄憶
115法登他000983,1,理　事,劉宗德
115法登他000983,2,理　事,曹俊男
115法登他000983,3,常務監事,林志杰
115法登他000983,4,理　事,任碧霞
115法登他000983,5,理　事,嚴世敏
115法登他000983,6,理　事,王雅倫
115法登他000983,7,理　事,陳雅珍
115法登他000983,8,理事長,王耀德
115法登他000983,9,監　事,嚴惠寬
115法登他000983,10,監　事,陳美娥
115法登他000983,11,監　事,鄭博榮
115法登他000983,12,常務理事,蔡淵輝
115法登他000983,13,理　事,許有勝
115法登他000983,14,理　事,廖勝富
115法登他000983,15,理　事,李奇鴻
115法登他000983,16,常務理事,吳景淵
115法登他000983,17,常務理事,吳曜宗
115法登他000983,18,理　事,莊芝寧
115法登他000983,19,副理事長,陳芳咪
115法登他000983,20,監　事,陳宏毅
115法登他000984,1,理事長,林綠紅
115法登他000984,2,監　事,鄭筑羚
115法登他000984,3,理　事,劉嘉怡
115法登他000984,4,理　事,許郁蘭
115法登他000984,5,常務監事,王珊珊
115法登他000984,6,監　事,郭素珍
115法登他000984,7,理　事,陳竹儀
115法登他000984,8,理　事,江𥭡榕
115法登他000984,9,常務理事,黃淑英
115法登他000984,10,常務理事,黃怡翎
115法登他000984,11,理　事,陳書芳
115法登他000984,12,理　事,簡麗芬
115法登他000985,1,董　事,許育東
115法登他000985,2,董　事,劉碧賢
115法登他000985,3,董　事,賴婷妤
115法登他000985,4,董事長,施養柔
115法登他000985,5,董　事,黃保瑞
115法登他000986,1,理事長,陳宗鎮
115法登他000986,2,常務理事,徐昌錦
115法登他000986,3,常務理事,許錦印
115法登他000986,4,常務理事,王聰明
115法登他000986,5,常務理事,何菁莪
115法登他000986,6,理　事,張惠立
115法登他000986,7,理　事,吳景源
115法登他000986,8,理　事,藍文祥
115法登他000986,9,理　事,張清埤
115法登他000986,10,理　事,邱同印
115法登他000986,11,理　事,林朝松
115法登他000986,12,理　事,陳晴教
115法登他000986,13,理　事,許宗和
115法登他000986,14,理　事,黃麟倫
115法登他000986,15,理　事,陳守煌
115法登他000986,16,常務監事,洪昌宏
115法登他000986,17,監　事,林欣蓉
115法登他000986,18,監　事,呂丹玉
115法登他000986,19,監　事,陳駿璧
115法登他000986,20,監　事,林英志
115法登他000987,1,董　事,關甲申
115法登他000987,2,董　事,向亨台
115法登他000987,4,董　事,程為莉
115法登他000987,5,董　事,黃金文
115法登他000987,6,董　事,林沛練
115法登他000987,7,董事長,王文正
115法登他000987,10,董　事,黃宏偉
115法登他000987,11,董　事,王　隆
115法登他000987,12,董　事,蔣孝澈
115法登他000988,1,理事長,林世商
115法登他000988,2,常務理事,林昭亮
115法登他000988,3,常務理事,黃哲宏
115法登他000988,4,理　事,葉定堯
115法登他000988,5,理　事,莊彩珠
115法登他000988,6,理　事,李椿嬋
115法登他000988,7,理　事,錢美英
115法登他000988,8,理　事,楊家鵬
115法登他000988,9,理　事,蕭琤琤
115法登他000988,10,常務監事,陳錦華
115法登他000988,11,監　事,林美臻
115法登他000988,12,監　事,甘芮溱
115法登他000989,1,監察人,徐先佑
115法登他000989,2,董　事,林瑟宜
115法登他000989,3,董　事,鄭寶蓮
115法登他000989,4,董　事,鄭寶蓮
115法登他000989,5,董　事,劉錦村
115法登他000989,6,董　事,彭覺瑩
115法登他000989,7,監察人,翁世和
115法登他000989,8,董　事,黃培峻
115法登他000989,9,董　事,黃文華
115法登他000989,10,董　事,陳俊嘉
115法登他000989,11,監察人,林雅菁
115法登他000989,12,董　事,賴振融
115法登他000989,13,董　事,廖學茂
115法登他000989,14,董　事,曾姿瑋
115法登他000989,15,董　事,曾文和
115法登他000989,16,董　事,周昆逸
115法登他000989,17,董　事,曾　珍
115法登他000989,18,董　事,陳家麟
115法登他000989,19,董　事,粱偉祺
115法登他000989,20,董　事,何耕宇
115法登他000989,21,監察人,林欣怡
115法登他000989,22,董　事,林宇聲
115法登他000989,23,董　事,柯昇沛
115法登他000989,24,董　事,彭國星
115法登他000989,25,監察人,何典成
115法登他000989,26,監察人,陳宏瑞
115法登他000989,27,監察人,李盈助
115法登他000989,28,董事長,翁素蕙
115法登他000990,1,董　事,黃淑德
115法登他000990,2,董　事,陳慈美
115法登他000990,6,董　事,許秀娟
115法登他000990,8,董事長,陳曼麗
115法登他000990,9,董　事,鐘生翃
115法登他000990,10,董　事,劉潔鳳
115法登他000990,11,董　事,廖明瑜
115法登他000991,1,監察人,謝佩穎
115法登他000991,3,監察人,王誠明
115法登他000991,4,董　事,胡秉倫
115法登他000991,8,董　事,余若凡
115法登他000991,9,董　事,江華珮
115法登他000991,10,董　事,曾文方
115法登他000991,11,董事長,黃勝雄
115法登他000991,12,董　事,潘城武
115法登他000991,13,董　事,施維鈞
115法登他000991,15,董　事,詹文旭
115法登他000991,17,董　事,李卓銘
115法登他000991,19,董　事,郭經權
115法登他000991,21,董　事,陳春木
115法登他000991,22,董　事,邱仁杰
115法登他000991,24,董　事,鄭　瑋
115法登他000991,25,董　事,錢慕賢
115法登他000991,26,董　事,陳正然
115法登他000991,27,監察人,熊誦梅
115法登他000992,1,董事長,徐正冠
115法登他000992,2,董　事,馬準安
115法登他000992,3,董　事,張延廷
115法登他000992,4,董　事,宗高雄
115法登他000992,5,董　事,黃壽佐
115法登他000992,6,董　事,戴昇功
115法登他000992,7,董　事,袁毓淇
115法登他000992,8,董　事,黃孝忠
115法登他000992,9,董　事,李天行
115法登他000992,10,董　事,李秉乾
115法登他000992,11,董　事,李沃源
115法登他000992,12,董　事,謝邦昌
115法登他000992,13,董　事,黃淑慧
115法登他000993,3,董　事,王力行
115法登他000993,5,董　事,胡定吾
115法登他000993,8,董　事,左正東
115法登他000993,11,董　事,陳菁徽
115法登他000993,13,董　事,鍾沛君
115法登他000993,14,董事長,金溥聰
115法登他000993,15,董　事,楊宗翰
115法登他000993,16,董　事,魏嘉生
115法登他000993,17,董　事,謝龍介
115法登他000993,18,董　事,羅智成
115法登他000993,19,董　事,黃雲生
115法登他000993,20,董　事,楊鎮浯
115法登他000993,21,董　事,辛炳巍
115法登他000993,22,董　事,吳佩雯
115法登他000993,23,董　事,林俊儀
115法登他000993,24,董　事,吳育昇
115法登他000993,25,董　事,魏嘉賢
115法登他000994,1,董　事,周武雄
115法登他000994,2,董　事,周揚基
115法登他000994,3,董　事,周阿財
115法登他000994,4,監　事,周顯仁
115法登他000994,5,董　事,周達浪
115法登他000994,6,董　事,周仲謙
115法登他000994,7,董事長,周建福
115法登他000994,8,監　事,周春雄
115法登他000994,9,常務監事,周太平
115法登他000994,10,董　事,周弘祥
115法登他000994,11,董　事,周文豐
115法登他000994,12,董　事,周柏宇
115法登他000995,1,理事長,鄭雅文
115法登他000995,2,理　事,孫友聯
115法登他000995,3,理　事,劉曦宸
115法登他000995,4,理　事,林綠紅
115法登他000995,5,常務理事,林亮瑜
115法登他000995,6,常務監事,江宛霖
115法登他000995,7,理　事,彭保羅
115法登他000995,8,常務理事,廖蕙芳
115法登他000995,9,監　事,黃盈舜
115法登他000995,10,理　事,張烽益
115法登他000995,11,監　事,楊書瑋
115法登他000995,12,理　事,管紹君
115法登他000996,1,董　事,王長壽
115法登他000996,2,董　事,史俊文
115法登他000996,3,董　事,王守義
115法登他000996,4,董事長,凌峰猛
115法登他000996,5,董　事,徐惠松
115法登他000996,6,董　事,李源德
115法登他000996,7,董　事,李兆祥
115法登他000996,8,董　事,李佳孟
115法登他000996,9,董　事,洪芳亮
115法登他000997,1,董　事,吳育昇
115法登他000997,3,董　事,游玉坤
115法登他000997,4,常務董事,白中琪
115法登他000997,5,常務董事,王永吉
115法登他000997,7,董　事,魏美玲
115法登他000997,8,董事長,黃昭景
115法登他000997,9,副董事長,田振慶
115法登他000997,10,常務董事,許心怡
115法登他000997,11,董　事,沈雲驄
115法登他000997,12,常務監察人,胡世杰
115法登他000997,13,監察人,吳恩文
115法登他000997,14,監察人,黃郁雯
115法登他000999,1,董事長,焦威聯
115法登他000999,10,董　事,洪雅玲
115法登他000999,11,董　事,王美惠
115法登他000999,12,董　事,陳瑛招
115法登他000999,13,董　事,姜亦軒
115法登他000999,14,董　事,焦　玲
115法登他000999,15,董　事,林新丁
115法登他001000,1,理事長,黃于芳
115法登他001000,2,常務理事,黃柏仁
115法登他001000,3,理　事,詹薇仙
115法登他001000,4,常務理事,賴素月
115法登他001000,5,理　事,莊國昇
115法登他001000,6,理　事,陳守庭
115法登他001000,7,理　事,黃朝鈺
115法登他001000,8,理　事,沈玉玲
115法登他001000,9,理　事,張明春
115法登他001000,10,常務監事,黃秀紅
115法登他001000,11,監　事,徐淑俐
115法登他001000,12,監　事,陳抒臻
115法登他001001,1,董事長,沈　正
115法登他001001,2,董　事,張振華
115法登他001001,3,董　事,何有義
115法登他001001,4,董　事,杜明達
115法登他001001,5,董　事,周逸衡
115法登他001001,6,董　事,陳明正
115法登他001001,7,董　事,張復民
115法登他001001,8,董　事,于厚恩
115法登他001001,9,董　事,鄭忠和
115法登他001001,10,董　事,蔡清徽
115法登他001001,11,董　事,陳建信
115法登他001001,12,董　事,雷　倩
115法登他001001,13,董　事,董家驊
115法登他001001,14,董　事,藍育成
115法登他001001,15,董　事,柯嘉音
115法登他001001,16,監察人,龔天行
115法登他001002,1,董　事,蘇柳村
115法登他001002,3,董　事,呂秀卿
115法登他001002,4,董　事,曹安娜
115法登他001002,6,董事長,江書良
115法登他001002,7,董　事,蔡聰財
115法登他001002,8,董　事,黃雪芳
115法登他001002,9,董　事,鍾萬梅
115法登他001002,10,董　事,鈕方頤
115法登他001002,11,董　事,楊哲偉
115法登他001002,12,監察人,莊晨鴻
115法登他001003,2,董　事,孫寶年
115法登他001003,4,董　事,薛銘光
115法登他001003,6,董　事,駱傑雄
115法登他001003,9,董　事,李大剛
115法登他001003,10,董　事,阮寶珠
115法登他001003,12,董　事,黃主用
115法登他001003,14,董　事,吳煌榮
115法登他001003,15,董　事,彭彥禎
115法登他001003,16,董　事,王文成
115法登他001003,17,董　事,李怡瑩
115法登他001003,18,董事長,粘碧鳳
115法登他001004,1,理　事,黃素惠
115法登他001004,2,理　事,陳銘義
115法登他001004,3,理　事,林文得
115法登他001004,4,理　事,陳俊福
115法登他001004,5,理　事,王凱弘
115法登他001004,6,理　事,賴香伊
115法登他001004,7,理事長,呂興泰
115法登他001004,8,理　事,莊家興
115法登他001004,9,理　事,劉康鉞
115法登他001004,10,理　事,胡善棚
115法登他001004,11,理　事,黃繼儂
115法登他001004,12,理　事,楊世豪
115法登他001004,13,理　事,游家彰
115法登他001005,1,董　事,周維信
115法登他001005,5,監察人,劉大坤
115法登他001005,6,董　事,許晉珮
115法登他001005,8,董　事,江建材
115法登他001005,15,董　事,蕭文寬
115法登他001005,16,董　事,許凱勛
115法登他001005,17,副董事長,盧正皓
115法登他001005,18,董　事,黃永富
115法登他001005,19,董　事,張惠珍
115法登他001005,20,董　事,鄭光暉
115法登他001005,21,董　事,許正明
115法登他001005,22,董　事,周哲銳
115法登他001005,23,董　事,游松翰
115法登他001005,24,董　事,許晴智
115法登他001005,25,董　事,顧婉馨
115法登他001005,26,董事長,范千惠
115法登他001005,27,監察人,陳冠傑
115法登他001005,28,監察人,王家雯
115法登他001006,1,常務監事,林茂吉
115法登他001006,2,理　事,吳世昌
115法登他001006,3,理　事,林宸瑩
115法登他001006,4,理　事,呂國維
115法登他001006,5,理　事,王春森
115法登他001006,6,常務理事,劉武雄
115法登他001006,7,理事長,褚仁詳
115法登他001006,8,理　事,程炕超
115法登他001006,9,監　事,黃志隆
115法登他001006,10,常務理事,徐元梣
115法登他001006,11,監　事,林冠仁
115法登他001006,12,理　事,陳啓書
115法登他001006,13,理　事,陳明正
115法登他001006,14,理　事,張嘉群
115法登他001007,1,理事長,莊俊雄
115法登他001007,2,常務理事,林振文
115法登他001007,3,常務理事,王志豪
115法登他001007,4,理　事,謝樹藝
115法登他001007,5,理　事,楊雅之
115法登他001007,6,理　事,王俊隆
115法登他001007,7,理　事,陳春銅
115法登他001007,8,理　事,黃建銘
115法登他001007,9,理　事,周志誠
115法登他001007,10,理　事,蔡衍榮
115法登他001007,11,理　事,陳冠宇
115法登他001007,12,理　事,宋忠興
115法登他001007,13,理　事,陳吉輝
115法登他001007,14,常務監事,陳伯其
115法登他001007,15,監　事,胡昭安
115法登他001007,16,監　事,林立誠
115法登他001009,1,監　事,陳南蘭
115法登他001009,2,理　事,李正鴻
115法登他001009,3,理　事,高川原
115法登他001009,4,理　事,范金莉
115法登他001009,5,理　事,劉建廷
115法登他001009,6,理　事,鄭麗紅
115法登他001009,7,常務理事,鄭貞源
115法登他001009,8,常務理事,柳學治
115法登他001009,9,理事長,周志霖
115法登他001009,10,常務監事,歐大宙
115法登他001009,11,理　事,陳志榮
115法登他001009,12,理　事,邱雅蘭
115法登他001009,13,監　事,陳澄美
115法登他001009,14,理　事,葛秉誠
115法登他001010,1,理　事,林宗宏
115法登他001010,2,常務理事,黃柏青
115法登他001010,3,理　事,段慧琳
115法登他001010,4,常務監事,梁政雄
115法登他001010,5,理　事,卓東平
115法登他001010,6,理　事,黃志源
115法登他001010,7,理事長,許見微
115法登他001010,8,監　事,楊雅婷
115法登他001010,9,副理事長,裴家榆
115法登他001010,10,監　事,周宏達
115法登他001010,11,理　事,林正民
115法登他001010,12,理　事,梁世達
115法登他001011,1,董　事,王又男
115法登他001011,2,董　事,陳勝標
115法登他001011,3,董事長,鄭志強
115法登他001011,8,常務監事,彭森榮
115法登他001011,9,監　事,許瑞仁
115法登他001011,10,董　事,陳美吟
115法登他001011,11,董　事,楊榮枝
115法登他001011,16,董　事,張廷銘
115法登他001011,17,董　事,吳國華
115法登他001011,18,董　事,林榮三
115法登他001011,19,董　事,王瑞材
115法登他001011,20,監　事,薛於藝
115法登他001012,1,理事長,魏如君
115法登他001012,2,常務理事,李信賢
115法登他001012,3,常務理事,靳武龍
115法登他001012,4,常務理事,陳濓僑
115法登他001012,5,理　事,林珍年
115法登他001012,6,常務理事,陳淑玲
115法登他001012,7,常務監事,温政霖
115法登他001012,8,理　事,林麗媚
115法登他001012,9,理　事,林琳婷
115法登他001012,10,理　事,陳麗娟
115法登他001012,11,理　事,謝漢和
115法登他001012,12,理　事,康銖允
115法登他001012,13,理　事,賴銘輝
115法登他001012,14,監　事,郭子鳴
115法登他001012,15,理　事,蔡亞芳
115法登他001012,16,理　事,朱愛琪
115法登他001012,17,監　事,石慶信
115法登他001012,18,監　事,林琬穎
115法登他001012,19,理　事,林子期
115法登他001012,20,監　事,陳嘉智
115法登他001013,1,董事長,朱秋全
115法登他001013,2,董　事,陳滌芬
115法登他001013,3,董　事,朱良珠
115法登他001013,4,董　事,劉兆悅
115法登他001013,5,董　事,李天惠
115法登他001013,6,董　事,陳亜文
115法登他001013,7,董　事,卓彩蓮
115法登他001013,8,董　事,黃善桂
115法登他001013,9,董　事,黃雅萍
115法登他001014,1,理事長,王舜民
115法登他001014,2,常務理事,鄭國順
115法登他001014,3,常務理事,姚南光
115法登他001014,4,常務理事,薛仲貴
115法登他001014,5,理　事,郭榮富
115法登他001014,6,常務理事,廖倫德
115法登他001014,7,常務理事,王楨坤
115法登他001014,8,理　事,黃豪銘
115法登他001014,9,理　事,吳炳慶
115法登他001014,10,理　事,巫建興
115法登他001014,11,理　事,鄭天毅
115法登他001014,12,理　事,林哲偉
115法登他001014,13,常務理事,杜翌群
115法登他001014,14,理　事,游智元
115法登他001014,15,理　事,賴昱良
115法登他001014,16,理　事,李建雄
115法登他001014,17,理　事,王輝湧
115法登他001014,18,理　事,方光明
115法登他001014,19,理　事,林永祥
115法登他001014,20,理　事,褚家容
115法登他001014,21,理　事,連偉志
115法登他001014,22,監　事,呂誠一
115法登他001014,23,監　事,胡晉嘉
115法登他001014,24,監　事,郭余民
115法登他001014,25,常務監事,楊建中
115法登他001014,26,監　事,王森淦
115法登他001015,1,董　事,蔡維哲
115法登他001015,2,董　事,王麗惠
115法登他001015,3,董　事,曾妙慧
115法登他001015,4,監察人,高啓仁
115法登他001015,5,董　事,鄭明慧
115法登他001015,7,董　事,林志憲
115法登他001015,9,董　事,羅俊瑋
115法登他001015,10,董　事,陳昌正
115法登他001015,11,董　事,陳慧遊
115法登他001015,12,董　事,賴榮崇
115法登他001015,13,董事長,石百達
115法登他001015,14,董　事,李淑華
115法登他001016,1,理事長,方　芳
115法登他001016,2,理　事,張文瀚
115法登他001016,3,理　事,廖天倫
115法登他001016,4,理　事,陳煙平
115法登他001016,5,理　事,蔡懷文
115法登他001016,6,理　事,魏秀玲
115法登他001016,7,理　事,陸卞芳
115法登他001016,8,理　事,梁素梅
115法登他001016,9,理　事,蘇羿恩
115法登他001016,10,常務監事,李世章
115法登他001016,11,監　事,鍾祿昌
115法登他001016,12,監　事,朱健健
115法登他001017,1,董　事,陳瑞麟
115法登他001017,3,董　事,鄭光明
115法登他001017,4,董　事,陳宏正
115法登他001017,5,董　事,王照宇
115法登他001017,6,董事長,陳弱水
115法登他001017,7,董　事,田　欣
115法登他001017,9,董　事,顧忠華
115法登他001017,10,董　事,黃秀如
115法登他001017,11,董　事,潘光哲
115法登他001017,12,董　事,王鵬翔
115法登他001017,13,董　事,曾國祥
115法登他001017,14,董　事,蔡政宏
115法登他001017,15,董　事,顏厥安
115法登他001017,16,董　事,張文薰
115法登他001017,17,董　事,謝世民
115法登他001017,18,董　事,戴　華
115法登他001017,19,董　事,魯貴顯
115法登他001017,20,董　事,吳鯤魯
115法登他001017,21,董　事,陳俊宏
115法登他001018,1,董　事,顏漏有
115法登他001018,2,董　事,朱　平
115法登他001018,3,董　事,吳思本
115法登他001018,4,董事長,林志垚
115法登他001018,5,董　事,陳素蘭
115法登他001018,6,董　事,陳佳茹
115法登他001018,7,董　事,蕭上農
115法登他001018,8,董　事,林妍希
115法登他001018,9,董　事,俞寧寧
115法登他001018,10,董　事,游直翰
115法登他001018,11,董　事,簡立峰
115法登他001018,12,董　事,蘇麗媚
115法登他001018,13,董　事,林大涵
115法登他001019,3,董　事,謝郁慈
115法登他001019,4,董　事,陳淑妹
115法登他001019,7,董　事,郭　霖
115法登他001019,9,董事長,顧素華
115法登他001019,10,董　事,沈育德
115法登他001020,1,常務理事,廖仁慧
115法登他001020,2,常務理事,廖聖福
115法登他001020,3,理　事,周素琴
115法登他001020,4,理事長,黃舒婷
115法登他001020,5,理　事,黃立亭
115法登他001020,6,理　事,黃廷尹
115法登他001020,7,理　事,李海明
115法登他001020,8,理　事,張馨仁
115法登他001020,9,理　事,林淑慧
115法登他001020,10,常務監事,黃欣欣
115法登他001020,11,監　事,邱昱翔
115法登他001020,12,監　事,簡琳臻
115法登他001021,1,董事長,林耀文
115法登他001021,6,董　事,陳以亨
115法登他001021,9,董　事,林逢寅
115法登他001021,11,董　事,賴嘉鴻
115法登他001021,12,董　事,李孟修
115法登他001021,13,董　事,張志弘
115法登他001021,14,董　事,陳由隆
115法登他001021,15,董　事,謝孟樺
115法登他001021,16,董　事,唐　承
115法登他001022,1,常務理事,廖維欣
115法登他001022,2,理　事,洪子琄
115法登他001022,3,理事長,葉砡君
115法登他001022,4,理　事,邱鳳娜
115法登他001022,5,理　事,劉璁澓
115法登他001022,6,理　事,凌子涵
115法登他001022,7,理　事,周冠易
115法登他001022,8,理　事,宋文琦
115法登他001022,9,理　事,張振忠
115法登他001022,10,理　事,喬　友
115法登他001022,11,理　事,吳君蕙
115法登他001022,12,理　事,許淑惠
115法登他001022,13,常務理事,李健名
115法登他001022,14,常務監事,葉潔如
115法登他001022,15,監　事,吳士鳴
115法登他001022,16,監　事,樊敏如
115法登他001023,1,理　事,鄭花粧
115法登他001023,2,監　事,黃子庭
115法登他001023,3,常務監事,彭怡雲
115法登他001023,4,理　事,黃裕翔
115法登他001023,5,常務理事,施美華
115法登他001023,6,理　事,李宗達
115法登他001023,7,理　事,郭韋廷
115法登他001023,8,理事長,謝愷元
115法登他001023,9,理　事,廖美怡
115法登他001023,10,監　事,胡睿仁
115法登他001023,11,理　事,劉峻嘉
115法登他001023,12,常務理事,陳奕君
115法登他001023,13,理　事,倪子嵐
115法登他001023,14,理　事,梁祐嘉
115法登他001024,1,理　事,陳亮妃
115法登他001024,2,理　事,鄭智仁
115法登他001024,3,理　事,閻宏杰
115法登他001024,4,理　事,鍾成賢
115法登他001024,5,監　事,楊許文義
115法登他001024,6,理　事,余孟勳
115法登他001024,7,常務理事,蔡忠川
115法登他001024,8,理　事,黃禹翰
115法登他001024,9,監　事,林谷同
115法登他001024,10,理　事,宋銘賢
115法登他001024,11,理　事,何孟蓁
115法登他001024,12,常務監事,賴世龍
115法登他001024,13,理事長,陳宥璉
115法登他001024,14,理　事,王道德
115法登他001024,15,常務理事,連政閔
115法登他001024,16,理　事,許雅婷
115法登他001025,1,董　事,魏昇堂
115法登他001025,2,董　事,鄭慧文
115法登他001025,3,董　事,吳伯雄
115法登他001025,4,董事長,侯勝茂
115法登他001025,5,董　事,賴美淑
115法登他001025,7,董　事,羅一鈞
115法登他001025,8,副董事長,張上淳
115法登他001025,9,監察人,郭旭崧
115法登他001025,13,董　事,楊漢湶
115法登他001025,15,董　事,王德原
115法登他001025,16,董　事,顏家瑞
115法登他001025,17,董　事,劉玉菁
115法登他001025,18,董　事,李明濱
115法登他001025,19,董　事,張劍男
115法登他001026,1,理事長,李達平
115法登他001026,2,理　事,曾明楠
115法登他001026,3,理　事,邱蒼民
115法登他001026,4,理　事,王俊凱
115法登他001026,5,理　事,林沛旭
115法登他001026,6,理　事,鄭資益
115法登他001026,7,副理事長,林建華
115法登他001026,8,理　事,謝賢勳
115法登他001026,9,理　事,江奕陞
115法登他001026,10,理　事,林濬承
115法登他001026,11,監　事,丁惠貞
115法登他001026,12,理　事,蔡淑瑜
115法登他001027,1,理事長,黃心潔
115法登他001027,2,常務理事,邱灝芝
115法登他001027,3,常務理事,楊雅萍
115法登他001027,4,理　事,林士智
115法登他001027,5,理　事,黃伊璿
115法登他001027,6,理　事,林虹君
115法登他001027,7,理　事,曾偉婷
115法登他001027,8,理　事,陳智鈺
115法登他001027,9,理　事,林建文
115法登他001027,10,常務監事,趙晨宇
115法登他001027,11,監　事,黃相瑀
115法登他001027,12,監　事,鄭琬尹
115法登他001028,2,董　事,林錦宏
115法登他001028,3,董　事,蔡永順
115法登他001028,4,董事長,林金盛
115法登他001028,5,董　事,黃清龍
115法登他001028,6,董　事,林品勲
115法登他001028,7,董　事,葉奇峯
115法登他001028,8,董　事,陳榮輝
115法登他001028,9,董　事,談學斌
115法登他001028,10,董　事,鄭興忠
115法登他001029,1,理　事,張廖敏惠
115法登他001029,2,理　事,鍾木旺
115法登他001029,3,常務理事,吳佳燕
115法登他001029,4,理　事,簡邑丞
115法登他001029,5,理　事,程孝澐
115法登他001029,6,理　事,林　雯
115法登他001029,7,理　事,吳佳蓉
115法登他001029,8,理　事,吳孟秋
115法登他001029,9,理　事,柯冠如
115法登他001029,10,副理事長,張素華
115法登他001029,11,監　事,陳憲洪
115法登他001029,12,常務監事,陳樹欉
115法登他001029,13,理事長,陳蕾安
115法登他001029,14,副理事長,李偉銘
115法登他001029,15,理　事,簡士傑
115法登他001029,16,理　事,邱怡禎
115法登他001029,17,常務理事,蘇貞如
115法登他001029,18,監　事,林書帆
115法登他001030,1,董　事,洪明輝
115法登他001030,3,董　事,程　鯤
115法登他001030,4,董　事,黃明和
115法登他001030,5,董　事,林新欽
115法登他001030,6,董　事,羅健龍
115法登他001030,7,董　事,夏惠汶
115法登他001030,8,董　事,李永然
115法登他001030,9,董　事,莊隆昌
115法登他001030,10,董　事,施明豪
115法登他001030,11,董　事,黃宏斌
115法登他001030,12,董事長,葛永光
115法登他001030,13,董　事,柯經一
115法登他001030,14,董　事,李學忠
115法登他001030,16,董　事,劉大貝
115法登他001030,17,董　事,李福軒
115法登他001030,18,董　事,柳瑞杏
115法登他001030,19,董　事,何鴻榮
115法登他001030,20,董　事,涂喜敏
115法登他001030,21,董　事,謝佳儒
115法登他001030,22,董　事,吳建明
115法登他001030,23,董　事,顏瑞貞
115法登他001031,1,理　事,陳裕昕
115法登他001031,2,常務理事,王婷萱
115法登他001031,3,理　事,廖欣穎
115法登他001031,4,理　事,余亭儀
115法登他001031,5,常務理事,陳孝瑞
115法登他001031,6,理　事,陳佑羣
115法登他001031,7,理　事,何蔓荊
115法登他001031,8,理　事,黃雅君
115法登他001031,9,理事長,余宛真
115法登他001031,10,理　事,鍾秉勳
115法登他001031,11,監　事,林維德
115法登他001031,12,常務監事,蘇唯綸
115法登他001031,13,監　事,張懋禛
115法登他001031,14,理　事,柯碧黛
115法登他001032,1,董事長,林麗華
115法登他001032,2,董　事,黃南光
115法登他001032,3,董　事,柯濬源
115法登他001032,4,董　事,黃志誠
115法登他001032,5,董　事,蘇純興
115法登他001032,6,董　事,丁　淦
115法登他001032,7,董　事,張世英
115法登他001032,8,董　事,吳師豪
115法登他001032,9,董　事,蕭金泉
115法登他001034,1,理　事,陳文琪
115法登他001034,2,理　事,吳永乾
115法登他001034,3,監　事,柯宜汾
115法登他001034,4,常務理事,李念祖
115法登他001034,5,常務理事,蘇永欽
115法登他001034,6,副理事長,陳榮傳
115法登他001034,7,理　事,黃國忠
115法登他001034,8,理事長,蔡碧玉
115法登他001034,9,理　事,陳明堂
115法登他001034,10,理　事,吳慎志
115法登他001034,11,理　事,李彥文
115法登他001034,12,監　事,李玲玲
115法登他001034,13,理　事,蔡玉玲
115法登他001034,14,理　事,李永然
115法登他001034,15,理　事,潘維大
115法登他001034,16,副理事長,李宜光
115法登他001034,17,副理事長,蔡彩貞
115法登他001034,18,理　事,葉慶元
115法登他001034,19,理　事,張瑜鳳
115法登他001034,20,常務理事,高思博
115法登他001034,21,理　事,林　瑤
115法登他001034,22,常務監事,李復甸
115法登他001034,23,理　事,王文杰
115法登他001034,24,理　事,林雅鋒
115法登他001034,25,監　事,陳思帆
115法登他001034,26,監　事,黃怡騰
115法登他001035,1,董事長,葉宏燈
115法登他001035,2,董　事,張國保
115法登他001035,4,董　事,方珍玲
115法登他001035,5,董　事,管志明
115法登他001035,6,監察人,劉奕權
115法登他001035,7,副董事長,吳勝豐
115法登他001035,8,董　事,吳宜璇
115法登他001035,9,董　事,盧美貴
115法登他001035,10,董　事,曾紀堅
115法登他001035,12,董　事,陳金粧
115法登他001035,13,董　事,王天才
115法登他001035,14,董　事,王春源
115法登他001035,15,董　事,黃雯玲
115法登他001035,16,董　事,吳鐵雄
115法登他001035,17,董　事,陳德華
115法登他001035,18,董　事,黃秀霜
115法登他001035,19,董　事,林志猛
115法登他001035,20,副董事長,楊昌裕
115法登他001036,1,理事長,羅名威
115法登他001036,2,監　事,吳明富
115法登他001036,3,理　事,陳希聖
115法登他001036,4,理　事,陳傳昌
115法登他001036,5,理　事,劉水恩
115法登他001036,6,理　事,張千川
115法登他001036,7,理　事,朱志偉
115法登他001036,8,理　事,張志成
115法登他001036,9,理　事,薛昌煒
115法登他001036,10,監　事,王關生
115法登他001036,11,常務監事,林志雄
115法登他001036,12,理　事,林鴻濤
115法登他001036,13,理　事,金克忠
115法登他001036,14,理　事,鍾聰明
115法登他001036,15,理　事,張文正
115法登他001036,16,理　事,杜啓禎
115法登他001037,1,董事長,連惠心
115法登他001037,2,董　事,李德維
115法登他001037,3,董　事,李國豪
115法登他001037,4,董　事,邸聖德
115法登他001037,6,董　事,林宏義
115法登他001037,7,董　事,陳春蘭
115法登他001037,8,董　事,葉慶元
115法登他001037,9,監察人,林美婉
115法登他001037,10,董　事,魏秋宜
115法登他001037,12,監察人,張聖潔
115法登他001037,13,董　事,張瑞寧
115法登他001037,14,監察人,施綺年
115法登他001037,15,董　事,陳宜靜
115法登他001037,16,董　事,許淑萍
115法登他001038,1,常務理事,劉政亨
115法登他001038,2,常務監事,王明淑
115法登他001038,3,理　事,陳虹蓁
115法登他001038,4,理　事,陳皓羽
115法登他001038,5,理　事,楊政達
115法登他001038,6,監　事,李佳真
115法登他001038,7,監　事,許明雄
115法登他001038,8,理　事,鍾玉梅
115法登他001038,9,理　事,陳貞美
115法登他001038,10,監　事,曾寶慧
115法登他001038,11,監　事,盧安淇
115法登他001038,12,理　事,陳巧慧
115法登他001038,13,常務理事,陳桂梅
115法登他001038,14,理事長,陳淑宇
115法登他001038,15,理　事,陳淑真
115法登他001038,16,理　事,范雅芬
115法登他001038,17,理　事,王惠珍
115法登他001038,18,常務理事,劉典祿
115法登他001038,19,理　事,高聖博
115法登他001038,20,常務理事,連靖婷
115法登他001039,1,董事長,蕭明福
115法登他001039,2,董　事,林衍茂
115法登他001039,3,董　事,童政彰
115法登他001039,4,董　事,張國銘
115法登他001039,5,董　事,方　晴
115法登他001039,6,董　事,董瑞斌
115法登他001039,7,董　事,李長庚
115法登他001039,8,董　事,陳肇鴻
115法登他001039,9,董　事,李漢銘
115法登他001039,10,監察人,賀蘭芝
115法登他001039,11,監察人,林裕泰
115法登他001039,12,監察人,王聰明
115法登他001040,1,理　事,陶恩光
115法登他001040,2,常務理事,陳韻珊
115法登他001040,3,常務理事,高維華
115法登他001040,4,理事長,孫台芳
115法登他001040,5,理　事,劉耀仁
115法登他001040,6,理　事,林一華
115法登他001040,7,理　事,陳惠瑀
115法登他001040,8,理　事,牛潤芝
115法登他001040,9,理　事,盧又華
115法登他001040,10,常務監事,王鈴惠
115法登他001040,11,監　事,陶士靜
115法登他001040,12,監　事,李明眞
115法登他001041,1,理事長,林英俊
115法登他001041,2,常務監事,葉冠義
115法登他001041,3,理　事,邱士哲
115法登他001041,4,理　事,陳嘉文
115法登他001041,5,理　事,吳翊思
115法登他001041,6,監　事,周輝啟
115法登他001041,7,理　事,吳友全
115法登他001041,8,理　事,簡學禮
115法登他001041,9,監　事,張弘鼎
115法登他001041,10,理　事,王忠堃
115法登他001041,11,理　事,杜啟元
115法登他001041,12,理　事,翁德華
115法登他001041,13,理　事,陳建慶
115法登他001041,14,理　事,簡意濤
115法登他001042,1,董　事,何壽川
115法登他001042,2,董　事,張杏如
115法登他001042,3,董　事,詹宏志
115法登他001042,4,董　事,黃學正
115法登他001042,5,董　事,龔書章
115法登他001042,6,董　事,吳佩如
115法登他001042,7,董　事,何奕佳
115法登他001042,8,董　事,張瑞昌
115法登他001042,9,董事長,林承俊
115法登他001044,1,董事長,張安平
115法登他001044,2,董　事,程耀輝
115法登他001044,3,董　事,蔡國嶼
115法登他001044,4,董　事,魏家珮
115法登他001044,5,董　事,賈子南
115法登他001044,6,監察人,葉國宏
115法登他001045,1,董事長,林百里
115法登他001045,2,董　事,徐　莉
115法登他001045,3,董　事,張以明
115法登他001045,4,董　事,楊源明
115法登他001045,5,董　事,郭倩如
115法登他001046,1,董　事,邱大展
115法登他001046,2,董　事,葉慶元
115法登他001046,3,董　事,蕭景田
115法登他001046,4,董事長,郝龍斌
115法登他001046,5,董　事,莊文思
115法登他001046,6,董　事,謝公秉
115法登他001046,7,董　事,孔繁亞
115法登他001046,8,董　事,張天鴻
115法登他001046,9,董　事,魏國彥
115法登他001046,10,董　事,賴士葆
115法登他001046,11,董　事,游淑慧
115法登他001047,1,理事長,劉桂光
115法登他001047,2,常務理事,林惠滿
115法登他001047,3,理　事,林玉鳳
115法登他001047,4,監　事,紀力仁
115法登他001047,5,理　事,林玉娟
115法登他001047,6,常務理事,朱美玲
115法登他001047,7,理　事,蔡睿哲
115法登他001047,8,理　事,李欣怡
115法登他001047,9,理　事,許淑鶯
115法登他001047,10,理　事,周淑芬
115法登他001047,11,常務監事,陳玉鳳
115法登他001047,12,監　事,翁美如
115法登他001048,1,董　事,周理平
115法登他001048,3,董　事,汪宜嫻
115法登他001048,4,董　事,黃渝晴
115法登他001048,5,董　事,周心皓
115法登他001048,6,董　事,林健生
115法登他001048,9,董　事,謝孔超
115法登他001048,10,董　事,邱智瑋
115法登他001048,11,董　事,廖白蓉
115法登他001048,13,董事長,王　謙
115法登他001049,3,理　事,吳佳盈
115法登他001049,4,理　事,李宣霈
115法登他001049,5,常務理事,"韓露莎 Rolhensha Henry"
115法登他001049,6,常務理事,安玉芝
115法登他001049,7,理　事,"費若芬 Rovin Fevrier"
115法登他001049,8,理　事,陳樂安
115法登他001049,9,理事長,周郁萍
115法登他001049,10,監　事,"胡尤美 Hu Mayumi Izuno"
115法登他001049,11,理　事,李紹君
115法登他001049,12,理　事,李麗芳
115法登他001049,13,監　事,黃淑菁
115法登他001049,14,監　事,張詩佩
115法登他001050,1,常務理事,王有庠
115法登他001050,2,理　事,徐祥弼
115法登他001050,3,常務理事,廖品硯
115法登他001050,4,常務監事,阮頤寧
115法登他001050,5,理　事,蔡喻安
115法登他001050,6,理　事,李宇恩
115法登他001050,7,理　事,李思儀
115法登他001050,8,理　事,鄭清鴻
115法登他001050,9,監　事,蔡昱嘉
115法登他001050,10,理事長,朱乃瑩
115法登他001050,11,監　事,林宛穎
115法登他001050,12,理　事,徐書磊
115法登他001051,1,董事長,張孝威
115法登他001051,2,董　事,黃仁昭
115法登他001051,3,董　事,丁予康
115法登他001051,4,董　事,許婉美
115法登他001051,5,董　事,陳　冲
115法登他001051,6,董　事,蔡力行
115法登他001051,7,監察人,陳聖德
115法登他001051,8,監察人,黃宗仁
115法登他001051,9,監察人,應保羅
115法登他001051,10,董　事,朱黃傑
115法登他001051,11,董　事,宋學仁
115法登他001051,12,董　事,海英俊
115法登他001052,1,理　事,陳嘉俊
115法登他001052,2,理　事,楊家華
115法登他001052,3,理　事,李口榮
115法登他001052,4,常務理事,蔡正仁
115法登他001052,5,理　事,王健男
115法登他001052,6,理　事,蘇偉嘉
115法登他001052,7,監　事,李兆禧
115法登他001052,8,理　事,施碩和
115法登他001052,9,常務理事,張瑞峯
115法登他001052,10,理　事,楊旻侑
115法登他001052,11,理　事,梁金成
115法登他001052,12,監　事,郭銘利
115法登他001052,13,常務理事,張恩維
115法登他001052,14,常務理事,李讚芳
115法登他001052,15,常務監事,余玉英
115法登他001052,16,理　事,徐一平
115法登他001052,17,理　事,楊東霖
115法登他001052,18,監事會召集人,黃福傳
115法登他001052,19,理　事,劉煜明
115法登他001052,20,理　事,蘇進敏
115法登他001052,21,監　事,何正宏
115法登他001052,22,理　事,張怡民
115法登他001052,23,常務理事,張天俊
115法登他001052,24,理　事,黃熙穆
115法登他001052,25,監　事,何坤城
115法登他001052,26,監　事,詹德昭
115法登他001052,27,理事長,張文炳
115法登他001052,28,常務理事,謝育澂
115法登他001054,1,董事長,張昭焚
115法登他001054,2,副董事長,韓家宇
115法登他001054,3,副董事長,陳盛沺
115法登他001054,4,副董事長,馬西屏
115法登他001054,5,董　事,湯立豪
115法登他001054,6,董　事,張明發
115法登他001054,7,董　事,黃燕忠
115法登他001054,8,董　事,温紹明
115法登他001054,9,董　事,許垤棋
115法登他001054,10,董　事,沈鴻禧
115法登他001054,11,董　事,鍾世仁
115法登他001055,1,監事會主席,賴韋成
115法登他001055,2,理　事,王村煌
115法登他001055,3,副理事長,馬培治
115法登他001055,4,理　事,蘇國垚
115法登他001055,5,理事長,吳兆益
115法登他001055,6,理　事,蔡文宜
115法登他001055,7,理　事,林大涵
115法登他001055,8,理　事,彭昱融
115法登他001055,9,理　事,黃偉傑
115法登他001055,10,監　事,沈方正
115法登他001055,11,理　事,陳明明
115法登他001055,12,監　事,陳瑄筑
115法登他001056,2,董　事,廖建順
115法登他001056,3,董事長,嚴陳莉蓮
115法登他001056,4,董　事,曾鑫城
115法登他001056,5,董　事,陳　陞
115法登他001056,6,董　事,陳寶麟
115法登他001056,7,董　事,李建輝
115法登他001056,8,董　事,陳元龍
115法登他001056,9,董　事,林賈凱
115法登他001056,10,董　事,許國興
115法登他001057,1,理　事,吳雅惠
115法登他001057,2,理　事,李佳穎
115法登他001057,3,常務理事,蘇孟榛
115法登他001057,4,理事長,林雅恩
115法登他001057,5,監　事,周文介
115法登他001057,6,理　事,李佳容
115法登他001057,7,理　事,賴宣宇
115法登他001057,8,理　事,藍珮文
115法登他001057,9,常務理事,高淑敏
115法登他001057,10,常務監事,鄭　鎧
115法登他001057,11,監　事,林　整
115法登他001057,12,理　事,翁全芝
115法登他001058,1,理事長,蘇哲明
115法登他001058,2,常務理事,陳守愚
115法登他001058,3,常務理事,謝龍年
115法登他001058,4,理　事,林基銘
115法登他001058,5,理　事,黃家豪
115法登他001058,6,理　事,廖三利
115法登他001058,7,監　事,陶運昌
115法登他001058,8,理　事,黃國康
115法登他001058,9,理　事,曾啟彬
115法登他001058,10,常務監事,陳怡朱
115法登他001058,11,理　事,蘇奕璋
115法登他001058,12,監　事,王鵬智
115法登他001059,1,理　事,三田地肇
115法登他001059,2,理　事,山口廣輝
115法登他001059,3,理　事,渡邊陽平
115法登他001059,4,理　事,稻垣力
115法登他001059,5,常務理事,大西武仁
115法登他001059,6,理　事,福原康兒
115法登他001059,7,理　事,橋本剛
115法登他001059,8,理　事,古屋敷博文
115法登他001059,9,監　事,大戸秀
115法登他001059,10,理　事,森本岳史
115法登他001059,11,理　事,上田功
115法登他001059,12,理　事,岩本樹
115法登他001059,13,理　事,眞田敬太
115法登他001059,14,理　事,望月克紀
115法登他001059,15,理　事,詹尚子
115法登他001059,16,常務監事,矢持健一郎
115法登他001059,17,理　事,安達祐司
115法登他001059,18,監　事,謝富紀子
115法登他001059,19,理　事,相馬伸一郎
115法登他001059,20,理　事,橫井雅史
115法登他001059,21,理　事,增田裕一
115法登他001059,22,理　事,德光重人
115法登他001059,23,常務理事,長阿紀良
115法登他001059,24,理　事,福田和磨
115法登他001059,25,監　事,塩崎寬吉
115法登他001059,26,理　事,坪井勇樹
115法登他001059,27,理事長,桐山寬史
115法登他001059,28,監　事,大河内一彦
115法登他001060,1,理　事,大西武仁
115法登他001060,2,理　事,河田真澄
115法登他001060,3,常務理事,三田地肇
115法登他001060,4,理　事,塩崎寬吉
115法登他001060,5,理　事,田崎嘉邦
115法登他001060,6,理　事,山村和正
115法登他001060,7,理　事,古牧海
115法登他001060,8,理　事,古屋敷博文
115法登他001060,9,理　事,桐山寬史
115法登他001060,10,理　事,松本幸雄
115法登他001060,11,監　事,犬塚堯
115法登他001060,12,理　事,大河内一彦
115法登他001060,13,理　事,稻垣力
115法登他001060,14,理　事,川森大輔
115法登他001060,15,理　事,森本岳史
115法登他001060,16,常務理事,相馬伸一郎
115法登他001060,17,理　事,安達祐司
115法登他001060,18,理　事,脇康弘
115法登他001060,19,理事長,增田裕一
115法登他001060,20,理　事,佐藤正
115法登他001060,21,理　事,森達郎
115法登他001060,22,理　事,長阿紀良
115法登他001060,23,監　事,廣田浩平
115法登他001060,24,監　事,矢持健一郎
115法登他001060,25,常務監事,川本勝
115法登他001060,26,監　事,久一康洋
115法登他001060,27,理　事,福田和磨
115法登他001060,28,理　事,吉村明
115法登他001061,2,董事長,李宗黎
115法登他001061,3,董　事,林蕙真
115法登他001061,4,董　事,段明娟
115法登他001061,5,董　事,尤宥惠
115法登他001061,6,董　事,張育維
115法登他001061,7,董　事,王瓊慧
115法登他001061,8,董　事,楊欣怡
115法登他001062,1,董　事,鄭騰燦
115法登他001062,2,董　事,蘇春生
115法登他001062,3,董　事,陳君偉
115法登他001062,4,董　事,丁　淦
115法登他001062,5,董　事,周英弼
115法登他001062,6,董　事,蔡維力
115法登他001062,7,董事長,袁明琦
115法登他001062,8,董　事,柯世光
115法登他001062,9,董　事,許美麗
115法登他001062,10,董　事,謝君如
115法登他001062,11,董　事,蔡秋安
115法登他001062,12,董　事,羅心瑜
115法登他001062,13,董　事,糠榮誠
115法登他001063,1,董　事,王天德
115法登他001063,2,董事長,曾金陵
115法登他001063,3,董　事,陳健祥
115法登他001063,4,董　事,王智輝
115法登他001063,5,常務董事,謝其賢
115法登他001063,6,董　事,吳逸聖
115法登他001063,7,董　事,陳韋廷
115法登他001063,8,董　事,韓更生
115法登他001063,9,董　事,藍靜婷
115法登他001063,10,監察人,盧建中
115法登他001064,1,監察人,盧建中
115法登他001064,2,董事長,曾金陵
115法登他001064,7,常務董事,謝其賢
115法登他001064,8,董　事,王智輝
115法登他001064,9,董　事,陳韋廷
115法登他001064,10,董　事,吳逸聖
115法登他001064,11,董　事,陳健祥
115法登他001064,12,董　事,王天德
115法登他001064,13,董　事,藍靜婷
115法登他001064,14,董　事,韓更生
115法登他001065,2,董　事,吳逸聖
115法登他001065,3,董　事,陳健祥
115法登他001065,4,董　事,王智輝
115法登他001065,5,董事長,曾金陵
115法登他001065,6,常務董事,謝其賢
115法登他001065,7,董　事,陳韋廷
115法登他001065,8,董　事,王天德
115法登他001065,9,董　事,韓更生
115法登他001065,10,董　事,藍靜婷
115法登他001065,11,監察人,盧建中
115法登他001066,1,常務董事,莊光明
115法登他001066,2,董　事,黃大洲
115法登他001066,3,監察人,丁慧娟
115法登他001066,4,常務董事,陳燕靜
115法登他001066,5,董　事,蔡明哲
115法登他001066,6,董事長,周師文
115法登他001066,7,常務監察人,蘇明道
115法登他001066,8,董　事,江孟蓉
115法登他001066,9,董　事,張文亮
115法登他001066,10,監察人,陳士魁
115法登他001066,11,董　事,鄒枝和
115法登他001066,12,監察人,林正杰
115法登他001066,14,常務董事,吳孟玲
115法登他001066,15,董　事,陳士伯
115法登他001066,16,常務董事,林思妤
115法登他001066,17,董　事,汪昭華
115法登他001066,18,董　事,莊金安
115法登他001066,20,董　事,何永山
115法登他001066,21,監察人,李秀麗
115法登他001066,22,董　事,陳進治
115法登他001067,1,董事長,廖彬良
115法登他001067,2,董　事,施信民
115法登他001067,3,董　事,何春松
115法登他001067,4,董　事,吳明全
115法登他001067,5,董　事,陳麗貴
115法登他001068,2,董　事,梁唯真
115法登他001068,3,董　事,洪明皓
115法登他001068,9,董　事,張美姬
115法登他001068,10,董　事,林偉哲
115法登他001068,11,董　事,呂淑齡
115法登他001068,13,董　事,吳大衛
115法登他001068,14,董事長,邱顯育
115法登他001068,15,常務董事,張嘉祥
115法登他001068,16,董　事,甘仲維
115法登他001068,17,常務董事,蘇明源
115法登他001068,18,董　事,賴正大
115法登他001068,19,董　事,李旻瑋
115法登他001068,20,董　事,張千惠
115法登他001068,21,董　事,趙秀虹
115法登他001068,22,常務董事,何玟瑩
115法登他001069,1,監　事,章錦華
115法登他001069,2,理　事,張嵐欣
115法登他001069,3,理　事,吳昕豪
115法登他001069,4,監　事,李婷娜
115法登他001069,5,理　事,周耕宇
115法登他001069,6,理　事,劉純芳
115法登他001069,7,理　事,蔡宗憲
115法登他001069,8,理　事,"謝傑威HSIEH JEFFRAY W"
115法登他001069,9,理　事,侯嘉騏
115法登他001069,10,理　事,胡亦侃
115法登他001069,11,理事長,杜俊賢
115法登他001069,12,監　事,何承育
115法登他001070,1,理事長,郭珍弟
115法登他001070,2,常務監事,王韶君
115法登他001070,3,理　事,劉芳亭
115法登他001070,4,理　事,許景淵
115法登他001070,5,常務理事,張涵芬
115法登他001070,6,監　事,魏禎宏
115法登他001070,7,理　事,賴奇廷
115法登他001070,8,理　事,阮秀慈
115法登他001070,9,理　事,曾世恩
115法登他001070,10,監　事,吳麗珠
115法登他001070,11,常務理事,陳玉純
115法登他001070,12,理　事,吳柏泓
115法登他001071,1,臨時董事長,陸宛蘋
115法登他001071,2,臨時董事,曲慶浩
115法登他001071,3,臨時董事,許郁婷
115法登他001071,4,臨時董事,陳蕙君
115法登他001071,5,臨時董事,林秀真
115法登他001071,6,臨時董事,林良楓
115法登他001071,7,臨時董事,金世朋
115法登他001071,8,臨時董事,林淑芬
115法登他001071,9,臨時董事,陳繼普
115法登他001072,1,理　事,李慧嫻
115法登他001072,2,副理事長,連秋銘
115法登他001072,3,監　事,莊詠玲
115法登他001072,4,常務理事,許毓麟
115法登他001072,5,常務理事,許樹龍
115法登他001072,6,理　事,林卉婕
115法登他001072,7,理　事,張景評
115法登他001072,8,理　事,李月華
115法登他001072,9,理　事,蔣永寵
115法登他001072,10,理　事,許晋銘
115法登他001072,11,理　事,黃律嘉
115法登他001072,12,常務監事,黄國權
115法登他001072,13,監　事,張騰龍
115法登他001072,14,常務理事,王斯煒
115法登他001072,15,副理事長,陳秀娥
115法登他001072,16,理　事,袁齊笙
115法登他001072,17,理　事,李隆正
115法登他001072,18,監　事,吳溱曜
115法登他001072,19,理　事,郭禮賦
115法登他001072,20,理　事,莊盛祺
115法登他001072,21,常務理事,朱成光
115法登他001072,22,理　事,方鳴顯
115法登他001072,23,理事長,蔡琪銘
115法登他001072,24,理　事,林其隆
115法登他001072,25,理　事,廖文盟
115法登他001072,26,常務理事,羅錦雄
115法登他001072,27,理　事,詹力錦
115法登他001072,28,理　事,孫嘉明
115法登他001072,29,監　事,張晉瑞
115法登他001072,30,理　事,江國彰
115法登他001072,31,常務理事,蕭奕弘
115法登他001072,32,理　事,林家正
115法登他001073,2,董　事,黃樹德
115法登他001073,4,董事長,陳國瑋
115法登他001073,7,董　事,黃韻靜
115法登他001073,8,董　事,蔡紹云
115法登他001073,9,董　事,林明億
115法登他001074,1,董事長,藍心琪
115法登他001074,2,"董  事",李宗誠
115法登他001074,3,"董  事",林義豐
115法登他001074,4,"董  事",林秀靜
115法登他001074,5,"董  事",孔繁友
115法登他001074,6,監察人,許綱倫
115法登他001075,1,董　事,蘇柳村
115法登他001075,3,董　事,林從一
115法登他001075,4,董　事,曹安娜
115法登他001075,6,董事長,江書良
115法登他001075,7,董　事,蔡聰財
115法登他001075,8,董　事,林茂松
115法登他001075,9,董　事,鍾萬梅
115法登他001075,10,董　事,鈕方頤
115法登他001075,11,董　事,楊哲偉
115法登他001075,12,監察人,莊晨鴻
115法登他001076,1,董事長,陳明國
115法登他001076,2,董　事,許瑞蓮
115法登他001076,3,董　事,許能郎
115法登他001076,4,董　事,林佳韻
115法登他001076,5,董　事,王蔡阿省
115法登他001077,1,理事長,季士傑
115法登他001077,2,常務監事,游宏基
115法登他001077,3,理　事,林仁祥
115法登他001077,4,監　事,古嘉琳
115法登他001077,5,常務理事,鄭皓軒
115法登他001077,6,理　事,陳玫儒
115法登他001077,7,理　事,劉于誠
115法登他001077,8,常務理事,徐震宇
115法登他001077,9,理　事,莊于慶
115法登他001077,10,理　事,林立翔
115法登他001077,11,理　事,邱世崑
115法登他001077,12,監　事,郭育嘉
115法登他001078,1,董事長,鄭麗文
115法登他001078,2,副董事長,李鴻源
115法登他001078,3,董　事,陳宜民
115法登他001078,4,董　事,蘇宏達
115法登他001078,5,董　事,高思博
115法登他001078,6,董　事,柯志恩
115法登他001078,7,董　事,林德福
115法登他001078,8,董　事,楊永明
115法登他001078,9,董　事,陳永康
115法登他001078,10,副董事長,陳　冲
115法登他001078,11,董　事,邱淑媞
115法登他001078,12,董　事,葛如鈞
115法登他001078,13,董　事,陳菁徽
115法登他001078,14,董　事,翁曉玲
115法登他001078,15,董　事,林倩綺
115法登他001078,16,董　事,王育敏
115法登他001078,17,董　事,吳宗憲
115法登他001078,18,監察人,江美桃
115法登他001078,19,監察人,許宇甄
115法登他001078,20,監察人,王聲威
115法登他001079,1,董　事,范文偉
115法登他001079,3,董事長,尹崇堯
115法登他001079,4,董　事,李淑娟
115法登他001079,6,董　事,吳睿彬
115法登他001079,12,董　事,劉于慧
115法登他001079,13,董　事,沈　剛
115法登他001079,19,董　事,黃勝勇
115法登他001080,1,董　事,賴曉芬
115法登他001080,2,董　事,林俐君
115法登他001080,3,董　事,崔愫欣
115法登他001080,4,董　事,黃德秀
115法登他001080,6,監察人,謝文綺
115法登他001080,7,董事長,林玉珮
115法登他001080,8,監察人,陳惠萍
115法登他001080,10,董　事,彭桂枝
115法登他001080,11,董　事,江慧儀
115法登他001080,12,董　事,林芳如
115法登他001080,13,董　事,耿明誼
115法登他001080,14,副董事長,張瑋琦
115法登他001080,15,董　事,邱靜慧
115法登他001080,16,監察人,鄭秀娟
115法登他001081,1,董事長,邱文達
115法登他001081,2,董　事,張文瀚
115法登他001081,3,董　事,施養性
115法登他001081,4,董　事,吳寶順
115法登他001081,5,董　事,石曜堂
115法登他001081,6,董　事,林乾閔
115法登他001081,7,董　事,余建新
115法登他001081,8,董　事,梁石安
115法登他001081,9,董　事,鄭天正
115法登他001081,10,董　事,劉靜怡
115法登他001081,11,董　事,張丞圭
115法登他001081,12,董　事,陳和錦
115法登他001081,13,董　事,林家瑋
115法登他001081,14,董　事,蔣永孝
115法登他001081,15,董　事,林慶豐
115法登他001082,1,理　事,康雅菁
115法登他001082,2,理　事,吳全成
115法登他001082,3,理　事,陳金福
115法登他001082,4,理　事,陳昆良
115法登他001082,5,監　事,曾見占
115法登他001082,6,監　事,王順平
115法登他001082,7,常務理事,張世昇
115法登他001082,8,常務理事,鍾文雄
115法登他001082,9,理　事,陳耀芳
115法登他001082,10,理　事,林蒼彬
115法登他001082,11,理　事,陳立儀
115法登他001082,12,理事長,黃一中
115法登他001082,13,理　事,程火金
115法登他001082,14,常務監事,吳慎宜
115法登他001083,1,董事長,李昱鋒
115法登他001083,2,董　事,黃閎新
115法登他001083,3,董　事,林淑君
115法登他001083,4,董　事,張秀靜
115法登他001083,5,董　事,陳玉玲
115法登他001083,6,董　事,張旭文
115法登他001083,7,董　事,林智淩
115法登他001084,1,董事長,郭銓慶
115法登他001084,2,董　事,劉文良
115法登他001084,3,董　事,陳華儀
115法登他001084,4,董　事,羅欽憲
115法登他001084,5,董　事,謝欽福
115法登他001084,6,董　事,蔡坤勇
115法登他001084,7,董　事,黃惠姻
115法登他001084,8,董　事,郭濟安
115法登他001084,9,董　事,林鈐蒨
115法登他001085,1,理　事,孫建平
115法登他001085,2,理　事,張至維
115法登他001085,3,理　事,劉奇璋
115法登他001085,4,理　事,柯佳吟
115法登他001085,5,常務理事,曹先紹
115法登他001085,6,理　事,趙榮台
115法登他001085,7,常務理事,邱郁文
115法登他001085,8,理事長,鄭明修
115法登他001085,9,理　事,張明雄
115法登他001085,10,理　事,林宣佑
115法登他001085,11,理　事,黃世彬
115法登他001085,12,理　事,黃大駿
115法登他001085,14,理　事,梁世雄
115法登他001085,15,理　事,方國運
115法登他001085,16,常務理事,丁宗蘇
115法登他001085,20,常務理事,施上粟
115法登他001085,22,監　事,楊秋霖
115法登他001085,24,監　事,楊正雄
115法登他001085,25,理　事,詹德樞
115法登他001085,26,常務監事,王　頴
115法登他001085,27,監　事,陳韋仁
115法登他001085,28,監　事,王一匡
115法登他001086,1,理　事,李奎慶
115法登他001086,2,理　事,陳鴻昌
115法登他001086,3,理　事,倪映驊
115法登他001086,4,理　事,張育銓
115法登他001086,5,監　事,王俊凱
115法登他001086,6,理事長,方寶權
115法登他001086,7,理　事,朱朝熙
115法登他001086,8,監　事,蔡永欽
115法登他001086,9,理　事,林森一
115法登他001086,10,理　事,蔡德城
115法登他001086,11,理　事,陳建榕
115法登他001086,12,理　事,林英傑
115法登他001086,13,理　事,陳博崑
115法登他001086,14,常務監事,陳元斌
115法登他001086,15,理　事,王南淵
115法登他001086,16,理　事,王國斌
115法登他001087,1,董　事,張錫煌
115法登他001087,2,董　事,黃輝豹
115法登他001087,3,董　事,李添永
115法登他001087,4,董　事,楊桂芳
115法登他001087,5,副董事長,鄭　田
115法登他001087,6,監　事,蔡玉貴
115法登他001087,8,董事長,謝繼茂
115法登他001087,9,董　事,王萬易
115法登他001088,1,理　事,陳明信
115法登他001088,2,理事長,張維夫
115法登他001088,3,監　事,"李國禎 Gordon Lee"
115法登他001088,4,理　事,"Murray Bowler"
115法登他001088,5,監　事,吳同喬
115法登他001088,6,理　事,"Scott Williams"
115法登他001088,7,理　事,邱佳昇
115法登他001088,8,理　事,"Sabri Gmira"
115法登他001088,9,理　事,"Murray Davis"
115法登他001088,10,監　事,"陳麗玉 Joanne Chen"
115法登他001088,11,理　事,林郁均
115法登他001088,12,理　事,"劉培希 Patrick Hafenstein"
115法登他001089,1,理　事,黃奇裕
115法登他001089,2,監　事,顏君賢
115法登他001089,3,常務理事,王俞潔
115法登他001089,4,理　事,陳秉信
115法登他001089,5,理　事,李錦隆
115法登他001089,6,監　事,方懷素
115法登他001089,7,理　事,黃俊琪
115法登他001089,8,理　事,謝宇法
115法登他001089,9,理事長,蘇楷翔
115法登他001089,10,理　事,林庭萱
115法登他001089,11,理　事,梁純識
115法登他001089,12,理　事,周玫汝
115法登他001089,13,理　事,張育維
115法登他001089,14,理　事,游碧蘭
115法登他001089,15,常務理事,陳昱孚
115法登他001089,16,常務監事,嚴煜庭
115法登他001089,17,理　事,陸慧敏
115法登他001089,18,理　事,謝麗春
115法登他001090,1,董　事,陳勝標
115法登他001090,2,監察人,黃春華
115法登他001090,3,董　事,蘇石順
115法登他001090,4,董　事,江隆昌
115法登他001090,5,監察人,洪三平
115法登他001090,6,監察人,張水美
115法登他001090,7,董　事,鄭志強
115法登他001090,8,董　事,嚴隆財
115法登他001090,9,董　事,薛於藝
115法登他001090,10,董　事,黃有評
115法登他001090,11,董　事,黃育賢
115法登他001090,12,董　事,劉逢源
115法登他001090,13,董　事,楊永祥
115法登他001090,14,董　事,王世雄
115法登他001090,15,董　事,王瑞材
115法登他001090,16,監察人,鄧道興
115法登他001090,17,董　事,林寳彰
115法登他001090,18,董事長,林啓瑞
115法登他001090,19,董　事,丁振卿
115法登他001090,20,監察人,詹世弘
115法登他001090,21,董　事,曾禎益
115法登他001090,22,董　事,張啓城
115法登他001091,1,理事長,董宇正
115法登他001091,2,常務理事,董天慈
115法登他001091,3,常務理事,徐坤靖
115法登他001091,4,理　事,邱暐智
115法登他001091,5,理　事,唐雅雯
115法登他001091,6,理　事,林家慶
115法登他001091,7,理　事,莊志傑
115法登他001091,8,理　事,趙懋文
115法登他001091,9,理　事,張凱育
115法登他001091,10,監　事,陳賽鋒
115法登他001091,11,常務監事,黃文瑜
115法登他001091,12,監　事,鄧美蘭
115法登他001092,1,理　事,蕭耀程
115法登他001092,2,理　事,宋紋綺
115法登他001092,3,理　事,林旔彊
115法登他001092,4,理　事,周子皓
115法登他001092,5,常務理事,黃詠綺
115法登他001092,6,理　事,樓雅文
115法登他001092,7,常務監事,林青嵩
115法登他001092,8,理　事,鄭文婷
115法登他001092,9,理　事,陳怡伶
115法登他001092,10,監　事,詹承洋
115法登他001092,11,常務理事,許舜棋
115法登他001092,12,理　事,林宏佰
115法登他001092,13,監　事,黃昶鑫
115法登他001092,14,理事長,邱林耀銘
115法登他001093,1,常務理事,張裕津
115法登他001093,2,理事長,薛智偉
115法登他001093,3,常務理事,蔡碧琴
115法登他001093,4,理　事,李彥均
115法登他001093,5,理　事,林惠琦
115法登他001093,6,理　事,侯樂平
115法登他001093,7,理　事,許淑麗
115法登他001093,8,理　事,潘玟絜
115法登他001093,9,理　事,鄧怡君
115法登他001093,10,常務監事,李文欽
115法登他001093,11,監　事,高其偉
115法登他001093,12,監　事,陳福順
115法登他001094,1,理　事,蕭秋勇
115法登他001094,2,理事長,黃呈琮
115法登他001094,3,理　事,藍　峯
115法登他001094,4,常務理事,范偉洸
115法登他001094,5,理　事,葛永光
115法登他001094,6,理　事,史順文
115法登他001094,7,監　事,王先賢
115法登他001094,8,常務理事,林伯豐
115法登他001094,9,常務理事,陳育琳
115法登他001094,10,常務理事,王峻益
115法登他001094,11,常務理事,張秋海
115法登他001094,12,理　事,莊堯安
115法登他001094,13,理　事,王連應
115法登他001094,14,常務監事,魏寶生
115法登他001094,15,理　事,虞德忠
115法登他001094,16,理　事,樓偉傑
115法登他001094,17,理　事,林傳盛
115法登他001094,18,監　事,謝俊煌
115法登他001094,19,理　事,沈耀國
115法登他001094,20,監　事,林基財
115法登他001094,21,理　事,鄭家樹
115法登他001094,22,常務理事,黃昭展
115法登他001094,23,理　事,劉宏洲
115法登他001094,24,監　事,簡嘉菁
115法登他001094,25,監　事,吳長風
115法登他001094,26,理　事,王清水
115法登他001094,27,監　事,申晋強
115法登他001094,28,理　事,朱蕙芳
115法登他001095,1,理事長,曲全立
115法登他001095,2,理　事,徐子恆
115法登他001095,3,監　事,蔡宜玲
115法登他001095,4,理　事,蔡裕崙
115法登他001095,5,監　事,蘇珮淇
115法登他001095,6,理　事,彭嘉明
115法登他001095,7,理　事,張登翔
115法登他001095,8,理　事,魯建君
115法登他001095,9,理　事,陳松永
115法登他001095,10,理　事,陳逸群
115法登他001095,11,理　事,徐綉琳
115法登他001095,12,常務監事,王書貞
115法登他001095,13,理　事,王依齡
115法登他001095,14,理　事,吳昌錫
115法登他001096,1,董事長,陳　冲
115法登他001096,2,董　事,陳一強
115法登他001096,3,董　事,蕭酩献
115法登他001096,4,董　事,鄭瑛彬
115法登他001096,5,董　事,劉安婷
115法登他001096,6,董　事,顏漏有
115法登他001096,7,董　事,項國寧
115法登他001096,8,董　事,黃素娟
115法登他001096,9,董　事,游美月
115法登他001096,10,董　事,葛望平
115法登他001096,11,董　事,官振萱
115法登他001096,12,董　事,郭珊珊
115法登他001096,13,董　事,費家琪
115法登他001097,1,董　事,方秀美
115法登他001097,2,董　事,黃瑞如
115法登他001097,3,董　事,陳安妮
115法登他001097,4,董事長,王春步
115法登他001097,5,董　事,劉淑華
115法登他001097,6,董　事,黃維綱
115法登他001097,7,董　事,袁懋萱
115法登他001097,8,董　事,葉振疆
115法登他001097,9,董　事,田嘉禾
115法登他001098,1,董事長,孫嘉蕊
115法登他001098,2,董　事,王娟娟
115法登他001098,3,董　事,張　宇
115法登他001098,4,董　事,張　靖
115法登他001098,5,董　事,張　璠
115法登他001098,6,董　事,徐瑞勇
115法登他001098,7,監察人,朱玉華
115法登他001098,8,董　事,陳宏禮
115法登他001098,9,董　事,袁齊芬
115法登他001098,10,董　事,莊鎮嶽
115法登他001098,11,董　事,蔡依臻
115法登他001098,12,董　事,黃慧婷
115法登他001098,13,董　事,沈建宏
115法登他001098,14,董　事,林則奘
115法登他001099,1,董事長,洪雅蕙
115法登他001099,2,董　事,陳白蘭
115法登他001099,3,董　事,王秀美
115法登他001099,4,董　事,徐淑蓮
115法登他001099,5,董　事,沙謙寧
115法登他001100,1,董事長,洪雅蕙
115法登他001100,5,董　事,王秀美
115法登他001100,6,董　事,陳白蘭
115法登他001100,7,董　事,沙謙寧
115法登他001100,8,董　事,徐淑蓮
115法登他001101,1,常務理事,林俊叡
115法登他001101,2,理事長,林茂松
115法登他001101,3,理　事,劉慶剛
115法登他001101,4,理　事,黃敏裕
115法登他001101,5,理　事,陳淑嬌
115法登他001101,6,副理事長,陳錦芬
115法登他001101,7,理　事,沈定一
115法登他001101,8,常務理事,李海碩
115法登他001101,9,理　事,戴維揚
115法登他001101,10,理　事,巴士誠
115法登他001101,11,常務理事,蕭聰淵
115法登他001101,12,理　事,邵作俊
115法登他001101,13,理　事,邵維祥
115法登他001101,14,理　事,朱韻縈
115法登他001101,15,理　事,鍾武宏
115法登他001101,16,常務監事,甯耀南
115法登他001101,17,監　事,邱秀琴
115法登他001101,18,監　事,江慧玲
115法登他001101,19,監　事,黃喜麟
115法登他001101,20,監　事,許育朧
115法登他001102,1,常務理事,蘇志成
115法登他001102,2,常務理事,賴楊芙蓉
115法登他001102,3,理　事,陳孟芬
115法登他001102,4,理　事,林惠萍
115法登他001102,5,理　事,許陳善
115法登他001102,6,理事長,王惠君
115法登他001102,7,理　事,邱淑芬
115法登他001102,8,理　事,葉祐榮
115法登他001102,9,理　事,李惠真
115法登他001102,10,常務監事,吳坤田
115法登他001102,11,監　事,莊銘輝
115法登他001102,12,監　事,陳雯鳳
115法登他001103,1,董　事,謝詩祥
115法登他001103,3,董　事,王念慈
115法登他001103,4,董　事,黑幼龍
115法登他001103,6,董　事,范慶靈
115法登他001103,7,董事長,董澤龍
115法登他001103,8,董　事,馬紹‧阿紀
115法登他001103,9,董　事,劉憲翰
115法登他001104,1,理事長,陳盈如
115法登他001104,2,監　事,貝媚瀟
115法登他001104,3,理　事,陳思穎
115法登他001104,4,理　事,蔡慧儀
115法登他001104,5,常務理事,白曉玲
115法登他001104,6,監　事,簡秀芳
115法登他001104,7,理　事,劉永俊
115法登他001104,8,常務監事,盧芃秀
115法登他001104,9,理　事,蘇嘉琦
115法登他001104,10,理　事,蘇　襄
115法登他001104,11,理　事,羅仲華
115法登他001104,12,理　事,林怡君
115法登他001104,13,理　事,張恒銘
115法登他001104,14,常務理事,林芷安
115法登他001105,1,董　事,林金官
115法登他001105,2,董事長,劉啟峰
115法登他001105,3,董　事,蔣錦雄
115法登他001105,4,董　事,劉明康
115法登他001105,5,董　事,許立中
115法登他001105,6,董　事,林起富
115法登他001105,7,董　事,楊荊生
115法登他001105,8,董　事,曹金平
115法登他001105,9,董　事,鄭　鴻
115法登他001105,10,董　事,陳維德
115法登他001105,11,董　事,曹雲龍
115法登他001106,1,董　事,黃世森
115法登他001106,2,董　事,周邦基
115法登他001106,3,董　事,林桂秀
115法登他001106,4,董事長,陳啓德
115法登他001106,5,董　事,林萬年
115法登他001107,2,董　事,金泰承
115法登他001107,3,董事長,康舜琦
115法登他001107,4,董　事,吳忠風
115法登他001107,6,董　事,柯世光
115法登他001107,7,董　事,范瑞穎
115法登他001107,8,董　事,陳欣宏
115法登他001107,10,董　事,林仁又
115法登他001107,11,董　事,蘇清泉
115法登他001107,12,董　事,周英弼
115法登他001108,1,董　事,吳重雨
115法登他001108,2,董事長,戴正芳
115法登他001108,5,董　事,陳重光
115法登他001108,6,董　事,莊明漢
115法登他001108,7,董　事,魏嘉鎮
115法登他001108,9,董　事,賴瑞麟
115法登他001108,10,副董事長,葉勝發
115法登他001108,11,董　事,趙恩中
115法登他001108,12,董　事,侯帝光
115法登他001108,13,董　事,徐勝豐
115法登他001108,14,董　事,楊明諭
115法登他001108,15,董　事,蔡勳雄
115法登他001108,16,董　事,李偉賢
115法登他001108,17,董　事,薛　琦
115法登他001108,18,董　事,游文人
115法登他001109,1,董事長,邱復生
115法登他001109,2,董　事,許鋒生
115法登他001109,3,董　事,邱志強
115法登他001109,4,董　事,姚宜君
115法登他001109,5,董　事,吳志傑
115法登他001109,6,董　事,彭中惠
115法登他001109,7,董　事,羅際明
115法登他001110,1,董　事,蔡鴻源
115法登他001110,2,董事長,盧輝煌
115法登他001110,3,董　事,張金蓮
115法登他001110,4,董　事,吳正明
115法登他001110,5,董　事,朱景煌
115法登他001110,6,董　事,盧建豪
115法登他001110,7,董　事,蔡鴻章
115法登他001111,1,理　事,蔡奕琳
115法登他001111,2,常務監事,陳建銘
115法登他001111,3,常務理事,鄭如媚
115法登他001111,4,理事長,楊芳美
115法登他001111,5,理　事,廖佳玫
115法登他001111,6,理　事,林宥榛
115法登他001111,7,理　事,廖璧如
115法登他001111,8,理　事,萬嘉英
115法登他001111,9,監　事,張偉勝
115法登他001111,10,常務理事,林素君
115法登他001111,11,理　事,王俐文
115法登他001111,12,監　事,陳俊瑋
115法登他001112,1,董　事,杜武俊
115法登他001112,2,董　事,林建煌
115法登他001112,3,董事長,杜武青
115法登他001112,4,董　事,王景賢
115法登他001112,5,董　事,杜東璊
115法登他001112,6,董　事,張秀蓉
115法登他001112,7,董　事,劉景寬
115法登他001112,8,董　事,林琬琬
115法登他001112,9,董　事,陳永興
115法登他001112,10,董　事,黃德富
115法登他001112,11,董　事,許芷瑜
115法登他001113,1,常務董事,莊孝盛
115法登他001113,2,常務董事,王美萱
115法登他001113,3,董事長,蔡仁松
115法登他001113,4,常務董事,蔡慧明
115法登他001113,5,董　事,陳志榮
115法登他001113,6,董　事,高永旭
115法登他001113,7,董　事,沈瓊桃
115法登他001113,8,董　事,劉軍廷
115法登他001113,9,常務董事,郭念慈
115法登他001113,10,董　事,張書華
115法登他001113,11,董　事,樂歌安・督達里茂
115法登他001114,1,理事長,鄭丁旺
115法登他001114,2,理　事,鍾榮吉
115法登他001114,3,理　事,吳容明
115法登他001114,4,理　事,李紀珠
115法登他001114,5,理　事,陳庚金
115法登他001114,6,理　事,呂東英
115法登他001114,7,理　事,賀鳴珩
115法登他001114,8,理　事,王力行
115法登他001114,9,理　事,謝金河
115法登他001114,10,理　事,于紀隆
115法登他001114,11,理　事,楊英邦
115法登他001114,12,理　事,朱澤民
115法登他001114,13,理　事,盧明光
115法登他001114,14,理　事,黃肇松
115法登他001114,15,理　事,吳惠瑜
115法登他001114,16,理　事,蘇　起
115法登他001114,17,理　事,趙國帥
115法登他001114,18,理　事,戴宏怡
115法登他001114,19,理　事,董保城
115法登他001114,20,理　事,趙　怡
115法登他001114,21,理　事,張立秋
115法登他001114,22,理　事,周俊吉
115法登他001114,23,理　事,劉德勳
115法登他001114,24,理　事,張兆順
115法登他001114,25,理　事,蘇一仲
115法登他001114,26,理　事,鄧傳馨
115法登他001114,27,理　事,周吳添
115法登他001114,28,理　事,陳文森
115法登他001114,29,理　事,許坤錫
115法登他001114,30,理　事,趙健樵
115法登他001114,31,理　事,黃晴雯
115法登他001114,32,理　事,卓輝華
115法登他001114,33,理　事,游淑芬
115法登他001114,34,理　事,楊正利
115法登他001114,35,理　事,江誠榮
115法登他001114,36,監　事,吳光雄
115法登他001114,37,常務監事,蔡家龍
115法登他001114,38,監　事,林秋山
115法登他001114,39,監　事,王彥鈞
115法登他001114,40,監　事,陳月卿
115法登他001114,41,監　事,廖昶超
115法登他001114,42,監　事,黃瀞瑩
115法登他001114,43,監　事,周玉山
115法登他001114,44,監　事,蔡維仁
115法登他001114,45,監　事,葛維新
115法登他001114,46,監　事,林晉章
115法登他001115,1,董事長,鄭丁旺
115法登他001115,2,董　事,梁敬思
115法登他001115,3,董　事,周志誠
115法登他001115,4,董　事,曹晉彰
115法登他001115,5,董　事,曾惠瑾
115法登他001115,6,董　事,徐潔如
115法登他001115,7,董　事,詹凌菁
115法登他001115,8,董　事,蔡家龍
115法登他001115,9,董　事,許坤錫
115法登他001115,10,董　事,于紀隆
115法登他001115,11,董　事,陳明進
115法登他001116,1,理　事,謝文憲
115法登他001116,2,理　事,王雲慶
115法登他001116,3,理事長,呂建鋒
115法登他001116,4,理　事,陳韋志
115法登他001116,5,理　事,孟祥淵
115法登他001116,6,理　事,徐嶔煌
115法登他001116,7,理　事,許皓宜
115法登他001116,8,理　事,曾文誠
115法登他001116,9,理　事,戚海倫
115法登他001116,10,理　事,蕭力仁
115法登他001116,11,理　事,賴芳玉
115法登他001116,12,常務監事,阮聖裕
115法登他001116,13,監　事,葉惠文
115法登他001116,14,監　事,蔡孟龍
115法登他001116,15,理　事,李佳蓬
115法登他001116,16,理　事,范悅圓
115法登他001117,1,理　事,張勝鬘
115法登他001117,2,理　事,張容倩
115法登他001117,3,理事長,陳碧英
115法登他001117,4,理　事,朱依靜
115法登他001117,5,理　事,陳逸茵
115法登他001117,6,理　事,陳知遠
115法登他001117,7,監　事,黃宛佳
115法登他001117,8,理　事,高瑞謙
115法登他001117,9,理　事,林旻珊
115法登他001117,10,監事主席,童曉惠
115法登他001117,11,監　事,劉宇容
115法登他001117,12,理　事,張雅旗
115法登他001119,1,董　事,胡芳蓉
115法登他001119,2,董事長,張上淳
115法登他001119,3,董　事,林書弘
115法登他001119,4,董　事,施貞菲
115法登他001119,5,董　事,周志浩
115法登他001119,6,董　事,許怡泉
115法登他001119,7,監察人,何奕倫
115法登他001119,8,董　事,陳依琦
115法登他001120,1,理事長,王世銓
115法登他001120,2,理　事,陳呂華娟
115法登他001120,3,理　事,陳榮彬
115法登他001120,4,理　事,秦真英
115法登他001120,5,理　事,王惠美
115法登他001120,6,監　事,李慧鳳
115法登他001120,7,理　事,吳淑惠
115法登他001120,8,監　事,林信廷
115法登他001120,9,常務監事,卓裕翔
115法登他001120,10,理　事,何智容
115法登他001120,11,理　事,黃廷彬
115法登他001120,12,理　事,楊璧菁
115法登他001121,1,董　事,張倚竹
115法登他001121,2,董　事,陳家聲
115法登他001121,3,董事長,張剛綸
115法登他001121,4,董　事,周雯菁
115法登他001121,7,董　事,戴遐齡
115法登他001121,8,董　事,吳清基
115法登他001121,9,副董事長,潘唯浩
115法登他001121,10,董　事,周麗芳
115法登他001121,11,董　事,陳國儀
115法登他001122,1,副理事長,張慶祥
115法登他001122,2,常務監事,李瑞穗
115法登他001122,3,理　事,張桂蕉
115法登他001122,4,理事長,陳妙怡
115法登他001122,5,理　事,胡建勳
115法登他001122,6,監　事,林宸安
115法登他001122,7,常務理事,王俊勝
115法登他001122,8,理　事,傅秀蘭
115法登他001122,9,理　事,杜志誠
115法登他001122,10,理　事,丁曉琪
115法登他001122,11,監　事,郭淑惠
115法登他001122,12,理　事,蔡碧如
115法登他001123,2,董　事,蘇達樂
115法登他001123,4,董　事,韓麗絲
115法登他001123,5,董　事,伊藤初
115法登他001123,8,董　事,陳俐君
115法登他001123,9,董事長,李麗雲
115法登他001123,10,董　事,翁碧鄉
115法登他001123,11,董　事,林　辰
115法登他001123,12,董　事,劉耀義
115法登他001123,13,董　事,陳富滿
115法登他001123,14,董　事,阿韻‧尤命
115法登他001123,15,董　事,林義傑
115法登他001124,13,董　事,陳信良
115法登他001124,16,常務董事,黃志宏
115法登他001124,18,董　事,沙韻雯
115法登他001124,19,常務董事,樂勒滿．娥嫩
115法登他001124,21,董　事,陳嘉成
115法登他001124,22,董事長,戴碩欽
115法登他001124,23,董　事,林憲懋
115法登他001124,24,董　事,陳怡伶
115法登他001124,25,董　事,張智誠
115法登他001124,26,董　事,石慈平
115法登他001124,27,董　事,余淑玲
115法登他001124,28,董　事,龍瑞華
115法登他001124,29,常務董事,曾夢霞
115法登他001124,30,常務董事,陳聰輝
115法登他001124,31,董　事,撒萊．諾阿南
115法登他001125,1,副理事長,許文獻
115法登他001125,2,副理事長,林玉環
115法登他001125,3,理事長,方仲海
115法登他001125,4,常務理事,賴容珍
115法登他001125,5,常務理事,黃裕翔
115法登他001125,6,常務理事,林逸凡
115法登他001125,7,常務理事,呂韋霆
115法登他001125,8,理　事,謝國森
115法登他001125,9,理　事,王清松
115法登他001125,10,理　事,曾雅俐
115法登他001125,11,理　事,黃證穎
115法登他001125,12,理　事,陳麗莎
115法登他001125,13,理　事,陳阿秀
115法登他001125,14,理　事,林俊長
115法登他001125,15,理　事,游素真
115法登他001125,16,理　事,許仙花
115法登他001125,17,理　事,王正珠
115法登他001125,18,理　事,蔡智翔
115法登他001125,19,理　事,陳彥睿
115法登他001125,20,理　事,陳㜲玉
115法登他001125,21,理　事,詹明政
115法登他001125,22,理　事,余俊良
115法登他001125,23,理　事,陳秉炫
115法登他001125,24,理　事,葉青盛
115法登他001125,25,理　事,吳欣芮
115法登他001125,26,常務監事,徐韋祥
115法登他001125,27,監　事,許信志
115法登他001125,28,監　事,陳貞良
115法登他001125,29,監　事,陳秋月
115法登他001125,30,監　事,余佩儀
115法登他001125,31,監　事,簡筠瑾
115法登他001125,32,監　事,游微貞
115法登他001126,1,理事長,余慧玲
115法登他001126,2,常務理事,魯維倫
115法登他001126,3,理　事,黃世和
115法登他001126,4,理　事,劉　易
115法登他001126,5,理　事,劉士弘
115法登他001126,6,理　事,黃仲譁
115法登他001126,7,理　事,葉卿琳
115法登他001126,8,理　事,王敦偉
115法登他001126,9,常務監事,陳清鴻
115法登他001126,10,監　事,王依凡
115法登他001126,11,監　事,郭杰熹
115法登他001126,12,常務理事,余凌霄
115法登他001127,1,副董事長,周貝芬
115法登他001127,2,董　事,林美玉
115法登他001127,3,董　事,邱薇芬
115法登他001127,4,副董事長,許金春
115法登他001127,5,董　事,陳誼欣
115法登他001127,6,監察人,莊淑慧
115法登他001127,7,董　事,張桂屏
115法登他001127,8,董　事,蘇昭銘
115法登他001127,9,董　事,王馨薇
115法登他001127,10,董　事,胡韶雯
115法登他001127,11,董　事,劉斐玟
115法登他001127,12,副董事長,陳臆貴
115法登他001127,13,董事長,劉梅婷
115法登他001127,14,董　事,葉友琴
115法登他001127,15,監察人,張津琳
115法登他001127,16,監察人,王昭正
115法登他001127,17,董　事,張翠芳
115法登他001127,18,董　事,鄭鈞元
115法登他001128,1,常務理事,馬漢平
115法登他001128,2,理事長,翁健瑞
115法登他001128,3,理　事,黃婷韵
115法登他001128,4,監　事,林譁誠
115法登他001128,5,理　事,蔡同堯
115法登他001128,6,常務理事,柯世祐
115法登他001128,7,理　事,葉俊廷
115法登他001128,8,理　事,陳柏伸
115法登他001128,9,理　事,陳俊富
115法登他001128,10,常務監事,林姿吟
115法登他001128,11,監　事,邱奕璁
115法登他001128,12,理　事,李　尚
115法登他001129,3,董事長,汪其桐
115法登他001129,4,董　事,魏寶生
115法登他001129,9,董　事,許蒙愛
115法登他001129,10,董　事,吳道揆
115法登他001129,11,董　事,許慶玲
115法登他001129,12,董　事,洪智杰
115法登他001129,13,董　事,郭駿明
115法登他001129,14,董　事,王德林
115法登他001129,15,董　事,李漢民
115法登他001130,1,監　事,張懿云
115法登他001130,2,常務理事,許秀嬌
115法登他001130,3,理　事,莊喬汝
115法登他001130,4,理　事,鄭　靜
115法登他001130,5,理　事,陳惠馨
115法登他001130,6,理　事,謝明珠
115法登他001130,7,理　事,張海潮
115法登他001130,8,監　事,王麗萍
115法登他001130,9,理事長,張幼雯
115法登他001130,10,常務監事,尤美女
115法登他001130,11,理　事,高惠春
115法登他001130,12,常務理事,宋順蓮
115法登他001131,1,監　事,黃惠珠
115法登他001131,2,監　事,龔瑪琍
115法登他001131,3,理　事,林琬儀
115法登他001131,4,常務監事,楊秋和
115法登他001131,5,理　事,劉英吟
115法登他001131,6,理　事,尤淑慎
115法登他001131,7,常務理事,陳美娟
115法登他001131,8,理　事,應心源
115法登他001131,9,理事長,黃屏生
115法登他001131,10,理　事,吳永中
115法登他001131,11,理　事,干國寧
115法登他001131,12,常務理事,蘇碧蓮
115法登他001132,1,董事長,費晚成
115法登他001132,2,董　事,胡　蒓
115法登他001132,3,董　事,曹俊漢
115法登他001132,4,董　事,蘇彩足
115法登他001132,5,董　事,周陽山
115法登他001132,6,董　事,張佑宗
115法登他001132,7,董　事,高　朗
115法登他001133,1,董事長,陳水永
115法登他001133,2,董　事,謝翠華
115法登他001133,3,董　事,王楷鈞
115法登他001133,4,董　事,許香國
115法登他001133,5,董　事,魏雪芬
115法登他001133,6,董　事,陳虹君
115法登他001133,7,董　事,沈襄君
115法登他001133,8,董　事,蘇芸蒨
115法登他001133,9,董　事,王鈺婷
115法登他001133,10,董　事,陳賴美雲
115法登他001133,11,董　事,陳照美
115法登他001133,12,董　事,葉麗華
115法登他001133,13,董　事,張啟昌
115法登他001134,1,董事長,牟靈慧
115法登他001134,2,常務董事,胡力生
115法登他001134,3,常務董事,諸德華
115法登他001134,4,常務董事,張　昭
115法登他001134,6,"董  事",胡嘉真
115法登他001134,7,"董  事",仇鼎財
115法登他001134,8,"董  事",朱遵章
115法登他001134,10,常務董事,胡繼軒
115法登他001134,11,董　事,陳肇群
115法登他001134,12,董　事,馮道中
115法登他001134,13,董　事,容永峰
115法登他001134,14,董　事,丘宏恩
115法登他001134,15,董　事,艾水苗
115法登他001134,16,董　事,胡峻源
115法登他001134,17,董　事,杜慧芬
115法登他001135,1,監　事,王桂芸
115法登他001135,2,理　事,陳怡蒨
115法登他001135,3,常務監事,鄭美玉
115法登他001135,4,常務理事,陳雅紅
115法登他001135,5,理　事,羅梅瑛
115法登他001135,6,監　事,顧曉明
115法登他001135,7,理　事,黃慧君
115法登他001135,8,常務理事,周桂如
115法登他001135,9,常務理事,陳美容
115法登他001135,10,副理事長,林利珍
115法登他001135,11,理　事,張瓈方
115法登他001135,12,監事長,李作英
115法登他001135,13,理　事,吳綺蓁
115法登他001135,14,監　事,李惠玲
115法登他001135,15,常務理事,潘雪幸
115法登他001135,16,理　事,歐淑華
115法登他001135,17,監　事,尹　玓
115法登他001135,18,理事長,高玉玲
115法登他001135,19,理　事,黃凡蘋
115法登他001135,20,監　事,葉芳枝
115法登他001135,21,理　事,邢夢雲
115法登他001135,22,理　事,蔣凱若
115法登他001135,23,副理事長,柯惠芬
115法登他001135,24,常務理事,陳淑貞
115法登他001135,25,理　事,丘周萍
115法登他001135,26,監　事,廖珍娟
115法登他001135,27,理　事,吳莉喻
115法登他001135,28,理　事,葉翠芬
115法登他001135,29,常務監事,張理君
115法登他001135,30,理　事,江慧珣
115法登他001135,31,理　事,洪愛琇
115法登他001135,32,理　事,蘇碧玉
115法登他001135,33,理　事,邱月娥
115法登他001135,34,常務理事,林佳慧
115法登他001135,35,理　事,張雅玲
115法登他001135,36,理　事,陳淑芬
115法登他001136,1,主　席,張采明
115法登他001136,2,中央常務委員,趙正毅
115法登他001136,3,中央常務委員,高銀河
115法登他001136,4,中央常務委員,張俊勝
115法登他001136,5,中央常務委員,文金陵
115法登他001136,6,中央常務委員,歐陽台
115法登他001136,7,中央評議委員,李長生
115法登他001136,8,中央委員,周彥錦
115法登他001136,9,中央常務委員,高國清
115法登他001136,10,中央委員,陳忠亷
115法登他001136,11,中央評議主任委員,邵伯祥
115法登他001136,12,中央評議委員,霍秀珍
115法登他001136,13,中央評議委員,鄭穎隆
115法登他001136,14,中央委員,周造坤
115法登他001136,15,中央委員,吳芊嶧
115法登他001136,16,中央評議委員,戴　浙
115法登他001137,1,董事長,陳孟秀
115法登他001137,2,董　事,張懿之
115法登他001137,3,董　事,黃智鈴
115法登他001137,4,董　事,顏映如
115法登他001137,5,董　事,顏映帆
115法登他001137,6,董　事,張義吉
115法登他001137,7,董　事,謝文貴
115法登他001138,1,董事長,戴義奎
115法登他001138,2,董　事,孫若慈
115法登他001138,3,董　事,蔡延能
115法登他001138,4,董　事,戴美蓮
115法登他001138,5,董　事,洪添順
115法登他001138,6,董　事,許耀洲
115法登他001138,7,董　事,徐偉程
115法登他001139,1,董　事,陳威戎
115法登他001139,2,董　事,藍偉瑩
115法登他001139,3,董　事,王　葳
115法登他001139,4,常務監察人,蕭述三
115法登他001139,5,常務董事,廖高賢
115法登他001139,6,董　事,林思伶
115法登他001139,7,常務董事,李蔡彥
115法登他001139,9,董　事,陳惠萍
115法登他001139,10,常務董事,詹富智
115法登他001139,11,常務董事,李志鵬
115法登他001139,12,董　事,余明隆
115法登他001139,14,常務董事,沈孟儒
115法登他001139,15,監察人,葛煥昭
115法登他001139,16,監察人,陳姿蓉
115法登他001139,17,董　事,陳永森
115法登他001139,18,董　事,蔡秀芬
115法登他001139,19,常務董事,林奇宏
115法登他001139,22,董事長,陳文章
115法登他001140,1,監　事,蘇志良
115法登他001140,2,理　事,張玉萍
115法登他001140,3,常務理事,劉志雄
115法登他001140,4,理　事,林湧彥
115法登他001140,5,理事長,梁志豪
115法登他001140,6,理　事,陳威廷
115法登他001140,7,理　事,楊睿玲
115法登他001140,8,監　事,趙海康
115法登他001140,9,理　事,沈永康
115法登他001140,10,理　事,呂世民
115法登他001140,11,常務監事,陳忠任
115法登他001140,12,常務理事,吳紘緒
115法登他001141,1,理　事,孫曉芬
115法登他001141,2,常務理事,溫美蓉
115法登他001141,3,常務理事,陳麗貞
115法登他001141,4,理　事,盧幸茹
115法登他001141,5,監　事,陳淑惠
115法登他001141,6,監　事,李權芳
115法登他001141,7,理　事,姚亭羽
115法登他001141,8,常務理事,詹靜媛
115法登他001141,9,理　事,劉淑芳
115法登他001141,10,理　事,林淑娟
115法登他001141,11,理　事,李淑燕
115法登他001141,12,理　事,蕭偉伶
115法登他001141,13,常務監事,黃怡真
115法登他001141,14,監　事,莊寶玉
115法登他001141,15,理　事,劉雅菁
115法登他001141,16,理事長,葉淑玲
115法登他001141,17,監　事,熊道芬
115法登他001141,18,理　事,徐則彬
115法登他001141,19,常務理事,林敏玲
115法登他001141,20,理　事,陳依萱
115法登他001142,1,理　事,張洪碩
115法登他001142,2,理事長,賴淑怡
115法登他001142,3,常務監事,張麗玟
115法登他001142,4,理　事,蘇明俊
115法登他001142,5,常務理事,朱偉仁
115法登他001142,6,理　事,文馨瑩
115法登他001142,7,常務理事,黃凱盈
115法登他001142,8,監　事,王澤民
115法登他001142,9,理　事,陳一強
115法登他001142,10,監　事,侯勝宗
115法登他001142,11,理　事,陳冠民
115法登他001142,12,理　事,邱瑜琪
115法登他001143,1,常務監事,李允立
115法登他001143,2,理　事,許惠捷
115法登他001143,3,理事長,沈靖紘
115法登他001143,4,理　事,謝昕妤
115法登他001143,5,理　事,郭泓毅
115法登他001143,6,常務理事,曹秀偉
115法登他001143,7,監　事,陳俊仁
115法登他001143,8,常務理事,劉東霖
115法登他001143,9,理　事,邱翠婷
115法登他001143,10,理　事,徐淑凌
115法登他001143,11,監　事,謝旻軒
115法登他001143,14,理　事,王皓明
115法登他001143,15,理　事,吳繼忠
115法登他001143,16,理　事,杜宜恭
115法登他001144,1,常務理事,石恬華
115法登他001144,2,常務理事,施淑芳
115法登他001144,3,理事長,李全興
115法登他001144,4,理　事,童立姍
115法登他001144,5,理　事,劉靜鈴
115法登他001144,6,理　事,簡怡萍
115法登他001144,7,理　事,陳珮瑋
115法登他001144,8,理　事,李蕙嵐
115法登他001144,9,理　事,蔡依玲
115法登他001144,10,監　事,張宏尉
115法登他001144,11,監　事,柯之琛
115法登他001144,12,常務監事,楊淑鈴
115法登他001145,1,董　事,郭立吉
115法登他001145,2,董事長,黑立言
115法登他001145,3,董　事,朱　媛
115法登他001145,4,董　事,蕭承豐
115法登他001145,5,董　事,孫彬啓
115法登他001145,6,董　事,唐明瑋
115法登他001145,7,董　事,謝馥如
115法登他001145,8,董　事,楊慧芳
115法登他001145,9,董　事,方柯錦燁
115法登他001146,1,理　事,陳柏華
115法登他001146,2,監　事,許瀚陽
115法登他001146,3,理　事,何哲宇
115法登他001146,4,理　事,林秀琛
115法登他001146,5,常務監事,高詩惠
115法登他001146,6,理事長,秦鈴嫣
115法登他001146,7,理　事,魏毓璁
115法登他001146,8,理　事,陳崑生
115法登他001146,9,監　事,彭麒嘉
115法登他001146,10,常務理事,高天達
115法登他001146,11,常務理事,陳毓凱
115法登他001146,12,理　事,盧元璋
115法登他001147,1,理　事,李卿如
115法登他001147,2,理　事,林一帆
115法登他001147,3,理　事,林惠芳
115法登他001147,4,常務理事,吳志毅
115法登他001147,5,理　事,鄭信真
115法登他001147,6,理　事,何桂女
115法登他001147,7,副理事長,林瓊瀛
115法登他001147,8,常務理事,陳永清
115法登他001147,9,理　事,譚子文
115法登他001147,10,理　事,林建志
115法登他001147,11,理　事,劉雅卿
115法登他001147,12,理　事,張淑慧
115法登他001147,13,常務理事,李婉萍
115法登他001147,14,常務理事,高正吉
115法登他001147,15,理　事,張淑卿
115法登他001147,16,理　事,鄭麗珍
115法登他001147,17,理　事,陳琇惠
115法登他001147,18,常務理事,蔡鴻賢
115法登他001147,19,理事長,鄭光禮
115法登他001147,20,監　事,卓瑞蘋
115法登他001147,21,理　事,魏永篤
115法登他001147,23,監　事,王錦文
115法登他001147,24,理　事,胡漢良
115法登他001147,25,監　事,羅芳蘭
115法登他001147,26,常務監事,金世朋
115法登他001147,27,監　事,張煜輝
115法登他001147,28,監　事,周筱姿
115法登他001147,29,監　事,劉郁純
115法登他001148,1,常務理事,王文杰
115法登他001148,2,理事長,周行一
115法登他001148,3,常務理事,謝金河
115法登他001148,4,理　事,丁原璞
115法登他001148,5,監　事,崔聖民
115法登他001148,6,理　事,桂先農
115法登他001148,7,理　事,陳世樑
115法登他001148,8,理　事,陳　浩
115法登他001148,9,理　事,賈先德
115法登他001148,10,常務監事,劉詩亮
115法登他001148,11,理　事,毛仁傑
115法登他001148,12,監　事,徐寶寰
115法登他001148,13,理　事,邱泰翰
115法登他001148,14,理　事,侯　政
115法登他001149,1,董　事,朱張蓓蒂
115法登他001149,2,董　事,張員榮
115法登他001149,3,董　事,陳宇昭
115法登他001149,4,董事長,鄭信真
115法登他001149,6,董　事,蔡尚志
115法登他001149,7,董　事,吳雅莉
115法登他001149,8,董　事,楊世昌
115法登他001149,9,董　事,陳怡良
115法登他001149,10,董　事,劉仁海
115法登他001149,11,董　事,廖明發
115法登他001149,12,董　事,林惠善
115法登他001149,13,董　事,李勝雄
115法登他001149,14,董　事,舒度．大達
115法登他001150,1,常務理事,許士軍
115法登他001150,2,監　事,曾志朗
115法登他001150,3,理事長,胡秀華
115法登他001150,4,理　事,張光正
115法登他001150,5,理　事,劉世慶
115法登他001150,6,理　事,陳信宏
115法登他001150,7,理　事,俞慧芸
115法登他001150,8,理　事,陳勁甫
115法登他001150,9,常務理事,楊百川
115法登他001150,10,理　事,許金田
115法登他001150,11,常務理事,孫　震
115法登他001150,12,常務理事,周俊吉
115法登他001150,13,理　事,劉順仁
115法登他001150,14,理　事,賴鳳儀
115法登他001150,15,理　事,林杏子
115法登他001150,16,理　事,別蓮蒂
115法登他001150,17,理　事,方修忠
115法登他001150,18,常務監事,胡為善
115法登他001150,19,理　事,朱志傑
115法登他001150,20,理　事,黃美祝
115法登他001150,21,理　事,謝冠雄
115法登他001150,22,監　事,何怡慧
115法登他001150,23,理　事,謝英哲
115法登他001150,24,理　事,羅新興
115法登他001151,1,董　事,張志文
115法登他001151,2,董　事,杜　黑
115法登他001151,4,董　事,曹志仁
115法登他001151,5,董事長,李詩欽
115法登他001151,6,董　事,莊吳絹
115法登他001151,7,董　事,古育仲
115法登他001151,8,董　事,羅玉珍
115法登他001151,9,董　事,林昭憲
115法登他001151,10,董　事,吳蓓琳
115法登他001151,11,董　事,蔣理容
115法登他001151,12,董　事,錢南章
115法登他001151,14,董　事,張陳乃悅
115法登他001151,15,董　事,丁達明
115法登他001151,16,董　事,邱再興
115法登他001151,17,董　事,黃美珠
115法登他001152,1,主　席,許榮淑
115法登他001152,2,中央執行委員,張鎮洲
115法登他001152,3,中央執行委員,郭柏良
115法登他001152,4,中央執行委員,張容彰
115法登他001152,5,中央執行委員,何　嬌
115法登他001152,6,中央執行委員,林佳樺
115法登他001152,7,中央評議委員,尤浩宇
115法登他001152,8,中央評議委員,吳楊賜
115法登他001152,9,中央評議委員,游新禾
115法登他001152,10,中央執行委員,許忠義
115法登他001153,1,董事長,廖信華
115法登他001153,2,董　事,周明湧
115法登他001153,3,董　事,陳國源
115法登他001153,4,董　事,蘇進強
115法登他001153,5,監察人,陳春光
115法登他001153,6,董　事,王正雄
115法登他001153,7,董　事,闕進益
115法登他001153,8,董　事,廖慶翰
115法登他001153,9,董　事,蘇　珊
115法登他001153,10,董　事,李永然
115法登他001153,11,董　事,李泓儀
115法登他001153,12,董　事,廖家鼎
115法登他001153,13,董　事,李岩衛
115法登他001153,14,董　事,汪楠彬
115法登他001153,15,董　事,楊永枝
115法登他001153,16,董　事,江恒如
115法登他001153,17,董　事,廖清恩
115法登他001153,18,董　事,鍾宗原
115法登他001154,1,理　事,呂才雄
115法登他001154,2,理　事,游嵐媖
115法登他001154,3,理　事,孫長蓉
115法登他001154,4,理　事,陳成家
115法登他001154,5,理　事,丘光輝
115法登他001154,6,理　事,華佳慧
115法登他001154,7,理　事,陳湘豪
115法登他001154,8,理　事,謝偉仁
115法登他001154,9,監　事,蔡偉志
115法登他001154,10,理事長,江志誠
115法登他001154,11,常務監事,楊培君
115法登他001154,12,監　事,黃大生
115法登他001155,1,董事長,王豫元
115法登他001155,2,董　事,李增昌
115法登他001155,3,董　事,吳東進
115法登他001155,4,董　事,徐順鋆
115法登他001155,5,董　事,吳欣儒
115法登他001155,6,董　事,邱立權
115法登他001155,7,董　事,謝一中
115法登他001155,8,董　事,張春生
115法登他001155,9,董　事,李義弘
115法登他001156,2,董　事,蔡恩賜
115法登他001156,3,董　事,張正誠
115法登他001156,4,董　事,楊振國
115法登他001156,5,董事長,鄭貴恆
115法登他001156,6,董　事,黃明杰
115法登他001157,1,監　事,陳泰宏
115法登他001157,2,理　事,李文哲
115法登他001157,3,理　事,蔡嘉政
115法登他001157,4,理　事,高嘉鴻
115法登他001157,5,理　事,吳政穎
115法登他001157,6,常務監事,陳信宏
115法登他001157,7,理　事,鄭明松
115法登他001157,8,理事長,王寶元
115法登他001157,9,理　事,莊鎮陽
115法登他001157,10,理　事,蘇正宇
115法登他001157,11,監　事,黃政彥
115法登他001157,12,理　事,吳亮輝
115法登他001157,13,理　事,陳敬鵬
115法登他001157,14,理　事,宋狄霖
115法登他001158,1,理事長,李政昌
115法登他001158,2,理　事,黃宏貿
115法登他001158,3,常務監事,陳致中
115法登他001158,4,理　事,羅啟文
115法登他001158,5,理　事,林褚君
115法登他001158,6,監　事,鍾慧盈
115法登他001158,7,理　事,王智弘
115法登他001158,8,理　事,鍾欣妤
115法登他001158,9,理　事,李明承
115法登他001158,10,理　事,李易遠
115法登他001158,11,理　事,王　益
115法登他001158,12,理　事,謝長佑
115法登他001158,13,監　事,邱家億
115法登他001158,14,理　事,吳爾昌
115法登他001159,1,理　事,蔡淑芬
115法登他001159,2,監　事,游瑞芬
115法登他001159,3,理事長,許秋鄉
115法登他001159,4,常務監事,袁秀慧
115法登他001159,5,理　事,蕭於勤
115法登他001159,6,理　事,李佩芬
115法登他001159,7,理　事,林宜慧
115法登他001159,8,理　事,黃于珊
115法登他001159,9,副理事長,唐寶蓮
115法登他001159,10,監　事,彭怡雲
115法登他001159,11,常務理事,李雅鈴
115法登他001159,12,理　事,陳純如
115法登他001160,1,董事長,顏甘霖
115法登他001160,2,董　事,黃嘉慧
115法登他001160,3,董　事,顏陳秀霞
115法登他001160,4,董　事,蔡麗娟
115法登他001160,5,董　事,孫翠萍
115法登他001160,6,董　事,黃　婷
115法登他001160,7,董　事,葉佩青
115法登他001160,8,董　事,顏薇玲
115法登他001160,9,董　事,林宜璟
115法登他001161,1,董事長,吳伯雄
115法登他001161,2,董　事,詹啓賢
115法登他001161,3,董　事,陳武剛
115法登他001161,4,監察人,丁廣鋐
115法登他001161,5,董　事,李棟樑
115法登他001161,6,董　事,徐永平
115法登他001161,7,董　事,李博文
115法登他001161,9,董　事,陳春銅
115法登他001161,10,董　事,陳烱松
115法登他001161,11,監察人,周義雄
115法登他001161,12,董　事,林偉修
115法登他001161,13,董　事,葉景成
115法登他001161,14,董　事,張平沼
115法登他001161,15,董　事,吳志剛
115法登他001161,17,董　事,賴正鎰
115法登他001161,18,董　事,陳淑慧
115法登他001161,19,常務監察人,曾文昌
115法登他001161,21,董　事,鄭必安
115法登他001161,22,董　事,潘維剛
115法登他001161,23,董　事,李建榮
115法登他001161,24,監察人,呂台年
115法登他001161,25,監察人,陳春翰
115法登他001161,26,董　事,陳烯堅
115法登他001161,27,董　事,陳克謙
115法登他001161,28,董　事,黃麟翔
115法登他001161,29,董　事,廖正井
115法登他001162,1,董事長,徐定禎
115法登他001162,2,董　事,張林員
115法登他001162,3,董　事,李連權
115法登他001162,4,董　事,張國銘
115法登他001162,5,董　事,黃俊智
115法登他001162,6,董　事,李佳瑾
115法登他001162,7,監察人,姚梨鈴
115法登他001162,8,董　事,鄭詠紜
115法登他001162,9,常務監察人,陳振遠
115法登他001162,10,董　事,陳幼婉
115法登他001162,11,董　事,張志堅
115法登他001162,12,董　事,周霞麗
115法登他001162,13,董　事,李國忠
115法登他001162,14,董　事,周朝崇
115法登他001162,15,監察人,張仕霖
115法登他001162,16,董　事,王素彎
115法登他001162,18,董　事,吳佳曉
115法登他001162,19,董　事,簡志光
115法登他001163,1,董　事,劉亦修
115法登他001163,2,董　事,鄭炳宏
115法登他001163,3,董　事,張玉芳
115法登他001163,4,董　事,郭文傑
115法登他001163,5,常務董事,劉興成
115法登他001163,6,董　事,姚宗珍
115法登他001163,7,董　事,郭彥彬
115法登他001163,8,常務董事,林立德
115法登他001163,9,董　事,謝宗慈
115法登他001163,10,董　事,李伯訓
115法登他001163,11,董　事,夏光宇
115法登他001163,14,常務董事,廖炯琳
115法登他001163,15,董　事,章浩宏
115法登他001163,16,常務董事,黎達明
115法登他001163,17,董事長,陳敏慧
115法登他001163,18,董　事,張文忠
115法登他001163,19,董　事,黃立忠
115法登他001163,20,董　事,連新傑
115法登他001163,21,董　事,王振穎
115法登他001164,1,董　事,林春元
115法登他001164,2,董　事,陳清秀
115法登他001164,3,董　事,邵允鍾
115法登他001164,4,董　事,林永頌
115法登他001164,5,董　事,張文貞
115法登他001164,6,董　事,蘇慧婕
115法登他001164,7,董　事,陳耀祥
115法登他001164,8,董　事,林合民
115法登他001164,9,董事長,孫迺翊
115法登他001165,5,董　事,陳炳宏
115法登他001165,6,董　事,路　平
115法登他001165,7,董事長,蘇正平
115法登他001165,10,董　事,洪貞玲
115法登他001165,12,董　事,吳東亮
115法登他001165,13,董　事,陳百齡
115法登他001165,14,董　事,唐士哲
115法登他001165,15,董　事,陳永誠
115法登他001165,16,董　事,高人傑
115法登他001165,17,董　事,邵瓊慧
115法登他001165,18,董　事,杜念中
115法登他001166,1,董事長,林三民
115法登他001166,2,董　事,莊麗蓮
115法登他001166,3,董　事,林淑英
115法登他001166,4,董　事,葉宗穎
115法登他001166,5,董　事,李趙瑞民
115法登他001167,1,董　事,劉俊人
115法登他001167,2,常務董事,蕭裕源
115法登他001167,3,董事長,陳培哲
115法登他001167,4,董　事,陳佳慧
115法登他001167,5,常務董事,李宣書
115法登他001167,6,董　事,劉啓德
115法登他001167,7,董　事,高嘉宏
115法登他001167,8,董　事,鄭守夏
115法登他001167,9,董　事,楊宏志
115法登他001169,1,董　事,林佳芳
115法登他001169,2,董事長,陳姿安
115法登他001169,3,董　事,劉惠敏
115法登他001169,4,董　事,朱珍儀
115法登他001169,5,董　事,費祺萱
115法登他001169,6,董　事,陳鵬宇
115法登他001169,7,董　事,林佳慧
115法登他001171,1,理事長,鄒仁淳
115法登他001171,2,常務監事,羅天一
115法登他001171,3,副理事長,徐賢淑
115法登他001171,4,理　事,朱天來
115法登他001171,5,監　事,羅台生
115法登他001171,6,理　事,彭碧珍
115法登他001171,7,理　事,伍佩鈴
115法登他001171,8,理　事,張郁婷
115法登他001171,9,理　事,黃子豪
115法登他001171,10,副理事長,李啓龍
115法登他001171,14,理　事,俞國定
115法登他001171,17,監　事,郭義松
115法登他001172,1,理　事,林榮賜
115法登他001172,2,副理事長,徐旭東
115法登他001172,3,理事長,蔡明忠
115法登他001172,4,理　事,賈仲雍
115法登他001172,5,監　事,林文智
115法登他001172,6,監　事,鄧添來
115法登他001172,7,理　事,劉柏立
115法登他001172,8,理　事,揭朝華
115法登他001172,9,理　事,井　琪
115法登他001172,10,理　事,黃志雄
115法登他001172,11,理　事,鄧惟中
115法登他001172,12,副理事長,簡志誠
115法登他001172,13,理　事,曾詩淵
115法登他001172,14,理　事,魏惠珍
115法登他001172,15,理　事,李和音
115法登他001172,16,監事會召集人,王碧蓮
115法登他001172,17,理　事,朱曉幸
115法登他001172,18,理　事,蔡祈岩
115法登他001172,19,監　事,郭峻杰
115法登他001172,20,理　事,林之晨
115法登他001172,21,監　事,陳嘉琪
115法登他001172,22,理　事,趙憶南
115法登他001173,1,理事長,賴聖志
115法登他001173,2,監　事,王德義
115法登他001173,3,理　事,劉秀敏
115法登他001173,4,常務監事,江國勇
115法登他001173,5,監　事,楊超惠
115法登他001173,6,理　事,郭家甫
115法登他001173,7,常務理事,阮耀斌
115法登他001173,8,理　事,吳又冠
115法登他001173,9,理　事,游博鈞
115法登他001173,10,常務理事,汪承甫
115法登他001173,12,理　事,林凱威
115法登他001173,13,理　事,蔡景隆
115法登他001174,1,理　事,黃玉葉
115法登他001174,2,理　事,鍾青叡
115法登他001174,3,監　事,黃群芳
115法登他001174,4,理　事,唐謙仁
115法登他001174,5,監　事,林美齡
115法登他001174,6,常務理事,程金龍
115法登他001174,7,常務理事,唐逸亨
115法登他001174,8,理　事,劉建忠
115法登他001174,9,理　事,蔣國賢
115法登他001174,10,常務監事,彭建昌
115法登他001174,11,理事長,唐品雅
115法登他001174,12,理　事,方英俊
115法登他001175,1,常務理事,魏悌香
115法登他001175,2,理事長,歐陽家立
115法登他001175,3,理　事,粘碧鳳
115法登他001175,4,理　事,潘牧迪
115法登他001175,5,理　事,宋逸民
115法登他001175,6,常務理事,林宏修
115法登他001175,7,理　事,謝光哲
115法登他001175,8,理　事,顧其芸
115法登他001175,9,理　事,松慕強
115法登他001175,10,常務監事,張漢業
115法登他001175,11,監　事,黃恩賜
115法登他001175,12,監　事,李愛蓮
115法登他001176,1,理　事,何　戎
115法登他001176,2,理事長,盧克文
115法登他001176,3,常務理事,鄭立維
115法登他001176,4,理　事,陳文良
115法登他001176,5,常務理事,李紹齡
115法登他001176,6,監　事,劉美娟
115法登他001176,7,理　事,呂信雄
115法登他001176,8,理　事,邱雅達
115法登他001176,9,理　事,王佑哲
115法登他001176,10,理　事,朱竹元
115法登他001176,11,常務監事,劉郁純
115法登他001176,12,監　事,黃祥程
115法登他001177,1,董　事,楊泮池
115法登他001177,2,董　事,周子銓
115法登他001177,3,董　事,宋曜廷
115法登他001177,4,董　事,莊子華
115法登他001177,5,董　事,潘文炎
115法登他001177,6,董　事,張國恩
115法登他001177,7,董　事,莊永順
115法登他001177,8,董　事,胡衍南
115法登他001177,9,董　事,林銘煌
115法登他001177,10,董　事,鄭毓瑜
115法登他001177,11,董　事,陳景松
115法登他001177,12,董　事,丁詩同
115法登他001177,13,董事長,陳文章
115法登他001177,14,董　事,葉博任
115法登他001177,15,董　事,劉建成
115法登他001177,16,董　事,鍾光豐
115法登他001177,17,董　事,顏家鈺
115法登他001177,18,董　事,鄧傳馨
115法登他001177,19,董　事,盧希鵬
115法登他001177,20,董　事,盧慧紋
115法登他001177,21,董　事,張華禎
115法登他001178,1,常務監事,滿思定
115法登他001178,2,副理事長,林聰明
115法登他001178,3,副理事長,林智舜
115法登他001178,4,理　事,力宗暐
115法登他001178,5,理　事,尹可名
115法登他001178,6,理　事,李書芬
115法登他001178,7,理　事,王忠孝
115法登他001178,8,理　事,李國榮
115法登他001178,9,理　事,何馬可
115法登他001178,10,理　事,陳宇昭
115法登他001178,11,理　事,方靜慧
115法登他001178,12,理事長,杜　仁
115法登他001178,13,監　事,林美智
115法登他001178,14,監　事,陳啓峰
115法登他001179,1,董　事,"雷君豪（Loc, Felix Luis）"
115法登他001179,2,董　事,"伍至謙（Wood, Matthew Jason）"
115法登他001179,3,董　事,魯思豪
115法登他001179,4,監　事,"韓思遠（Hanson, Carl Martin）"
115法登他001179,5,監　事,"朴埮（Park, Thomas Dom）"
115法登他001179,6,董　事,"譚恩約（Tape, John Richard）"
115法登他001179,7,董　事,"沃恆安（Warren, Blake Arthur）"
115法登他001179,8,董　事,"高柏信（Gauthier, Brian Andrew）"
115法登他001179,9,董　事,"雷加榮（Rajek, Cory Jon）"
115法登他001179,12,常務監事,"雷克（Larson, Curtiss Thomas）"
115法登他001179,13,董　事,"白霈德（Paul, Michael John）"
115法登他001179,14,董事長,苗其華
115法登他001180,1,董事長,李昌霖
115法登他001180,2,董　事,蔡炅廷
115法登他001180,3,董　事,陶華君
115法登他001180,5,董　事,虞希禹
115法登他001180,6,董　事,李榕榕
115法登他001180,7,董　事,黃棣棟
115法登他001180,9,董　事,陳慧遊
115法登他001180,10,監察人,王金來
115法登他001180,11,董　事,陳維昭
115法登他001180,12,董　事,宋賢儀
115法登他001182,1,常務理事,黃隆泰
115法登他001182,2,理　事,李旭立
115法登他001182,3,理事長,王嘉棠
115法登他001182,4,監　事,吳宗璋
115法登他001182,5,理　事,蔡文雄
115法登他001182,6,理　事,褚慶勝
115法登他001182,7,理　事,黃國彰
115法登他001182,8,理　事,蔡毓燐
115法登他001182,9,常務理事,謝仁直
115法登他001182,10,理　事,林志威
115法登他001182,11,理　事,周佳弘
115法登他001182,12,常務監事,葉剛傑
115法登他001182,13,理　事,林松洪
115法登他001182,14,理　事,王勝松
115法登他001182,15,監　事,曹建龍
115法登他001182,16,理　事,王正仁
115法登他001183,1,理事長,史惟筑
115法登他001183,2,副理事長,鍾適芳
115法登他001183,3,常務理事,林珏竹
115法登他001183,4,理　事,藍貝芝
115法登他001183,5,理　事,陳俊蓉
115法登他001183,6,理　事,陳　瑄
115法登他001183,7,理　事,卓庭伍
115法登他001183,8,理　事,郭敏容
115法登他001183,9,理　事,唐翊雯
115法登他001183,10,理　事,謝以萱
115法登他001183,11,理　事,方念萱
115法登他001183,12,常務監事,蔡華臻
115法登他001183,13,監　事,洪文潔
115法登他001183,14,監　事,康庭瑜
115法登他001184,1,監　事,黃永順
115法登他001184,2,理事長,林志達
115法登他001184,3,理　事,鍾育文
115法登他001184,4,常務理事,陳柏
115法登他001184,5,理　事,陳秉宏
115法登他001184,6,監　事,魏志榮
115法登他001184,7,理　事,詹文煌
115法登他001184,8,常務理事,曾明峻
115法登他001184,9,理　事,蔡文精
115法登他001184,10,理　事,陳文元
115法登他001184,11,理　事,陳詩學
115法登他001184,12,理　事,上官緒瓏
115法登他001184,13,理　事,林辰融
115法登他001184,14,監　事,宋秉建
115法登他001185,1,理事長,蘇哲明
115法登他001185,2,常務理事,陳守愚
115法登他001185,3,常務理事,謝龍年
115法登他001185,4,理　事,林基銘
115法登他001185,5,理　事,黃家豪
115法登他001185,6,理　事,廖三利
115法登他001185,7,監　事,陶運昌
115法登他001185,8,理　事,黃國康
115法登他001185,9,理　事,曾啟彬
115法登他001185,10,常務監事,陳怡朱
115法登他001185,11,理　事,蘇奕璋
115法登他001185,12,監　事,王鵬智
115法登他001186,2,董事長,蔡陳相而
115法登他001186,3,董　事,馬信安
115法登他001186,4,董　事,林炳樑
115法登他001186,5,董　事,蔡慧玲
115法登他001186,6,董　事,嚴華瑋
115法登他001186,7,董　事,吳宜璇
115法登他001186,8,董　事,馬嘉瑋
115法登他001187,1,理　事,王　愷
115法登他001187,2,理　事,林敏惠
115法登他001187,3,常務監事,陳若萍
115法登他001187,4,監　事,曾力文
115法登他001187,5,理　事,鄧　穎
115法登他001187,6,理　事,鍾雅如
115法登他001187,7,理　事,李惠靜
115法登他001187,8,理　事,林秀蓉
115法登他001187,9,理事長,李傳惠
115法登他001187,10,理　事,吳鈺淳
115法登他001187,11,理　事,施慧娜
115法登他001187,12,理　事,魏廷樺
115法登他001187,13,理　事,陳欣怡
115法登他001187,14,監　事,邱櫻娟
115法登他001188,1,理　事,紀　鑫
115法登他001188,2,常務監事,呂克桓
115法登他001188,3,理　事,李　勇
115法登他001188,4,副理事長,林釗尚
115法登他001188,5,理　事,高耿耀
115法登他001188,6,副理事長,歐良修
115法登他001188,7,監　事,陳國俊
115法登他001188,8,常務理事,楊俊仁
115法登他001188,9,理　事,黃立心
115法登他001188,10,常務理事,王建安
115法登他001188,11,常務理事,王志堯
115法登他001188,12,理　事,翁根本
115法登他001188,13,理　事,蔡璟忠
115法登他001188,14,理　事,王　玲
115法登他001188,15,常務監事,陳信宏
115法登他001188,16,理　事,田祐霖
115法登他001188,17,理　事,朱世明
115法登他001188,18,監　事,徐仲豪
115法登他001188,19,理　事,鄭玫枝
115法登他001188,20,理　事,廖文鎮
115法登他001188,21,常務理事,麥建方
115法登他001188,22,監　事,陳慧如
115法登他001188,23,理　事,鄭敬楓
115法登他001188,24,監　事,陳世翔
115法登他001188,25,監　事,陳銘真
115法登他001188,26,理　事,劉漢宗
115法登他001188,27,理　事,洪志興
115法登他001188,28,理　事,王弘傑
115法登他001188,29,理　事,張弘洋
115法登他001188,30,理　事,邱政洵
115法登他001188,31,理　事,王建得
115法登他001188,32,常務理事,邱元佑
115法登他001188,33,監事長,李旺祚
115法登他001188,34,監　事,陳家玉
115法登他001188,35,理事長,傅雲慶
115法登他001188,36,常務理事,李秉穎
115法登他001189,1,理事長,陳春山
115法登他001189,2,副理事長,高新明
115法登他001189,3,副理事長,黃彥男
115法登他001189,4,副理事長,施立成
115法登他001189,5,常務理事,張榮貴
115法登他001189,6,理　事,張琇梅
115法登他001189,7,理　事,黃昭棋
115法登他001189,8,理　事,張　錫
115法登他001189,9,理　事,吳群隆
115法登他001189,10,理　事,邱瀚模
115法登他001189,11,理　事,李志宏
115法登他001189,12,理　事,張心悌
115法登他001189,13,監　事,高繼祖
115法登他001189,14,理　事,曾更瑩
115法登他001189,15,理　事,許金隆
115法登他001189,16,理　事,幸大智
115法登他001189,17,理　事,王鵬瑜
115法登他001189,18,理　事,李崇僖
115法登他001189,19,理　事,吳右任
115法登他001189,20,理　事,陳佩君
115法登他001189,21,理　事,吳漢章
115法登他001189,22,理　事,黃啟誠
115法登他001189,23,理　事,金少康
115法登他001189,24,理　事,譚明珠
115法登他001189,25,理　事,林瑞彬
115法登他001189,26,理　事,朱新瑞
115法登他001189,27,監　事,池祥麟
115法登他001189,28,常務監事,陳昭誠
115法登他001189,29,監　事,李豐源
115法登他001189,30,理　事,周振豊
115法登他001189,31,監　事,孫國勛
115法登他001189,32,理　事,張瑞雄
115法登他001190,1,董　事,謝玉琳
115法登他001190,2,董　事,劉清文
115法登他001190,3,董　事,賴博文
115法登他001190,4,董　事,蕭金泉
115法登他001190,5,董　事,黃怡明
115法登他001190,7,董　事,柯王德
115法登他001190,8,董　事,黃怡嘉
115法登他001190,9,董事長,蔡松坡
115法登他001190,10,董　事,林道源
115法登他001191,1,理　事,謝奐儀
115法登他001191,2,監　事,林修民
115法登他001191,3,監　事,古珈穎
115法登他001191,4,理　事,張立偉
115法登他001191,5,理　事,郭苓苓
115法登他001191,6,理　事,何震威
115法登他001191,7,理事長,詹鈞智
115法登他001191,8,理　事,張嘉哲
115法登他001191,9,理　事,楊士賢
115法登他001191,10,常務監事,郭東杰
115法登他001191,11,常務理事,陳宣任
115法登他001191,12,常務理事,蔡馥冲
115法登他001192,1,理　事,李育嫺
115法登他001192,2,監　事,王寶琇
115法登他001192,3,理　事,蔡東良
115法登他001192,4,理　事,王育釧
115法登他001192,5,理　事,陳文壽
115法登他001192,6,理事長,陳建偉
115法登他001192,7,常務監事,吳紹涵
115法登他001192,8,理　事,朱文忠
115法登他001192,9,理　事,郭繼勳
115法登他001192,10,理　事,王淑錦
115法登他001192,11,理　事,陳禾軒
115法登他001192,12,理　事,林忠文
115法登他001192,13,監　事,高志忠
115法登他001192,14,理　事,蔡琬君
115法登他001192,15,理　事,錢鍾宏
115法登他001192,16,理　事,陳驛岭
115法登他001193,1,理事長,黃淑芳
115法登他001193,2,理　事,范台珍
115法登他001193,3,理　事,周金玉
115法登他001193,4,理　事,洪明珠
115法登他001193,5,常務理事,宋雪娟
115法登他001193,6,理　事,呂鳳雲
115法登他001193,7,理　事,古秀蓮
115法登他001193,8,監　事,朱家潁
115法登他001193,9,監　事,劉秀琴
115法登他001193,10,副理事長,何雪萍
115法登他001193,11,監　事,陳彩碧
115法登他001193,12,常務理事,邱亞光
115法登他001193,13,理　事,蔡鎔羽
115法登他001193,14,理　事,余惠媛
115法登他001193,15,理　事,高美鳳
115法登他001193,16,常務監事,黃麗月
115法登他001193,17,理　事,蔡淑娟
115法登他001193,18,常務理事,陳季英
115法登他001193,19,監　事,黃家槥
115法登他001193,20,理　事,馬麗麗
115法登他001194,1,董　事,陳威宇
115法登他001194,2,常務董事,穆信智
115法登他001194,3,董　事,徐約翰
115法登他001194,4,董　事,陳文和
115法登他001194,5,董　事,王守勇
115法登他001194,6,董　事,王淑惠
115法登他001194,7,董　事,方貞華
115法登他001194,8,常務董事,廖貴田
115法登他001194,9,董事長,陳昭宇
115法登他001194,10,監察人,林志銘
115法登他001195,1,理　事,王丕增
115法登他001195,2,理　事,陳憲宗
115法登他001195,3,理　事,陳逸驊
115法登他001195,4,理　事,陳文聲
115法登他001195,5,常務監事,范煥達
115法登他001195,6,理　事,陳癸仲
115法登他001195,7,監　事,温福祿
115法登他001195,8,常務理事,張延懋
115法登他001195,9,常務理事,陳慶宗
115法登他001195,10,理　事,陳明聰
115法登他001195,11,理事長,潘正華
115法登他001195,12,理　事,林錦章
115法登他001195,13,理　事,陳昌平
115法登他001195,14,理　事,趙崇偉
115法登他001195,15,理　事,呂平宇
115法登他001195,16,監　事,吳仁春
115法登他001196,1,理　事,陳俊安
115法登他001196,2,理事長,李　梅
115法登他001196,3,常務監事,洪千雅
115法登他001196,4,理　事,陳嘉晉
115法登他001196,5,常務理事,杜樂仁
115法登他001196,6,理　事,林麗珍
115法登他001196,7,理　事,董鑑德
115法登他001196,8,理　事,蔡陳藹玲
115法登他001196,9,理　事,趙蕙蘭
115法登他001196,10,常務理事,江岳峯
115法登他001196,11,監　事,林金梅
115法登他001196,12,監　事,林欣怡
115法登他001198,1,理事長,關心羚
115法登他001198,2,理　事,吳依涵
115法登他001198,3,常務理事,林哲宇
115法登他001198,4,常務理事,姚勝隆
115法登他001198,5,理　事,邱顯智
115法登他001198,6,理　事,蕭　筌
115法登他001198,7,理　事,白舒安
115法登他001198,8,理　事,吳思穎
115法登他001198,9,理　事,曾依晴
115法登他001198,10,常務監事,安苡笙
115法登他001198,11,監　事,林定澤
115法登他001198,12,監　事,楊琇琄
115法登他001199,1,理事長,蕭雲祥
115法登他001199,2,常務理事,鄭雅惠
115法登他001199,3,理　事,陳盈宏
115法登他001199,4,理　事,孫文昌
115法登他001199,5,常務監事,王麗玲
115法登他001199,7,理　事,莊瑞蒼
115法登他001199,8,理　事,孫中光
115法登他001199,9,理　事,郭涵妤
115法登他001199,10,理　事,周美媛
115法登他001199,11,理　事,林基德
115法登他001199,12,理　事,洪美珍
115法登他001199,13,常務理事,朱靜嫻
115法登他001199,14,理　事,楊玉娟
115法登他001199,15,理　事,陳淑芬
115法登他001199,16,理　事,連靜娟
115法登他001199,17,監　事,吳佩霖
115法登他001199,18,理　事,江明性
115法登他001199,20,常務理事,曾陵珍
115法登他001199,21,監　事,吳戊辰
115法登他001199,22,副理事長,陳惠玲
115法登他001199,23,監　事,陳玉祥
115法登他001199,24,監　事,楊祥忠
115法登他001200,3,董　事,沈瓊桃
115法登他001200,4,董　事,楊聰財
115法登他001200,5,董　事,陳士魁
115法登他001200,6,董　事,李明濱
115法登他001200,9,董　事,魏永篤
115法登他001200,10,董　事,嚴長壽
115法登他001200,11,董　事,胡中宜
115法登他001200,12,董事長,馮　燕
115法登他001200,13,董　事,周美青
115法登他001200,14,董　事,韓定國
115法登他001200,15,董　事,連元章
115法登他001201,1,常務理事,吳文豪
115法登他001201,2,常務理事,陳宜民
115法登他001201,3,理　事,李丞華
115法登他001201,4,監　事,李威佑
115法登他001201,5,理　事,劉詩平
115法登他001201,6,理　事,顏永豐
115法登他001201,7,理　事,楊豐榮
115法登他001201,8,理　事,邱飄逸
115法登他001201,9,理　事,陳建志
115法登他001201,10,監　事,洪浚珀
115法登他001201,11,常務監事,田育彰
115法登他001201,12,理事長,任一安
115法登他001202,1,董事長,任貽均
115法登他001202,2,董　事,黃國真
115法登他001202,3,董　事,李嘉華
115法登他001202,4,常務董事,沈文振
115法登他001202,5,董　事,鍾仁傑
115法登他001202,6,董　事,胡石政
115法登他001202,7,常務董事,王瑞材
115法登他001202,8,董　事,劉逢源
115法登他001202,9,監察人,孟繼洛
115法登他001202,10,董　事,黎文龍
115法登他001202,11,董　事,彭繼傳
115法登他001202,12,董　事,賴炎生
115法登他001202,13,常務董事,嚴隆財
115法登他001202,14,監察人,鄧道興
115法登他001202,15,董　事,張山立
115法登他001202,16,常務監察人,林淑玲
115法登他001202,17,常務董事,曾國華
115法登他001202,18,董　事,白敦文
115法登他001202,19,董　事,黃育賢
115法登他001202,20,董　事,王小瀋
115法登他001202,21,董　事,江卓培
115法登他001202,22,董　事,廖漢明
115法登他001202,23,常務董事,張水美
115法登他001202,24,董　事,吳可久
115法登他001203,1,董　事,葉佳紋
115法登他001203,2,董　事,元立昇
115法登他001203,3,董　事,王國璋
115法登他001203,4,董　事,江源祥
115法登他001203,5,董　事,羅俊拔
115法登他001203,6,董事長,葉柏君
115法登他001203,7,董　事,蔡調彰
115法登他001204,1,董事長,吳旻潔
115法登他001204,2,董　事,李介修
115法登他001204,3,董　事,吳立傑
115法登他001204,4,董　事,鍾宛錡
115法登他001204,5,董　事,曾喜松
115法登他001206,1,董事長,張光斗
115法登他001206,2,董　事,胡幼鳳
115法登他001206,3,董　事,陳維熊
115法登他001206,4,監察人,鄭羽書
115法登他001206,5,監察人,蔡瓊瑋
115法登他001206,6,董　事,張允雄
115法登他001206,7,董　事,謝伯蒼
115法登他001206,8,董　事,林德俊
115法登他001206,9,董　事,石靜文
115法登他001208,1,理　事,游登傑
115法登他001208,2,理事長,張容齊
115法登他001208,3,理　事,杜佩育
115法登他001208,4,理　事,高天佑
115法登他001208,5,常務理事,張文益
115法登他001208,6,常務監事,王柏謙
115法登他001208,7,理　事,陳榮富
115法登他001208,8,監　事,黃世明
115法登他001208,9,常務理事,林志豪
115法登他001208,10,監　事,林厚進
115法登他001208,11,理　事,卓立庭
115法登他001208,12,理　事,廖嘉今
115法登他001209,1,副理事長,陳泳睿
115法登他001209,2,理　事,蔡翔峰
115法登他001209,3,理　事,林柏樺
115法登他001209,4,常務監事,吳季衡
115法登他001209,5,監　事,柳聖萱
115法登他001209,6,監　事,鄧至佑
115法登他001209,7,理　事,陳紳騰
115法登他001209,8,理　事,歐陽志成
115法登他001209,9,副理事長,曾煥龍
115法登他001209,10,理　事,李博元
115法登他001209,11,理　事,黃真瑋
115法登他001209,12,理事長,陳少翎
115法登他001210,1,理　事,林振修
115法登他001210,2,常務理事,丁偉軒
115法登他001210,3,監　事,何立言
115法登他001210,4,理　事,魯孝亜
115法登他001210,5,理　事,黃柏容
115法登他001210,6,常務監事,林世棟
115法登他001210,7,理事長,董隽綨
115法登他001210,8,監　事,李弘偉
115法登他001210,9,理　事,沈　達
115法登他001210,10,理　事,羅達明
115法登他001210,11,常務理事,陳俊良
115法登他001210,12,理　事,鄭敦晉
115法登他001211,2,董　事,陳玲玉
115法登他001211,3,董　事,郝廣才
115法登他001211,4,董　事,葉俊良
115法登他001211,5,董　事,李壯源
115法登他001211,7,董　事,莊芳榮
115法登他001211,8,董事長,洪三雄
115法登他001211,9,董　事,陳玉華
115法登他001212,1,董　事,莊銘圭
115法登他001212,2,董　事,鍾瑞永
115法登他001212,3,董　事,陳世銘
115法登他001212,4,董　事,洪煜棋
115法登他001212,5,董事長,許游鑲
115法登他001212,6,常務董事,郭淑敏
115法登他001212,7,董　事,李允中
115法登他001212,8,董　事,宗安平
115法登他001212,9,董　事,游偉榛
115法登他001212,10,董　事,張云瑄
115法登他001212,11,常務董事,李英明
115法登他001212,12,董　事,林達德
115法登他001212,13,監　事,鄭學隆
115法登他001212,14,監　事,雷鵬魁
115法登他001212,15,監事主席,劉意文
115法登他001212,16,董　事,吳政鴻
115法登他001213,1,董　事,施義芳
115法登他001213,3,董　事,邱琳濱
115法登他001213,4,董　事,廖慶榮
115法登他001213,5,董事長,楊正宏
115法登他001213,6,董　事,李建中
115法登他001214,1,常務董事,陳　煒
115法登他001214,2,董　事,黃松林
115法登他001214,3,董　事,杜振發
115法登他001214,5,董　事,陳汝龍
115法登他001214,6,董　事,陳宇嘉
115法登他001214,7,董　事,許玉華
115法登他001214,8,董　事,陳明晃
115法登他001214,9,董事長,吳英賓
115法登他001214,10,常務董事,陳怡良
115法登他001214,11,董　事,吳至新
115法登他001214,12,董　事,呂宗學
115法登他001215,1,董　事,鄭鴻麟
115法登他001215,4,董　事,李依蓉
115法登他001215,5,董　事,曾銘鏗
115法登他001215,6,董　事,唐依明
115法登他001215,7,董事長,釋自弘
115法登他001215,8,董　事,官建宏
115法登他001215,9,董　事,陳惠謙
115法登他001217,1,常務監事,黃長洺
115法登他001217,2,理　事,黃嘉儀
115法登他001217,3,理　事,何冰冰
115法登他001217,4,監　事,蔡禮信
115法登他001217,5,理　事,盧永晏
115法登他001217,6,理　事,施麗卿
115法登他001217,7,理　事,張雅婷
115法登他001217,8,理事長,張哲誌
115法登他001217,9,理　事,潘聖文
115法登他001217,10,理　事,鄭景中
115法登他001217,11,理　事,張如君
115法登他001217,12,監　事,楊嘉文
115法登他001217,13,理　事,徐世大
115法登他001217,14,理　事,郭傳興
115法登他001217,15,常務理事,鄭文祥
115法登他001217,16,理　事,顏懋勲
115法登他001217,17,理　事,鄭宥瑄
115法登他001217,18,常務理事,曾意誠
115法登他001218,1,董事長,王正琛
115法登他001218,2,副董事長,紀寶如
115法登他001218,3,董　事,蘇錦霞
115法登他001218,4,董　事,朱奔野
115法登他001218,5,董　事,井迎瑞
115法登他001218,6,董　事,高文誠
115法登他001218,7,董　事,吳建國
115法登他001219,1,董事長,李尹緒瑛
115法登他001219,2,董　事,李德維
115法登他001219,3,董　事,楊敦和
115法登他001219,5,董　事,林菊瑛
115法登他001219,7,董　事,陳　傑
115法登他001219,8,董　事,周琪芬
115法登他001219,9,董　事,蘇龍華
115法登他001219,10,董　事,時吳龍泉
115法登他001219,11,董　事,吳展良
115法登他001219,12,監察人,王育文
115法登他001220,1,董事長,應娟娟
115法登他001220,2,董　事,蕭文華
115法登他001220,3,董　事,李坤炎
115法登他001220,4,董　事,應怡欣
115法登他001220,5,董　事,余東霖
115法登他001220,6,董　事,李　雯
115法登他001220,7,董　事,張瑪文
115法登他001221,1,董　事,許純真
115法登他001221,2,董事長,許照信
115法登他001221,4,董　事,張憲昌
115法登他001221,5,董　事,莊武璋
115法登他001221,7,董　事,盧道隆
115法登他001221,8,董　事,吳忠信
115法登他001221,9,董　事,易君祥
115法登他001222,1,理事長,林龍森
115法登他001222,2,常務監事,林盛雄
115法登他001222,3,監　事,黃俊賢
115法登他001222,4,常務理事,鄭淑華
115法登他001222,5,理　事,陳錦惠
115法登他001222,6,理　事,邱坤玉
115法登他001222,7,理　事,李欣璉
115法登他001222,8,理　事,黃詠耀
115法登他001222,9,監　事,陳春華
115法登他001222,10,理　事,楊政興
115法登他001222,11,常務理事,江育信
115法登他001222,12,理　事,鄭寰宇
115法登他001224,1,理　事,高洧承
115法登他001224,2,監　事,童慈民
115法登他001224,3,理　事,廖偉霖
115法登他001224,4,監　事,黃朝榮
115法登他001224,5,理　事,胡維恒
115法登他001224,6,理　事,黃富承
115法登他001224,7,理事長,林盟智
115法登他001224,8,常務監事,周永祥
115法登他001224,9,理　事,曾明順
115法登他001224,10,理　事,吳秉宏
115法登他001224,11,理　事,施純正
115法登他001224,12,理　事,黃吉金
115法登他001224,13,理　事,賴建明
115法登他001224,14,理　事,張景隆
115法登他001224,15,理　事,莊才晉
115法登他001224,16,理　事,李建明
115法登他001225,7,董　事,鄧秀蘋
115法登他001225,8,董事長,吳廖温
115法登他001225,9,董　事,蔡金幸
115法登他001225,10,董　事,吳佾俽
115法登他001225,11,董　事,念秀鳳
115法登他001225,12,董　事,吳向明
115法登他001225,13,董　事,張郭又玉
115法登他001226,1,董　事,蘭　萱
115法登他001226,2,董　事,汪家灝
115法登他001226,3,董　事,楊銀明
115法登他001226,4,董　事,林宜賢
115法登他001226,5,董　事,張運智
115法登他001226,7,董　事,吳盈進
115法登他001226,9,董　事,羅元隆
115法登他001226,10,董　事,周筱俐
115法登他001226,11,董　事,李素真
115法登他001226,12,董　事,余彩雲
115法登他001226,13,監察人,陳鴻毅
115法登他001226,14,董　事,王玫文
115法登他001226,15,董　事,羅祥安
115法登他001226,16,董　事,劉湧昌
115法登他001226,17,董事長,楊劉麗珠
115法登他001226,18,董　事,杜綉珍
115法登他001226,19,監察人,邱大鵬
115法登他001226,20,監察人,莊士文
115法登他001228,1,監　事,林惠宜
115法登他001228,2,理　事,吳思盈
115法登他001228,3,理　事,王謝怡貞
115法登他001228,4,常務監事,王張麗芳
115法登他001228,5,理　事,黃淑慧
115法登他001228,6,理　事,謝明安
115法登他001228,7,理　事,吳秀月
115法登他001228,8,理　事,林文惠
115法登他001228,9,理　事,許秋齡
115法登他001228,16,監　事,吳曉萍
115法登他001228,17,理　事,李麗瀞
115法登他001228,20,理　事,吳雅芬
115法登他001228,21,理　事,沈鈺珈
115法登他001228,22,理事長,李蕙芬
115法登他001229,1,董　事,黃錦屏
115法登他001229,2,董　事,蔡孟佳
115法登他001229,5,董事長,陳章雄
115法登他001229,6,董　事,徐壯華
115法登他001229,7,董　事,陳牧道
115法登他001229,8,董　事,洪英正
115法登他001229,9,董　事,張煜平
115法登他001230,1,董事長,潘俊榮
115法登他001230,3,常務董事,陳煌銘
115法登他001230,5,董　事,呂正華
115法登他001230,6,董　事,余俊輝
115法登他001230,8,監察人,秦玉坤
115法登他001230,11,常務董事,江啟靖
115法登他001230,12,董　事,賴運興
115法登他001230,15,董　事,顏和勇
115法登他001230,16,董　事,葉　安
115法登他001230,17,董　事,林豐儀
115法登他001231,1,理　事,賴俊仁
115法登他001231,2,理　事,陳欽祥
115法登他001231,3,副理事長,陳瑞宏
115法登他001231,4,常務理事,賴淑芬
115法登他001231,5,理　事,吳政鴻
115法登他001231,6,常務理事,歐淑芳
115法登他001231,7,副理事長,游永全
115法登他001231,8,理　事,莊承濬
115法登他001231,9,理　事,陳玲玲
115法登他001231,10,理　事,温仁豪
115法登他001231,11,理　事,陳國智
115法登他001231,12,常務監事,楊益成
115法登他001231,13,副理事長,蘇偉倫
115法登他001231,14,理　事,陳吉隆
115法登他001231,15,常務理事,鄭詠紜
115法登他001231,16,監　事,張雍驊
115法登他001231,17,監　事,陳昭蓉
115法登他001231,18,監　事,吳國源
115法登他001231,19,理　事,江宏志
115法登他001231,20,常務理事,吳宗寶
115法登他001231,21,理　事,蔡明昌
115法登他001231,22,監　事,邱俊維
115法登他001231,24,理　事,王侯堯
115法登他001231,25,常務理事,鍾淑玲
115法登他001231,26,理　事,鍾嘉毫
115法登他001231,27,理　事,楊士緯
115法登他001231,28,理　事,楊孟義
115法登他001231,29,理　事,林三池
115法登他001231,30,理　事,謝朝旺
115法登他001231,31,理　事,洪慶忠
115法登他001231,32,副理事長,李永川
115法登他001231,33,監　事,林萬益
115法登他001231,34,理事長,林倬立
115法登他001231,35,副理事長,吳定國
115法登他001231,37,理　事,吳季衡
115法登他001231,38,理　事,朱欽賢
115法登他001231,39,監　事,程鈺婷
115法登他001231,40,理　事,林群堯
115法登他001231,41,理　事,蔡易潔
115法登他001231,42,理　事,賴鴻麟
115法登他001231,43,常務監事,黃祺娟
115法登他001231,44,監事長,林坤榮
115法登他001231,46,理　事,趙敏光
115法登他001231,47,監　事,江靜君
115法登他001231,48,監　事,張美麗
115法登他001231,49,理　事,黃中亢
115法登他001232,1,董事長,許秉權
115法登他001232,2,董　事,周慧芳
115法登他001232,3,董　事,林郁文
115法登他001232,4,董　事,林俊甫
115法登他001232,5,董　事,王瑞鐸
115法登他001232,6,董　事,王緯歆
115法登他001232,7,董　事,賴意珺
115法登他001232,8,監察人,劉康渡
115法登他001232,9,董　事,楊懷哲
115法登他001232,10,監察人,李政家
115法登他001232,11,監察人,廖致翔
115法登他001232,12,董　事,李博仁
115法登他001233,1,理　事,吳泰安
115法登他001233,2,理　事,胡靖韋
115法登他001233,3,理　事,李建勲
115法登他001233,4,理　事,房福慶
115法登他001233,5,理　事,黃敏惠
115法登他001233,6,常務理事,黃漢傑
115法登他001233,7,理　事,張延祥
115法登他001233,8,常務理事,詹翔欽
115法登他001233,9,常務監事,林大中
115法登他001233,10,監　事,周育如
115法登他001233,11,監　事,陳建宏
115法登他001233,12,理事長,鍾曉雲
115法登他001234,1,理　事,林静宜
115法登他001234,2,理　事,胡逸斌
115法登他001234,3,理　事,魏展盟
115法登他001234,4,監　事,官玉蘭
115法登他001234,5,理　事,陳志峯
115法登他001234,6,理　事,許勳豪
115法登他001234,7,理　事,尹忠三
115法登他001234,8,監　事,陳裕禎
115法登他001234,9,理　事,羅淑眞
115法登他001234,10,理事長,童琳惠
115法登他001234,11,監　事,張鴻博
115法登他001234,12,監　事,吳順農
115法登他001234,13,理　事,許至榮
115法登他001234,14,副理事長,蘇金城
115法登他001234,15,理　事,林莉穎
115法登他001234,16,副理事長,陳國彰
115法登他001234,17,理　事,陳國文
115法登他001234,18,理　事,李方荷
115法登他001234,19,副理事長,李志恒
115法登他001234,20,理　事,游明堂
115法登他001234,21,常務監事,潘美玲
115法登他001234,22,監　事,林美華
115法登他001234,23,副理事長,陳柏森
115法登他001234,24,理　事,陳怡成
115法登他001234,25,理　事,孫　因
115法登他001234,26,監　事,蔣治芬
115法登他001234,27,理　事,黃輝彬
115法登他001234,28,理　事,劉栗蘋
115法登他001235,1,董　事,陳德勝
115法登他001235,2,董事長,林國顯
115法登他001235,3,董　事,李健發
115法登他001235,4,董　事,周志明
115法登他001235,5,董　事,張衍義
115法登他001235,6,董　事,盧公宇
115法登他001235,7,董　事,蔡豐明
115法登他001235,8,董　事,王文潮
115法登他001235,9,監事會主席,許志堅
115法登他001235,10,董　事,許金泉
115法登他001235,11,董　事,彭士孝
115法登他001235,12,董　事,黃戊辰
115法登他001235,13,董　事,魏健宏
115法登他001235,14,董　事,黃一中
115法登他001235,15,董　事,王書吉
115法登他001235,16,董　事,黃健強
115法登他001235,17,董　事,蕭捷明
115法登他001235,18,董　事,藍俊昇
115法登他001235,19,董　事,藍心琪
115法登他001235,20,董　事,陳柏廷
115法登他001235,21,董　事,林榮泰
115法登他001235,23,監察人,程藍瑩
115法登他001235,24,董　事,梁正德
115法登他001235,25,監察人,馬豫芳
115法登他001235,26,董　事,韓振華
115法登他001235,27,董　事,葉協隆
115法登他001236,1,監　事,邵維揚
115法登他001236,2,理　事,邵揮洲
115法登他001236,3,理事長,江茂雄
115法登他001236,4,監　事,林宗岳
115法登他001236,5,監　事,蔡坤宗
115法登他001236,6,理　事,吳俊賢
115法登他001236,7,理　事,潘冠呈
115法登他001236,8,理　事,許家豪
115法登他001236,9,常務理事,林允進
115法登他001236,10,常務理事,張博超
115法登他001236,11,監　事,陳政宏
115法登他001236,12,理　事,韓育霖
115法登他001236,13,理　事,詹明憲
115法登他001236,14,理　事,徐慶瑜
115法登他001236,15,理　事,楊敏雄
115法登他001236,16,理　事,陳俊廷
115法登他001236,17,理　事,鍾承憲
115法登他001236,18,常務理事,周顯光
115法登他001236,19,理　事,扶　正
115法登他001236,20,理　事,楊舜涵
115法登他001236,21,理　事,沈聖智
115法登他001236,22,常務監事,謝曜安
115法登他001236,23,監　事,李子宜
115法登他001236,24,理　事,周志明
115法登他001236,25,常務理事,曾國正
115法登他001236,26,理　事,盧建仲
115法登他001236,27,理　事,關百宸
115法登他001236,28,監　事,翁維珠
115法登他001238,1,董事長,許樊曼儂
115法登他001238,2,董　事,許維烜
115法登他001238,3,董　事,吳靜吉
115法登他001238,4,董　事,陳哲宏
115法登他001238,5,董　事,簡麗莉
115法登他001238,6,董　事,劉緒倫
115法登他001238,7,董　事,黃貞瑛
115法登他001239,1,理　事,何惠雯
115法登他001239,2,理　事,彭瑛婷
115法登他001239,3,理　事,張秀雲
115法登他001239,4,理事長,林逸華
115法登他001239,5,理　事,紀伯翰
115法登他001239,6,理　事,于蓓蒂
115法登他001239,7,理　事,楊秋娟
115法登他001239,8,理　事,張志文
115法登他001239,9,理　事,江玄義
115法登他001239,10,常務監事,黃薏樺
115法登他001239,11,監　事,魏宏壽
115法登他001239,12,監　事,黃富義
115法登他001240,1,董事長,賴坤成
115法登他001240,2,常務董事,姚士源
115法登他001240,3,常務董事,許永議
115法登他001240,4,常務董事,蔡慈瑛
115法登他001240,5,常務董事,吳百仁
115法登他001240,6,董　事,李孟惠
115法登他001240,7,董　事,陳汾蘭
115法登他001240,8,董　事,李宜謙
115法登他001240,9,董　事,王敏節
115法登他001240,10,董　事,鄭晏昕
115法登他001240,11,董　事,謝建達
115法登他001240,12,董　事,曾庭熙
115法登他001240,13,董　事,李錦東
115法登他001240,14,董　事,林坤宏
115法登他001240,15,監察人,張鈞華
115法登他001240,16,常務監察人,李怡欣
115法登他001240,17,董　事,吳明蕙
115法登他001240,18,監察人,尚光琪
115法登他001241,1,董　事,陳佩君
115法登他001241,2,董　事,張建一
115法登他001241,3,董　事,陳麗卿
115法登他001241,4,董　事,王煦棋
115法登他001241,5,董事長,簡立忠
115法登他001241,6,董　事,林修銘
115法登他001241,7,董　事,黃華瑋
115法登他001241,8,董　事,陳俊宏
115法登他001241,9,董　事,程明乾
115法登他001241,10,監察人,郭嘉宏
115法登他001241,11,董　事,林丙輝
115法登他001241,12,董　事,孫雅麗
115法登他001241,13,監察人,高晶萍
115法登他001241,14,董　事,黃炳鈞
115法登他001241,15,董　事,薛敏正
115法登他001241,16,監察人,盧敬植
115法登他001241,17,監察人,葉仕國
115法登他001241,18,董　事,林淑玲
115法登他001241,19,董　事,王義明
115法登他001241,20,監察人,王貴增
115法登他001242,2,董　事,釋淨威
115法登他001242,4,董　事,黃偉修
115法登他001242,5,董　事,陳文毅
115法登他001242,10,董　事,釋弘眞
115法登他001242,14,董　事,釋淨彤
115法登他001242,18,董　事,釋淨音
115法登他001242,19,董　事,釋淨恩
115法登他001242,20,董　事,釋淨承
115法登他001242,21,董　事,釋淨灯
115法登他001242,22,董　事,釋淨隆
115法登他001242,23,董　事,釋淨侑
115法登他001242,24,董　事,釋淨航
115法登他001242,25,董事長,釋慧淨
115法登他001242,26,董　事,釋淨開
115法登他001242,27,董　事,釋淨磐
115法登他001243,1,董事長,林棟樑
115法登他001243,2,董　事,陳怡維
115法登他001243,3,董　事,朱明孝
115法登他001243,4,董　事,陳俊儒
115法登他001243,5,董　事,郭育誠
115法登他001243,6,董　事,劉冠吟
115法登他001243,7,董　事,朱美芳
115法登他001246,1,董　事,林琬琬
115法登他001246,2,董事長,于紀隆
115法登他001246,4,董　事,羅瑞蘭
115法登他001246,5,董　事,施威銘
115法登他001246,6,董　事,曹坤榮
115法登他001246,7,董　事,韓沂璉
115法登他001246,8,董　事,王明志
115法登他001246,9,董　事,林賢郎
115法登他001246,10,董　事,陳富煒
115法登他001247,1,理　事,陳淵明
115法登他001247,2,理　事,黃孟宏
115法登他001247,3,理　事,王文怡
115法登他001247,4,理　事,蔡岳泰
115法登他001247,5,理　事,王靖偉
115法登他001247,6,理　事,李維倫
115法登他001247,7,理　事,邱鼎嵩
115法登他001247,8,理　事,高宇謙
115法登他001247,9,理　事,許慧潔
115法登他001247,10,理　事,翁皓偉
115法登他001247,11,監　事,陳伯宸
115法登他001247,12,監　事,李培銘
115法登他001247,13,理　事,黃洪文
115法登他001247,14,理　事,陳建堯
115法登他001247,15,理事長,吳紘炘
115法登他001247,16,常務監事,耿台依
115法登他001248,1,董事長,黃永吉
115法登他001248,2,董　事,黃慧鈐
115法登他001248,3,董　事,許家瑞
115法登他001248,4,董　事,張瑜玲
115法登他001248,5,董　事,何秉峰
115法登他001248,6,董　事,徐大哲
115法登他001248,7,董　事,洪國書
115法登他001248,8,董　事,莊旻庭
115法登他001248,9,董　事,葉巧玲
115法登他001250,1,常務理事,葉宸辰
115法登他001250,2,理　事,洪建生
115法登他001250,3,理事長,董翠鳳
115法登他001250,4,理　事,林麗英
115法登他001250,5,常務理事,林素珍
115法登他001250,6,理　事,蘇秀蓮
115法登他001250,7,理　事,陳珮慈
115法登他001250,8,理　事,楊菁菁
115法登他001250,9,理　事,丁彥智
115法登他001250,10,常務監事,莊淑芬
115法登他001250,11,監　事,陳雅婷
115法登他001250,12,監　事,蘇麗如
115法登他001251,1,董事長,余範英
115法登他001251,2,董　事,陳添枝
115法登他001251,5,董　事,施振榮
115法登他001251,6,董　事,劉兆漢
115法登他001251,8,董　事,許嘉棟
115法登他001251,10,董　事,薛承泰
115法登他001251,11,董　事,王健壯
115法登他001251,13,董　事,史欽泰
115法登他001251,14,董　事,嚴長壽
115法登他001251,15,董　事,李念祖
115法登他001251,16,董　事,薛　琦
115法登他001251,17,董　事,錢永祥
115法登他001251,18,董　事,葉俊榮
115法登他001251,19,董　事,黃榮村
115法登他001251,20,董　事,詹文男
115法登他001253,1,董事長,陳昱瑞
115法登他001253,2,副董事長,陳建志
115法登他001253,3,副董事長,呂建德
115法登他001253,4,監察人,林志郎
115法登他001253,5,董　事,游進邦
115法登他001253,6,董　事,沈德村
115法登他001253,7,董　事,周德陽
115法登他001253,8,董　事,童敏哲
115法登他001253,9,董　事,黃靖媛
115法登他001253,10,董　事,張育美
115法登他001253,11,董　事,張文瀚
115法登他001253,12,董　事,洪子仁
115法登他001253,13,董　事,施俊明
115法登他001253,14,董　事,張育超
115法登他001253,15,董　事,陳星助
115法登他001253,16,董　事,黃集仁
115法登他001253,17,董　事,吳鏘亮
115法登他001253,18,董　事,張維仁
115法登他001253,19,董　事,蔡孟霖
115法登他001253,20,董　事,黃國晉
115法登他001253,21,董　事,陳振文
115法登他001253,22,董　事,林朝祥
115法登他001253,23,董　事,蔡爾輝
115法登他001253,24,董　事,黃志芳
115法登他001253,25,董　事,蘇若甯
115法登他001253,26,監察人,林俊彬
115法登他001253,27,監察人,蘇嘉瑞
115法登他001253,28,監察人,郭昭宏
115法登他001253,29,監察人,李芳信
115法登他001253,30,董　事,王照元
115法登他001254,1,董事長,鄭新達
115法登他001254,3,董　事,陳　清
115法登他001254,4,董　事,鄭新立
115法登他001254,5,董　事,潘紅橘
115法登他001254,6,董　事,林大文
115法登他001254,8,董　事,陳春花
115法登他001254,9,董　事,王百祿
115法登他001254,10,董　事,周正平
115法登他001254,11,董　事,陳韋伶
115法登他001254,12,監察人,謝定山
115法登他001255,1,董事長,鄭漪茜
115法登他001255,2,董　事,劉榆華
115法登他001255,3,董　事,何智仁
115法登他001255,4,董　事,施怡伶
115法登他001255,5,董　事,林宗憲
115法登他001256,1,董事長,杜文虎
115法登他001256,2,董　事,胡麗娟
115法登他001256,3,董　事,楊矗烽
115法登他001256,4,董　事,杜瑞煙
115法登他001256,5,董　事,杜俊輝
115法登他001256,6,董　事,郭阿松
115法登他001256,7,董　事,邱貴香
115法登他001257,1,理事長,林思綺
115法登他001257,2,常務理事,鄧美恩
115法登他001257,3,常務理事,鍾蔚民
115法登他001257,4,理　事,"Lee Krystel Kaye Tan"
115法登他001257,5,理　事,蔡小芬
115法登他001257,6,理　事,孔瀚翔
115法登他001257,7,理　事,陳民英
115法登他001257,8,理　事,"Morgan Reenna Kay"
115法登他001257,9,理　事,"Tonacao Justin Erich Yap"
115法登他001257,10,常務監事,鄧昭芳
115法登他001257,11,監　事,陳愉欣
115法登他001257,12,監　事,遲秉瑄
115法登他001258,1,理事長,林仁惠
115法登他001258,2,理　事,李欣穎
115法登他001258,3,理　事,陳翊晉
115法登他001258,4,理　事,謝欣怡
115法登他001258,5,理　事,何至柔
115法登他001258,6,副理事長,陳方隅
115法登他001258,7,理　事,周善牧
115法登他001258,8,監　事,李仲庭
115法登他001258,9,理　事,陳思妤
115法登他001258,16,監　事,劉璐娜
115法登他001258,17,監事會主席,吳佳臻
115法登他001258,18,理　事,李芃萱
115法登他001259,1,董　事,張淑征
115法登他001259,2,董事長,洪裕鈞
115法登他001259,4,董　事,劉安婷
115法登他001259,5,董　事,李岳奇
115法登他001259,8,董　事,胡斐雯
115法登他001259,10,董　事,蔡政憲
115法登他001259,11,董　事,李應平
115法登他001259,12,董　事,彭俊亨
115法登他001259,13,董　事,"Carson Chan"
115法登他001260,1,董　事,劉慧雯
115法登他001260,2,董　事,蔡素芬
115法登他001260,3,董　事,蔡蕙如
115法登他001260,4,董　事,涂豐恩
115法登他001260,6,監　事,林嬋娟
115法登他001260,7,董事長,江春男
115法登他001260,8,董　事,蔡崇隆
115法登他001260,10,董　事,黃美娥
115法登他001260,11,董　事,洪貞玲
115法登他001260,12,董　事,鍾起惠
115法登他001260,13,董　事,管中祥
115法登他001260,15,董　事,易榮宗
115法登他001260,17,常務監事,邱晃泉
115法登他001260,18,董　事,陳正然
115法登他001260,19,董　事,胡鴻仁
115法登他001260,20,董　事,張振明
115法登他001260,21,董　事,馮　昭
115法登他001260,22,監　事,周宇修
115法登他001260,23,監　事,周筱姿
115法登他001260,24,監　事,吳啟文
115法登他001261,1,常務理事,葉光洲
115法登他001261,2,常務理事,李　健
115法登他001261,3,理　事,歐陽聖康
115法登他001261,4,理事長,蔡宏昌
115法登他001261,5,理　事,黃慧容
115法登他001261,6,理　事,張亨達
115法登他001261,7,監　事,李菲芳
115法登他001261,8,理　事,宋名傑
115法登他001261,9,理　事,張瓊惠
115法登他001261,10,常務監事,龔瑋麗
115法登他001261,11,理　事,林志寰
115法登他001261,12,監　事,洪秋華
115法登他001262,1,理　事,鄭力行
115法登他001262,2,理事長,施正忠
115法登他001262,3,理　事,林慶堂
115法登他001262,4,常務監事,羅廣才
115法登他001262,5,常務理事,周義佩
115法登他001262,6,監　事,簡崇志
115法登他001262,7,理　事,王立典
115法登他001262,8,監　事,陳馨原
115法登他001262,9,理　事,郭訓佑
115法登他001262,10,理　事,楊昆翰
115法登他001262,11,常務理事,黃煥宗
115法登他001262,12,理　事,黃培峻
115法登他001263,1,董事長,曾永輝
115法登他001263,2,董　事,陳家淇
115法登他001263,3,董　事,蔡文純
115法登他001263,4,董　事,游琇珠
115法登他001263,5,董　事,張瓊慧
115法登他001263,6,董　事,李慶明
115法登他001263,7,董　事,陳堅棟
115法登他001264,1,常務理事,林秋香
115法登他001264,2,常務理事,柯凱元
115法登他001264,3,理事長,陳瑋琳
115法登他001264,4,理　事,林迪真
115法登他001264,5,監　事,李玉真
115法登他001264,6,理　事,何誦芬
115法登他001264,7,理　事,丁鳳嬌
115法登他001264,8,理　事,羅馬調
115法登他001264,9,監　事,鄭秀美
115法登他001264,10,理　事,劉芝君
115法登他001264,11,常務監事,劉育銘
115法登他001264,12,理　事,吳岳恆
115法登他001265,1,監　事,鄭忠仁
115法登他001265,2,理　事,許素芬
115法登他001265,3,理　事,潘亞欣
115法登他001265,4,理　事,劉世春
115法登他001265,5,理　事,林偉聯
115法登他001265,6,常務理事,楊善雄
115法登他001265,7,監　事,游宗仁
115法登他001265,8,常務理事,莊嘉信
115法登他001265,9,常務監事,蔡南信
115法登他001265,10,理　事,鄭英兒
115法登他001265,11,理事長,陳明輝
115法登他001265,12,理　事,張再凱
115法登他001266,2,監　事,張筱英
115法登他001266,4,理　事,李錦玫
115法登他001266,6,常務理事,張士哲
115法登他001266,7,理事長,李書淵
115法登他001266,8,監　事,賴秀鳳
115法登他001266,9,常務理事,楊鴻信
115法登他001266,11,理　事,辛　怡
115法登他001266,12,理　事,陳明宏
115法登他001266,14,理　事,林興發
115法登他001266,19,理　事,李美葵
115法登他001266,20,常務監事,林澧柔
115法登他001266,21,理　事,蘇雅筠
115法登社000001,1,理事長,黃焜禎
115法登社000001,2,常務理事,吳季庭
115法登社000001,3,常務理事,王莉蓉
115法登社000001,4,理　事,陳子渭
115法登社000001,5,理　事,林雨萱
115法登社000001,6,理　事,陳君彥
115法登社000001,7,理　事,黃士峰
115法登社000001,8,理　事,蔡文凱
115法登社000001,9,理　事,莊閔涵
115法登社000001,10,常務監事,陳廣昌
115法登社000001,11,監　事,林素如
115法登社000001,12,監　事,劉育如
115法登社000002,1,理事長,黃品瑜
115法登社000002,2,常務理事,潘希鈞
115法登社000002,3,常務理事,葉乙臻
115法登社000002,4,理　事,許善詠
115法登社000002,5,理　事,簡均穎
115法登社000002,6,理　事,王緁蔆
115法登社000002,7,理　事,廖庭毅
115法登社000002,8,理　事,羅運生
115法登社000002,9,理　事,陳昭延
115法登社000002,10,常務監事,黃湘眞
115法登社000002,11,監　事,韓　裕
115法登社000002,12,監　事,陳佳鈴
115法登社000003,1,理事長,詹聖偉
115法登社000003,2,常務理事,徐筱如
115法登社000003,3,常務理事,郭麟政
115法登社000003,4,理　事,陳孝賢
115法登社000003,5,理　事,楊　岷
115法登社000003,6,理　事,陳元皓
115法登社000003,7,理　事,朱修嫺
115法登社000003,8,理　事,邱麗安
115法登社000003,9,理　事,高靖捷
115法登社000003,10,常務監事,包錦恩
115法登社000003,11,監　事,張鈞復
115法登社000003,12,監　事,楊皓群
115法登社000004,1,理事長,林德安
115法登社000004,2,常務理事,梅　驊
115法登社000004,3,常務理事,吳黎生
115法登社000004,4,理　事,陸沛理
115法登社000004,5,理　事,晏信中
115法登社000004,6,理　事,張碧君
115法登社000004,7,理　事,籃玉君
115法登社000004,8,理　事,姜惠璇
115法登社000004,9,理　事,張淑瓊
115法登社000004,10,常務監事,葉嶺楠
115法登社000004,11,監　事,張曉安
115法登社000004,12,監　事,駱宏偉
115法登社000005,1,理事長,甘思元
115法登社000005,2,常務理事,鄧燕英
115法登社000005,3,常務理事,魏美蓉
115法登社000005,4,理　事,林裕哲
115法登社000005,5,理　事,葉菁菁
115法登社000005,6,理　事,余雅玲
115法登社000005,7,理　事,林資雄
115法登社000005,8,理　事,楊鴻泰
115法登社000005,9,理　事,王玉青
115法登社000005,10,常務監事,郭蕙菁
115法登社000005,11,監　事,甘超元
115法登社000005,12,監　事,許博淵
115法登社000006,1,理事長,廖學謙
115法登社000006,2,常務理事,郭雅純
115法登社000006,3,常務理事,周玉筍
115法登社000006,4,理　事,郭英馥
115法登社000006,5,理　事,葉光洲
115法登社000006,6,理　事,張雅茜
115法登社000006,7,理　事,鍾純嫈
115法登社000006,8,理　事,李宜青
115法登社000006,9,理　事,康峯菁
115法登社000006,10,常務監事,林佩盈
115法登社000006,11,監　事,楊承恩
115法登社000006,12,監　事,張瀚勻
115法登社000007,1,理事長,許博盛
115法登社000007,2,常務理事,許宏銘
115法登社000007,3,常務理事,劉梓傑
115法登社000007,4,理　事,鄭碧華
115法登社000007,5,理　事,黃佩雯
115法登社000007,6,理　事,許博雅
115法登社000007,7,理　事,許莉儂
115法登社000007,8,理　事,李宥葳
115法登社000007,9,理　事,許博惠
115法登社000007,10,常務監事,高世樺
115法登社000007,11,監　事,黃滿女
115法登社000007,12,監　事,周侑萱
115法登社000008,1,理事長,陳筱芬
115法登社000008,2,常務理事,盧美穎
115法登社000008,3,常務理事,陳人和
115法登社000008,4,理　事,陳怡蘋
115法登社000008,5,理　事,簡書育
115法登社000008,6,理　事,黃品慈
115法登社000008,7,理　事,任怡潔
115法登社000008,8,理　事,許雅涵
115法登社000008,9,理　事,蘇苡盷
115法登社000008,10,常務監事,許陸展
115法登社000008,11,監　事,張峻嘉
115法登社000008,12,監　事,李姵璇
115法登社000009,1,理事長,吳炳茂
115法登社000009,2,常務理事,張鳳月
115法登社000009,3,常務理事,黃桂蘭
115法登社000009,4,理　事,張麗雯
115法登社000009,5,理　事,林妍君
115法登社000009,6,理　事,陳健清
115法登社000009,7,理　事,林子淵
115法登社000009,8,理　事,林子微
115法登社000009,9,理　事,林子慈
115法登社000009,10,常務監事,林政良
115法登社000009,11,監　事,林玉琴
115法登社000009,12,監　事,陳郭麗珠
115法登社000010,1,理事長,鍾紹宇
115法登社000010,2,副理事長,王仁妤
115法登社000010,3,理　事,阮品崴
115法登社000010,4,理　事,李若樺
115法登社000010,5,理　事,周藝航
115法登社000010,6,理　事,鄭巧筠
115法登社000010,7,理　事,簡姿瑜
115法登社000010,8,理　事,楊皓婷
115法登社000010,9,理　事,張宸語
115法登社000010,10,常務監事,蔡明諺
115法登社000010,11,監　事,陳宛宜
115法登社000010,12,監　事,鍾宇柔
115法登社000011,1,理事長,李鴻源
115法登社000011,2,常務理事,楊光磊
115法登社000011,3,常務理事,張克士
115法登社000011,4,理　事,劉詩熙
115法登社000011,5,理　事,覃培雄
115法登社000011,6,理　事,吳森統
115法登社000011,7,理　事,吳映慈
115法登社000011,8,理　事,邱煌仁
115法登社000011,9,理　事,姚智原
115法登社000011,10,常務監事,何昊哲
115法登社000011,11,監　事,藍平文
115法登社000011,12,監　事,張名尚
115法登社000012,1,會　長,楊欽能
115法登社000012,2,常務理事,吳男益
115法登社000012,3,常務理事,陳建樹
115法登社000012,4,常務理事,巫文卿
115法登社000012,5,常務理事,蔡雁農
115法登社000012,6,理　事,黃清高
115法登社000012,7,理　事,蔡詩豐
115法登社000012,8,理　事,高明蕙
115法登社000012,9,理　事,許夙華
115法登社000012,10,理　事,王晉亭
115法登社000012,11,理　事,李旻穎
115法登社000012,12,理　事,沈進來
115法登社000012,13,理　事,邱翠媚
115法登社000012,14,理　事,沙寶珠
115法登社000012,15,理　事,王云志
115法登社000012,16,常務監事,周明徵
115法登社000012,17,監　事,林秀芬
115法登社000012,18,監　事,鐘琳惠
115法登社000012,19,監　事,陳素瓊
115法登社000012,20,監　事,許美芳
115法登社000013,1,理事長,劉子禎
115法登社000013,2,常務理事,李朕嘉
115法登社000013,3,常務理事,賴佳偉
115法登社000013,4,理　事,楊晏如
115法登社000013,5,理　事,邱立基
115法登社000013,6,理　事,黃聖凱
115法登社000013,7,理　事,連偉誠
115法登社000013,8,理　事,邱照明
115法登社000013,9,理　事,許耀中
115法登社000013,10,常務監事,李美宜
115法登社000013,11,監　事,林曉媺
115法登社000013,12,監　事,孫立倫
115法登社000014,1,總會長,鄭龍水
115法登社000014,2,常務理事,穆閩珠
115法登社000014,3,常務理事,古允文
115法登社000014,4,常務理事,林易陞
115法登社000014,5,常務理事,李德維
115法登社000014,6,理　事,林克謨
115法登社000014,7,理　事,羅建明
115法登社000014,8,理　事,韋啓忠
115法登社000014,9,理　事,鄭淑勻
115法登社000014,10,理　事,胡文琦
115法登社000014,11,理　事,李晏婕
115法登社000014,12,理　事,廖康志
115法登社000014,13,理　事,林治華
115法登社000014,14,理　事,顏詣珊
115法登社000014,15,理　事,王子芩
115法登社000014,16,監事長,韋伯韜
115法登社000014,17,監　事,仉桂美
115法登社000014,18,監　事,洪國誌
115法登社000014,19,監　事,鄭玉章
115法登社000014,20,監　事,葉慧
115法登社000015,1,理事長,呂崑富
115法登社000015,2,常務理事,彭育聖
115法登社000015,3,常務理事,周一欣
115法登社000015,4,理　事,呂憶媚
115法登社000015,5,理　事,孔垂崢
115法登社000015,6,理　事,温令行
115法登社000015,7,理　事,羅翎瑋
115法登社000015,8,理　事,廖景輝
115法登社000015,9,理　事,尤志晏
115法登社000015,10,常務監事,簡羽婕
115法登社000015,11,監　事,施佩君
115法登社000015,12,監　事,陳渝欣
115法登社000016,1,理事長,王浚庸
115法登社000016,2,常務理事,楊森吉
115法登社000016,3,常務理事,林盈達
115法登社000016,4,理　事,楊祥心
115法登社000016,5,理　事,蔡榮記
115法登社000016,6,理　事,許秀鳳
115法登社000016,7,理　事,黃春果
115法登社000016,8,理　事,魏明朝
115法登社000016,9,理　事,張國柱
115法登社000016,10,常務監事,蔡蘭馨
115法登社000016,11,監　事,蔡美玲
115法登社000016,12,監　事,江筱嵐
115法登社000017,1,理事長,朱學銘
115法登社000017,2,常務理事,張智敏
115法登社000017,3,常務理事,吳承德
115法登社000017,4,理　事,張家豪
115法登社000017,5,理　事,洪秀珉
115法登社000017,6,理　事,張承富
115法登社000017,7,理　事,王永松
115法登社000017,8,理　事,黄詩妤
115法登社000017,9,理　事,吳雅雯
115法登社000017,10,常務監事,向學堯
115法登社000017,11,監　事,林孟瑾
115法登社000017,12,監　事,葉虔宇
115法登社000018,1,理事長,米甘幹・理佛克
115法登社000018,2,副理事長,張晏銘
115法登社000018,3,副理事長,陳勝榮
115法登社000018,4,理　事,陳明忠
115法登社000018,5,理　事,陳約翰
115法登社000018,6,理　事,吳純純
115法登社000018,7,理　事,黃秋菊
115法登社000018,8,理　事,林旻樓
115法登社000018,9,理　事,歐大衛
115法登社000018,10,理　事,洪欣瀅
115法登社000018,11,理　事,張國慶
115法登社000018,12,常務監事,趙本山
115法登社000018,13,監　事,趙淑貞
115法登社000018,14,監　事,古峻嘉
115法登社000019,1,理事長,黃羅蜀妹
115法登社000019,2,常務理事,吳淑美
115法登社000019,3,常務理事,顏杏容
115法登社000019,4,理　事,張忠實
115法登社000019,5,理　事,詹雲芳
115法登社000019,6,理　事,謝秉錡
115法登社000019,7,理　事,黃嬿純
115法登社000019,8,理　事,高烽棋
115法登社000019,9,理　事,徐彗秝
115法登社000019,10,常務監事,蔡美珠
115法登社000019,11,監　事,梁宗熙
115法登社000019,12,監　事,紀建邦
115法登社000021,1,理事長,楊勝雄
115法登社000021,2,常務理事,顏嘉德
115法登社000021,3,常務理事,吳玟叡
115法登社000021,4,理　事,陳彥婷
115法登社000021,5,理　事,丁若晨
115法登社000021,6,理　事,王薏婷
115法登社000021,7,理　事,林呈怡
115法登社000021,8,理　事,張孟涵
115法登社000021,9,理　事,吳明曄
115法登社000021,10,常務監事,張曉玲
115法登社000021,11,監　事,徐佑慈
115法登社000021,12,監　事,陳孟吟
115法登社000022,1,理事長,黎乃滌
115法登社000022,2,常務理事,趙家羚
115法登社000022,3,常務理事,高嘉祥
115法登社000022,4,理　事,謝子揚
115法登社000022,5,理　事,趙　羽
115法登社000022,6,理　事,李佳衡
115法登社000022,7,理　事,黃冠中
115法登社000022,8,理　事,郭采燕
115法登社000022,9,理　事,羅珊珊
115法登社000022,10,常務監事,劉秉政
115法登社000022,11,監　事,邱鼎霖
115法登社000022,12,監　事,張素金
115法登社000023,1,理事長,吳怡萱
115法登社000023,2,常務理事,呂俐葶
115法登社000023,3,常務理事,段佳君
115法登社000023,4,理　事,李怡文
115法登社000023,5,理　事,王巧嫺
115法登社000023,6,理　事,劉佩宜
115法登社000023,7,理　事,顧秀華
115法登社000023,8,理　事,林作逸
115法登社000023,9,理　事,陳寶美
115法登社000023,10,理　事,蘇　霈
115法登社000023,11,理　事,曹恩惠
115法登社000023,12,理　事,洪維辰
115法登社000023,13,理　事,游可如
115法登社000023,14,常務監事,王齡儀
115法登社000023,15,監　事,曾麗娜
115法登社000023,16,監　事,王妤茵
115法登社000024,1,理事長,吳光浩
115法登社000024,2,副理事長,張宜榛
115法登社000024,3,副理事長,鄭淽隃
115法登社000024,4,理　事,徐翊倫
115法登社000024,5,理　事,尤寶秀
115法登社000024,6,理　事,簡朝銘
115法登社000024,7,理　事,陳慶鴻
115法登社000024,8,理　事,陳易騰
115法登社000024,9,理　事,盧頤先
115法登社000024,10,常務監事,簡瑞辰
115法登社000024,11,監　事,李貞億
115法登社000024,12,監　事,蔡孟璋
115法登社000025,1,理事長,田麗雯
115法登社000025,2,理　事,王清標
115法登社000025,3,理　事,李承羿
115法登社000025,4,理　事,楊同林
115法登社000025,5,理　事,林俊權
115法登社000025,6,理　事,賴英智
115法登社000025,7,理　事,李耀堂
115法登社000025,8,理　事,王逸家
115法登社000025,9,理　事,林鴻昌
115法登社000025,10,常務監事,林彥廷
115法登社000025,11,監　事,高長春
115法登社000025,12,監　事,陳遠秀
115法登社000026,1,理事長,管中閔
115法登社000026,2,常務理事,楊炤濃
115法登社000026,3,常務理事,葉匡時
115法登社000026,4,理　事,何思慎
115法登社000026,5,理　事,施威全
115法登社000026,6,理　事,徐之強
115法登社000026,7,理　事,須文蔚
115法登社000026,8,理　事,黃奎博
115法登社000026,9,理　事,詹滿容
115法登社000026,10,常務監事,徐　美
115法登社000026,11,監　事,甘懷真
115法登社000026,12,監　事,印永翔
115法登社000027,1,理事長,黃若琦
115法登社000027,2,常務理事,呂智偉
115法登社000027,3,常務理事,艾文俊
115法登社000027,4,理　事,莊凱任
115法登社000027,5,理　事,柯佳秀
115法登社000027,6,理　事,陳廷光
115法登社000027,7,理　事,卓訓群
115法登社000027,8,理　事,林家均
115法登社000027,9,理　事,陳冠源
115法登社000027,10,監　事,陳玫琳
115法登社000027,11,常務監事,葉家宏
115法登社000027,12,監　事,柯佳吟
115法登社000028,1,理事長,趙麗嫻
115法登社000028,2,副理事長,李澤成
115法登社000028,3,常務理事,張順紫
115法登社000028,4,理　事,李成榮
115法登社000028,5,理　事,魯金嬌
115法登社000028,6,理　事,陳德發
115法登社000028,7,理　事,段明慧
115法登社000028,8,理　事,陳淑蕊
115法登社000028,9,理　事,寸待萍
115法登社000028,10,常務監事,李孝富
115法登社000028,11,監　事,魯金燕
115法登社000028,12,監　事,張崇秋
115法登社000029,1,理事長,羅翊禎
115法登社000029,2,副理事長,潘敏雄
115法登社000029,3,常務理事,謝定宏
115法登社000029,4,常務理事,莊朝琪
115法登社000029,5,常務理事,王進崑
115法登社000029,6,理　事,潘志寬
115法登社000029,7,理　事,許朝凱
115法登社000029,8,理　事,夏詩閔
115法登社000029,9,理　事,王仲志
115法登社000029,10,理　事,劉昌樹
115法登社000029,11,理　事,許瑞瑱
115法登社000029,12,理　事,賴佳暖
115法登社000029,13,理　事,何品諭
115法登社000029,14,理　事,陳宏彰
115法登社000029,15,理　事,丁俞文
115法登社000029,16,常務監事,鄭光成
115法登社000029,17,監　事,沈賜川
115法登社000029,18,監　事,郭家宏
115法登社000029,19,監　事,鄭心怡
115法登社000029,20,監　事,楊雅嵐
115法登社000030,1,理事長,黃詩怡
115法登社000030,2,常務理事,唐漢光
115法登社000030,3,常務理事,唐漢熙
115法登社000030,4,理　事,吳億澤
115法登社000030,5,理　事,賴峻毅
115法登社000030,6,理　事,李寶龍
115法登社000030,7,理　事,唐興國
115法登社000030,8,理　事,吳侑熹
115法登社000030,9,理　事,官明穎
115法登社000030,10,常務監事,謝素娟
115法登社000030,11,監　事,林明君
115法登社000030,12,監　事,張茹琁
115法登社000031,1,理事長,黃子恬
115法登社000031,2,理　事,王威人
115法登社000031,3,理　事,蕭婉伶
115法登社000031,4,理　事,陳俊瑋
115法登社000031,5,理　事,管怡雯
115法登社000031,6,理　事,賈蕾霖
115法登社000031,7,理　事,陳慧儒
115法登社000031,8,理　事,黃芝瑩
115法登社000031,9,理　事,許伊涵
115法登社000031,10,常務監事,劉力菱
115法登社000031,11,監　事,謝啓云
115法登社000031,12,監　事,曹佑安
115法登社000032,1,理事長,劉大衛
115法登社000032,2,常務理事,鄧美恩
115法登社000032,3,常務理事,鍾蔚民
115法登社000032,4,理　事,"Lee Krystel Kaye Tan"
115法登社000032,5,理　事,蔡小芬
115法登社000032,6,理　事,孔瀚翔
115法登社000032,7,理　事,陳民英
115法登社000032,8,理　事,"Morgan Reenna Kay"
115法登社000032,9,理　事,"Tonacao Justin Erich Yap"
115法登社000032,10,常務監事,鄧昭芳
115法登社000032,11,監　事,陳愉欣
115法登社000032,12,監　事,遲秉瑄
115法登社000033,1,理事長,"Muhammad Ghofur"
115法登社000033,2,常務理事,鄧秝語
115法登社000033,3,常務理事,楊威莉
115法登社000033,4,理　事,鍾季羽
115法登社000033,5,理　事,周善堯
115法登社000033,6,理　事,"Abdul Ghofar"
115法登社000033,7,理　事,"Jainul Arifin"
115法登社000033,8,理　事,Nurkholiq
115法登社000033,9,理　事,"Siti Mudrikah"
115法登社000033,10,常務監事,周麟杰
115法登社000033,11,監　事,吳瑞龍
115法登社000033,12,監　事,吳瑞峰
115法登社000034,1,理事長,鄭怡靜
115法登社000034,2,常務理事,鄭佳奇
115法登社000034,3,常務理事,王紹儒
115法登社000034,4,理　事,陳金梅
115法登社000034,5,理　事,顏鈺儒
115法登社000034,6,理　事,劉子淳
115法登社000034,7,理　事,郭純恩
115法登社000034,8,理　事,邱光宗
115法登社000034,9,理　事,謝閔治
115法登社000034,10,常務監事,鄭尚宜
115法登社000034,11,監　事,吳思穎
115法登社000034,12,監　事,謝佳恩
115法登社000035,1,理事長,張軒豪
115法登社000035,2,常務理事,張筑媁
115法登社000035,3,常務理事,劉信隆
115法登社000035,4,理　事,古長祐
115法登社000035,5,理　事,吳克駿
115法登社000035,6,理　事,張庭維
115法登社000035,7,理　事,蔡昆翰
115法登社000035,8,理　事,殷麓翔
115法登社000035,9,理　事,陳威甯
115法登社000035,10,常務監事,黄柏達
115法登社000035,11,監　事,楊力權
115法登社000035,12,監　事,王璒琪
115法登社000036,1,理事長,陳泰安
115法登社000036,2,副理事長,侯佳玟
115法登社000036,3,副理事長,鄒純忻
115法登社000036,4,常務理事,柯宗滕
115法登社000036,5,常務理事,林楷傑
115法登社000036,6,理　事,吳宗翰
115法登社000036,7,理　事,鄭峯昇
115法登社000036,8,理　事,周宏一
115法登社000036,9,理　事,許佑加
115法登社000036,10,理　事,洪振翔
115法登社000036,11,理　事,連柄順
115法登社000036,12,理　事,陳安湲
115法登社000036,13,理　事,吳怡萱
115法登社000036,14,理　事,何子豪
115法登社000036,15,理　事,胡政甯
115法登社000036,16,常務監事,莊均緯
115法登社000036,17,監　事,黃國立
115法登社000036,18,監　事,蘇景瑜
115法登社000036,19,監　事,蔡得時
115法登社000036,20,監　事,蔡逸勲
115法登社000037,1,理事長,林家岑
115法登社000037,2,常務理事,莊聖筌
115法登社000037,3,常務理事,劉士逢
115法登社000037,4,理　事,林建宏
115法登社000037,5,理　事,林瑞文
115法登社000037,6,理　事,季清海
115法登社000037,7,理　事,潘麗玲
115法登社000037,8,理　事,蘇仲輝
115法登社000037,9,理　事,邱志霖
115法登社000037,10,常務監事,劉育君
115法登社000037,11,監　事,湯語婕
115法登社000037,12,監　事,王珮誼
115法登社000038,1,理事長,林建憲
115法登社000038,2,常務理事,張剛羚
115法登社000038,3,常務理事,謝右文
115法登社000038,4,常務理事,黃國寶
115法登社000038,5,常務理事,林筱玫
115法登社000038,6,常務理事,高于立
115法登社000038,7,常務理事,蔡政勳
115法登社000038,8,理　事,吳定謙
115法登社000038,9,理　事,吳振成
115法登社000038,10,理　事,吳若慧
115法登社000038,11,理　事,謝宗震
115法登社000038,12,理　事,曾繁斌
115法登社000038,13,理　事,高季安
115法登社000038,14,理　事,楊旭宸
115法登社000038,15,理　事,呂宏益
115法登社000038,16,理　事,林凱馳
115法登社000038,17,理　事,謝禮宗
115法登社000038,18,理　事,連唯証
115法登社000038,19,理　事,陳建志
115法登社000038,20,理　事,彭志峰
115法登社000038,21,理　事,許桓瑞
115法登社000038,22,理　事,施良樺
115法登社000038,23,理　事,范智明
115法登社000038,24,理　事,陳議添
115法登社000038,25,理　事,應文逡
115法登社000038,26,理　事,莊承鑫
115法登社000038,27,理　事,李奇翰
115法登社000038,28,監事會召集人,蕭文昌
115法登社000038,29,常務監事,王怡璇
115法登社000038,30,常務監事,黃冠凱
115法登社000038,31,監　事,張凱鑫
115法登社000038,32,監　事,蔡孟學
115法登社000038,33,監　事,胡翔崴
115法登社000038,34,監　事,許博智
115法登社000038,35,監　事,陳明源
115法登社000038,36,監　事,葉公旭
115法登社000039,1,理事長,連韻文
115法登社000039,2,常務理事,許儷絹
115法登社000039,3,常務理事,鄧善娟
115法登社000039,4,理　事,黃淑娟
115法登社000039,5,理　事,葉理豪
115法登社000039,6,理　事,郭　翰
115法登社000039,7,理　事,邱韻芝
115法登社000039,8,理　事,翁宛婷
115法登社000039,9,理　事,李其熺
115法登社000039,10,常務監事,王光華
115法登社000039,11,監　事,蔡明憲
115法登社000039,12,監　事,魏里耘
115法登社000040,1,理事長,呂尚澕
115法登社000040,2,常務理事,吳冠進
115法登社000040,3,常務理事,洪文彬
115法登社000040,4,理　事,邱彥儒
115法登社000040,5,理　事,周家翎
115法登社000040,6,理　事,洪怡馨
115法登社000040,7,理　事,唐　鴻
115法登社000040,8,理　事,張文彬
115法登社000040,9,理　事,陳瑩如
115法登社000040,10,常務監事,陳韻如
115法登社000040,11,監　事,顧心芝
115法登社000040,12,監　事,張桂香
115法登社000041,1,理事長,曾惠君
115法登社000041,2,常務理事,林永晟
115法登社000041,3,常務理事,黃美鈴
115法登社000041,4,理　事,呂國華
115法登社000041,5,理　事,黃明憲
115法登社000041,6,理　事,楊嘉昌
115法登社000041,7,理　事,陳雅琪
115法登社000041,8,理　事,葉保玟
115法登社000041,9,理　事,王正雄
115法登社000041,10,常務監事,劉育如
115法登社000041,11,監　事,高顯誠
115法登社000041,12,監　事,陳韻如
115法登社000042,1,理事長,陳翔玢
115法登社000042,2,常務理事,邱光隆
115法登社000042,3,常務理事,葉念青
115法登社000042,4,理　事,吳安琪
115法登社000042,5,理　事,張聰本
115法登社000042,6,理　事,蔡孟霖
115法登社000042,7,理　事,黃鐘慶
115法登社000042,8,理　事,謝禮誠
115法登社000042,9,理　事,林明圖
115法登社000042,10,常務監事,劉晏秀
115法登社000042,11,監　事,陳德開
115法登社000042,12,監　事,王偉宇
115法登社000043,1,理事長,高漢克
115法登社000043,2,理　事,林宇輝
115法登社000043,3,理　事,張以昇
115法登社000043,4,理　事,王昱超
115法登社000043,5,理　事,朱健瑋
115法登社000043,6,理　事,吳昕豪
115法登社000043,7,理　事,施宣宇
115法登社000043,8,理　事,陳韋愷
115法登社000043,9,理　事,陳映蓉
115法登社000043,10,常務監事,楊婕吟
115法登社000043,11,監　事,曾柏銓
115法登社000043,12,監　事,葉宗穎
115法登社000044,1,會　長,吳佩芬
115法登社000044,2,副會長,鄒曄明
115法登社000044,3,常務理事,陳珮瑛
115法登社000044,4,常務理事,劉忠岳
115法登社000044,5,常務理事,周哲生
115法登社000044,6,理　事,王曉嵐
115法登社000044,7,理　事,秦振家
115法登社000044,8,理　事,白宗城
115法登社000044,9,理　事,任以能
115法登社000044,10,理　事,張芳君
115法登社000044,11,理　事,方宓菁
115法登社000044,12,理　事,顏思允
115法登社000044,13,理　事,黃焌桀
115法登社000044,14,理　事,朱偉豪
115法登社000044,15,理　事,劉亦中
115法登社000044,16,常務監事,蘇秋霞
115法登社000044,17,監　事,吳仰哲
115法登社000044,18,監　事,呂如萍
115法登社000045,1,理事長,林家安
115法登社000045,2,常務理事,王聖華
115法登社000045,3,常務理事,吳佳儀
115法登社000045,4,理　事,李家兆
115法登社000045,5,理　事,林俊賢
115法登社000045,6,理　事,胡竹如
115法登社000045,7,理　事,郭明宜
115法登社000045,8,理　事,曾廣芝
115法登社000045,9,理　事,歐思賢
115法登社000045,10,常務監事,康育瑄
115法登社000045,11,監　事,林南宏
115法登社000045,12,監　事,讓德恵
115法登社000046,1,理事長,姚木川
115法登社000046,2,常務理事,張智星
115法登社000046,3,常務理事,陳達新
115法登社000046,4,理　事,陳宥杉
115法登社000046,5,理　事,張瑞雄
115法登社000046,6,理　事,潘維大
115法登社000046,7,理　事,鄭大宇
115法登社000046,8,理　事,簡良益
115法登社000046,9,理　事,葉向榮
115法登社000046,10,理　事,鄭宗宜
115法登社000046,11,理　事,任立中
115法登社000046,12,理　事,吳建文
115法登社000046,13,理　事,魏宏政
115法登社000046,14,監　事,謝文雀
115法登社000046,15,監　事,林子淇
115法登社000046,16,常務監事,林丹楓
115法登社000047,1,理事長,楊舒琴
115法登社000047,2,常務理事,李美華
115法登社000047,3,常務理事,林立峯
115法登社000047,4,理　事,余羅平
115法登社000047,5,理　事,黃秀菊
115法登社000047,6,理　事,吳錇堯
115法登社000047,7,理　事,陳婉瑜
115法登社000047,8,理　事,林潔如
115法登社000047,9,理　事,林靖婷
115法登社000047,10,常務監事,邱惠鈴
115法登社000047,11,監　事,林家瑋
115法登社000047,12,監　事,劉　芳
115法登社000048,1,理事長,潘昱箖
115法登社000048,2,常務理事,蔡依儒
115法登社000048,3,常務理事,趙良卿
115法登社000048,4,理　事,樓恩慧
115法登社000048,5,理　事,鄭淑惠
115法登社000048,6,理　事,黃力中
115法登社000048,7,理　事,洪玉芳
115法登社000048,8,理　事,楊慧琴
115法登社000048,9,理　事,陳健全
115法登社000048,10,常務監事,李麗眞
115法登社000048,11,監　事,陳香君
115法登社000048,12,監　事,蔡漢醇
115法登社000049,1,理事長,林秀霞
115法登社000049,2,常務理事,邱家宜
115法登社000049,3,常務理事,吳致緯
115法登社000049,4,理　事,劉哲君
115法登社000049,5,理　事,楊諮宜
115法登社000049,6,理　事,楊淑惠
115法登社000049,7,理　事,陳智芳
115法登社000049,8,理　事,蘇明珠
115法登社000049,9,理　事,張祖蕙
115法登社000049,10,常務監事,于忠敏
115法登社000049,11,監　事,葉美珠
115法登社000049,12,監　事,周志誠
115法登社000050,1,理事長,楊閔硯
115法登社000050,2,常務理事,鍾春德
115法登社000050,3,常務理事,呂茗毅
115法登社000050,4,理　事,古培歆
115法登社000050,5,理　事,李村茂
115法登社000050,6,理　事,林瑋珍
115法登社000050,7,理　事,詹子賢
115法登社000050,8,理　事,吳紹文
115法登社000050,9,理　事,黃丞平
115法登社000050,10,常務監事,徐鶯慈
115法登社000050,11,監　事,何婉如
115法登社000050,12,監　事,陳青逸
115法登社000051,1,理事長,邵宗輝
115法登社000051,2,常務理事,鄭秀美
115法登社000051,3,常務理事,張冠遠
115法登社000051,4,理　事,姚羿安
115法登社000051,5,理　事,杜彥逸
115法登社000051,6,理　事,黃淑珍
115法登社000051,7,理　事,歐美心
115法登社000051,8,理　事,柯軒宇
115法登社000051,9,理　事,王麗欣
115法登社000051,10,常務監事,張文嬿
115法登社000051,11,監　事,王芙安
115法登社000051,12,監　事,郭城達
115法登社000052,1,理事長,湯高偉
115法登社000052,2,常務理事,黃曉明
115法登社000052,3,常務理事,陳健仁
115法登社000052,4,理　事,張書瑋
115法登社000052,5,理　事,彭舒芸
115法登社000052,6,理　事,李易珊
115法登社000052,7,理　事,戴一丞
115法登社000052,8,理　事,吳宥忠
115法登社000052,9,理　事,林翰霆
115法登社000052,10,常務監事,曹晏華
115法登社000052,11,監　事,吳苡慎
115法登社000052,12,監　事,李冠諭
115法登社000053,1,理事長,鍾昀樺
115法登社000053,2,常務理事,林　儷
115法登社000053,3,常務理事,廖琬淇
115法登社000053,4,理　事,劉志勝
115法登社000053,5,理　事,賴俊傑
115法登社000053,6,理　事,張蓓倫
115法登社000053,7,理　事,黄秈囷
115法登社000053,8,理　事,張伯舟
115法登社000053,9,理　事,楊巧如
115法登社000053,10,常務監事,柯　曉
115法登社000053,11,監　事,顏君玲
115法登社000053,12,監　事,鄭聖丕
115法登社000054,1,理事長,楊素琴
115法登社000054,2,常務理事,林歆玨
115法登社000054,3,常務理事,徐偉超
115法登社000054,4,理　事,楊素端
115法登社000054,5,理　事,陳楷模
115法登社000054,6,理　事,魏孝源
115法登社000054,7,理　事,鄭淑之
115法登社000054,8,理　事,楊登閔
115法登社000054,9,理　事,楊淑芬
115法登社000054,10,常務監事,林彥秀
115法登社000054,11,監　事,陳偉智
115法登社000054,12,監　事,陳晏婧
115法登社000055,1,理事長,鄧耀榮
115法登社000055,2,常務理事,邱德晏
115法登社000055,3,常務理事,馮哲銘
115法登社000055,4,理　事,汪兆謙
115法登社000055,5,理　事,黃德賢
115法登社000055,6,理　事,羅燕秋
115法登社000055,7,理　事,張振偉
115法登社000055,8,理　事,莫梓麟
115法登社000055,9,理　事,陳文剛
115法登社000055,10,常務監事,郭芯妘
115法登社000055,11,監　事,甄燊港
115法登社000055,12,監　事,麥業成
115法登社000056,1,理事長,施祥德
115法登社000056,2,副理事長,林雪芬
115法登社000056,3,常務理事,王秀文
115法登社000056,4,理　事,范俊良
115法登社000056,5,理　事,林正賓
115法登社000056,6,理　事,林志明
115法登社000056,7,理　事,孫向瑩
115法登社000056,8,理　事,陳左雯
115法登社000056,9,理　事,樊　郢
115法登社000056,10,常務監事,周必華
115法登社000056,11,監　事,周正隆
115法登社000056,12,監　事,許自由
115法登社000057,1,理事長,朱蕙君
115法登社000057,2,常務理事,葛俊佑
115法登社000057,3,常務理事,涂芸芳
115法登社000057,4,理　事,楊凱翔
115法登社000057,5,理　事,王俊傑
115法登社000057,6,理　事,郭君儀
115法登社000057,7,理　事,張耀中
115法登社000057,8,理　事,金凱儀
115法登社000057,9,理　事,張韶宸
115法登社000057,10,常務監事,許哲銓
115法登社000057,11,監　事,沈大白
115法登社000057,12,監　事,林家立
115法登社000058,1,理事長,楊　寧
115法登社000058,2,常務理事,陸子鈞
115法登社000058,3,常務理事,陳韋丞
115法登社000058,4,理　事,陳建榮
115法登社000058,5,理　事,朱怡潔
115法登社000058,6,理　事,蕭景豪
115法登社000058,7,理　事,黎書妙
115法登社000058,8,理　事,龔天行
115法登社000058,9,理　事,廖弘毅
115法登社000058,10,常務監事,陳鴻睿
115法登社000058,11,監　事,吳筱翎
115法登社000058,12,監　事,鄭雅薇
115法登社000059,1,理事長,劉秀麗
115法登社000059,2,常務理事,王淑芳
115法登社000059,3,常務理事,張廣興
115法登社000059,4,理　事,張世明
115法登社000059,5,理　事,陳彥智
115法登社000059,6,理　事,羅秋蓉
115法登社000059,7,理　事,張家豪
115法登社000059,8,理　事,李紹群
115法登社000059,9,理　事,洪秀珉
115法登社000059,10,常務監事,潘雅雯
115法登社000059,11,監　事,鄭福來
115法登社000059,12,監　事,陳駿為
115法登社000061,1,理事長,吳麗芬
115法登社000061,2,常務理事,傅甄雯
115法登社000061,3,常務理事,馮喬蘭
115法登社000061,4,理　事,吳尚芳
115法登社000061,5,理　事,吳雨庭
115法登社000061,6,理　事,徐孟真
115法登社000061,7,理　事,張育甄
115法登社000061,8,理　事,范集凱
115法登社000061,9,理　事,廖陳胤
115法登社000061,10,常務監事,馮雪容
115法登社000061,11,監　事,江思妤
115法登社000061,12,監　事,蕭　瑤
115法登社000062,1,理事長,陳錫賢
115法登社000062,2,常務理事,林旺賜
115法登社000062,3,常務理事,陳建宇
115法登社000062,4,理　事,蕭正明
115法登社000062,5,理　事,郭迺鋒
115法登社000062,6,理　事,邱欣怡
115法登社000062,7,理　事,楊博宇
115法登社000062,8,理　事,黃奕豪
115法登社000062,9,理　事,洪啓東
115法登社000062,10,常務監事,廖璽文
115法登社000062,11,監　事,林士平
115法登社000062,12,監　事,吳明璋
115法登社000063,1,理事長,吳霽容
115法登社000063,2,常務理事,陳閔祥
115法登社000063,3,理　事,彭莉甯
115法登社000063,4,理　事,黃公暉
115法登社000063,5,理　事,鄭達人
115法登社000063,6,理　事,李瑋珊
115法登社000063,7,理　事,陳映伶
115法登社000063,8,理　事,陳貞吟
115法登社000063,9,理　事,葉文宏
115法登社000063,10,常務監事,吳家華
115法登社000063,11,監　事,徐嘉蓮
115法登社000063,12,監　事,游家雯
115法登社000064,1,理事長,陳庭楚
115法登社000064,2,副理事長,吳憶祖
115法登社000064,3,副理事長,江珮綺
115法登社000064,4,理　事,莊智程
115法登社000064,5,理　事,呂佳倪
115法登社000064,6,理　事,廖冠霆
115法登社000064,7,理　事,尤偉哲
115法登社000064,8,理　事,許程富
115法登社000064,9,理　事,林妤蕎
115法登社000064,10,常務監事,鄧述維
115法登社000064,11,監　事,陳柏睿
115法登社000064,12,監　事,吳梓瑜
115法登社000065,1,理事長,張建祺
115法登社000065,2,副理事長,丁澈士
115法登社000065,3,副理事長,鞠志琨
115法登社000065,4,常務理事,吳萬益
115法登社000065,5,常務理事,林志平
115法登社000065,6,常務理事,李黃河
115法登社000065,7,常務理事,郭又綺
115法登社000065,8,理　事,莊睦雄
115法登社000065,9,理　事,卓昱宏
115法登社000065,10,理　事,陳威翔
115法登社000065,11,理　事,林志麟
115法登社000065,12,理　事,朱木壽
115法登社000065,13,理　事,徐勝勇
115法登社000065,14,理　事,王聖瑋
115法登社000065,15,理　事,柯昆佑
115法登社000065,16,理　事,陳肇成
115法登社000065,17,理　事,蕭友晉
115法登社000065,18,理　事,鄭義雄
115法登社000065,19,理　事,陳弘凷
115法登社000065,20,理　事,劉惠民
115法登社000065,21,理　事,高志明
115法登社000065,22,常務監事,謝明峻
115法登社000065,23,監　事,許永建
115法登社000065,24,監　事,柯孫信
115法登社000065,25,監　事,陳高孝
115法登社000065,26,監　事,劉桂南
115法登社000066,1,理事長,洪進昇
115法登社000066,2,常務理事,張渭文
115法登社000066,3,常務理事,蘇智銘
115法登社000066,4,理　事,林寰澤
115法登社000066,5,理　事,張家崙
115法登社000066,6,理　事,莊博雅
115法登社000066,7,理　事,邱欣瑜
115法登社000066,8,理　事,吳雪綺
115法登社000066,9,理　事,王姸茹
115法登社000066,10,常務監事,趙祖怡
115法登社000066,11,監　事,謝茂志
115法登社000066,12,監　事,蔡若婷
115法登社000069,1,理事長,呂尚澕
115法登社000069,2,常務理事,吳冠進
115法登社000069,3,常務理事,周家翎
115法登社000069,4,理　事,楊秈晏
115法登社000069,5,理　事,余詩芸
115法登社000069,6,理　事,郭淑芳
115法登社000069,7,理　事,陳佑松
115法登社000069,8,理　事,顧心芝
115法登社000069,9,理　事,林冠存
115法登社000069,10,常務監事,張文彬
115法登社000069,11,監　事,陳瑩如
115法登社000069,12,監　事,蘇德富
115法登社000070,1,理事長,曾惠君
115法登社000070,2,常務理事,宋芳琦
115法登社000070,3,常務理事,高顯誠
115法登社000070,4,理　事,郭明遇
115法登社000070,5,理　事,江佳恩
115法登社000070,6,理　事,陳雅琪
115法登社000070,7,理　事,林佑純
115法登社000070,8,理　事,鄧玉萍
115法登社000070,9,理　事,王莉雅
115法登社000070,10,常務監事,洪文彬
115法登社000070,11,監　事,洪怡馨
115法登社000070,12,監　事,孫善堂
115法登社000071,1,理事長,佘明明
115法登社000071,2,常務理事,楊嘉昌
115法登社000071,3,常務理事,王琳智
115法登社000071,4,理　事,葉昱萱
115法登社000071,5,理　事,古詩婷
115法登社000071,6,理　事,解樹仁
115法登社000071,7,理　事,洪羚軒
115法登社000071,8,理　事,王惠怡
115法登社000071,9,理　事,徐偉淳
115法登社000071,10,常務監事,陳塏延
115法登社000071,11,監　事,林永晟
115法登社000071,12,監　事,葛寧晏
115法登社000072,1,理事長,顧陽明
115法登社000072,2,副理事長,葉家亨
115法登社000072,3,副理事長,詹景清
115法登社000072,4,理　事,孫昭第
115法登社000072,5,理　事,杜嘉彬
115法登社000072,6,理　事,林烱炘
115法登社000072,7,理　事,洪鵬曜
115法登社000072,8,理　事,楊世靖
115法登社000072,9,理　事,江彥緯
115法登社000072,10,常務監事,宋岳倫
115法登社000072,11,監　事,林芷卉
115法登社000072,12,監　事,高忠儀
115法登社000073,1,理事長,孫慧群
115法登社000073,2,常務理事,廖明德
115法登社000073,3,常務理事,歐珮伶
115法登社000073,4,理　事,張品惠
115法登社000073,5,理　事,張玲玲
115法登社000073,6,理　事,蔡文明
115法登社000073,7,理　事,蘇家綿
115法登社000073,8,理　事,楊鎮華
115法登社000073,9,理　事,郭明媛
115法登社000073,10,常務監事,吳小蓉
115法登社000073,11,監　事,蔡文村
115法登社000073,12,監　事,林惠雯
115法登社000076,1,理事長,柯駿毅
115法登社000076,2,常務理事,楊奇勳
115法登社000076,3,常務理事,陳政佑
115法登社000076,4,理　事,黃裕翔
115法登社000076,5,理　事,張玉龍
115法登社000076,6,理　事,許允誠
115法登社000076,7,理　事,柯秉漢
115法登社000076,8,理　事,劉日騰
115法登社000076,9,理　事,林達理
115法登社000076,10,常務監事,柯秉中
115法登社000076,11,監　事,柯秉逸
115法登社000076,12,監　事,張莉佳
115法登財000001,1,董事長,林曼麗
115法登財000001,2,董　事,邱再興
115法登財000001,3,董　事,洪敏弘
115法登財000001,4,董　事,張純明
115法登財000001,5,董　事,楊麗芬
115法登財000001,6,董　事,劉如容
115法登財000001,7,董　事,駱錦明
115法登財000001,8,董　事,顏娟英
115法登財000001,9,董　事,蘇昭樺
115法登財000002,1,董事長,柯文惠
115法登財000002,2,董　事,柯王孫鵬
115法登財000002,3,董　事,柯穎和
115法登財000002,4,董　事,柯文祥
115法登財000002,5,董　事,柯王文良
115法登財000003,1,董事長,錢建榮
115法登財000003,2,董　事,朱敬一
115法登財000003,3,董　事,吳豪人
115法登財000003,4,董　事,李荃和
115法登財000003,5,董　事,高涌誠
115法登財000003,6,董　事,張文貞
115法登財000003,7,董　事,張娟芬
115法登財000003,8,董　事,許玉秀
115法登財000003,9,董　事,陳師孟
115法登財000003,10,董　事,戴章皇
115法登財000003,11,董　事,顏厥安
115法登財000003,12,常務監察人,林　全
115法登財000003,13,監察人,高烊輝
115法登財000003,14,監察人,馮賢賢
115法登財000004,1,董事長,孫秀瑩
115法登財000004,2,董　事,高榮志
115法登財000004,3,董　事,姚志憲
115法登財000004,4,董　事,陳羽禾
115法登財000004,5,董　事,戴文林
115法登財000005,1,董事長,吳啓誠
115法登財000005,2,董　事,江伯倫
115法登財000005,3,董　事,吳志雄
115法登財000005,4,董　事,林宏榮
115法登財000005,5,董　事,莊曜宇
115法登財000005,6,董　事,黃秋蓮
115法登財000005,7,董　事,湯明哲
115法登財000005,8,監察人,莊宏仁
115法登財000006,1,董事長,沈方正
115法登財000006,2,董　事,王文傑
115法登財000006,3,董　事,王時思
115法登財000006,4,董　事,吳東亮
115法登財000006,5,董　事,馬永成
115法登財000006,6,董　事,張基義
115法登財000006,7,董　事,陳玉秀
115法登財000006,8,董　事,陳俊聖
115法登財000006,9,董　事,黃志芳
115法登財000006,10,董　事,葉菊蘭
115法登財000006,11,董　事,廖炳耀
115法登財000006,12,董　事,福田和磨
115法登財000006,13,董　事,潘思亮
115法登財000006,14,董　事,簡余晏
115法登財000006,15,董　事,蘇國垚
115法登財000006,16,監察人,黃荷婷
115法登財000006,17,監察人,林明月
115法登財000006,18,監察人,林玥秀
115法登財000006,19,監察人,林祥生
115法登財000006,20,監察人,黃鴻文
115法登財000007,1,董事長,劉淑德
115法登財000007,2,董　事,邱方孝
115法登財000007,3,董　事,尹彙文
115法登財000007,4,董　事,李飛鵬
115法登財000007,5,董　事,尤慧敏
115法登財000007,6,董　事,黃明勝
115法登財000007,7,董　事,江思嫺
115法登財000007,8,董　事,温達茂
115法登財000007,9,董　事,邱鼎文
115法登財000007,10,董　事,葉麗惠
115法登財000007,11,董　事,莊雯瑜
115法登財000007,12,董　事,鍾君雯
115法登財000007,13,董　事,陳惠玲
115法登財000008,1,董事長,鄒平祥
115法登財000008,2,董　事,鄒進發
115法登財000008,3,董　事,鄒政泰
115法登財000008,4,董　事,鄒岳霖
115法登財000008,5,董　事,鄒森均
115法登財000008,6,董　事,鄒國基
115法登財000008,7,董　事,鄒煥德
115法登財000008,8,董　事,鄒鎮宇
115法登財000008,9,董　事,鄒中庸
115法登財000008,10,董　事,鄒騰輝
115法登財000008,11,董　事,鄒德茂
115法登財000008,12,董　事,鄒永水
115法登財000008,13,董　事,鄒宜學
115法登財000008,14,董　事,鄒清木
115法登財000008,15,董　事,鄒煥華
115法登財000008,16,董　事,鄒清標
115法登財000008,17,董　事,鄒永旺
115法登財000008,18,監察人,鄒宗祥
115法登財000009,1,董事長,郭美君
115法登財000009,2,董　事,鄭秉奇
115法登財000009,3,董　事,林淑芬
115法登財000009,4,董　事,吳正山
115法登財000009,5,董　事,邱郭佩虹
115法登財000009,6,董　事,劉振瑋
115法登財000009,7,董　事,黃俊雄
115法登財000009,8,董　事,呂月瑛
115法登財000009,9,董　事,黃雨柔
115法登財000010,1,董事長,林麗華
115法登財000010,2,董　事,賴金波
115法登財000010,3,董　事,張佩瑤
115法登財000010,4,董　事,孫文騏
115法登財000010,5,董　事,吳師豪
115法登財000010,6,董　事,黃麗敏
115法登財000010,7,董　事,黃月裡
115法登財000011,1,董事長,楊容驊
115法登財000011,2,董　事,林再林
115法登財000011,3,董　事,陳素蘭
115法登財000011,4,董　事,程九如
115法登財000011,5,董　事,李豐源
115法登財000011,6,董　事,許乃文
115法登財000011,7,董　事,李丕雯
115法登財000011,8,董　事,張元溢
115法登財000011,9,董　事,林合政
115法登財000011,10,董　事,蔡雅藍
115法登財000011,11,董　事,孫立倫
115法登財000012,1,董事長,陳立白
115法登財000012,2,董　事,"Ludovicus Jan van der Velde"
115法登財000012,3,董　事,盧陽正
115法登財000012,4,董　事,沈佩蒂
115法登財000012,5,董　事,王美雲
115法登財000012,6,監察人,張薰饌
115法登財000013,1,董事長,黃國倫
115法登財000013,2,董　事,曾國生
115法登財000013,3,董　事,王　浩
115法登財000013,4,董　事,陳宏守
115法登財000013,5,董　事,蔡承儒
115法登財000014,1,董事長,蔡祈岩
115法登財000014,2,董　事,蕭俊傑
115法登財000014,3,董　事,范綱岷
115法登財000014,4,董　事,李良猷
115法登財000014,5,董　事,沈柏延
115法登財000014,6,董　事,李明哲
115法登財000014,7,董　事,林奇宏
115法登財000014,8,董　事,沈慶堯
115法登財000014,9,董　事,蔡嘉平
115法登財000015,1,董事長,李肯堂
115法登財000015,2,董　事,吳耀禎
115法登財000015,3,董　事,黃柏齡
115法登財000015,4,董　事,張長義
115法登財000015,5,董　事,黃力中
115法登財000015,6,董　事,陳丞華
115法登財000015,7,董　事,劉祖華
115法登財000015,8,董　事,洪錦魁
115法登財000015,9,董　事,林文彬
115法登財000015,10,常務監察人,陸龍生
115法登財000015,11,監察人,周金城
115法登財000015,12,監察人,游博超
