TPD115法登他000001,bNIeA2cs6KLzyEf0Yd0HfkM8SyRAFbsM_jkcoK-kjvmW2s1Wba_sRYRRzioT
TPD115法登他000002,K2dmG04jzuEsKRCnIGtJvtDIoEdbLm6iBJMhqMWM5ZZEmay4XfrqzCxDYD6n
TPD115法登他000003,2NRkJVNzPjRHMJkisfd-7k_zQuenAqSCy7tdsivjCppQqJQz4guxQ8Wqgkc=
TPD115法登他000004,Ge4-m-22oKnWCaulX10-rB_pnnUAPL1IbyCQbr_IW5mh_JVVhU1g0_-cAgs8
SCD115法登他000002,bdaVtkDxxj_-41palgKc3YFGE5bf-25UBTLapbuS3wqPGo3tVOUKE_J2528=
TCD115法登他000001,OgpqpAnnxc_3-LYTvjGn14ZGSOazFvLDJ-xeKUnaRnu8dqZsulEz2SAIpi1P
TCD115法登他000002,gQkTVTXRXp1-uGz6QaTI4KvnXI46PFEC_HBtzgTat1yDuQnSwqd12bjp7WZB
KSD115法登他000001,EPbzjr8lt3syQHBy-AxFXsF9J1BcG0l2apnhGrcb0w7h_L6R29vhkYfvddY=
HLD115法登他000001,VgZpPkU5REtQMBpYiDPv3AAVzTCMvKh_zAlpIGej8yF-eHYhwdO3xh7G_oY=
HLD115法登他000002,znQRwWpJjuZ9t_NO-hNskqh5ku7dF_S1-_QMaiwT168t0OKyCCfTuTkO1Mo=
HLD115法登他000003,I9NXI5GEiiyLnGT13-NYc9Tu7wtSM2aAlzWhdZW2F_xY6_oQuiH6W3kUPg==
PTD115法登社000001,VSwgnNKbR6BRl2i-2k0FuTLCHdxPSFw_PNoMYAUK5P4X-KILxg9cTAnD3XU=
NTD115法登他000001,MUMf-nLNhtEvmUqJdGkuQP8yYnJq9H4541YQTNbpJvUUyYuVLjaDM5IuV14=
TPD115法登他000005,Nmcx0B_u2ZJk_8e5zoM7ZwI5ZqDGi8ed4Vyh-ApWDEFeweU21hTP3wAK0IMg
TPD115法登他000007,gDuKAWVu8R6SptxPNx4gMTfk_g21qehHWYOV0JCjRt0iAC_OAeo_zEFQ2Ljj
TPD115法登他000008,WdiBm79kxENBDycPrpMiKmlNfFSl3gTJcod-a0AIuTJFXsixoAeHmJ9tUkU=
TPD115法登他000009,nfa6qZWlXa3BsNjMT8edEqHfA3fC2yNx4py9TBsnzT9K7TAqEKL2L-VP1cg=
TPD115法登他000010,eMhj-aEAbWgu5UHl3NnJ0ZUOMj6ciesZ7aY8r-GvHqRJi6WGNu0sHlASLufJ
TPD115法登他000011,Tz5GtWjCWoswdsqNmFWA-DMk8bSP1N1tqz9I85T9MwCfaCA4BlAMuFFaPcv2
TPD115法登他000012,YCfxyzqqWBhHDZoUDOXiiflI3YXKiIi8DzmKTXIhajtnLqfryHvYMQ5iwMTQ
TPD115法登他000015,YbSOAna8N-gPtIDcftKI0vYZStg2tkQ-3sN4E2DGl_h-2FjgjdVe3NIOW3bR
TPD115法登他000018,e1S7MfKloVj3L0BntjbuWqjyW2EpRYCWAtJIWpqhTHsy7ADsiUdOSWEWyg==
SLD115法登他000002,e3L5d7bioTtLqpa4gFZ02NYGAMB3q4lKVEy7amZVQdrwvbYJCTKFOAKgkvw=
SLD115法登他000003,0FECifR9cTxC7wJTYMPKiGOukvuCOcluEmu6zp7-ogBe0RmeBeJUyOsTgS8=
SCD115法登他000001,AQLPUbPvA-gKxkv950fPtFf9SIVaZqNqa0pVerJP_PFdZ1geDuvgcrVK-imB
SCD115法登他000003,PUfS4SvIdtvOWZfDRNdNM2Reo3JxcqpGgm-jjvot9Nyrqj7o-UBEloCoHGzB
MLD115法登他000001,gAXi9-0QuFDwUbZxDGdonRVJXWKxGujPbNQ0f4Ee39UTTyuDYgT1S_xe-Q==
TCD115法登他000003,okGSYzsH6zNwP9wHXf-Ac3ctAaFGIDuPVF2A9UEBug8-yciikmMVhoHE6lE=
TCD115法登他000004,ifRn8XpeCJAZtZtt6cX-Ixk_dGnnDe32ku_8qC4Itq4dNWpopKPi0rruFmV6
TCD115法登社000001,Heca0vYDfEdEOFi_kN8AETQEdUi9iIKE_TSnj9i6xHHrbhPiUVlKb7wSirFA
TCD115法登社000002,xTigwEIzmJIA57fdBszihhDDNyocetHzFWUY5q_5Fe0g6G0Po89ig3FULke4
ULD115法登他000001,Z2yDD47d-M20NC_m151Mptsxje8R7CksLZxYaIOBlFOXlUuFblhSmF4Bc5c=
TND115法登社000001,M3Sfx1kt3uWMHgvYzT5-Fsvj09S9ITwHiZqRCXnXfuG30iDZFje8pnhr2wxU
TND115法登財000001,ZWFQQgsG1TTA6nnn1hk_e0YJgRUma0j_StCH1lWfKY_yN0AHAa99am-XToUV
CTD115法登他000001,DbyhT4AimfgHc4fmjMLK4DrBEBHXHp44pa_2qxp494kOe5JPvKwXAzCFxxs=
KSD115法登他000002,BIKLaKjNcDAgM4YT1YHwd5jx6NuNXk9x_QBJPGcDlKioC8O81s26ssfhaj3U
KSD115法登他000003,ApogGsiCUIjeQMe5uNJVDichV4RAOGL43te4CPChiCcwGf4Gv-m-NHswcQ==
PTD115法登他000001,4Zsj_4J2Qo5fWHm1B4VyuHz2gPM7H3CCe066cJMheCbjq173HxU1Fhf-LdU=
PTD115法登他000002,HUzEEvc8HcTXwCIeTYAGUPQh3zxkFYhXLc4Rh3pWOhZgFcmQzUztFWgWAHY=
HLD115法登他000004,Ebc9iVldWpKeLFbs9qF-Zj8KPKcTGkpzSzkTlNTkcTqVYEYdS5vlj_8qZA==
TPD115法登他000017,bomNHMyCKC2ku0yUYMtXHlYvZAL9E-TzFB74ULn07lM7uE8JnIybRaIgUzkq
TPD115法登他000019,gvN9n3gm7Hx1prN0RwkB47ZBKQxuN4-DeXnMUNYEkdZA7jG2kPJt9mqAQg==
TPD115法登他000020,IA7nGzoPeefHDCg0lg_WoNj46zQk_Ciq2gGaNbAPyW7Kkmvy4SHLnErxJoYi
TPD115法登他000021,PQd6x7VrVdbAzMtyZxZEcLMLFxvuyZantAwGZMjkF78cYiG4PznbtGxwy7Od
TPD115法登他000022,4PZ0EdfwzcuVeqkeNz2QDoXbqmPyc2vNEOEaugsQAs9HfNMDGchFkO85UF04
TPD115法登他000023,tWkctPDf81eEqlHs-XxxuymNLeknYKBSlQCXLJk2qNnDGKnQMhjjEZl6XG5P
TPD115法登他000024,7kWZ2Pgnq2EI3JZGoVrh4PyudD36Zg7rN4oePaitY66Sr5xypYsGf4D8OLGd
PCD115法登他000001,s6VbuH0Hq2tbHIM1BWLmMojwD6DeYA_YdCNhUvMAzreLmiv4LG7u1pJdPuOG
PCD115法登他000002,Sdg2V7D0e1_3FHrNn676kTl1PAaGQS1BzjxbjwPgClQcGl3bPIPLCxmZxl3i
PCD115法登他000003,UmjJ2xLDALFRIlRF91JrkyEmhY01u_sKWf4FBfnthBS0h0pu_k2muLLvGVRy
PCD115法登他000004,ZrB8YeGbID-0HqT7qLTJ7PThoXsteUXPeUiyLc0PpJeiy8up6uNkbUbAcw==
PCD115法登他000005,pgbC7fjg0dwnligISlghxm5Kr8a8l7FhVFFq1AkgF3ODmJQfM-CwmvUJitE=
PCD115法登他000006,Yt7W4iFUaXdjDcxzp6TDOF9GePoq7a2UV_RjrybjAkY3iQ6CwzU8WctBCrU=
TCD115法登他000006,b4w8nOf5bx5JGm-aZEKhW1T-xcckmvjDu4qVz6LyTNHFW8CyThBUUztEssdo
TCD115法登他000007,ErtvhNKW2hG5kgGDOCfblVVTYPGoj9yThPHkLXqJ4nwKlltU5yB1V696qp5m
TCD115法登他000008,jV2oujKaABFU7sPINUUDnkUVzT6d4R5q9Gto1LuoQLD0zcI9O6jxsisNlnbz
TCD115法登他000009,53584TkIQSbcWCAIgVmjr1_Gtt9QdUy7WN6Mq9kzbeHOnqE2-4P1pbVtDM4=
TCD115法登他000011,GkY62k34f7XAlGAw0nhLqsi3jPG6KY7I5R_nosGWdO35Qul2MBfuyTGICNI=
TCD115法登他000012,jAZ7WmuuiN7bxvNN3gYZ6CUrGcEk4iMgZ4jLX-fu43vl9RCxFsUuDmtsKI4=
TCD115法登他000013,p2vbNwSWtB6vDLk08lWAYItNxakCTgpmm3pn_dGYIa5hzfNI4v1dWHv8QOuO
TCD115法登他000014,o0ma-GjrEVZPd7bdtXCh-MjaSk_AW2WuYXb_AvjRmzZ_WcRhhPm5EcA6UXJQ
TCD115法登他000015,57OqE2xQGUwCJ9s1WL0HF91cHDkzeDzUKcpBTbx1BQ8n8zceD7lWSw59_sRC
TCD115法登他000016,NNLQQpbaQbDblAq2Q5XSChlAfLKYFbgufWIVcum8zULKJcXFTxfgnPGlL3c=
TCD115法登他000017,LJT1xlcYf5Mb1un-jxQWcq0W9ieNthCEph6pm8B-QkAJqEX6vKitfc8NJZQ=
ULD115法登他000002,WNMyqlQnxSrwiWMsiG_8SZI93ypLMstZRSfBI67OA9oduGqR83uBixJrJHM=
ULD115法登他000003,JTEig2Y_lD8t9ic2AWBOBo_8gXhCxrVMnc1ezOsWQ1wNG2bTvI-etaMUTpA=
PTD115法登他000003,L4OOQ_sr0KrW9Zbq3S8z36rDiCuk2XXBvUv0ytSnaLYfk9ErR6UqE16t1ns=
HLD115法登他000005,grkVjIMUjUrI8D8bwFknyL73Wuur7TojCG2258oG2EBlNH2EWmZ6iigN
TPD115法登他000025,tGGinEgf43uJLiXxfPbHP3U0HOF6uP-w0ddEYUVk1wQfYRzOW-4lQLCIlrqm
TPD115法登他000027,37Y8NQ1F0hQnFJNn8PFs24U3BL1oXb5r34_fcRC-C7RU6cR3-iQGxB8a6-QP
TPD115法登他000028,5di0XlQiikz8GLDxArKC1aFnZEjAsrsiWuljdxITgc8ViXkF3jTX-cpqh0nW
TPD115法登他000029,vtoUrZrq1eYidPyVlpKb_TyG7SJZ5USRu67uCbwEXZHlVof16_jbOp-0lnyq
SLD115法登他000006,PBiZXfuT8Nv1dS9RQKFEZy4jUpKF677Pe-uoXuJeN-9T3cHms2r8fPdfHTLY
SLD115法登他000007,t4q3HiB_sTQBghLrdIb6Fu002xJS-1k15JxqytFIqvaEZeVRNZROLsv6iAI=
SLD115法登他000008,WynDDoZ5eM8rBp-NqBbfVMyT9EegFuIFh9SNPZHTc_A0K1_F543Uq0YOkb4=
SLD115法登他000011,56kn78BFEDOul87wHt4Q8M2jHcOt_WbTbZz58LqkUtpLY0BzqAoYm7Y6Wdcy
SCD115法登他000004,xQ_ZtYyMz2Kj4vdqQ6w7SyYmOiZmEpWNIu2hBjYnjcm0PdgpNb9v-OEIFdw=
SCD115法登他000005,zw_ET9j7rtKzQPuduYHwVJS2Jwpy6pDkyWZzFnjg87CQbrvEmc3jDCppGPc=
TCD115法登他000018,F9k2lMriNhPH3c7lUe7OlBcIJdxVNzgxEEG4sIOGMtml_x14PaYZz2kx_Fg=
TCD115法登他000019,SagXDeES0ulbCS9_aiM7q_6ceKJUucKRw5QXTj0h0KrDWjXdfkFt2WIFHW0=
TCD115法登他000020,5oNBfYR0RH2QUxRvSu7ZI3c9sO435sfmZJZm_W9XVoSINoiyMv6Z-SgtLuc=
TCD115法登他000021,nAgDPkXehXQDmr75fRfmUvRfPDXHFiszG1ViKtVgrz7Hk56PcUhchaJfijQ=
TCD115法登社000003,nHQZ2RZqEUDelq3ds2WiGidcbTw1KUCb7hWUIkUCEY7ltq5NVWU1WaTxfgTZ
ULD115法登他000004,eH6JoZ-jTNIlWU57tosYyDCUemRAMd0Yr-CGpxcxK3gZCwXRIgXcN1diHg==
CYD115法登他000002,X7HPnq9LFKadqsYgatBulxmujWfrIzBFS5X34d-buZLJg4F7SiK01Wc8y1k=
TND115法登他000001,pbvJ6LKvPWuqeh1SNNBiIJc_6S3MRN-77iLTfA2WEMegMds6t3KciirO6_dW
TND115法登他000002,SyRlHPWe9AOibal3LeyqLOf65MllSUGLAzDnqqBtx9rWAQb-jrq-v5yE_A==
TND115法登他000003,cuI3dI1EFCxJYf2D5i3mRx6HvQS8QXGNNg9K6JC_kUnJ4FytHJsalnwXRA==
TND115法登他000004,CWsIQwMt9vdmVGEuy-lnf5xRrCTs1AGX8UHncnHAdSmOvwOc05AASsOXghQ=
TND115法登他000005,YKRdAWMpvPtwjc39XppCI15_XeKNunP3baROnlguXROyWbwBcPGCFcjTLKKn
TND115法登他000007,DME_fP5orXDuJVEs48iIs4UDf83ONeXOJk8tWXCcYMG7N7aZP3tvsyKAMA==
KSD115法登他000004,lR2z0BniYHxeSVzxODx2RvDp501JoTEvetRJM4Dr-lj1Q5pJcSq7FBIKKr0=
KSD115法登他000005,1T_jPS1dsX-qncFIiqTSX_3mMDNPlM5IzPqCca6UtA0uV9RimR_bJWG_gw==
PTD115法登社000002,PKX4Y1gtI2IQY7FkdrOQIFm46Wk68X6S8R6Ho_5_prqmok4AnAqYDszSqB0=
NTD115法登他000003,LnTaJX-_1NsEhqjwmONeTeKhXiTaPNp2ltDlA1GWpL40G2Bt28rN5S_7hPg=
TPD115法登他000031,ugkqqH4gPKVgGadZljAQMBfxtJmvVJxviUFD7vQcWIOZmhVr5ZzpXdhWBd6z
TPD115法登他000032,uFcFk6aDdEOJiAZgRzVLVrWu1Gmc90TkSUOCCjMIkNkpjENIKg6mk7VOFTnS
TPD115法登他000034,DRIRI4NulRqlqbgXFLpknqOOdFbP0ki0E0ZoylvoxTCZyyOQDOskVOTvKyc2
TPD115法登他000035,cmHz_4s67wLchv9BXCLYJbclR9-E-6c-F1t_WW_15UbXfds007CvJh22_grM
TPD115法登他000037,aEX9B2Q1rtJv9IJbMY_L7S9Mb9OQXFTiGkdeXElPiIwHr4DxCDh3No6tkSmT
TPD115法登社000001,sB9Pvbiv0zB0M3iGCDNZbg35C5FUy-53CG1XiocB0GBPCnqIQE2uBuL6NE0Z
PCD115法登他000007,6ILeLaNcWhWygDl9M_HJx7jw7PV2x0P4IXMxZbVGI5ntrN5Y7jgTIAODX5dN
PCD115法登他000008,7YptuIgNi44qYliZLEMY_390Y7ujfi92AXPM7R7DjI5sZWsdxe1zHJaU-1Y=
PCD115法登他000009,wU3oFMXiHJMVXguXsNfeyxHANp3fw8v_ce4-xt_ARXX_FqnmRX3nyJ6PzgZf
PCD115法登他000010,QQIswjTyokeDBzPJ5CBwJzLHy5wlfkC0WVeVKGtcijVhKVlfBlpIAZ9kBA==
TYD115法登他000001,apeh2SX53HrJrvyEEMSpWVuP47fg_p--gr_iuiUuqxi5wr3yhwproqeX3A==
SCD115法登他000006,7Kh7Dn13dYE6xiTrfeEr2z0FPS3b-Ij_hWy0uwjaqNUm0PyoGXLlBS8zfy8=
TCD115法登他000022,YsIS_8W3dzdokbw2CfdeD6qB8nZ9qlI6YZXD9hP7bBnEO2nDfMAxApgZwGm-
TCD115法登他000023,FrOGoprjlov_l3JvtjmQfKrcyYs0Xj6OjKqeWNPESUTRePpnQ6weQP8DLY-P
TCD115法登他000024,MO52_EoplgLL_FYDcfT1rom0imA42hu8MxO5ctMAj0QO77YFjmJEoE6V3i-j
TCD115法登他000025,IYGFF4qT93IIW9AbBc42t8McEM6kxXD1Tte5rFf358fERhpsceJx628iw2TG
TCD115法登他000026,IwlAgREBEjdTmYHRBwqXFgvZAWRksfA_juCm-N_0JABVfrifJ1fOFBwDDTCV
ULD115法登他000005,qC4cAqh_zK58y-e7L5oipIIC48cs_lmsdjnhSOhN-GHRph3HFeaoLcuERg==
ULD115法登他000006,E9cRz_iYYh9njtmroEiETmOItHKFTKqzAoN_ooYjL0fyFiGDg7yb6cpWfFQ=
CYD115法登他000005,ppaK7RQBm5QrtR0WxH-K0fSyNIrNYs0ErRouLHKKtaF542oUv-fADMqTGcQ=
KSD115法登他000006,NFMaOsicIflsKFsLZJbI1kknEgxLXAN-IzAyr6wG6D973u2ZH8OM0vcMNoo=
PTD115法登他000004,hKL0RLILnrI_fZ8urZyz7oQbT8fnXrubfnG7V2odiwFcL2El6zXAJHK3664=
TPD115法登他000036,r8rfAllfWFWeRoY9NRXvll93rkLtx-l-S-OVLKc_C_DEeqNoUrDC2to15CSj
TPD115法登他000039,h8fb5uF8W2Ppe_dmMuAYuYYsA0bFrZvDmBrt0DPojdgzJO_75pcRm-2PJ2JQ
TPD115法登他000040,si8042lmqoA3BUKWCZABMUIOwus0EB5_ocbtbLxe4PlvL59FpaxB1MtzJ9o=
TPD115法登他000041,wALOl1SxYw8N8yfyNCkeudQ92nQN5WA9mg5FurnHw3ISXAIKGDuj3z95aWKR
TPD115法登他000043,ITbU0LsU_i824vsv8sBP_8kzVt206lhjUUMLP7doEqL1O6JBQUPlq9vZULk=
TPD115法登他000044,NuwtIffGfFOSRZLQbMHM3AUCt88DzrqCJB21HWHkunMq_a_kJrJ2HqyKZOof
TPD115法登他000045,gGgAfvCGsCrmd4tRQUg4EtOR3F6Bg2-zV9vx5x_nVSHQWIm0X46omVjR9ZsF
TPD115法登他000046,W41whZD76pivBOKht4N6WM2UXXpBRwc0nEQFAC6NkXbkc77MHE_0DQN_WzZt
TPD115法登他000047,EhnNb69pm4ScBM5gkbvgFlMc73GulJNxB8tIgsUquKUKrc_H5t-LxErgfrI3
TPD115法登社000002,2XPfy68ObiPufebzViTN7JQqknEm9ihlXxcLM9E5CkNGInjuv3D1lSqfywtl
PCD115法登他000011,CX8Yfik_wCHdj1a27wVsoTpmm-RL056sVeDvXcXOxpfiodIR9n4j7mgnGBv3
PCD115法登他000012,xYd8lq-lSqWkNvMH67aQ1D9wNqvHpNoFC7M_OlB2W_uv4qQsRHm1SxBSjvs=
PCD115法登他000013,2oYU7gV9sGaepbFcgmgUA5OAP1nmwL8vU385ls_Gs4qwhx-PDXE_jIdcrVwN
SLD115法登他000001,Oxix-Ur2N1idCnIi_qXys-NcAi0nQqyH0nnkkBLCigmF-UwntB0LTFbDdEY2
SLD115法登他000005,BUV-ld1T1TPRkJM1aOKkWh7AQmmTETfMO7-MXt2e3T0bQB-nF_neJtVkBmT5
SLD115法登他000009,W2Szlt5x9hmcD7BQolmUFQez7kVsegO9XBt1uQliH8hfedR0YPptA3jyFoWg
TCD115法登他000027,KWCBA4RSTXUU9SkiUlx4Ijsxx7DZ2ui4UUZPIUaM6KeM09GV-2hsKdVv-Xt-
TCD115法登他000028,WgMgri2FFWrxd7ti_u0XC1pO1es3Shbt52Fci8fR8h85iZaK6giVj3Fi_tZi
KSD115法登他000007,PGWhxPgB3yvPMzGeegg9wq2cI0lLwH-eZGrdY3qrX01usePBONgAauW28PI=
KLD115法登他000001,inDTtJoOAAig4lKCEltJM3T5vKfcfQw_V4Ry0sbqiU80YWnKQxqwRfSTGg==
TTD115法登他000001,PzGMF3PRJYd3qB4DNVyOPK20poqkPqiuzuFNoDGoPbfViWm7HZICchR5Gro=
TTD115法登他000003,lVlERohqLLNO1CA1dC7RdAUIdXJk4RzVs4a056_quZ84Xw9Ji-CYHInJStI=
TPD115法登他000038,tVOTjYj1REP_PzQLZ9vp3XHH9jRH70-pS96IyTg76Ls6OKNK4NfulLU0JdU=
TPD115法登他000048,QaUO2_IHcbC5o6J0yk0eqW7FgzpKlgKiUooWKUdl1-35LaHzpRfXGaM3UGBu
TPD115法登他000049,cI3SYjRaoOCTtZxcaCo442douIBRrNOxUbfj_2CwFymvIiVdgg0L7SWpOWyt
TPD115法登他000050,Wy5ZOJ3lI1XSif6n_OmYnC5ePHwtkaIUSeyg21s_folJ6pzNgsOPp-d-Kok=
TPD115法登他000051,iiLPTxAHRFMsjULu_RJ9lfSLBd5XHi9XCaOht3GkrM0Q3N-lPqinGEtht5k=
TPD115法登他000052,LQzvsbRd3Tk0m-1JpmbpT0RVPiIXMOAdjhDBra-8pVYVIdGCT-QcZS1Q0lYq
TPD115法登他000053,qJ4DXJGs8OPeaQ9YxUIjvsYnxHBbQC1q929kCKw6OX1fXMssVnWp-G9xwRYZ
TPD115法登他000054,SOyPKu-VP1dGUy2QSDkxhdUTdsVLGLwgjYTPPW3ZUK7XVsbiN93vRKbk-Yx8
TPD115法登他000055,8Rk-umgSoqau5VPFCTL1IU0BdvFNc6O13fZPsrnKmF49MM7jjYG5zBG-ODiW
TPD115法登他000056,fcCUTGj2_bS6Q3jhr_uY1jEWdlVPQu6XBhRnA8iAhtZWwiYTQXRPWSnn2Vwd
TPD115法登他000057,IPaeJWmzvfcbBxbXg1_hJLiQovy6-JCN3XCTgWjYwe9_Ox9BS7q5WNnEpQbB
TPD115法登他000058,SDbA58tYSRvgCzDcEX-jE8hKRlKJQvrsYZF7-74AionkeKYt5k3-daFz2k6j
TPD115法登他000059,JVjRKnNhXh4BOrrFoXpzMpvLiZwf7ZiAIdqwiTTaCh2Tsyo9FYXpSB4NdW9Y
TPD115法登他000060,JLcy81Y8I40CuhBQm-LVW-ysAZpo3QBaLQfARsK1DY_qyPF5OZvJCWp-yAqr
TPD115法登他000062,nUi_7yBJnoLbxfXyyqIaZnV_sQ0RaOe9ncj5H_n7t9kCZXIz3M-Oc5tLzW_C
PCD115法登他000014,VpllUj096rogZEKrny711DDjlhwtVxaOlLKWHe5mRXQIyt6TNW5tKwUiXHI=
PCD115法登他000015,7LrRu-9lFPu2ll4uP_ZVrObpP4KOEWTSo87Oyl6_6g9dKLs2wghMgbl_jPs=
PCD115法登他000016,2rltDN70b1UzzJaS3-aHElgtaeN6h_fyNDY_8pFNSsSDP_kPcccstFUcBA==
PCD115法登他000017,N83ButgVYuuCfbKjuE_FE_c1BRWreQex5S6OPYA2VUIqh0FpR3-CWxaoYT9D
PCD115法登社000001,PdzJUjJhv6w5-s3Ho802HjmTxeit8oQtPllx9pw3gh1VTzFfvrRbGeA-eAB3
SLD115法登他000010,QTWZx6GrIFkf4w9otdGRniOmHx2TlYffbuhh4UWw9L4y7kkTquXmU-cRQlju
SLD115法登他000013,zSoqzcmNBVohHPHfYQFd-pxsFw9UbPFtJgsNd-zY3KzicJTD-W1zn03VcNdrz-s=
SCD115法登他000007,FZGP8aPNpw8KDLl-a9vRvx8QauSwF_OYuwldc2KSG3PmaL1SXunO8F4RIzM=
TCD115法登他000029,KGkwxyeezw-0CM0RwIxRJw7RvvqOQmn7MX0_Z7pawQJ2kXfwJaj3baBH2_0C
CTD115法登他000002,Gt-BmG7rYkKs67r8tDphDdcAKP5g_QwqGu31Gb-r6_DZ2oo8bEM_femQ3QI=
CTD115法登他000003,JZ8xOHZTUshp_rG-DVluSSQ2jsZIDeml5gmx47xF2A3vg6AWitkIo7IeHno=
CTD115法登他000004,G2tg6EU-4rNjX3dO9mrZCU8lEFBD0i9WDsc9d_cu-ItvCBdalGNmnXAoypo=
CTD115法登社000001,khkWS2zyVigvlncfSsPvnMOWX0X2FRcu5kWgsM7eRXDq-4aEYGo92tQPlQU=
KSD115法登他000008,b6caysHFSsCivlEvpPOBT_B4JHWNy8oolcSN1f_i8BuksRFBA7oqGKgDIg==
KSD115法登他000009,6zNJY8v8zqtoCAHz6TXlMdpIwhUrd-OvTxYG4XrQYqveyqgcvcqqY_R3DA==
PTD115法登他000005,BuYXubewrOUtWnt4w2SiQL2VeFutsFo2J710OVSt1XuqAyKbakCv5GdhVA==
PTD115法登社000003,smx7dY1GO3N58O9NR-jpDhEUWns-DI4c_b_fY5Pi4zYMd-VgTCxzHkgrv6A=
TTD115法登他000002,XH6HeMG3EmlomGz7-0pVF_qaUSQ9b4sB5iEVmd65o8DLeyWXSP0jqKSWk24=
NTD115法登社000001,uHXPpXeVg1U9E87fC1UVvWdCy1Yf6gkxzAR-KnvsBrGOKTnz1-x3AEkLon8=
TPD115法登他000061,9G-mPIhwDLyBWIUvmtxHB3v4puvbInfVKqUyb3cCAKlLwcA6149H81DHc7nu
TPD115法登他000063,8wftcJPOXXvq6PsRElAI7RPSpqIdn-yrQtVU3yM7tQiG3tG6nbP8jboTsZe6
TPD115法登他000064,TZVhYbw3pNQ6hL3yRNqiz8RBQM0YJFB03PWQtscfXWnJyzjZQ3i0pDfv6Ymh
TPD115法登他000065,3ue4QcBtj47G4wQz6OQz7NQC68hfZnJEGdXP5FYlKrifo3TPD3KmijGOXs4=
TPD115法登他000066,7lDKjDf_vcfAi8cyxCM0Ll6dezmyG6M4JCpOMTy8CvttmVaZttoTGR2pOzp8
TPD115法登他000067,b9aHQRSFxG06NwN8tmi166Mm0__TX9pSYCfVXyqTHJl7KxIg_wXb4LkJTc0=
TPD115法登他000068,w87ZlQd0wplu3PuU2L1WJ7EEEYd4JgF0GNJnflUJYcC-MepW-2IJvVQibZE=
TPD115法登他000069,NeWTlcN9M5baDjL9jMo8YIPgWNjglIedcoTzBTrHAqSntPYzN3qcFnBVifE=
PCD115法登他000018,1nU3Qrx8kgcb6sHnepYWCPixVezDDnJdpohNiASt-7mX2k7cyRVYYVOJK18F
PCD115法登他000019,2C7t72uiMSbi8Z-o70JHZtXR50L1dfnmgZTuR76ah4K9p55Yj8YW5QFSzUb5
PCD115法登他000020,pI4EZo_MKRh_U0RIbFzGeyiEppib2LBPcklsR_ZCla3PpfwuGFD4zS_AdH8=
PCD115法登他000021,4rNdOhSse4j4kPotHXX33RzDMdG7cL21ukm9qg729ivm6f6z2N_MMZsvrfa9
PCD115法登他000022,j4zQkL2P7wTjVzc2bdsmZibWGb5dWyl6GAv6nG7tk0wYe_S8w2vFvBwS098=
PCD115法登他000023,ql_cMATXSgbE8pr3_xlEwJL3KqZYEDWyNQnbxSyTmZu6fvvIGa3pNBdxwgvS
TYD115法登他000002,CDdLsHEXtqrUK1qDoRk4DydeciToqJ5H6e-FEa29t7RkJ_dyf-6HdU9vlfY=
TYD115法登他000003,DxZOfpdYfgpeUrlmbN9l3_vXM62OTBsmE2pK2BkOpXX-DUUzClKbyVUU_SQt
TYD115法登他000004,brvToGqpp5htzJ4fI0SGUqJ18l9e7CJZ6yElORtFBoOEMp3Mk6mPoNsT4w==
TYD115法登他000005,piaMfk8VfAsYADLddxZMGSnP-20k3kw3oZomHWPTOcKqlrCM_rHhCTSkTA4=
TYD115法登他000010,iSrq9x4L2_1WGVdHaKRRmtEGf6wKFIHo1wWAZhL7mVqOudEBwCZycNE1goU=
TYD115法登他000011,JkZ_OG6yTZiwDb3Azapul3MGSq-mcuPhvVk7bP42DX2WZxT5Fh1pYI6haZj0
TYD115法登他000012,PW7-DxSXwBh07-e6yLQEXLn-uZfNFBVjejKx7bWwMpnTC1K1gggPNvhIzws=
TCD115法登他000030,s36nYZqWO1TfftsLgZ4UUy10flqetDDbyyORxkUKvZhWOqZUApocRVZEsBg=
TCD115法登他000031,3clNbDj2erTBTnpT-L-VEHCZQrsBRIeJRjtMcmBZM7P2n-T6Zr_v9kb4qh8=
TCD115法登他000032,pg7GXfG5vE5LWnx5wwXPdRk6JxgZV7DBmFm0tl6L9JrKsEIkt221ws0mq6jQ
TCD115法登他000033,Z3n-OKsyyTnbekB4hhTOaRm_tdj4NaFQJAkheN4WJT2t8ZMc3prUJ-sTGXE=
TCD115法登他000034,-nNaO8tuOWJGtl3KjoRAlpofKIXEoXFFtIJMvhouk4S4ibFnp8e6V6G-qUw=
KSD115法登他000010,k2v9YzgKBRMKYrWGVKs4mTtpkz5cTa2-CIANjaYVGER_t0WMRizv33Bk-Q==
KSD115法登社000002,kI1hr4S2sIiftUOHC0EAK8_8JOWv8If4lKzUaUjXT1PFFIZarUDeSGKO5QBB
PTD115法登他000006,gmwDHIrgl1jyYIKtATpsYrqCWU9VWe4TZt2v_TGqCPmdq6pzoVgk_ZizHg==
TTD115法登社000001,ar61VFZZX-WEfTNqNV4NV0c20RSpEwIqSYhzQNQNUVpbH0b7E9_wLHjBN-s=
KLD115法登他000002,FlcVf825h-rENxAY9-w-9tASLKuh8CDNp0nmuR0NDLFIlrjaMaUfTY-wWJ0=
KLD115法登他000003,ilQ7BQEr2JdzM0KF1AEt8Gjw6wrQAVVFyTRe1kNpQGVtVeI8DObOtQ-kkQ==
NTD115法登他000006,QYk9lb8vvQXzWGJtjxg6E2zHYdM3nFLqRqjCWVA6eoAjJUR64OszpiawsLk=
TPD115法登他000016,bXVq2VXuegVD1kVIsj3xwPzwmHkxulWfhWt1GXt-Il080SWhOPemOYDW8lc=
TPD115法登他000071,idgJe9emqCt8b8rzo_2Amx6CrlEpLCE-3OdmASaes97f1THEhiY4OOcGWkov
TPD115法登他000072,PFmJbR7y65Eh1HGuuRN2K8hl_AYXZhNv0YXZLb-CXqi_cdWiL2WS4zmhmhpd
TPD115法登他000073,63z7l9jpQSTp9ya99OwcdmoKJvlGA2YgXi9NfFBa-z79vFXwCnHy9cu7zE1P
TPD115法登他000074,Z6ONCwzIYgcZSucwlMrnRuU-DXvdnP1QgBLqDRCTlv01hRKkCOvRDHrLlKRR
TPD115法登他000075,X8UEReN6gwNbaLvYrxIn4gaKvtCOu0xydqhzVG6Z-hdKBhkJ3gmpTVdT6igR
TPD115法登他000076,z8XO-eAWv09SdRaTHvtbSIZKv80te84YwkPlXF6GKgQNebACzjPxpLsEcA03
TPD115法登他000078,ZTfoUCnE7mRbVLt4tX0nnO3gwfZr1LdQzdW31yKJyo9objbuvpArwGLbN78=
TPD115法登他000079,xdBtU-wkV1GlHBnFX2wY4m550XRcy6Z03Td1C2o5J8qgWLWeDQQSfNNc4w==
PCD115法登他000024,_h4pXi4NaKn2KzsyTW5hUZijouj63pOQ3T2EHpzfCWmgYq640l5jrddfrjQ=
PCD115法登他000025,zKrG4L-tHruAR628j69ES7t8uNcp9nWGjMwH8xSZi7_fvoxD7lBEznykBr8=
SLD115法登他000014,xw9jRVj1CwYI5tUMbu2rZNeGaUqGCfLgGNBiOrOZJGPnHPcv3B2YCcj1ufcL
SLD115法登他000015,O1AUwSyRxWgUTpP25UYldi3Se0j3neL6puXOt_AYZS8T8oZB0_lQXI7Ii6NN
SLD115法登他000016,p7abI80oisZpaxU9Lwf9VVRQ2KxZnzF5enaZuNBJJRzakTJveuDucqJC0MInegU=
SLD115法登他000017,Y8HMXQFjVa0_qJUEXdUKpb48b-8pqp6xtUoaTI7ztPvipVWZuwUGArn_7ItWUF4=
SLD115法登他000018,y4CfBUNfESwEwJ2XDmxg9KYWl0HoqiZWBjwXWrGxLtqfneCiOyvQASVN7MdS
SLD115法登他000019,mSqMG8FSAWaMio3va5RQGtyQi1ZSEva9AYtDqwiFl9yeMElQVo-QmCno-Ci6
SLD115法登他000020,HAh9iDiGfp5Qu1zTT7XBiUcUgVucGroxcNvx29zCmBZlBc5mxfzmKEqX4EjC
SLD115法登社000001,lAxSNYEY3nGfT0I277MUmMv4wirmXJBVb1CfnveFjNQ3_BRY62QISj5Vdtrq
TYD115法登他000014,yEMPt17feFK8_B4Fx2w3w2uSQNqNI2CHBuFc77vhlpLzTZQgmDgNgILhxcM=
TYD115法登他000015,L9buxB-l2OxMwBo_G0eoduCx9v7V4GXyRp6f-pwP-TREBajvZTBWGg8JUBY=
TYD115法登他000016,RfZfpE85VkpeFP8wCCCvvYfd3lijd5tW8XSL8KFTNfC4r1rsgeN33b6GMdcL
TYD115法登他000017,uX3uDy89rNxs8e0dVA8i-lrp-Kd8Sv26Q7f4GTKSv9Ox9C06dEjsQvmy_Q4f
TYD115法登他000018,dMURzlbvi5i0dbT82BGt1dS6CnL0J1Ikn7AptnmJbuLYcrwIeQPEK4NlcYs=
SCD115法登他000008,gkLbkcYkoqx9KiY3GdKkL6nLP9m9b8-HqXTQXk3czso0bOa8JgHsASNNmbU=
SCD115法登他000009,CkiN6mNDfp_ipjU-LJrbYSEISuagEpKwOMPXfIhHq3HrTxG7BbMRrX4HlR8=
TCD115法登他000035,OinPpy7cHYiUjXjmokfZfIhBLf51ZAlPZ_UqDfjz_dJuwlMKvGBrhlsYuoQg
TCD115法登他000036,GxjiDzn_7CuL9UKUowUB2BNLNv4LJWzv1k7qG1zJ7wtgO1EnqI5cpNMyObG7
TCD115法登他000037,UNknMuthnI3ljv_4rX8ZNsey4_c1SYaDpaaD8Q09ywUzPzMiKN9y-aYtb5lG
TCD115法登他000038,nLG9GG3o2IYNNB8OoRH-FKV9WKG5RYAbmqPpL4WTyg28ISGenCHcotrpxIWu
TCD115法登他000039,nPy8wGBKU-qS9GiT17cm4KIXR-MUPASx3dW9ksGqRaHmGOsUHdXAJ32O4d8=
TCD115法登他000040,zYtadsY7V_pd7QfyH3e7RClgf-IP29A_N7g1B2grHozaJPb8dja9UFd9hQE=
TCD115法登他000041,IoWEhOSqShKGOtj0QVu8YiPBlJ0uDAgIhgN7wjUvZG_I1z_JwEub9oe0aok=
TCD115法登他000042,Stm5IYCOIamakqQHhejrbw1RFAoXyztAQI6U2GxmkNipgAS2i5N_KU4mEEnN
KSD115法登社000003,ZYyt2PG_uG8fE-CXdMt95l_o_HAXIGnWBcW3tbIkalvLF7Y7w0ac4aa3uFXn
HLD115法登他000006,JwWkCepZBxbL46BPDmEye-nuy5FgCu3ur2oWk8znV1_EZaMwdZP9RTY1w7I=
NTD115法登他000002,yIlRjeXyjf3NtXHBjpBm34ZqZso2ODY5pU5KfPZ3AqeU27AXUZ-USEsFtw==
NTD115法登他000005,K0CnmY5mxPHeCLJ2nuXPu5VYQdDtur5lhEfs3XPXWSrUAgTfUdC9Z3Pwo88=
NTD115法登他000007,VGbV-KTs2ehuO2fofoXEkGMq8vlSH27AUDyr_szaj25_JiDwKr0S3_x8y4Y=
NTD115法登他000010,DF2J7JYslmlzGyaHrAMagVXi3I7ownUPwIUw3BU8vn5RKivZr6b58SvygoE=
NTD115法登他000011,N_fvoCRJgTb2-hJKeplN1oK8Oq8dXWVSITPgZL-FH8TqaJqxD47UQfW9xA==
TPD115法登他000080,m0xkfZ0yJ2EGjxTbUG8VFNTQhecFHs9dUMYaUnK_bQrpWZBq6Y0vZaQZ7cit
TPD115法登他000081,2ZjtJ-BdQb7wtCZoM_iHiYYe8pIf_uppd-snHdT-QXGDq1Uv5dnqd2ATq4gT
TPD115法登他000082,S-WHOe5Gj2RGWXORVDcKm0RRZw_SnK6_MuLA5rIbaJMlF2jVHKMoAuXF3K4=
TPD115法登他000084,stx-1ehaHpAzhAo4HxrIjD385Ekg4lx8TlWjRoY6tNaPUynD53FNxi4drCjs
TPD115法登他000085,fg0_wjrK43YLMPUOhdslvBhL6p6bC4tlcenOPj_5LLmTKbW9qNDMETx5-SA=
TPD115法登他000086,tywsCvDC6UZySjYye8wbvC8Ti8ubUypCjh8j70817xIcDrHMGg9bCN_SiDf6
TPD115法登他000087,n0Ozr2-e3605JDGRgrbZMp3S975OBFRQrMPUPIY7Bn7MuwCqVDdX9588dWc=
TPD115法登他000088,571p6siB6FP1U0qnRNVYIpSJwP24AUl0VodO2_ApKvln8rdTkRavsDfq21dD
PCD115法登他000027,LNxbbaTJcWoeEkhwCI7TD-c7CUPo9oFhikvT_G2IcY-0CDoGFpopDOeACCc=
PCD115法登他000028,rNFSJAlU1Sgo6oAZDAere7C2hmCe5WNit83exYNIgvA9ZVs4UbofWsmCjmBA
PCD115法登他000029,xPs3OaLeLmdSnWDpP321kjRw51mlWezdS-oYq9BJnOu0xX9jl4-kmQGU8g==
PCD115法登他000030,A_xJ9j31hqSv0J4ZwD0N9E4ktEym9Ee7xOScSDTdoXgy_agJ9JDr-IoCuX4=
TYD115法登他000006,Ddpl_IQN8trrKim0Az8fGZwZcJwRiek72k_VFwVgp4jS3GEGmj08cNamUg==
TYD115法登他000007,w3uoGYHbG0Bw8tY0mp3DmDLCTqxDXCkNZ2qypToESjC5fXHHP6qknsmO2A==
TYD115法登他000008,KkLUHVc3svtSZtEAZ0cPPUIG1qI4OsQ8TW2bBJQogHwX8d6TsYV3DCYmpA==
TYD115法登他000009,n7Tl5MM36Qv7-lt7d7TCK2OrsgBy9ET2xWZtJICj9Hhq9RW6YquOJDVxoQ==
SCD115法登他000010,LQvUeuyrWQ6z1eAZAxh18XKB2O4kyTaIWBiIXM_Vlc8SF1vgHL59wu9FdS8=
TCD115法登他000043,WTKUSZTUFRQkU8oCA0K1jcMGFCn52hM1SPmzBR1yhLzvbaMjsUymb00dARY=
TCD115法登他000044,T4BlZ4kKlRJEYhO-iJRGQUBN_t0yELuZnChd08avoW-lV0AfFKWQaz0ouYs=
TCD115法登他000045,swS15kse1p7bYqRFSUecpFkNcVUbMngoQJ0ihM9Id-_6ljTRPAIvlL5D03M=
TCD115法登他000046,QjkETyS6OrItMnPWfz43PCiiE7iwwS_AZuWkVqId05pIFluumRl_UVDPZWky
TCD115法登他000047,F3QKy9vq9sse7GlT3ZsbtNpxoGDj7hiHLT2MKtvFKFDOOu6rRwBV1Xh_vF3S
KSD115法登他000011,FgEkoRZB9xycgRPtC9NeU8Lde7JHGiNRwBHHw0lEHyxzkJyGSVBHX1JRdDBp
KSD115法登他000012,A8wtSIerPGLRP5H21LnagVXVBtetdrzAmBab_Ghv5Z2RCFk4Mq9M4K2DqFw=
KSD115法登他000013,lYSa2ymlgU8sdB7WjyRna8sOdBPIndL6fjdVDu1UTN6x4bGmrABtccbnIPc=
KSD115法登他000014,G4vQ3ZFiekTP06gbdYU4AesDsBAP8goMxsU8WygUFc-iA6IqgRKMr6skImk=
TPD115法登他000089,bx5a0YB4CrHpwm3Ob-rJCW0u8WjsiBxuZ7CMbQX4Q4ZgHh0B4JPGtYsSYfSx
TPD115法登他000092,Tg9BW8lSzBHdFpvnWC08Pg2bV8-pMR77FzmX9tXJAUv22NEqVTXqiY-tC6Y=
TPD115法登他000093,CHFQnJSvG-FJzI5e7Lu-lP6p_L5Z8Lo1nPQCRpitW-dk6vAyYwveYbaMf0j3
TPD115法登他000095,LMkY0lxN-vfEwD0hCj86jIXbnjuxpiFptV3ndkJmdmQPb3tbqAMdg_SzvssR
TPD115法登他000096,BiSvmovPlp_nywI1jPSoF-BspNShlAHZ2fEKx6oAh1I1Fj4s-UdHfCfxrshJ
TPD115法登他000098,7Lt_FNwVQUSfV4wQ0IdXdSJlA9sZ6fEwRHNwFgN5eIUOT3riNgVtlPtA6AGw
TPD115法登他000100,ZLlcwSLAM4FNFwj1vfvWPVgz1OZvEij8Rm3_FevBrc0lLygLlgu8uBP311Ye
PCD115法登他000026,qmP_L1hknfmEy9Hr0sOedkgimRAkDYcQsV2YDMpSdGtAMg-WAkTCJP1wnidX
PCD115法登他000031,P3XQZffziu6uh4pQbyA7It7R3dOt_pl2M8R2_7qiW86Z1n8sYoZ9UGp09MI=
PCD115法登他000032,N0oUEyJXB0geQVu1NxKU8yXV1jdsPrq7xrYFqupwvVdCr3UHqmWNhXhRNYQ6
PCD115法登他000033,txnkhYUo_rRa6khLqJHbjEvVdZdNz8SVtGBUuRARxv1DoY1VWIsUD8HsnPo=
PCD115法登他000034,sbElIxLKaPzgCwyaGbMdmoCnvy-3omFIl6zQfY-yZIW2E21e5ysXmeX8yKAi
PCD115法登社000003,V2jDNzEi5J9EXtmARvKT4La7psPpvGqBQERKCSTfktfXOMbymGcn7D0ETJIb
PCD115法登社000004,H8njYYT_fbZTP7Pm2TqvgYPxAGDHYA6zqKbR71Xi5g-9zI3p45abO9-Abwg1
SLD115法登他000022,XWD5BqzQFxtgqrPX-Va36kDYDonB9mLqQrL-vNpQ1l1VMbBhswJX5wz7S1ofWHM=
TYD115法登他000024,6IcW06vWCuJCfP5ehcDXgjbSJL2GV3alWIlxZegaMITbqqPgjstgK3d5BbGs
TYD115法登他000026,u-cZe5nWOeuL6TwATBRB76nhwcKw2n6Kgj4-Sgecnrl_pB_6kvV7PS-fghVb
MLD115法登他000002,HsXcrPJS8WBA6vpA7BBK0Yp_5upAZ_MHOk_-3VJFJAWZueEhfskY52YB5g==
MLD115法登他000003,5jYSKfRV0pJU_Hc6WRLQFjT3f1qzIDNoyNM0XVNYHiRB7NDIR6krljANhw==
TCD115法登他000048,3Y0WkCkTIkjJv7NWZG8TWHAyDDpI4s4vWNtthcANeuET_ajmq5qcwLrVjh2h
KSD115法登他000015,_sHBKmfqwMrQKgUyY69TiK114N4l2WO_FY5ArS-TT2sC-JggiTtRDeytnvUU
KSD115法登他000017,gc5h3-VxDzXG2ky2ltP6qWa1qHfO9NRH224X6KghkRysolLGYd3lbxgUuME=
PTD115法登他000007,jXivypAu-zTclNOtL1VJtwoE4v0fkjaFuIqYCcqWBXlMnEvNOyPNGaryfUU=
KMD115法登他000001,4PmXmGLfCcSQs43lW9zmknd9hLIRC36wHzx7OLusKeLcegTsr0ONcoJd5zs=
KMD115法登他000002,k2zfjx2-M3tw6PWdUC6idy_Hlb6Z5IAYzbtkFXHofNh0XT_--Y7Wf89H
KMD115法登他000003,KezkPZNvVFzbHbPH3UsH33Ft_bZIeHJf2oD6Coyqu6Cp6nlGm5UORFnDBnY=
KMD115法登社000001,LTgo-rXHAHUQz1tifEL2BPxIGf8F_9CIRjCVf3kQYwzgNj_eL4mSztKKk-U=
TPD115法登他000033,yce1pfo91brWiLw7XO97FVE_xxMx9HuBsJy_Uq2sfAiPEwGWuzQOOgR-yl4e
TPD115法登他000077,W3Kmg9_IB-lJhh_SPsvYQsfcq2NK1o20iz2lOnycGHJI7ktJ711_KN1kURI=
TPD115法登他000090,JnEOp05B8XKRg38T8g_VWJnwM9yTQWPKCN50tgnL0nkghNwwaetyycAOMVpv
TPD115法登他000094,Ot_ZOKH9MddHJGmdY845jbCTHtPyihVpuxzHPyCIN5od36jpVuZgUuOdxtSw
TPD115法登他000099,1eaRPkwHdftuWhzCJSlwm1kKFChn5zyeUn2E2gEtvMrX1QdkMS5mwZQMkwsw
TPD115法登他000101,q2-qJCLKHIWoOXDeCtqBQfT07TUmCfodxNFixgbMwnmR0yi_isGimgWD-n9D
TPD115法登他000103,Edxjx0TU2ZkVclocsP-jGnPrBK2FdawAkB_p32RphFlMa7ieKAPi9-QNY9ac
TPD115法登他000104,nQdLQEDsnsQFBU9V7CkOFIdgMLOCF70TPTlqGaHsC6CX91TLlHe7LV0b0ubV
TPD115法登他000105,VyicESllEeU4WfTuZA2W44yBsg4OmMhhG1zv_IBmEYNiCP3Xlg0xLsVVw6ZT
TPD115法登他000106,A5-S5oVl6bMV3Cy5Iw-O3ZkL3MZyQMyTPCtTNJ6YSt73wNgc72agt15dacdd
TPD115法登他000107,MDs9pvdNGPy-V8UFXVaAuBphwOZunDR5gIC-n_2vPd-Au-GR1C0pQqZjBjPb
TPD115法登他000108,9N-GnN_GzcXR5h_Aqqnqn1X1muR4LCFoL1eIh-AH1ABKHK52QG0Eik7EMNno
TPD115法登他000109,fBM95P4kzXzJpLO1ytHiFMStyxhVYfmsViy_iMgk6My8JgUpHMm_sFqh8h_D
TPD115法登他000110,C6gOPU14HjodxpqSOxkx8yFh3rsOxS2YOY_ENrUUMCGsGokaevMoMJtWn4Iw
TPD115法登他000112,wB1V4QM_SAA1Sc4fGDcBbOyEH45d2SV29o2Ab-z3TtsVp3m4LUZsvY5KrA==
PCD115法登他000035,rEOSIhCPXpNsoTaYvflGGvE2PwC5la7hYHCX83kAShzzhN_kYpAYPffZgEZr
PCD115法登他000036,vf_gfsgLJfda2DBkg7TyVT5ZRqnV1tRsA8OvRvPMiUxeuwjZMM7pfWZBg0c=
SLD115法登他000024,mxUZjfbcfNMTBZxuvS8qQDgY3azcaDJbpL2XtUD36FvoGLDm-q46dX7XyC9R
SLD115法登他000025,kNRq-aTUQOn9b6qkvmsuT60omdZMZmZkXRDwkUnSKZUVLZcV-F2s6y0hld5u
SLD115法登他000026,HNQi97ONgQL_dXUYpujFWrv_w43mNmqU35pWJMinYU9zc5eCmnlk7aKuSGPMc2M=
SLD115法登他000027,WFtK1tH8Ikcz3wvKQkTgFFUKuNeB3J_1KC0XZKKm-obngveHILE4-Bxt8Yjz
TYD115法登他000025,0ZSNwbLQkhYPU7npOJE0qmhL_Mls5J_5SG2UI1d3WfeNJDlcEHxILtrWt_5A
SCD115法登他000011,QcTe-JTnlmYQ2VjqGs33x4U5c7OgRYszoMcn2vz_W0lusGk2NsKMBw_FCrk=
SCD115法登他000012,LuAv-lIYRSLECCQhZcNjDXMPjsP8AEmYt5NT9z_HNqev8e-Io8O69Kg78K0=
TCD115法登他000049,I8rkq6VvN6YepNXsXctDfLLFt0v_UIV-UhqsL_Kd_4u2BXMOXD1TiKM3lOZi
TCD115法登他000050,TRPMoTUpPu7kMk-NdhG82y8MdDJkVPCNSFd8fN75B9Z-2pV1NDEFiv3CWal5
TCD115法登他000051,4yTfw2BaJO0PaOlPXAn79K-eh1uH6JDGuQXowbkSPneYkK7ETzuSR0Rbb6Fw
TND115法登他000008,xvCi2iDrNrsHHqpDVCXUvjnWfYH_YOeQp1huXPTtIdYQVr5SyVOngv117g==
TND115法登他000009,gtovGSAE5wXclr_xoVb07ja1AORqeIx8LuDeLS7wj2Djsrg5W0KDxuq_mg==
TND115法登他000010,KjGWjhRdZsss6ZqSvBM3NLejpxKDMss30I5h7dv5d7uax2EmWdMO5VGnAg==
TND115法登他000011,AGSHt-WYG9A7M1jz3GuHziRZwd3e2Cm73kE2G9FjBs6C7bwKWQ6pL0msWrk=
TND115法登他000012,zXecS0BE3uGwyOFvLZ6RoXgD7N3vx-z2dKghskFBOrDB1DnkJq6bzDxFTQ==
TND115法登他000013,XM6VhxzH0-BzgnFLUZznMk93y1gGt3VOR-RIhcR_DzhvZsLx9GCBXBUJfO4=
TND115法登他000014,5eho6NL7AEGHw06La5rrhVqYzg6yebuh8RdIn6OJUJiINkbRxTd5CMYKvuQ=
TND115法登他000015,COdpk3ocplOawihciqW5-ijfRoaMqFqkTHLTTipxniCljVwUPxpdGtzS9NVu
HLD115法登他000007,M1zb95zMidf2JLU9cnxX_1IFajL9FMnFtWboWZZEd0m0E4JlX2vBb-PDvg==
ILD115法登他000003,jagl3Px7zlPYpQcVHILr6ig_emXNUwdOdSvNt8fAvs46FQXAFB3KnQgyNaU=
TPD115法登他000102,mUw72mKbX8z2AxfqhlXEw5O0fLrbC-_af-mxmZFycD0LbRvh7YCnKmrLCmwI
TPD115法登他000113,ugVgWaCuqTn4N8hETXJdIDUNfnHP4uP57_mBncMuvNqdqq16Uye7LBBWGKlk
TPD115法登他000114,EKSd8VUiz11wEHkbPl4D6TrsBgvJVmH9xnCAvJbbiWiQhLXrBjia7DJCKRYh
TPD115法登他000117,9UQylwfwD360ObUDA-5M_r2rplGa1jJZZx2HdVp8xj3wm9xPh2Tlg82DtC0v
TPD115法登他000118,aUJZW8h_nU7pMD4dVcMEr1gA5t5f383mwleZZcBDg48X8rEDEXqK8xEj2BA=
TPD115法登他000119,qus-KsebAbBFm_0BZCbFCaX4XKifS3J5_i4qYnWQ7sg-obQi3lISkzFaW9qn
TPD115法登他000120,lC5fEWWphYOMyrCfcHpDcxE3VuA5xN13zHw1SYTXFSWZaLNv9rsauaL_hVBA
TPD115法登社000003,25AO9N9YbaKKDVI56GFQ0oIKD3HNpXOgOFhiu-kqQoAvUD_N3oXd4iCxs92d
PCD115法登他000037,cHFmQSM0nfvk6HMdSqWCyQsm0fuaCB3aqMUXNb30LEGgYnDT5P9oTwzNgmM=
PCD115法登他000038,2FDvCO1CVuNS3CWMHWn-clV-LZL96EHyv80pBg_IJ55BA9Yq9zNMuYNicmA=
PCD115法登他000039,Wq5gkYxfGzweOI2FF7-d1w8XeCkMEp2VfsPaxdhZZxIXpPXmBHoYsyVoguUl
PCD115法登他000040,QVk2JihkQgpWIDgqfTYWc7rHDOYjUTGhfmX3r3xCZeDUJwluiFG1H-wMXVQf
TYD115法登社000001,6nrYtEQiy9tyYl6Z09Uj3UaBrFTLrmtIVV_bvuI7D92RHH-tyD4G8FtKqyWV
SCD115法登他000013,ESvSKf0JWqB_lc_ByaGmKb9e-LzjhCuznaoCSRNN31Lp24KRvM_xMLyk_iY=
SCD115法登他000014,4SRzEUr1T1hYU4xE7RzRcMZA0PNNwNNYNT63AcTHkSMOdMjSmVRJLd5b
SCD115法登他000015,NEjxiefXJw1UJC8ezJ04_zH6ILHDRmFSU6UfWAk6x3tzSEG2rDCZLWs1N1Y=
SCD115法登他000016,7Wy0ZiQ0ixq_D7bsTDoQigTofyBjVT8q2MziFLBGDTM7Ml2gJIogNMgQ0Y8=
SCD115法登他000017,NluHvOJDNDjrd0JMeGr6DhSBnGOkDS63uPtaSVMYS5s4-ZPYD1XgPS4dkIQ=
TCD115法登他000052,5SnXrMYrNrLtjh1ga07HTLfMysSjqsVv2IyFO13FOn_GPSJ7LQZcpMoaFDM=
CHD115法登他000001,KesmcmdgOr0ddsxWwxF9VaXkVf6TU8dSsh6hGQF7FOUvVgdkPihd_ySLNL8=
TND115法登社000002,5pMMKrkhAlZO0AJbb4cdW2DScncT2wvTbc3Nt9mxAuub1jTDS0D_JXEHZ0Li
TND115法登財000002,QHO2Ge8ZzOkwxSjSQsczaTQ1fjXtzPBDHC3ORpSg-apaniNli1p3hYw6IbDJ
CTD115法登他000005,qRQ0O5iW_gLGz8YE43g_0xAN0LnEz_72IzxA8lZXK27tkv1u9a62E-DiXO0=
CTD115法登社000002,2MVSXEjje2TGgrnbeBwqh8NCHvBqc7Ivq9z6YPRlDvBN41WKsTqA7LFYdgQ=
KSD115法登他000018,TU1gplrMjYA9ZfdeXrOMeO4Yc8ZBPLAR0PdasUuMfQ7bbGEdMtFX1pY0mPhu
KSD115法登他000019,8UFtiD-lEXC6QLvD9MGP7ISiv3hYKcrWwV43lkPkQK7-F7JtHYMrIw8fKB3N
KSD115法登社000004,XKJFtTpw8yL0dnFUlfr3_EzWRcvWyIdL_yr1BLj5zI4FKCunGdiRcVHndU-j
HLD115法登他000008,471YO7jS8QcsVlp7U-N0epiWFpLTOhdJxKdfT3cyhzKpxpJCN65yG5OBAJQ=
HLD115法登他000009,vYskcdjpiKyEBFq75SjJD7Xy2fHn7Bp0xzVXaG762OG9NgbzPaX7GbxaDG0=
TPD115法登他000124,qhB7T50sJCp72rVdwH9tGjQhs3qpdr9eIPkZsoKzxBrBc1KF-K8h3_w5-Yk=
TPD115法登他000126,pV6kSAFPGEB3G8BqvuAg2bLUzbEFjqs2i0hGlbonrQfXSX_gpQYYJaaaRGB-
TPD115法登社000004,GrwWqJs3BrS8FMhk9RTciuWt4ovTIZXAmHdRFzbOtc942oTAdvkJ5zouCXbN
PCD115法登他000041,a7XUqjhSfA6DNFvy0VLau6C-qf9wRY5dTQkNFKnvfph65RfzRUPn4WxKl4Y=
SLD115法登他000028,m4EYIK4SRgFNywts3E5VdyxtFgSHwckUGb35py6keMS1gmQdu7AVf0-oH2Jw
SCD115法登他000018,FayGsenArBKtrVcRKCdJ917974Cp3PqoSqp06OhufGKbrHHMgQ2nXnZyUM4=
MLD115法登他000004,Fb1gpG4QcreWYRQiUnBulJZE12upa_1DeWLqfTw-1NH9cIeddy4HSEnYl4k=
TND115法登他000016,-kIPHngwsJ9eV9cntC3hm9JL3mc6ETu2Wu7ST6Cl2vs5ZkcIJ65Lg0LWVz4=
TND115法登他000017,rN7DCLWiQUuxJYbVlnDB5-lq_fvk5vrVsbHclld22GGh2tzu6PLUEGEVGXo3
TND115法登他000018,BNmhLj-OU3WIOJvZz8SqwghwTYOgGSvWXJMR-M4q4x3XAaMGi73MyAqWrvRx
TND115法登他000019,wjZJn0eGtO0DvbEDHSa5zYliQEb76nj9EuhUFjKmSF08CizA03WSgdQ1_4jf
TND115法登他000020,HdMH3r-_2Jyoif5jJSXUYuFn_FI-yWd8kXoVf2wz7mfrxz329YCVapZqVnfV
TND115法登他000021,o0sZANLvQdB-m83kH6KFd14W_NxyntaBPBk1V6paeJidpt_SlZZHK61Ejs3c
TND115法登他000022,-rkgCBvmOqlJb5uLdDUf-OwEPMPdig_wNmcRIf1N2ZrlcBjuxz6CNCNrsT54
CTD115法登他000006,oNQeBmjzZu2IXox7Q14MthpwkAoDSk8u6B1GORk6Tuos-ovHj-P03EHbcQ==
CTD115法登他000007,btBG1sIqjADKt3Ul7JRHntwMnkkQdZdIH4jm343K-qiUtb4ObGEgyHuNXKs=
CTD115法登社000003,BS7APU35VVenrVWYxQylqYUtOq6OdO7cWga6--H2xSR6jRVnd1CdrpKQoYQ=
PTD115法登他000008,tGNwnNQedKW6z9Iy9cgZGg6R-GlI6x29LT1Srgp6XzdAyMVYtKK_G6me4pc=
ILD115法登他000005,RnvblEdD5YzO8Z2dHgctgPMAXKYWOX-vU6rfJdZ_u9xx4RTI6o3dDn6b57w=
TPD115法登他000115,abpTIiois5ntC-OSM0Lfx_HhDYwB1oUv_tEbtD0yZ9EEWmSGKLUOEJOlhw1l
TPD115法登他000121,bv1h5Lc8h2r3Eol7GMnFqoGBdz_cp-VgoyWX_0aYKTHB8Od7MNLYOBo26yVM
TPD115法登他000125,kCrBgZGl9TLS307PJdYASPs_TRip87VbWnITh8eE5HHmK2vt2GaLLqwDRS70
TPD115法登他000127,FDljo2A7uOnTUF5OPOzt6SHTyt0eywmvujXMpCAxbgNZedRipXM4V4bgS3B0
TPD115法登他000128,pLppNq_QjSZbIL4WOxUX2u_rhBFaff2Qt1NsTEiAPz4iP3D1FZpJS0IgzMIO
TPD115法登他000129,3eE2ju5-KTQOrmYE81_DrDQbKozyg49XK0orLgM-NhwN7rxAkE5ym8K1Jrg=
TPD115法登他000130,7PkPsAe_VxuVPUuolqmnRoWkrkC9xhd51KGrqtFkO4QIyMjz3eS82Zh0cXA=
TPD115法登他000131,3YtPK9bt-FRpC-2BNZewPeEll25_obEFGHD55U9nQueamlASQy5mQ-3GI58U
TPD115法登他000132,l8OShSRGNf6oqS9oPTDHnncuCnOps8kFJ2xGvwzFTKTrv2R2wtUr90Ksvf8=
TPD115法登他000133,5FEohOBcFB09MP9jGL2lPeW1uJnh-ECnHTGFA_qayq6BNz39tj6ExFZE36ZU
TPD115法登他000134,KUzYYb-ADzgJiGUSUPXsfMajC7yj9L912P9ru1otiHTqqMSZoxZveaKiXx8=
TPD115法登他000135,96DiO-tEbOGsgRAfMVE3sezhrJE0Eoj-ZXuFnLcOPY5cDDZh6ZXKtaIfVr-9
PCD115法登他000042,2BA8VCYMwSoLSqr8pW01WSTQ31a8hqrI0e_bNzd69_9Z4YlraZzN0IN9OMiM
SCD115法登他000019,0CBtAtnnYoDD8wRNSk-jy2_XDX3YDz-KH_GXBSXDh0Hcs7HMWduCFu7H-9FV
TCD115法登他000053,fYWHHA8wiyAosZu2HjFGyleYw5qtFPQ7EacyubBhWsl2tATBRStp3HIk8zw=
TCD115法登他000054,6BVt7lFiEfk-ylxSbmenvI_sblg4_RNfcCZWBXiib_Jsh7xEkaa9kDJaIeY=
TCD115法登他000055,xDqwUbq-UeqfVzrS1lqZF6zqB1oxIlFwrdizqosWIjUFOSQ_oqPw9jXcJm8r
TCD115法登他000056,WoTyhZwoSqy_OsRYU4Ume1e-IKaZ2kIqdycAuhhg16NOJAdXPWIh40ka7WVC
TCD115法登他000057,c_xuBRv00IhxyPtzmRJ6q0kkutyx-twE2JvP5SFrMNhcrqLPQ2bJC8jVy0hL
CTD115法登社000004,iibd88PXIbTfW9sb9bQh8Hgpk8vOUYKCoAkbn9f1zTv0o8a7Q9HoGyWPtUQ=
KSD115法登他000020,vF3gZUPuBrp2JbLswJPCVsNTB7cOa3r8zVV_Ew7Ta1ykn_xKPU__LJRjGpYc
KSD115法登他000021,Xzijq0LGJXafIzR2EVWPoLFgam7Ua239TzFUIGBf2Tjl68medgXYhbWFlYcA
KSD115法登他000022,7VfO-i1PXemMrK8m9iOX8P57vKhgnUk8MrrCJndcRcQAwZBHbrOKP1r-O8U5
TPD115法登他000136,2fqOMCINTO2Sr9kc_cWQNA43SpYcInmVqFlEmL1yajkU7M78c4ODzTwIKbtB
TPD115法登他000139,hKP3aLNc8e10R1JvFIn6bYYOKv0PY6BAaVvTHYQfGwOguw_Qa71oRxax9cM=
TPD115法登他000140,Ur5lu8SPDL7irHtzWDFwfQ5XwLSp2xt5Xi7aI6FPOOFthDquQB13uLpPgIc=
TPD115法登他000143,fUD0zF8KdD6jjahlZXOJlYO017Rg8M2I06LJhRipRPpCK9yB10lMjUnmE4Zs
TPD115法登他000144,qF4a05qwQ-HWT2BROxcKwaAkSBzcW3kaJg3JuGGpcQBybqJE_uET5Dcvo0Pa
TPD115法登他000148,ki3aOOdTPTrVBoE3HpBNVKAOFiFldC6HpHiK7M4fkGAL5usUrjU7ht73F32D
TPD115法登社000006,Yd5kNh9QMVUkf4RVHX-GTexqg7UKbtxHx4oW6LNVmnZFUYAjll-CYX9YMsse
PCD115法登他000043,KgnIkDXeMhFtnenImVV5kAPKsQ8rvorQGcod3j3Z7bSN1pjUFofVQ5sxRkA=
PCD115法登他000044,aqXuQeQ0YqrwjM93LmnC1CYgoksnBAZjxN6apY1IzI98QR_EjZROSCn5jQ==
SLD115法登他000033,gVbEFrwyWDCwpNqrbYYFBxYvGnDCQXqS9fpiFFyLoW4-f4AuCwfeIDuC2D1U
SLD115法登他000034,_1M1ln2jPOPJRDXHNeQj4CZHYBy7oJBb2UFytvrnT7u5ur5JvdbbtDLy4aKD
SLD115法登他000036,rzHLqVKiAVppuyU-TE8xjX7lFnmYzsdFs3IlvZN9qsF_iDZzKcRRp5oTy8o2
SLD115法登他000037,IGUsRgxLAKvo_eaF3Qw_dyUZnp90Guzy5fIlYY0Zy6v7haD3w7wITl7PeE6ySRM=
SLD115法登社000002,1h28RNV5FhoTGRyDiODVlkhH1lFge3-k-xWPCXIiGcoQ_3AzsJTna6hVGglA
TYD115法登他000022,KhGrGQlFRgpPKDPV_7AK3HWC2d574FJtlFQhdPNKUsC36WrXVhHvRo7Qaw==
TCD115法登他000058,no75JQh0au8x5ljL-EY8SR3pAt8wySYD6w4VmuVMgLgKRJrAFor6GdVMIeJI
TCD115法登他000059,aVEftj-5fargt16lMKbXJPMOk5xoNXE1fa_CqixspnftZBtBaZosJ40Fma2w
TCD115法登他000060,OwBrryD97xuRaXuU7u03dHqK8ZZ6tcm926SAYJ2dzcTqiO-nndYJz6VvI8Y=
PTD115法登他000009,VTtIrM98KHgm8AjaWplcKJ6K2zciHNMEXT1WmbETtFIxjuFVt9I43jbnMY4=
HLD115法登他000010,rlQhQvwleWqCkadJQegUsIub5_RFqZ55Awt7hBsL7dM0zpyuyXl_wCiwht8=
ILD115法登他000007,KE4scPu1I3ivkQupPORJNYSmpqz9w7LETEURhu-PKAjV9TSyNNJl48ByFNo=
TTD115法登他000004,5_pFbdmzKAXU2xa5CbcNvr2aB7QpdEmjbidGz4rCjzzDkTZ37wsh8Ibga24=
TTD115法登他000005,uQfEWoBJjDjly_RPLo69Jj1aV4dcxBO2VmlCzG9T6F4IVHJIeUtHGphB-s8=
TTD115法登他000006,4RLoi_62lWzzC_IU8ISW3Kr-UbHU_pzE2V62uCf13dvm_06yIuc5QbQHIEk=
TTD115法登他000007,wUT0sHUZi35R0ehXSYpOOL5Qgl7AM5ascpBm3r5Q5rJMxZ2uksMpLoS4jA==
TTD115法登他000008,_B373oF41dPzXyqlHN3FV4wwyN67R6IlXYC2s6kIE3DS71z-szgXiPWEGww=
TTD115法登社000002,ncGcOdLpew8VXUlEc0i-V6lidWbb9WF2wdXTsDsFPgPsDQA0mtvuXVZkmT8=
TTD115法登社000003,kYyoiR37g6qlECl3jKqIHRSVcej06ST3rztPHrPXFMRirY349m0iwGjszHM=
TPD115法登他000146,Rh9KfUQEaTmBz9cSJ7bOtIHFYDDl8S3Q8A0R7Hp_sFw_60mfjRDYYdPwZ_EM
TPD115法登他000147,Mj7uNAv9Z_JqOxc-GysQFS-7E5RJowrl7pzuhfC6MDK7NkkKtZ-tHZA3XCw=
TPD115法登他000149,V7UuF0mtI7uQ1B-OfTxSzmfH0xUyl0qZS4uYoyKzT0C7daHD1UVxU3n9pnoR
TPD115法登他000150,IFyUnn8Bi7TRTKu5Efzf2xKEjI31oreWZsS5rhwz4kWp__NpeeSXTJ5f4Q==
TPD115法登他000151,hA9wGhKY4ky_SXZm-Jl7gkyN3ncPRFLE9n-_b7I6yQjlFNikjL4KMm6iFOna
TPD115法登他000152,PEec86Y10oiaOeoGynxH4YWIcAb6P0LKwbu2pCJ-aT9_wM42xNn3nkmx8xDa
TPD115法登他000153,rvpPKU-ETYLKvyUnNu5XFLKyzCR6ZzQ6eRmq3Y2lZbcQvRAyqt3unLgWMOq1
TPD115法登他000154,_CZbk_3iojTTkpJxmnDRFyqkFjiBnn6C5nvHmt9vW6tTvdF7qkxmxld4o0YB
TPD115法登他000155,_Jf-DMyuNoji3fOTFNyeFVEqUSCMzLlc6yCZ2dyAyMY6nIySdRtIwl0IX5q_
TPD115法登他000157,hh6ylgp6YFn9G7Wl_2oUdhixlPlkWkfyfG-xrVY09jBwCR_lfUUeOMAytwQr
TPD115法登社000007,sdHHyIRhtIoWV-1s78W7Aqh4hOZ_3VAwSHuePhBk3-H2xe-eA-8PtlX5jbv-
PCD115法登他000045,Mk3oTIyRXY9BOFUDt-KMcBHpmatO4Gi6hKdN6uHoH7oZZaKbYleQgAgz5Bk=
SLD115法登他000029,8KxEVbsR5FFRfsUeOkDH5z5CBqV3ruzDIDyZQoAILK4AkMGsxLUlOc84FPE=
SLD115法登他000030,_p4rSmO2BBNFolHeaj4yM3skZhrwX13Sy9W1Hx6mB1LxqLbq7VSoZuITXidf
SLD115法登他000031,qgK8tjAy4uoWulUNr_Uko_Jd5Md0iDaEZpaJwLr3__6R7hk7geioMx-0kEC2q_Y=
SLD115法登他000032,x1AA375C0nNtejRPQticNMRPq1UzWdHTxPRoqKBg8H508e80KZqF3JxLDZawY9g=
SLD115法登他000035,clQuDwvAR0WyuQfLks2WMAWj_VVsdYFBLvCkinJ4NjU2fgRCevAnjNnohJg=
SLD115法登他000038,RUDKY5wCcDO_YnBY9DZymy9l7MTrQDVFGcAZUoe7Wv2RnY-navEMqp0UldMiunQ=
SLD115法登他000039,MWQA1Xh2GmKhKUY07bphpDx3jKIjTsygsAqU-DCFRf36W9FGFueCmLys2o_R
SLD115法登他000040,RCCYptJPVbPJoXWcDTYWHrz6frk0WW9kZX31FxI691GbQ6BbeLjlSm_r7Qrl
SLD115法登他000041,3bw2_rqd3Txt5t8KI-T6ZF8I221x7lGDsZMUsjKpITreBKluP25xLsNhUIc=
SLD115法登他000042,mFOeEwT6EaxGv1pT1ZP6L0eKa4ISZ5uf3tgWdIR9BCFSGw007-p7VSaU6kD3
TYD115法登他000027,2v-RC09TXmCpY9n4Nnnwwgp0oNIbv2M8j-UW_SpgkFsW4vJ9GE_7b4eJ8uok
TYD115法登他000031,Yv87YhNGLo9wd6onpguSpRFeKHPTK233uvyLnf88lyuUpnIA8o1Ok9L8Dio=
TYD115法登他000036,tvaZUlLHYqGE2xwh4Gqg1Mp1dNC9VqoMkN4IThYJhqqZcfrM89IF2xqWLhE=
SCD115法登他000020,VDZWc313ok6Fyr6C0_B46y4Vs6FOWWrslWrb_T-bl_eyij_Ul1ew2qhJe7c7
SCD115法登他000021,MWjxjs6ceLtnnoy_YLNHY7GwulLQwsb796jOpzsAgscOK1hG5EmVeFF0aYk=
CHD115法登他000004,5yoiMqi0IzXMIIxJfsSXOQymGoX6bbiTQE7Ua8bYFMfP5ppWOG3fWGtncA==
TND115法登他000023,-9y0iXF0R3NvIR9YjoPlescO0wLCcttsQ1aTHpcuW-9xTBGP1UDlMivs2Q==
TND115法登他000024,4hD8wsBXu9dYuewXSLVs62vERKB8G-1Mm2BT58lBMe1QH4LcEPgTKOkxZA==
TND115法登他000025,-l-m8b2OPCPqdBFCvgy90LJQe3kpVZH7qKtL2FMmWbahCJydPHCyLn5Ch4o=
TND115法登他000026,kGuy9_aVgHCqRPtq1HRvLLsul1ic6DUVN0qygGnUppt4KVz6cFxRkAcrdns=
TND115法登他000027,MysQdQLEV0VHobY6_54aIkYWaoGflol5B6JzgVtPbsL0bSCL03yVTpQvArQ=
TND115法登社000003,-fRApz-tg7vysqEJ09rWvIPiFKCJrUUAaNYdb_mPWy078plqoYN6HSNa3d7K
TND115法登社000004,ziqLTAMUybbp8QsHUDQy5uO6jF_-jNzmfErfVeoyPXnXsFAVa3nOXOPcq8cY
TND115法登社000005,C17wnLc4b8yae4e4CbUI48d76qa57TdgAIcBARpiyQvgjHz250bfPlXOy2-T
CTD115法登他000008,4p2z9eeiH-EglVB94u1q3hJFLWPEPocFZcol4I2gYIYzOquNE1-i816ex-k=
CTD115法登他000009,J734zbc-4wxgBEN8yQG5iyYNwjVgPTY_WMmX4O8CXeGlZwtnAGhkV3Xg6ho=
KSD115法登社000005,5l4UieQLbZlfKvYzGzpWZNAHfHpxTCtlzCAA4BYVSsppl7MHnq7r17HcJn5K
PTD115法登他000010,rz19tAYygAIn97W8AEsp2Ve3yl64g4pjWSmhrwj-6e4T_oFN7i8WHHyqoIY=
KLD115法登他000004,g0weFA9WlXuzOASCKNictROJTDnOQ09zhIYdJbGOkt7pNsly9asWCCwX05w=
KLD115法登他000005,-Q-15oYVHzFNJHU9FFvr7Gqc_u_loENNts4JWyr4EOEzfV6kW7Q1Rx_BUQ==
TPD115法登他000145,Bt2HqwEUouq1RqnLlJYlMCsiYyjSNxGnow7G3qmUPLvDhIMeSGUooYeN6zc=
TPD115法登他000158,v_hyWH5Am_6sNlQkoUsaUtEe0WwFx4627VUerzNPgDIiL47QCjObfJQzoluJ
TPD115法登他000159,1Tnb1dl2RykPMAVfnh027fSjCPDiVyojZigO9vSOcQeoMTcyv7ZacfaH7UA=
TPD115法登他000160,x0JJKQKBr6rbZFbv2eLI5_Nr78rdP3fq9FnvC-YMZxMzkn1Ur6RyQYCSrR0k
TPD115法登他000161,eRJ6eLOZglDQfoRW9HP7Y2gCs07V4Y0ISOpMYy_CJ_DwUr1YuC3gwsvPa6b7
TPD115法登他000162,ioQf4WjRvJ32yzHBFJ4M8iZlJDOjDCeNoqqkq_mN7fF4TYyjqAS1jWCioe4=
TPD115法登他000163,DVo3rTPg9l40lm1lpZQil0U8wCjxl0aqBU4OWyGIJg7xZUkEKFc9HLZrGYe3
TPD115法登他000164,OslyzLWnfZdvHUGhKy-VgjNnakAzqzocYe-rATyN7ve_VVDJPzyA-ye41Jo8
TPD115法登他000165,4y5teYaIOUCcwY6ZGY2-brWwGzUYrWgju0LH-3EfilI0ciS6zxqVjM7vdHgM
PCD115法登他000046,QI1sAKdVp6eiVl7pQaREpB2XzCKmoWmZERDPtR55L_ass8_sz0REJcLB6OXT
SCD115法登社000001,AviuDwiwGSF6Mc91elNgt-Fa_byyudcjD0bcSmB4eRTdSs0CYlv2svmUcjyR
CYD115法登他000001,_Hcx6E7nom3oDGutEwUteOWHz6HwYfktkicMBG7rgTEZxwRtliRsgd6OfRE=
CYD115法登他000004,OnWUiJBq-5AoUFr6RW0oKZNJ1_1B2E7eC8pKRtNJVsyO8ISz3o3Rf5KZJw==
CYD115法登他000007,x9ZBC6C90RUqBqwZ7giIILuJHqhQR4lhvaAsYpXhq17jnzc6EGi8E_SjLBw=
CYD115法登他000008,KrDqP7Hq_ZSVk1ttoIa6Lu6j-aK-_h4zY7Ys8dcJf_6SBjpWFxP6GZFVXr0=
CYD115法登他000009,JwdqjqQOR7vQiGm6w_Sx3uCQ7tgJvvCha9uIGKYRt8GdPx68n1ikMJPLxxo=
CYD115法登他000010,o3r7oS3OL0UxhTyU30OyYiIpYti-8Bkc_JLYwl3n-319nKv-bhLcbFbs5QI=
KSD115法登他000023,ofQ8hY5QbWRxWQ5UsJSkzP4lGk1GnaId_rjxOUVulNsTuXijvzs8ba57RBSf
KSD115法登他000024,QXUVWQg-vqMR1RV9o57U7V3dvlUUJnTC91jl5BbBL_k-sx7OyVXUPYNZHj4=
KSD115法登他000025,TlgKtUpMXEsAX4jrXOJgdxcDg2501ko8sKEIBTiX9h_VaffESYAFQIW_Q_y0
KSD115法登他000026,6VyjtlE_1Rb16DPhMOiQeywC84yo4YEZAXuWNZEh0CDax1QTaYIgefUuozA=
KSD115法登他000027,FlKE7jnOMVcPz8qPBjUC7h7wUv_QOl2jdGiKn60YqQAGD0lBMmQUB0Z01Bq4
KSD115法登社000006,faTn2uN4tBWmaa8GTbrdnrR2bJvp6RMzP-S1bA9dxCf_B8F20LvIgyyWkNPQ
PTD115法登他000011,RRAtnAWzgBQsuzQIKSEKOlk0j0upKNikzl6Z649SqtFDKboUQly6Hathug==
TPD115法登他000166,l-tNF4vyskzzlpmaTNRMHoSiuTzXYP179v7GG9S5fYhWScs72PiXdGshkrSZ
TPD115法登他000167,ykh15dBm9aqqWdHANgQHzx6txKdc_RXW4VLW911O-opHi94-IWZEl1qbgj4=
TPD115法登他000168,576v1D-bsnFWmdSG2OdFEu-3Dx1SaWMT8oFhZETx5tnPsWoE2x7DOLZNICE=
TPD115法登他000170,IpmRhv7P80WaK_H8GwgekQHZ5F9FS2jZAFjzV8LTKbvBzfazHm5clILiXbA=
TPD115法登他000171,RiCMDhmFMeuYpIlJqooVM_q50Unr2cvViAbpxBcSwfr_IDlTqw9xgd02xTMs
TPD115法登他000174,jX391zg9VwpggxY4u7FKEdRWKk9Bret6HELr-mNBGNAQGMSMIdaprm05PQMU
TPD115法登他000175,q1VmRJom7cKPwCcBlFneR0Q6Zco2JaTy_lRrOMHdtyF-sL7LkogUu7ptSM0G
TPD115法登他000176,GcpqF-0MmwweIsSx95csubNokRTbFwtUD7JvbG6aYCC3pmUFrJI6QNYywTA=
TPD115法登他000177,Q4tftFW_99pfOXJBJdqjTPaJqoO0_deqv0kb6BiPFJz_Z6x8nZR3mEHArvKU
TPD115法登他000178,iWo_Brf6KJD63jK6mvUWx4aLrJm0eYbMDRHNNzMkSllbHuOuHfut0ebKzW3c
TPD115法登他000179,3WjIWC5DVtCfCl9HU8Oe-0mpn1iDbbiUNzNKWofZh7j_1SCjOxVPlfMeL8E_
TPD115法登他000180,zO0PAtb19x09Qsme3jZge1zSD00hAadV6A8WBO7DC1e3YRmAE6syTy8SLzS2
TPD115法登他000181,cPjwtBlcdY8WJPbR5go2n5f3raa_obb_mNmfMtgg96V1bSNmWNeX68_IkbFa
TPD115法登社000008,lPkA57m24kLenE-sF3x_Kd5SiK9f5OGgJmVicfHpCNgfBXmXLnGswyfEqonS
SLD115法登他000043,sww50sm0QeGiE_UjxLwY6yIZ3Y08m_2bFNRz1KeTvesJPnaTUclKehvoJrl5
SLD115法登他000044,gwx1iOXf4LpmzRBcwv75-RRlis9bPgk9Ge9CDw-7uEbAImAueKTK0SXc26jW
SLD115法登他000045,qKbN40oSDnFIwkNAllY463_49HkZGlQ4up6XYXYvukAe7LoxvVAf13s8QxMF
SLD115法登他000046,pOAig4NSLQ2svpPPeUaUeHpXaR_1LP7Scjgy2vXqRyPgEjM2gpvcC7IfVHlWqxY=
SLD115法登他000049,pKB0fP92N9_EP1uRzRw7NDQnetJO3h1qNFzSLAASsMpGbuL0L187Qu_2ng7lGyI=
TYD115法登他000033,nodBNyRKk7dWYW7GQK0qWnBiH53yw7Tt6BR0o3D49k05uNSJJpASjsRJ
TCD115法登他000061,MF3dcWDDPMIILqUIggl-fh1uSECt-VlrJgX-Smpl9cafbgzidGT8Bfy2Qz5m
TCD115法登他000062,sbpG-Nq654YCcS7eKEomcM_wdwPeTjd1dTAIx_cAOEMjaGGGvtbCkP81IbSl
TCD115法登他000063,DGJc2iyMibOAYRWPPkxWbuGgvRnongzCRnza5jdIoOCs3uyqIxvw3YE54_vF
TCD115法登他000064,iXIpqBT3H9E4IDDbA8NWPfYs9r7AnPi5FcdhXUhlTm47cpOzubXPp3AiKR9x
TCD115法登他000065,NhQ5NjF_xI8melFvZv8-ss4NZZjmfNXBs8jP7eJyLZjIql7Gdj8f9siOXAKO
CHD115法登他000009,CkHRXIAIZ37cGX17LPhmM120JAEzGWJjiicpgSkuttiomALJ5Sb9oQx9Tfc=
CYD115法登他000006,YV-JG1XMFUbk9sWz1ZYfxzWD8q1hnpMKmWN_XfH2OuOOdw178Q0Qhjl-OxA=
CYD115法登他000012,L93o0nUERSFECTJmXMePHJJupV28UQnEBJw-lP8Lf-RkH4EmN5d54Iq4Kag=
CYD115法登他000013,_G0xUQl0C9s3g4Lk8LxJ7WzKxyWJrHV3tKGT9mmo6wcuMqti9EZIa0DEjg==
CYD115法登社000001,iHDlvpHk28L291YSLFm7ZIoK-nKCZCwgxsqwZ2YAitctYesxk_bk7YL6DJ0=
TND115法登他000028,ykDsYBBLnEO0hWv7EgpTum0dqZtHASpzxSxcHejpYkSqBAVr6mMLnN7Q22YU
TND115法登他000029,eLhX2riKexrnuYIBIe8owr8zNbTZD6bqZjLMxktx4HbBzhsQ4vxRS8K5Otg=
TND115法登他000030,GzD6F0Bbl3PfwmqQN0Zc9prevrbHnPOIU1gJfi42kivEyIg5vA6s9mA4do8=
TND115法登他000031,GumvrSPXZZWEu-8YGlr5KPR3ROI8hldCz01OZfPizbZJ49Hky9H-KSrbZeo=
TND115法登他000032,ZZstuo6dwad4qyfZ9rcTx0xuVjqN23AWU9wDzGXdDJKDTZG5aLfSH5JHhPQ=
TND115法登他000033,toPDc4w7Dl2RQCpQ_XVQH1I6Zm-GiRrx8RocxhkXDjcZaQanfgFz4wuJv53_
TND115法登他000034,BvfmqxRwBpERqD9QndcaEBiFis9qsDSJknHwUJNod0RPO5kbrIdfjoAwu2MP
TND115法登他000035,zCt1RaHSlao0zVL3Nmp6If9DIUlda_JWZZuLwBV8E5grDdjtF9DZvtiYbmMo
TND115法登他000036,Y7P7_JTO_gxhFgHPVu_lyL4UL4dBRiNHaJb-3et74Doh_XGBfc83NOFhbGg9
TND115法登他000037,U5Tv6hn_GYbWxxidUl-sy2wZS1BYuVtTOmXA3CEeBUd2EBbl8YTn6GR3CmI=
KSD115法登他000028,n1qSjNisQZZUwfx5_53VAFtZV4AH_xvNw1pCevyR8M2uwYKUlmI8CXMieJYX
KSD115法登他000029,1NL_Us-pJ_sO1UtxIk88J11qZfy8weyYzlhjd0TfROdFlIQQTV0Ww-couN4=
PTD115法登他000012,ljDh24FNEq9niHhFpWBZeTz4-lwD-K4960HeCW03s7qqLkptXK-gZocrivM=
PTD115法登他000013,L9XDnWJFGUE3RdyEYmh9vbHveyuGIvqn9AoVx6IB9nee2UHaPF1l7_RD1Q==
TTD115法登他000009,Cj9ZfJjehTQETZ0CVQIr-Yq7w0uMZLKdNr3BWxQNDRxK8ZRXQbHM9KGfTg==
KMD115法登他000004,hFfXPLfzpJC1zOpDmGAYFR5r5Sk6v4MSBw_JdCZtJLsfurmwwNqaenhaSpU=
TPD115法登他000070,eXPKkbSxgsgHYSKWg65N8DgLUSj0H_OAj2hiupY32NanY8-qa13UdAm-gDRU
TPD115法登他000137,mNDnnx3Bdo4e96JaTuQq6sdE3yICpZ3MEN6v3TXvQL5VNC0fIHJiY58QHmKD
TPD115法登他000172,DSikgTeVv0XKbAzulUGf_hm-jv0Q1UmsYmOlZHQ5VaeMywSIfS5dslSfWupJ
TPD115法登他000173,8JKx7XwEjBUreq7LwqWxCV13kcxL9z53J1NkTyYsMsaZJroXDLHLdMHy5C-_
TPD115法登他000183,EwoVNGpTRxaF-YY9aE7egKTUVW13d_2CRXOPPRJkeb-4X2OsGku38Al3juxw
TPD115法登他000184,GR79akKMbbJk-nYbQuOmsPYy5owus5bNRlJPwvV7zRMP3CLF6lOlIMi5bJg=
TPD115法登他000185,WC0UeUGhKpXTtIW3U_qSgKDXlORMzc_QzzozrKeaRaoCZD9KY9M3fqnCfTnX
TPD115法登他000186,pNAhhvQ118CTHR60O3zZkfxIg--ASR1gowzSDgh9b6PkekWA-Ydq11hN9zv1
TPD115法登他000187,LB5MgXHHI5XzY_xvMPbVhmfjVGe7Wd_GVo1KWWnPKr5ndjyXKCIgJzT6mYaf
PCD115法登他000047,6l65P24gaL0tAuC2OJtaJ16PsTFlIMVaPRMs2LbK0NMpSLJOu3Nd3NWgcA==
PCD115法登他000048,06kp5nTQBNTIbXirXTPUT0Q2oSHwo9GSlC4iXXA1djyHMIZj38Tz7MibUg5f
PCD115法登他000049,5gSjON6Zhg2v1QMgBI_3v0gjqEgOg4bpFZgkLRs7d8akhTL7WxRgyiwLjzU=
PCD115法登社000002,5cgk84Fo3WKKExQUPpfrUEamqQIEmPxInJzDz6Z-2oC73X7xojxtmhe86L5w
PCD115法登社000005,niJVZCk6ZiVPqPHcgH_HmrxKU4LTo1989aK15pwnupcv0Yyk2ojfJsdAvnX3
TYD115法登他000028,8uwxJROwHfYwsgkUQUJCV33JO1KSMU8yp7TnufregAJifSEQrdw4mdpo3Q==
TYD115法登他000037,2iNLyfE0K-_LxkmP7RsKuVgy0cgDgz_h9Z2tkygvxmDDJMVSSrzZwpHb9A==
SCD115法登他000022,O5cC6X86Hu7GtONy4pQFylYn-xwvSem3KbjKwa6JokfXBPk0nctY9QY3XbY=
TCD115法登他000066,Xg3_M-TIAMiAe4rlne_u1BZP5O409ZLVZf_683jpFG_KoOyk7bRRsUmeAIfT
TCD115法登他000067,S6J4dKGb382klQdq8t4qJmzFLgMWGEZ6jfbKioro-wYT8_iSBZoR_euzGS2a
TCD115法登他000068,_1lnnHKcnIJhm86XWCLCZGi8qO78ZkPP-tdyb9TN7GADCYRTy9qOlBAImzwt
TCD115法登他000069,YlIAxScmu4HAuEZx5kqjL1rARG2cUl7K6KcYPqYaAI6CMjJ84gQvyZ82MALr
TCD115法登他000070,mxUkb0iMI04eDFhX6mrHSov5-90Lexl1w5TNfBXMNPOW1b1_Q5zxzjIqBWU=
TCD115法登他000071,7qJSrWncV9hzzd6buPr6J-UVEh4ejggDjZWZfLr4SM2Ftgl_eT4eWIoFRBg=
TCD115法登社000004,kX0dfXAN1yKWyiNGYlBF5oANZG2vi9RLgNm8_ZDqR8Z2Ty6OdpTRxLZFEoQ-
CHD115法登他000008,m4h-95jgunWpNO386Hib4-3KNt-QEAGGknt-qmOAlxj_vNbs5kH7dw4tFA==
KSD115法登他000030,NdBB2xum7NmdDF8W_7uCmkDWOqbEMvTf-pPWF2rTLY2PIktK0BqJZQfLTgU=
KSD115法登他000031,DA1YpPj-K0QUE1jqLf8ymblgXNGTNWDY7EQtspCZOsS9ht9lobEqtnD5j50=
PTD115法登他000014,97tLM_ZU5N5sNwhIJAocP4zrQHvnWCb8tceRdxG8N0aIZnwAld30ou926A==
PTD115法登他000015,v_Lt6-X2w8tfCNZ-56GH44lezu18F6-bAP2lsjS55RUZFuhfoBrEAOO0f5M=
ILD115法登他000009,UkRqlU4TQ1r4PkQz9B8O1qPkpVFmSkSEZVjwEMbZR57yrJRhCB53HTsA
ILD115法登社000003,3wqYBamVz0uHQK6LXAs6tTS3fpODiZt4wa3OPjE5zAEmd6YjJN-tmRf8Am0=
KLD115法登他000006,EWnPwzepTZ70qpY6SgxzflEZQ9u57Y9nVkLVbbch6URJX0rvm4G4lx4-Lxo=
TPD115法登他000188,XWenIqKYEpQfONw-QwMzaMC2DU3OpPCYqlYYFWuL0s3-WE_9tGDkoyvgsaD5
TPD115法登他000189,soUuDx8TpXex16G8GT4bLvHXpKQb-rB9vv1KZRXHCZv2fjaIV1Vn08TV3ak=
TPD115法登他000191,JaqgTVtVpkqDin_azHnkQJ846rybn_tzYSRbq_yCCkuUFDwr5yaj0QFdlsOQ
TPD115法登他000192,z9Wc4fdOFbvZNKDMlWK6of7UOIbhE4Rv-Q3wTiCkgQyHLml1QFUzf2i62m68
TPD115法登他000194,OJ42ZcNZKYy3gyaj1779a7oPST5Dbcf5hYpeZV7JmsY39JUGoSfSypqrdWlo
TPD115法登他000195,bIeK9JZa6zSPPlcigcZPiWMLll7u9JQTwo_jjCptht1DsXTom79r1IaLoAIz
TPD115法登他000196,hmgOdhgS5gexsS-XBcRn21fZ0suQaiyZxogRq512sLQzTFwewtdOLygavg==
TPD115法登他000197,tpYq2jbz9S_jyDOkYU28aYM0IKq2A0kIRpLCq2h-m4TZX6lgPGiHEIJAd-ak
TPD115法登他000198,dyrd61OGkazX9JrgsNpccKpTIKy9OQ4jLH4yfYO-OZLQHPsDO5JNtfYhhYOG
PCD115法登他000050,2RDgV4kbkgtz_26ckUW4BHY8Izxp0ljtJnamlU76-l8LDkcEvWuCTRB7FSNJ
PCD115法登社000006,jgAWQDpeUkslA0pF4nA4UJAArrulBG4yk8gGEsfHVLSdNBoABfjbXvpwjRsQ
PCD115法登社000007,YgumOsu_zZA7PZdesfbmtR6M1bqa93GjFAQfU8XNmtOXAwqwwmpT_OgMDTZh
SLD115法登他000047,kRAoTtdjnfzkTgVc6Y7E8JMB4BvoKSmmaSf_Ht1divYpo6R96y_kdzQ9u8XA
SLD115法登他000050,kLVyuVdfs0GT-9s_MEQmy3NDUjhe5eo9kqDCX8tpgh8BWW0wA52ob0b4HWk=
SLD115法登他000051,meC2ErXrI6YIKcxmIKN3Zft20RGtm0foOBVOuEJSa3qZO92aAjq-6XMAf2o=
SLD115法登他000052,P2KRJPnO4PcFOjv3J4q7q5ktJnMUCEON-rFqUr9CUeeFI15L-JXNvrBLD1tr
SLD115法登他000053,8XuPviWMV8Vz6JBJuQt618Ps2eFR0Bco4-S09BbV9_xZBfx3FtYGFA_thaIN-xQ=
SLD115法登社000003,cRfeSnDARg8MCQ6VAy3rQi9H3VQXIqoCELk9Jzw-azqU2aGbBjx__b2wOoS_
SCD115法登他000023,4jQ-Gb0u4BNGIfW92My4TKGOJTxejGERwH_-xn9eOclYnltHwbrKkMmZHg==
TCD115法登他000072,77pEbdZ5QQLDZlkl1EFXZ9JOToZVsciRLFUblSpQtFr9Gxvgh9TfceQlfUA=
TCD115法登他000073,Umwr3iLx4NaPaFlFco8e3lGjXrZVrzWAY7G51bEkPl1-_zNFO-Z7tDKISwOn
TCD115法登他000074,4v0wdggYaZc4dkUlh0WcOlO9CBri3L1iLC42nvuoD95zH98chxP9_rZjXmp5
TCD115法登他000075,mWp1_Hzc9U6BchpwnjCjFlsESPL17-Ht8EjED5FYN1ScuNiLZn4jTNork-w=
TCD115法登他000076,gJY3YkwvuogX19ByzmjUxiwoFhNDSd1av6gJZniluXhL-cnMCDY6RZUkc6g=
TCD115法登他000077,9iBovZOCwlRd0-ns050qyGsc3DqzBqYFfhe7rYwvitrpBAagpldJrDERd_4=
TCD115法登他000078,Nf9mu99eUQLPJ6JCrlTklpFu9JpvuIP3B49W65Sr1XPdya4ejjgZs8i1ia0=
TCD115法登他000079,JQdhg9YSfLOAttLE3sEu2bXG3LKvEETeEsQuYLsWJ19CSBHGNT95ojNuUf5G
TCD115法登社000005,imxUbZ6cLghdoJeRs96d75Ju_WaijSa7Q4yOub4ZiznrItem5HwPjEC3fpUg
CTD115法登他000010,II7OkBNLZo4LVYAmZhU16ZjWG3zZOsaMEr9KZyc8-6n68NMByokiNuJkf1A=
KSD115法登他000032,iZoUiJVOvXK2YjRA3wbrN5Z9-lE6rgZV7IlhFlU1jxFk4qDS4yitbPO8ln_y
KLD115法登他000007,lgxDwTyd9OnhxMGyrPXZBx2tudgUuBumbPtfmtY4ieQ9u3JA2sXUmn7A_g==
KLD115法登他000008,FmpbzltL0mnryRI2xvdzITsaIhDvfOqz9hd4WIz5ndyQ_AqAqaIGAfeqpiI=
KLD115法登他000009,5-WNsjDJ2UqCgR7se-CRxbA0qamJb14rIRha6E6iOy_YXRTOk73kHsHyPw==
PHD115法登他000001,wI-QShH9maaXbakh6xOdekvONjI2tYk-FgebJJ0fBribJY4l5pc0AEgZWA==
TPD115法登他000199,SJPsNAuOUyhh4eQRxAF-TKm6HgOnz4xU7D3uSfIPlKxiCCOhtyB0XevScAFa
TPD115法登他000200,0DkNDm6yn_AgjquheFupuriU_Sjvh75uwmz2o-MIvU6oBvl1TMLL7vn0DOs=
TPD115法登他000201,sMUhuEb7CZtggsOPA0Ueuwg1uTX4QZyU4MrrUYYJGNmA5eNvCk_MWMr-6uIk
TPD115法登他000202,WA0BWdNHDMl_TCEbt63_lD8p2iMJ5F0-T2cJuA6FHI0Q6rC_tuX72HMXkq6S
TPD115法登他000203,rXdbESPulVh4TCVD5rcP9_R46h1HgmFWWw6tjCS9rx9PfinkUEsebs3ZQrqv
TPD115法登他000204,P-ESeaVMOOUzYu75--E_fCUQdzjcMZcvwZTrRpIZfFhhVx8JbLVEUu3Ydbk7
TPD115法登他000206,hvgk9BwHxeRv_SdzU2sikWZa7F_nHGp5NxLGBdltPVM4GcU-QSNS1vRJ6BM=
TPD115法登他000207,Jl5IotJ4ae9mLeJD2gWkn3g3NJpLMdwkXZZ_JdQQcG1tmhS9ZfrrLrD2K092
TPD115法登社000009,fV8MWRCa8R2Ji3BXueGUcCDGhNcryylR8coLkfr6_obkmfCrsLiEjBjfZXs-
SLD115法登他000054,tbfdcD8WpMHUh0p6eLQBcqoPOZ3TTSOKUb6sfm9MfUR_aJu6xdXup8MJgl8=
SLD115法登他000055,Vkz9ZmDHB4pZbSXAEQ0K0d1htJLQqW7ZFVaFlGY6ZV-zCtT_S4PUwyBrGsNG
SLD115法登他000056,qhuhCyl64k6d40J7LFpDyG1sROB_lPOnnlGIL2k9L6c9h_0epzIi-fTCEXSR
SLD115法登他000057,CibOGCqXiBp5KugiE6nzyGaQia2IDXbE1E7l1ZpRLY6_12WKlTbjFT8ZmA==
TYD115法登社000002,NLRwtLy8MNZqtddS4XMflh9IvqexGXuk9qJoVVf20hOxS7gTPVRKLMeHf9Xl
TYD115法登社000003,jywXJ8mcFmJhPENyLD_uxraJ_YQ5FOR6xSK2-b-PvoDfWbq4AooULhqnP05U
TCD115法登他000080,5i2yebhANWILm6sjlvznu-F3XyJGtKpLJRf7HsRhP00GiGUivTJcLd4Of1c=
TCD115法登他000081,ISSz_WE2UAacuw8cCbwversC9UezcTPCTxAHbqCddS4-9T150eLNJWnIuDUD
TCD115法登他000082,6iQqpn45rIJExCRVhs4ZJYNu6ta_VvSa7DwPWpRlZa8M-AtYVhL95EIisQZT
TCD115法登他000083,PJtBmm-Por2QyZmgGCNRsnZpJpFe0NWbxC2Xp06p7XJ2juW9r-RVEHO9yAM7
CYD115法登他000014,SGdPUUukgdZCu9aQGukdIFd68yK6JrCNS5QivrNAWWC8NG5Zcqq6A4BRj9E=
CYD115法登他000015,Efl3SqaTeyr3keqYc6Uxn9bmytlDMUDxHt9G4HhEvatWOuaCLIcp-F3wvVI=
KSD115法登他000033,L5fhmDNXTFQC-mlaQ33hDNQynLCprq6mAM9WmJEwmk8mxxuVjXz_L7jCZo0=
PTD115法登他000016,hEJN2F3fJkYlRD74-nvwp68jRWQNAYBaUBSrgBrHx8Qzk-HnGktfUGtSLNc=
PTD115法登他000017,oBZI8uFh0_UDLtg-2iQ2F-pHT_GDgwr2yMcFTfFPMSTtjPVLNaxtxa2doXs=
PTD115法登財000001,aXSrABTosR9VkdViTETfwvhOjUEfwVLOZy1ctS6kjiKXXPYk-YJBPQT5yKI=
ILD115法登他000002,T26F98cmaBy_Otdzt_6-ifDvk4F4C8jI0hbmLGbG8NZR3o4llzx_YCzfmQ==
ILD115法登他000004,YMdu-wlC2s5MbRVPX3oMpSyngG-pm43xqi-huFY39TlywtvHBsXDFHoz2uM=
TPD115法登他000190,AjcMVj1-a1xfg98u-__dgUFub09vZtAGDSqXqb1Sin3i_fqzArW6lU-WH23v
TPD115法登他000208,UKdqwaPYMRj6j4lPjUSm0kP8cNLlQ21QogiV-I1U70S6ODAA3YJad4RVuQI=
TPD115法登他000209,ERvx0qH6eF6cVlwhgQQU4kvtpfzpcN106TZyLbdzO5cbHxq7jH5P9Ke-XFM=
TPD115法登他000210,rjTIzEiACWb0lbIupDacvplYcLgyE36pmUhf44ruTgR1yQ_00dOiOL55wJPD
TPD115法登他000211,PP_czCTm97a-5KvoTfRrGsxATZovvxv4ZIG1c9fQa_EzY9g4UR-7VgOlJw0N
TPD115法登他000212,OXtUu3p7poRWt92j6D1q119ed8TcaQIMaOtH9huGUP3hSK2xRUt22AMILoQ=
TPD115法登他000213,XQmPIAIMG9f3tjEvLTUUFKziqi-9GN_AGRzJyjuodl0zDLGRoU5Ki-QI3rg=
TPD115法登他000214,XCLPFpTtY0JgEnNMTrvVvuGUmzDU1X0pmMVgEPr1sl0FSinkmqm7Aaqxi7gZ
TPD115法登他000216,9eHrMCor6KOIOsJS3Td_Y2ca0diq1KZXfp5j2o1Wu1mnJV7AOqqjmK6DjvJM
PCD115法登他000053,wWrXElhJUOmDlT5HeZJeeYG-sTyFDUegSSDCyLf5F6UpYWwsWld3hVXVaUjU
PCD115法登他000054,dTODv0-AVA4sNb3-JWzMElQbRUQLI-2TyHGxIkpY6xZ000Y5wxx5572AnwE=
PCD115法登他000055,OqVYoslacE_MKg5bfkch_gfV8PuuXHo_HohW4WeRP-_Vi-fjkrs_zSIfNu-b
PCD115法登他000056,bClLJ_Xz-BNozC2lGrtPIc2fNNnJ6s-SpFX-wASbNV5puhbRNbOL-m6btBk=
PCD115法登他000057,_tG4UXMVwip2PyD0JCPZOSUvzF5DFxztxks7TaQZ7R0ejdyKCd_ibJpyoAv7
PCD115法登他000058,qPgcss3FrYLEIbUguoQw6jIBqQk6ixKIWVdqxnV1GHN-MXJ-7VuQEuxbHYkL
TYD115法登他000021,SBuSpYSzNymgyRn7bIDAsdaqhQNCRqpUPIIfrSDHUHmvuHPMxj8P6Yl4V-E=
TYD115法登他000040,zGCdlNI2ApHnkFjaQLYzx2ZZfbUdUoqjKvNsxrH7VRzNkY89t-B78IjXrw==
SCD115法登社000002,zNnP5WH6YU3E_ig3wO3KOnA0-hoDWH01H3QqnxpplZrQXPtZs504Pw8aG7b8
TCD115法登他000084,0bu-cfTHrG3oDKKn3C4mcvZGvT6xIJoylkJutvvPLR81pn728ZBZrxR09aeY
TCD115法登他000085,jkek77QEJsVNWIeZg8gshppWCXXMRnzmbUKhsCM17WNX_nxUd3RB86iUi9hC
TCD115法登他000086,oXbp9HTCt3WjTy9FNjXPdgAU6NRB0DWPDpbiUIJPRI_oHOiC2aTmMQ2jK6ZI
TCD115法登他000088,3AceyBcKs94DwowregThVfoc8gYDl7E4UlObeK0OznyvzdHa2encRv19T0Q=
TCD115法登他000089,0DfnSMNMH-gmufCEFR34NSqQDm7Y4_FyFhM9qk0xtDeJGlrMq8RWAPfR7WmG
TCD115法登他000090,ddQ2b26wMoxg8UB1t-riE9qCAV_cX7RhotMEd8PHdqvtaRXx8USSUGRW7ro4
TCD115法登他000091,1p5hUiAJrjpMIxfWHfDcD7dFLNQfYLC-3B-boWE7YO7VJLTk5tC8gduOMFks
TCD115法登他000092,nkHNQ8C4YdtTqbko4H5dXy86eOsNeI3W_96LMFOGVIlhdnqL2vH1Ub2cSb_b
TND115法登財000003,H1z7j95M46eCAknKZQwThOrHtco6KqWYcl-0ZCiz4_L9BfgJO0txypgG_R3U
TTD115法登他000010,79sKhu6YhHSplz-6BsQa9TOFh98g8FUaP92ZNIEdT3ttIoifyHw-9W-UdGo=
ILD115法登他000008,VoCM8hluz9dBltPujH-cb0W8sm2WcBqGF3-KLfmF4NllPXgh0k8frQ6On8o=
KLD115法登他000010,XmjhkROmnEzrOmS0Unsb3Fq7awgNPOKtarhPabQP8xybEIBHFpYbzXNTUm4=
NTD115法登他000004,ufGA47711kJq6jEhODWGcewQcjHj21JfKjAloBJ_wPNqmzVSQi07xYW6wa0=
NTD115法登他000008,xx7GieVN2CZ-195KUjipuOe4g2jvAZnDyMAJid89jxg111gQ3q4U-3zHxsk=
NTD115法登他000009,5zYJsClD6_g-cCBi-Z-XSonwE7Bjjfkpscyf1RCSP37792qr4se_x_ij-Uk=
TPD115法登他000182,uNwinCTZmz_rSQ8MTRDcMkRgODGxHBNK56T9KNmsIubhR951etKQ8iA7O4kZ
TPD115法登他000205,YiWDfm62yCFlCZ7Fisf6oq0mNA7NSiC1oynM5t-A3zhsahIyp-ckFaNwkxU=
TPD115法登他000215,tIFYO5-FP9HwuBttYbh_No9Q8gnu_OhkJlUtKJbbBBE3SOsrkgoYIysGv3Ci
TPD115法登他000217,L3mMVNShu5f3kg4fm3k8_yGvwyIWEktziXn-gvvUcQx8BnmbSg_1GkTpvaym
TPD115法登他000218,ssvRk_LOx6wIH2WK0iputygxko43Yn74IayulnLcy4_PZksdn5vzjAM9l_Mc
TPD115法登他000219,Lc1rSzzE__mOMyt54D8UICEydAm5zM4scs16q6cG0r4NGA-m5Q28tnWeMUEL
TPD115法登他000220,izHIKG11sALgCOjvsyF5r1hFwwg0GZEvAu7CAO1myFJWTjaMuVhCxHyU27I=
TPD115法登他000221,oh3lRpbzzmhkBV64l9y1Dmeg2ZiZ-lgovwi08NebyKs5V-ibXAoPOEXLMLWe
TPD115法登他000222,3SyC1coOZ_AdRInZ7KrzT5pw1n51mlfuMSn3Cm85kWjNHLWQCih0qYvdkDe_
TPD115法登他000223,4jAkmdiDrFMJKQpZRYoOnJldK4fEbXanA07pMDjKazc0-3K584Yve6cbkg==
TPD115法登他000224,DJ5UA0OYtiOXMfqD7xet1smnGInUze8af6oy2ueDLze-KfBfAVSyY4BAva99
TPD115法登他000226,U-Lz-z-DjKInj8QTqqKt4xXxiRLo6p-9YSWJ5WE0P8F_LNvygZzoorN2kGIO
PCD115法登他000059,80Xq1hepHQ-iiDxfdpcgR8rwF1pfbpHXG4FkUyvpjAFIHZg4_ihpsVELLIzX
PCD115法登他000060,nSsgJni_3E4gqYsWxe9-I5Yxp5Tih0hSVBga0z6nYRo_XQZpSVHdEaCaQSK0
PCD115法登他000061,reOFeh79KBiSDYatct0LRi9ZqMwB_VFaoNneacLbzlZ9eLDzOCxvdfqdXdE=
PCD115法登他000062,9aWHbjwvdXvwUdJf6VFQNmW1DvUSgOCoqts9tiukSUCEWryQMILWDwtokliw
PCD115法登社000008,uCsnmDIfys5-KLXQy3ZjOM0qneNP1fV3cXgDEGcb208TLQxrxTG1WWXAKn_w
PCD115法登財000001,eLKqG8oCY7VFRx9gYjhN2fOwNT1xPnv2HT0TGaAioBRiptVgp5zoon5zpmtA
SLD115法登他000048,axQ2ljHc9LUW7fMjhljGSkHTRowOIKtn75GkSR8a-1qr7VSosToMepz5L4i7
SLD115法登他000058,64CqbGgc8cyvPYIB-LfntYWISDi2uVlWh85rwAwxtIvizBCw1uxKY1bWj88L
SLD115法登他000060,3Lxilvr2R6Ph8My0KD0WwaHsxTbCR8iLf4ah_gj_Tz7lmArnCmI__-7Xo1Ix
SLD115法登他000062,_8CwROIJBO1Y2YypDbEPmYJDllGci4NFAkEUiFoGP4zpOzhuCAwF-jezMjsy
SLD115法登他000063,pbinErwoqYiI3yEu15wu75xaCBrPB_CYVozwBpnYh_4brhgxt1JRj_3FreGp
SLD115法登社000004,kWcHMb4GPQTJ9ar92zBqkIDurAhI34QrZmlo6PdMCzIm67yXdvCDxYZPR7JT
TYD115法登他000039,09Bk8LG584PyxmO2k7SqnaNj3XRucyYuOwHdxKOlMyq5XU-fp7CwbhD8kA==
TYD115法登他000042,mfj65pWwwcO3ApIDZWHiwkLiQc4CRSD_pof-udq4jpf6bbpVWa-NgwxP6w==
TYD115法登他000043,aUjFGTMrHmp6iLJD6WQAttzG_me3tJAxzrhkcJuqh3SyB_IMFc6HXgN_tZ3S
TYD115法登他000044,R9Czfza4O6Sg9oan0yjrsvQyH8bzoNg7YEmOlTkq_EkyC1ohofGbEm49lwac
TYD115法登他000045,EuZCVQkk223FDsNxOy89Zl3iVBM2NFALLcQNTu4sl_BReXo7m0Pxjgku-GQ=
SCD115法登他000024,_jXr1fF5Vx6WRJsukGbirvAsBbR-n94Runupx3xSJasOa3QVGvknDgrAgyM=
TCD115法登他000093,emkWZ7U095kOhZ4GKQ7OL8E3Z81BAtSsDN6Iktmd8RZFt3RnSUpZB2RBcuEV
TCD115法登他000094,E-R6-fg02kJh8Tdsb0vbePfJEyGrTOyfKEKqjqrWamTrUw4qZOluX6J8FVk=
TCD115法登他000095,O0dA_Fxjrb_i2ZbqhHXvWm1IZT2kf81dxzHH94EQ-1vgaj1aHKZNtgivsZfO
TCD115法登他000096,fgHN6jF0eKp-TwrZSuHI-otlHmgMiTdzNtsF_PTVM_K0M2bYDT-FetwE6C8=
CYD115法登他000016,cUIqck8TJ7W-5AvClTgYT8_Sc-fddUCPK8uEEGmXkl9muOVMYgHSpLBVDA==
CYD115法登財000001,sSQEfzlUvTQqY1GO7VwMmEv5dJqxuZaIL8cc8RE3HgLg7gakLl-vV4BrsVk=
CYD115法登財000002,9WJ2Xp85B6AO5vLYXFj7GvWe0eIeyVJO01E1-rlg59oY9Tp21DkAM9SWVCk=
TND115法登他000038,J9hVeq8CWnQ_I3w2JVK8_EWks8_7SHrbh2YirO_PyaDrvzQvNgyAilVWmw==
TND115法登他000039,N2fuGbDiKpnstKe58l7jorQPTaEZLVA6UGTh99dtlI_myfT3Jb1SX-Hj8BI=
TND115法登他000040,gu_Uan2biM40xm3swMgBLpWZ9bVa5p0npR3GH2EkaXJkUIzioRdENKOBySc=
TND115法登他000041,fcuRIvNuKwLyICz_WfCAoYrImSCS_AxhiVHe7JwnyCfYc03ECMBUpu6i13g=
TND115法登他000042,--o4NS82BpGds8vjTOVasbOXj_wFbwABzeGi9hB3GWy_dAKyhLNmeGFtOj8=
TND115法登他000043,va7ZLVZwiO2xuNyX4GixiX5pQKqy5CJK7SJq3ivm9A4ERHJO1IxoTYB3wtw=
TND115法登他000044,W5ERTHxTbpUzZ9gHiK0PZEPQgqAhWVKo1G8x-tK5b1gVzw3dL15mdlFGxjo2
TND115法登他000045,HqfRG8eKPpsLOQabHb62oJAqzo991NPNjoC1BDP7wuRQlj7XrXrmC5xyI_FT
TND115法登社000006,lu7lmUlyWzRXmtOF5Q-845jFysVlqZq5vnnQ6tP81kiXN-ji-4Fd1cRTBGB-
CTD115法登他000011,-zwhvbtksdx0y9hIVCnhc3R-6nc6iZmXHtEa_mOQUH14M06tV5m63GIT1w==
CTD115法登他000012,moU4Sk1WkE9LWPMdXucfL_kk0-DLRveTM_B6Axf4IgXY7QlVkGQEUWMVxOc=
CTD115法登他000013,T5Rhtm6D-S7aJYcAO3UM6kss1Y4AUSVydzK_W19kpxBHpy9wkdR3NVWZxZU=
ILD115法登他000015,IsVZy1IwBJOHdLg86nApg1mgJxGwBIkoHQDKjY9mCNJR_qPE1RKwg0Z9qQ==
ILD115法登他000016,0jr1ap_xrF8rHJW16r4_Sq-n1zVpRoRW0ioZE9th4gJYhlQS-Vve9b_Pow==
KLD115法登他000011,i9jTK3LdHTEsORKsCqTeC0DtJFY1kYs6VuNTIRCsu-kw1xtezNyurZpzDg8=
NTD115法登他000012,P6XxW0-XKg-H8QgCulhzhE2ONFqgmw3YgxubsoORgzd4RPg_bkH5V8mNU_E=
NTD115法登他000015,It07whCB9N7s5HY7L4Cr-hRV--w5yfJsMF7Ysyx2hFDfkh_T2Xya5k80C6U=
NTD115法登他000016,QKnpZm5gtjrIaTfL_sIgUJsJKW8SK5X1Oz3bqBADyhKvwiPFiVn-SteyEtY=
NTD115法登他000020,g_yGAvz_lj_sXowuItEvX7kDl1yi1KoFWN4c7bjbsQywyFK7eDhNryeeaPs=
TPD115法登他000227,xmIE2_Xxz8VKqImuhUf0kZwkRo8zaYG7yqotd-rMLfdxy_9_nvjWK8Ionuk=
TPD115法登他000228,ra0OOPDoIbbTklqEdlVq-xjK9VEAi6xcD1FVpJr7QcAc1DmWX1V5byzLm-az
TPD115法登他000229,QgCC8ihodV5Zjr4zXR6D7FQwxo7Wgr229a7UDHA8LgTf5EQSR_BCSMWJTRip
TPD115法登他000230,QeN3YgmrE3ScL8rj9gqlp3-FJ5b-q0jbcexU1PcDWzaZkuHe8BHiH-Slv44=
TPD115法登他000233,d224eTtxHOpUP5sEeB7Z3uacLT0v2vDaZ4fntmNGRnESvDhtNr_0LAg_UaN-
TPD115法登他000234,A7ggoVLkayRY7Plz5-zxwEezEq1A2l-BwsiMsWv-kxPWcQI_6JqcBrxfnKU=
TPD115法登他000235,4KXNLhfp9_Zec2r_dSpz8gLZf1UYvNPCH4-yXgfrCN_lCnqbUVNAr4QEYmC_
TPD115法登他000236,fbiczKc2jmFzUe4koImrmklJfB9EV386FaFC4I1rZllXcdVlQarRz2MG4sYf
TPD115法登他000239,UcmWIK_5MRvRlvQFXxvoEFpsV3gl0ESkrXGacsuo9iY0J3lInmKKyTCm55cS
TPD115法登他000241,zeKz1e9ix7sb9qYKd5NiKJ6Wad9jCcgLN212M5dr4gfMPV-QoEvlhwCOzhBp
PCD115法登他000063,QxefDpbWes6231HnNmrA4GYfH38lJAJoZx7HMWgQqEwHyfnUHn4PywgpAeU=
PCD115法登他000064,sxkePlXWo9GbGaGAkcp8cTQkiI2riqEKLBUy91PkfSYJY4QbfWhc4x-xEIWQ
PCD115法登他000065,bBJv9chVNYXQc2894uIAKM6L9UqZ4bu8JFJf0v0PLNUt2Auee-WHY2awCNyh
SLD115法登他000059,O6BGoU15YDzlxwDJM4QdbFw0uPzj2AtbPUwU52OlkNsl_9ngRjNL9h7SIYIZ
SLD115法登他000061,1_dVFG3Hv9QuwGGNd3atsZL64asQHkJEWO5c5EsUmo7jK61_3BXcKavG7dicgXU=
TYD115法登他000035,bzZiJ8U1YbjzMkIoRtf7wmlMeGTJL-j3Te0XzMHLXqrc3WqQ3Yzjz2hy7asI
TYD115法登他000047,IGlQSURxx0grnoma6x0HlKgFQ2ud7OLfjpXTNPTMY4jwLsEQlbyHkWrWpG8=
TYD115法登社000006,Jm2wJUVMf5AWy2f_d-aMlRZGZy5rpigQ9lk2mONADubFMqjf9k5RnEA07N2l
SCD115法登他000025,0tHjSVovt5XJFwzKtm3p_u0_JfeVqthc15OmOc4-0n0tuITxyu3sjmSzJA==
SCD115法登社000003,lySpeM3RRzqnPhSu7SDxs0DdfWNuQ1_IaQR6EXgqhV8O-Zq70TDQUGkcDVS6
SCD115法登社000004,tIo8jmes0RjrvJfXe9brNkrC5a8M9zh6CzD4x5xO5NJPIKlpJ8hm74VTRAVl
SCD115法登社000005,wNqJ3gINvYMbSXahIm19QRwrVBXVJC_hPiW0HKUCIsCZflLI52O1SKA3kPzq
MLD115法登他000005,ENuQlBRgBfxVMNjg3pgX_jJ187xSVUCPlNAw-sF0kI9HSfXNRPhgt0ED4g==
MLD115法登他000006,uG8dBZ4Ja9Z7vssZn-ddjsvm8BJsyvwo1B_KR9IbjyKhhxB9jfugGZwO9uI=
MLD115法登他000007,KntQVY-LYv6du3kYraAzjlvfS-21-Kzhp84dju0GYbGEO56b3_lZa74l
TCD115法登他000098,NnpsTRHE628CYmcTPOKvL-CgbDr21GBpy7PUZDv5R56B0HauCovHGV1zBuM=
TCD115法登他000099,-fv1HKno27jJ8SB-cXuy1ap6zb6dJtr7UETheDGM3YQ0cv0j0axOg3tobyL4
TCD115法登他000100,zIoMbxxKsC3YKv3WlNWExq0s5gaQk1n3_tNGimxky15bakamwKjpLzY4xCg=
TCD115法登他000101,qV9PIHbdDtMMloO0XGkEaRC5EWh6uQ2A4itxSGk-b5FWvkJdKRqwj6yn8jwW
TCD115法登他000102,_YqkKzZPoxl4JBBThxd62ujxWJqORyZrvrjIyIJ37BeoKKW-Eki55DzENrM=
CTD115法登他000014,W7jYBnyOXUYQiQGr3x5q0ynWLxtTYUYi3zJmDsgwPLUMOrHxu-f4iL8bTXU=
KSD115法登他000034,k8gummoPtitNl7ADN2CZFXfT895Yr410_kKVW9sWILahH7cmvU_Oq-jaJywt
KSD115法登他000035,4vXu8kKeZo46JmHZEzZ9dmGWZOIj_INQFFhxfhY17w09TwN4FutEcvXcG9o=
KSD115法登他000036,NlETEBznP_SmmNaP7n-fvJHKLSnY8Gx3elrIV2TLTmwNf642wmR_IAWd7cY=
KSD115法登他000037,GeKjxYlwgSCNflMNgr2h1j72aoEP_hAdkP02jR84YPcQmQE5p6ueu_01ux_w
KSD115法登他000038,QLzovAjJIVB5boa4Z1YvSV2BNG1j2uKAuKdbViF_lCeikX0wv00hYlJKk5F-
KSD115法登他000039,LLVbmAD5564ooaWH7t_NsR4PF2aL_totneLk4gGGIXqJ0N-7sl6vGfWSoevC
TTD115法登他000011,5ZKsMSuV5XSA85zZHMDh11bgGSIEkPmqB8O1fTx2MwWBcFD3FoeQy1WgYg==
ILD115法登他000014,STzqB6cu7YC8xHbc8nZ5klziwCp9kMWoV054GRwzGtLf4Mec75ZHObGNSO0=
ILD115法登社000004,bwNQCYknGruY2ufRymSjV-N9FlHMNmXCKpPtds8o8lz2AyTMsQquvsiobEA=
NTD115法登他000014,smJjcL3WJBcZ4ps-VMR1RN4Xk5rEzbzbIQ4Won8vPbfjc3eMHvgGCyI-eQ==
TPD115法登他000240,sZ_1hXHYWWwYTDJ1X9dTDQm65p36yeDgoztPyOO31CaAKPJXEwLF9txpUUzI
TPD115法登他000242,ituph9AHmWHc2U4trus2NHhJw0aS_5Ud1qEZHycRcamYU2XbQ_FbEYiSHQ30
TPD115法登他000244,j4OAUpUyrN773SVqVqn9DPoYpkJK9DHrcxfeg7OVx_4CS84kB37bav0Fg9x1
TPD115法登他000246,u1qXxuBE3fz5EpNa5D-gCZSA_AxIvZcbfX8rU9sDJIsEOIiozsA7vn-JwBLj
PCD115法登他000068,cTU6G0Lzw7TYWt4MgiuNxfmjPP3s_DY-uPkOZKDA0Y6KsthDVjpFw6k7JDB4
PCD115法登他000069,3LKwynvUMtLX69U7g5DSUyHZf6iwSp4rcl9KlFseTccS5TD_RGvd-hXcfsQ=
SLD115法登他000012,nAqvnDUK20qFFyz6xRMnpDWEZiA8R2SOucMS7huKVUED3fVqm5FNRn1YFYQ=
SLD115法登他000064,KBShppFsh6L-nsJO05eHkJFzjcQYWJzJ5xvxQgT6edambNWGT31H3sfY-QY1
SLD115法登他000066,CaU_0G8R1h7wm9Se2a3EsVWKFZT02BHf7TtIW5gh6b-lejxoPoik7UZVNbKQ
TYD115法登他000013,V9IbS2uVPnLRFgPlLaDtHvL2T1fTXj0A3iC7sFCHZm2TfG84tpNNvsT8nkE=
TYD115法登他000038,cOiYFjmBge6bBWu20T78uVVoX1DFGhjWSYiAxB9cradF_EM-7gE82uybHA==
TYD115法登他000049,ld_bEPSraSFfjotxWAEV6S92h5wWdbKO2O9KbtUESJX0YgwdZFanZavTdik=
SCD115法登他000027,z3Wp5wpSjz8qPBZqHA19YFNDvkuRO86AjrOyZcToy6m5iUg9kQ6cq09oNrY=
SCD115法登他000028,dlmyn49YoQhom5KE0LSbGyfAcM9tjDs1J2p8wwg-x3zoJpHeLgjWxsFrzeRK
TCD115法登他000103,yM5sTePJnSHrrWrQguBJBBwVYxnjXkHNveDfGls9E7dsFwizuvrhkp6k-s7z
TCD115法登他000104,H1Df0_d-fRiHuknZiMttvsYHMCMQzZGDJWi--SACeKInNUUuGJAXjMo69qPe
KSD115法登他000040,sYkyLJlLNzLYYkpRwHUsS4AzDCH61-1-gVO18hIuGRNpxvndbqxbYvv1Mtg=
KSD115法登他000041,WMVrOdHBOQ57sxtolzDMsGtv-KpyEzsYgjNgvt74JxvCm4UHnJaXpzYwF-f8
KSD115法登他000042,PCrsXXkxpZm_ebp2shFZVsY74eV3dAW_xrPzS2_0TEmt0ukrfBmg_o5C0qAm
PTD115法登他000018,n1IJZY7fRtviNYCcNYd61ekLmm-hh6sFaVnvrQdp0pclgQp4m-oAYDwwHeo=
KLD115法登他000012,ytopkQW6R1FE0ht9ptVw0ZCLyJTIwn_VrMG0q2q9xuC-DnGIIyBqN7C-b1A=
KLD115法登他000013,_pRQ3XYgJHp9zNHI9znh1o3J2E7vtxuB6DmMKcxUiraiqhIB8B7Q_yPC8w==
NTD115法登他000018,ZV_EPROojfVGMRJjTWG5-w30x_KGB3BbRBHFEFiojccIngRA7WR8N0WGZP4=
NTD115法登社000002,lkBwFT0hM-6t47wItC74-ELLxD-TFa0_X9g7D3u3N4j5XeF6MrbukV05_Iw=
TPD115法登他000111,asi5rRd57cmFVbVwPkuRgauzOE-bX86J5nZt5GcuyPRgwgYHEADQEdIbml9c
TPD115法登他000138,Njl56cMg_-s1jq9IkHLFBdOIp-Uxrg7sa_e3llaAz39Ty36pTZ88J7ryZ9A=
TPD115法登他000225,yirjdIVVPHnjR0a612yoEUPdF1YwHN64_BEpt_XxAeuVQhaUsTXnVw14Ik9F
TPD115法登他000243,IpLyv0XNftRUIid-RTFZ4INI5nQxVrTI59z_h-ueGOiZisZy4gWDBZzinQ==
TPD115法登他000249,C7xLRMizsZVHbLovm87OjfO1xfN7x2MkGjiRxLD_ttPIldiSqGQLBGDzLQVE
TPD115法登他000250,9UbzqDd_IftI0K-e8D2XvC3mazpQNRVwhNu5WeB-yoCeock0wLqHDrSD8yqJ
TPD115法登他000251,rTpSnd57-QX2dNjFGQTZVJrnDfF4-fvkpuzF-pHotAdXn4ud8y5va_ZMN-Q_
TPD115法登他000252,fPDk9vhdVurYWguIDH6LflxNK5BUiUdHwM2J0RmflsRvxCK3UZ4XfAG7zlH_
TPD115法登他000253,4AItJVnPHLln5k_SF-sBDTAXa0OvJejn1-m8mTM74nOHaApEDGLavGv0mA==
TPD115法登他000256,3PVG3-fFGrZ-C5FRDUCRCe2shQfoXuL8UYYmocgARKHnbbVC4Yng-1a26vD2
TPD115法登他000257,2QMObv_qCW19PFri_VzP5rsCMm-lHgNZDDEkosuKWA3kkAyqDn7sd55buqjr
TPD115法登他000258,ya1qXjZ2oaRY3fVVcVCqJGZEMnit4ZwJ1uqqJPzsGe_8isl0Fy9ikEjTt3U=
TPD115法登他000259,GHUGq81brUSPcvyuC-yVfC4mHui1MmQYp6HOTT8wpXqzEqCne6giKxql1jDy
TPD115法登他000260,xUF41vJbEx5edoZtSXvlPjaRfcG4wEiH0cfiy4s9_0w4uZApz_rwKzHGUYU=
TPD115法登他000261,3d30M_kJAmX7iLISc-azC6dGJK2sOIVqktcY_TZKP2dw_UvHkXjqpgItj8c=
TPD115法登他000262,-UoCUOW_ZmzL303Fd4tsovB4EGlnSbsX4gqej_oiDKgKkMOf58sr-pzFplyo
TPD115法登社000012,RGrphGlrrNVZFZJoS_MrBRFKwQ7zfwoD1xsVsFtf31NUseGHv0mUXiSKoBAc
PCD115法登他000070,Ap2eHYNhm2ywndJHdUc5fCwKz8wJ_Rneq54WXLMkdvkSBocG2IB0puloZbXd
PCD115法登他000071,6t5eH4cJ-DK7djRYAL51DleXdOZcOLLQkif6Bpw_H0bLxlpoxqrDsqDAbQ==
PCD115法登他000072,XBJ75CUhs6n3EufFlfmkceS90F6tyfJMsReHu9cBQvOti6V-5GgJEIin0QoI
TCD115法登他000105,MTAFRMjIUm60WOXFrphQQWLjxbdawvatE71thL2BNMVehsE2ChIhw-VnZR8E
TCD115法登他000106,K9EqeeDKd0RDz6H1-ouklzSv0kIrow6wk1tu73Dzf7Hxrhhqy_ialBg2waj0
CHD115法登他000005,MGqQh3bHwaZdK33zMry6kVYq-01U_jUgVm304dzs6_U9qmZj-RSainLYNA==
CHD115法登他000007,tz7NpVUli3cCdOWzOweupNmDuT8ORxAtCfw5ohfV7ZSLl1yrUWyiIrJiJw==
CHD115法登他000010,4EjJ3WKoJJM7XIbSFx0xSLPkRujn9NmKbrOUbw3fFDA4Zgc5v7-zk-N8VQ0=
CYD115法登他000017,jzlaWNy2Ttcpmwy81wx7YOkdnxRmCcKUPaAEQH_Yap1aFeq9efeaDqtadA==
TND115法登他000047,Mcq50XAjdlHf_WgYxEDarT_IT2BXTaiZTdgkFR4p222_LDnhJVPJR8E3YQ==
TND115法登他000048,ld9GvG8zX_9VvQlXatfa8SQzBoHp3X_aAMwDd59tTQ3oapE2WsL9eICFQRw=
TND115法登他000049,j93kncLPn3RDpVg9wvPIvYzEeEFFXiGxPseiZkcCiID-MdfHguvHjgAQDr4=
TND115法登他000050,9Ee8pCnTyioQSfGlDISbSdgmtBdAeNkF-2h7fSzTKiAm4mIBv0xviqLhrkL8
TND115法登他000051,k8Lcd3fSBt5MoRHp7kglz0nV6lR2ZT1IQyQ-LFoW9eSYv-Cyg9n0KCYHPBii
TND115法登他000052,w0j_eoZyUIYxaXI5mQBE5e9HxNauTPB6IpcdjkLQZVJRMZNNj0AHuno0Lagm
TND115法登他000053,HYJeX9BG551C_QITotgW6gDAboJT07mrjUv-BgfRv6oxnu6WFDaGnW-lOiXo
CTD115法登他000015,_rN38iYmEueiY1BDMvYiLmT7gfWoMla6jA3v8uuR-tFvf1aSdYPbgEQ01w==
CTD115法登他000016,I8klUiHrhJOraf9XkYIvzumskxqfO_KYo9chJXUImCKxHo40P7SyhUVung==
CTD115法登社000005,xQQxf-bL6HORUYri5uhD1GL5xUx9L3uWjQVgLqMYIN5SKcaNOzTw8n7hIGY=
KSD115法登他000043,6mLGB0KxABrtTsqY6clrpPoDu79V8x5hwchpFlw3P6v13TKMj31m5sqFpyI=
KLD115法登他000014,TiefCxxEYtwBT1V1iN490Ur0mykl2B7XQwbHmlVlDi3q_iXNx86FhXsUNf4=
KLD115法登他000015,UDdIY2BaWqpL-iFDwC-7OHpBG7VtAxrwxoGdb7d370fPHE99CZjVDmXxQWo=
KLD115法登社000001,GppeQn65GqY-BUNboTSUf4xAZe9fAKq5xQuM44traNXWAbVec6Q0PVfWWd8=
NTD115法登他000021,QrIujbqGSSu4_cvciT_SjIvMxxVVDLidxmfSIoLI0xKfvZx0sSh94uD727A=
TPD115法登他000265,j9L1nhSUbiOLRF1tU17qb3E7yl4vtojdYA2IywF7vQWOmnVjttfSNrmgofaK
TPD115法登他000267,1ScYLRF1WgtTCmC5cvCEMxyXNsAY0aWIaBtq5JcjHURHlYv0KNnaKgoU2Ea-
TPD115法登社000011,At-aSh_1jRqtBFVA2GetFKZgj4k_eTwBVZw79iE07AhyIyhPt74OTCI895gv
PCD115法登他000073,5c_13gz8d3nchzzMfGRcMM6Dk70puim5WtJ8yhoe7ExxhTxUrPcQr_DAj3o=
PCD115法登他000074,BQDmyqE9JDrnfWarQSrMNliA71EjcAXYjiDcrYNW5cVSZNPhOlWkvwMtaWBZ
PCD115法登他000075,QKInvxhz-6IRLfNND731U6HIYpk0UQMaSoaLQaZ3MaI0CfrSz6-blxYBUMQ=
PCD115法登他000076,cYVJpqdHtYOuBzfyDrWOo2a_1hLH8QIYDfjzj4GqHqWhjcHONKQFVP2LBurW
PCD115法登他000077,QLWe5-51npV-U2SbHDqI_srTOtOtMBFZnqV6Ik5Bb_9XtiTO1zKkAlvXcHU=
PCD115法登他000078,KUKq97WWZ_w9lXT1b6ZyeforZkXPWgcdP0b36NtCFVbAYyIUmkB3dsYxh1U=
PCD115法登他000079,BbwhrmSnkdYE5dnwrEn8AOK_zGEXus2iagD1eIEukvKmK538oHJEMJiop2rL
PCD115法登他000080,uOgjPxCv_qT4MYTpSBk20dc3BLjvLdHuo9qN2XsABYBs7MPz8tU4dRzGyuUT
PCD115法登他000081,RF2kJVZniCIAbxDE3fUhsV9LRmT_j6PAJ45CKV2U9Vm374nZ9RZq8Ysdz_Y=
PCD115法登他000082,YgncJlfH0LHlIJOPKMFXbqEMp03i48GSmVQRVk8nm01FIQW__XtM_wVjROI=
SLD115法登他000065,g6f1R_LBT3sehql7wR53OULAl45VQm5WPCqFC3QCAgLxCRx0YXS65rYddpSDeE0=
SLD115法登他000068,K-iTrG7BTd-o1MdLqHFu-PjZOHD3JpGjxq5gs6JYBldl2FSboIBPY9EwB4HW-ks=
SLD115法登他000069,kVIH5UfAzhTwoxSa3jDvHCdEgQjzz5g4tKwblGT8o-rFu1B3KLuv7q1lqPzJaPE=
TYD115法登他000032,ToJRxhOwvxl6KUXM4cn1v19VFrkDsb0vomX9vH8ATddqsLMTqP4mzysR9g==
TYD115法登他000052,J7-x1AkfwZBf7x9z5BcnonshtvNoe-a8IOYNi21CKnSSkzgvYB4CNVbwu88=
TYD115法登他000053,_7JCpTwnt5Gy_m6QkzA_hHAb1Hp4e5ai7Q5TRlXdg1Bts_GOvH9A7M1n3Uqe
TYD115法登他000055,Lplv-VYvyJ14NavnVZ5kscxGVktmSa21mOl-guVlyTavy39Sdp6dd9KwWCqu
SCD115法登他000029,63pXGsKZ116jPBvqgU9WZgEccFCeTegnLBc2RG1T80Jh0gnlcY5LDEdnMBg=
SCD115法登他000030,ZofQg_OxEgZJP9mDskqqYaqf5aWjCp-l8kcleLtTtFrzd4OeLfegqmm5Odo=
SCD115法登他000031,UJnv9MOoClodfgVZWX2CEFVe54VzN_8AvgD-bjZpMi_4EIzcO7lKAavVHuE=
SCD115法登他000032,keSBRTqqimUMD-LRFJ4rrRa_8fRQZ-vlov8QO6yAdHtGFfFJAXNkBz5PXUo=
TCD115法登他000097,ERMweZ3AqoPAHONAtmBHNLanekBCXtKR46VX0hGDZ4zkXA0utJIypBc-Nxet
TCD115法登他000108,6tX4QS4fsxp40aYKGiMl8Fyz-i2UH7HLNtDouyloA2i5UXUX3sOEDwfboKWi
TCD115法登他000109,abrhjfSlRvjzLbVvBbOBnlZ2WWBEQKAL6x0JL33HNRAgIAWHmvowDA0Koldd
ULD115法登社000001,yjS8qZ_t8uR2IySzbMJ4Pa72taHrOFwukNSJRzpKAORRtBgSMxV6rSXd78I=
CYD115法登他000018,X23HDsCUjpSIVBBFo5WiakMCAJBufPr3F3McxCzR_3z28v0WazQ51iwLjQ==
CYD115法登他000020,IuPCKmTFkD5ZUUSzOf4zT5v425vtT_eE52s-SwstKypY6eJwCQF4XqKeIZs=
CYD115法登他000021,CsoSTpd8-EOhlAfIBrP6gy7jverml8nj3vJwAG7XcNN6JYWPTQK18YsAI9s=
CTD115法登他000017,hGsrjqHlW5pLZynzhnUlGElxgsnIBK9Yk2RSTo0G9TkLcqo-ls0xfxVWHGk=
CTD115法登他000018,1WThc6XbvEg4avSM8e83ep8svo22YBi9Py4nV4DziEnGXHoHkc_08z-qxc4=
KSD115法登他000044,sFzzgg9-EVnlsOTzec9vk2oUcYV9EAqa_zybEi2fKtH3ilkE4Jxa5PcBoRii
KSD115法登他000045,KQkX6yUdQFXXYNRgTPwpFYNL1wQoT-KRVsKi8u7akKSwKCn3AktrH_7KePjM
PTD115法登他000019,NECa55zYlK29aohlWd_w_fe__Q7NpOso4wv0KY2Z7N9h-O-HK_X-xXb1QfE=
ILD115法登他000010,YEX0_hi7goNtELLMLnXHCCfxIF1y8W32kSSNxYrHyNRGJnAlk_4zgzvHUTQ=
ILD115法登他000011,YVZjQ-EXMo0MMVOGzbrv_hpnvbgQxvQx4NFmUXjlghFk3bzpWEB6KDStNoY=
ILD115法登他000017,4q4BD7t4IiZ9QepoMp_p98rM6o8dCPDy1gpFN31xNn36Bi3CYY3iUcjxIPc=
ILD115法登社000005,aP-mwaAbnMkwWuzMyDBtUW_WtXIpp-d6ifUawlVpV6n7oNdUB8ODJR0qxng=
NTD115法登他000023,ch7k9xnCS84ciK-JC1Yd7NHepgTF-oZbUaCThFKy_A2gldwWpUECPJIUuA==
NTD115法登他000024,MFetIohGQcc0dFcv-ogesjRh1itzgJOHgzQ_HP0cf58synp9Pzorlmu9V8k=
TPD115法登他000247,xE-LSR--R5oKJu7OKFQsnz-8UZeA93yPCjrGt7vCk1lO47pxLSxpovWyhKb2
TPD115法登他000263,FltgCfgBrrVuvt99uVTP12c_eUNIguyLIliUO4o1A8dqozW4DIxP92vagHLL
TPD115法登他000264,-n02VQgV8xF8wvrKg08EogKabTzVAGkKk0qaekeQvbxizUuRl8fOv1eI3BE8
TPD115法登他000266,iuT97fXC5WRGHnY1wFx_5FgyakSj0KyRuqsQ6nvaFtadVl7cLJS19GiY-lsG
TPD115法登他000268,UJ9Y-6WP-C98uL5C-jmJ2ruiKQegskBD4v7qtKMU_MGGQO8hzDHs490iTtH3
TPD115法登他000270,2sDoEiw2uqeeH5D7kJG8QklzGsA07ZHjNsqOeghNLwU1Yzz1nGqlJ2jFdQMe
TPD115法登他000271,D7gsc6iIVzqWWiFvXr9I8XNS0bT2BxmrHOXgMfPKSmwQRh9UPSjB8wQYygA=
TPD115法登他000272,B1havSlk-MfSc0QzkiKyWqvGxfpa2D4m9wzqWT3oMzxYdtrGClBvapZ0KkUJ
TPD115法登他000273,zG4T4mvwiLyoRkkCUUBk3WXwtD6j_LrwHVmhkHXHNsPRYT7o3nORj4doifA=
TPD115法登他000275,0wIYwhUAua0Zo21Py0ShVTXJzLTGxUG7yCWM6fW6QMGwRPjLhsnzrW4AWdXm
TPD115法登他000276,cLoYxuiEWWyVcqqrOZGxTv7ZRm9pAjTa0-O2Qy3Cz126y5JQFFTxdknG6zCm
TPD115法登他000278,gfSz6wjio55o-00z_H5wy3OAZ4I0Z9dBkZVVa67qqNvNkiVILeBaTh5nECrR
TPD115法登他000279,750uPr4wk3Y5VopSmHX0xFJAhGphDEBMlLRbtAdLiffIw0bJaRJIpr3Myf8=
TPD115法登他000280,aaIpRSUG-ERxPbNVzNKyYG5hdDNLCv4POdiQm4bZS1UX1GgmNhtzBZ68oat0
PCD115法登他000083,uXMt1W_gyKsf94Bn8q6d4tnW5TIdPfEG5-CfXY9t1KWLMn8_s3TFqPwicFE=
PCD115法登他000084,BSO_vM8BSwaL46JqKg1WyM4WKeLeOhHDrIGRDXTNHRKhIWPWB-mhBYt0VJUr
SLD115法登他000070,8SbArHyXV48LQ5LudWiRLd3FBCe2LWK1Y6XhfMAILPVmX1yyvUM1Cuewnxm9
SLD115法登他000073,VnXXPvzKB_sKaleu8R1TAF2X97B1QJhoMz5hoRiZyfyaszT0--Ok47FCsfzd
TYD115法登他000030,bYcUIb3cV1x0NUHrueAIXp5C0UZXUm4flEy8ILHmO28c22hFRcFH6sX2yd_A
TYD115法登他000041,WFoHURf6K30twScOBc6MWwvfYtajEc4Q-mZXuO2F6ES5TJplA5F7DnQD
TYD115法登他000046,eQUZL1SXWipBns3mFVlokP-F6K1usWP6B1MR52kMqhmuUv4ZGKA1ARltcKQ=
TYD115法登他000050,4A_8HNDlD43o_4O55vfkj6M-5iBFFUaZQ4ZTHjejDpQFiSVvMaqVW3aiyxmn
TYD115法登他000058,q2Yyo2zotMs-7zVQ45cyRZF0LOT1EOTDNm37a6Nl-qagzfjuKIILbM51Q38=
SCD115法登他000033,X5H9jY-611jjdqyNa6n2R-z2cOqa9gyKpv4r1lEl4SEFpthD32zXEOmF9gnQ
SCD115法登他000034,iLayxR24CUHirsEtPRxih_giQdyFwnEGNgELSce6LdFBu5k3wKYn2kEjkwY=
MLD115法登他000008,90EIjPxAdxnLp-YeSgusRZreXdxC9FDOKBIv_b6DeSTMXywJ6NwNUUR8BYk=
TCD115法登社000006,Axdx5lC8Cdh2uFlQSsuln04fYW5dUmNslTgk-tYdIG6AasOADnbbCzpN4E0E
CHD115法登他000002,PA1cfW9KPIl6wQijY0_irxU7kN30XFtjU0c-M2gZvCdOVqP_Yl5glHcUYQw=
CTD115法登他000019,ryiATimeRVwbOleq-JQ2mrXuui2JTPgDslf2JwRn4sObc6aQ-yzwU5MCOKU=
KSD115法登他000046,dS-v66yNyrCnGse2FfWBhMagIQEqwN9Z8NoDTG-ALvI6_ttpjglTmS7vt50=
KSD115法登社000007,e8H-MzWz6us5CzuJx8cDiG_2MCFMdEO8tR9Wkd1pbNreQMWgMWY5gKs9oVwk
TTD115法登他000012,JSo4xLSFZJoHF8IoV0VHGVAu0sqb3uUfjVPUjmCf8ImsRiI9Ko7ONLf6CoY=
KLD115法登他000016,OMEBYcTJLvT9VqSgesdUikE7KIc444r23Q4NwQJBlGNCin9KjTkXOSYl8YM=
TPD115法登他000248,UxD468p7GdM2q4RRTaRX_baUd6GeZgXCgJWJU90_uTdCNxqpuEZrDBI9Lg==
TPD115法登他000254,YH_J4MSsFPgRUs7qL_q6VHEc0j9f9OYkIbWFeTNplIP1ig04ox2zDkYaPMcw
TPD115法登他000274,fT9Y2nlSEru_77xBba6tWGZYzWLJOb1x5aXrv42pynZwo4DaAuzjJgUTaOxJ
TPD115法登他000281,j73FPFt9Gw95343Srwc6MKg7g8YBPynP4xfYoYhzc5hEJqGqvC8xfJpqIZ4K
TPD115法登他000282,c9sZL6OK-hWFou8jVtLwHTMkEGcKBt6uek0T9cMiX8Go2HjSWZctspw4VA==
TPD115法登他000283,tJs6zY0UuKhCU98H7GKnpzb6L4_olE2zBo7V08daoPgRePC8WklKD3RItjOf
TPD115法登他000285,ZACT29NdWBcps_T0q3pvYKrCBGseYbf8HudE3CAyV5d4lTrtFtD2H5FQfVzY
TPD115法登他000286,1TIP_DyFIn1O8gVAhhCrJfp-0fPCul3bdEIv37ieM3026lD58Nb7PxTTAVOL
TPD115法登他000288,0b6_f8MjXI1PKv64qYpBytW9tQQBgTNzOr7L_IR7z3-3ZKBB6CsVpz56IrN_
TPD115法登他000289,vyLnR_1LfdEJ2VXzdTQku1fMAz2l3vvo0A4XebCmu-fxCFvP0zfAThN04XHN
TPD115法登他000290,1x1Ttq0mnpfjz9BDRVhAcNOMB7Z4fL4kK9PSLoWazf26N3PUr_K6npDA4TRc
TYD115法登他000057,RoLcuN-fEKFx5p_IOd9WQarFMoGYbUdiqx7FEOeRTtEvu4d3LFpYV0mzNpGx
TYD115法登他000059,UcwXgGSZLVBr7veHtlzZDRCOUBsP_d5DS9bq2JUy3GgqSiVkWFYjxyRuJ44=
TYD115法登他000061,E7IteMVxCF7Mch3j6Thjx2HY2C7QRO0ENgbZeuFtv2iuHTV4m_0OSZj4bYYi
TYD115法登他000062,bJ4F14sp3yXX0Qcl1tY-enyIriae5mJF4Bqd3lRWPVzRvJ9d5SVrNxVVBYk=
TYD115法登他000063,0BvVj45-SjNB6ibeY7S1V3RUKocgXXnDpYqmbvOgw8do8wvGGsOGOXz6rRI=
TYD115法登他000064,MHFelBnEYCyxowguPYiKq8lCseSKj2rRhXoY4eqt6AXMkTiaz-PX6Z0ktRA=
TYD115法登社000005,I7DGLuNgm_e_vHIwv5IusDfJGkNt6qs-9btpUbSEHmvHr3p1iHSK81olE08T
SCD115法登他000035,97W-mxTLEvm0oTNEN-etRFYe6vHwAzes2l2Y_SHIqPKt0474pgZkRLSd5uA=
TCD115法登他000110,JSSVhEyJ7Ddvtob2GyV6vgrWnX2uPg3Y7pBfLXxunPmXctW8FinSTp-c6IQ=
TCD115法登他000111,8At-fP_7lABPhjm2VJKsNEDQn7XaAw6oFWUQ7JD3ANibuvPVja0sAYcd0DJ9
TCD115法登他000112,ns-EJFZICAnLlyPEiLVfGTfUkqDxiT6PLbDWsXx4ktMPVXrkD6NRIzcNjqHt
CHD115法登他000019,rmlqVBXoiJ7sVbjhAkyTx1vWYJRa3bprUKgeqAs1i2FKzHnxmukwlVNurf4=
CYD115法登他000019,UJE0Gn8dlohEdHy2BmXcPI6LRDnLWEIgQe4rCPSlBHoN3JR3R7clOBmg7wo=
CTD115法登他000021,195ttg2YUU9PKiORVJ1pPl5iAYCcfpO_kdHqbfryfqa-a2KH2LanqfTIYA==
CTD115法登社000006,f2qHRPcmwk77_va962z53AJbS4dX8AAIQ7dzKw2JlsrlhVZjw3H79y6r2do=
KSD115法登他000048,tpaJY9TI8q7YO1ddeuaaKWVNtL3YWg6v80ClCM5wR8tSYWm69aafnKMjc3Ld
ILD115法登他000019,2101kVz09i-meRMcVtIXqRULQF3Czbde1iisK5ejGgziTTbxHZ1tqY0bqRY=
ILD115法登社000001,n0dqWE1McyQN4dUIkfkGr_CDfMF7fukRim0kFhGyAmfhA0GM_metf6GxnLo=
KMD115法登他000005,bdH01-oC3hNEq3eDVkt7Ngb9k-VEr5nZG3-GtaORRMMfU25zynquJ9ZOKA==
KMD115法登他000006,S-XzUfSn5MaSrtjI-rI5PFRuhUuAqkhUNnxUWl4KQdiUOElal36iftkBuA==
KMD115法登他000007,sfTcYv0n58jaBRg-pvDlbWuZ4dMdlZrzRGeCbdYT_7-qSn0m-MQWDxgfwB8=
KMD115法登他000008,pdrhPdsPx1G97ZPHob6B5t-n6r8_L0F87xp1LX-x0GQyse0S0U67K1AdGg==
KMD115法登他000009,SP-s6D_9twD_dH_ESvK4mUGnBBjcDq7UDsGnOWH2hVAcFCtb_UuMw68g
KMD115法登他000010,9kRStcTi5MWIdVZ734i8Lf-laUo709z8ilzbDcgHmRHkgkvuAHXapmMDNco=
NTD115法登他000022,ioF81J7uf1FQmDzKGGF3sKX9fqq4XVp20YEmirCfyjhAKdjISmacpAKaCg==
PCD115法登他000085,TYhIQwFGRHYOWuGrB4rR_vuwPpd1xI_AzOJsbIuV2YJ53osLmhjOr_0pCQ4=
PCD115法登他000086,PBGnR7MjJDf0kD5xJRfCzbZa224JOvsTMEtDpSuWhaM0Lk4H3Lsn7ivYLUyh
SLD115法登他000071,8icGx6sXzZ0DFDqHRnZm_WetUNUVFc6ellBSrxsRR_Xz3_vCNGMZXmlR5dI=
SLD115法登他000072,19xeLLmTnlV4iKZ89zUjSQrLzZvSZqrKtAgS8fwSPdmY_bRKUC0P5xQq3qQ=
SLD115法登他000074,UL_R1-NayaeOOVfRtCIJb4mEd2TKvYibc3RnKYvEkxVrJElMREqKsdObQPT9
SLD115法登他000075,uq7ZZqay-QDM8sHVpCR2g5m9PvzaXkV2RqIxaMUxuJ6J67RTF9WcBtVbazxu
SLD115法登社000005,qMcw375uZKqAFlJ4yUAePMgETIqaG3Wb6TEKnTGJINYpU0yEKaGHlZ6ZzIwu
SLD115法登社000006,Y0zuQ3MECS2RoSGKvKQ-oDoKF7FaILoJfPjQR0dnjfob8Wf_9Rat7nbvl9oG
TYD115法登他000067,xO-dvS4Uk-mqMNU9uSypC4DaXVWQiFTscQ1cHEWzTE0caqtL3iWPC_aVog==
SCD115法登他000036,f1QCbRWtJV7lsU3p0tPsNw6zlGK2GMISRl8rWZ74BLPP9GgFMSHwm_CHKBI=
TCD115法登他000113,da56Q7NxiBMQoB4sie7isOTibJqG0Yje2QE3lXPsChV6t-135o9eIddCJGB1
TCD115法登社000007,W--esdAiHRf0hcqlGkh_L7xoPHJaEMRYwjU5o9fIJDjyy--9394vdxXSkJTB
KSD115法登他000049,UY6q_EXto9jzk_TTiYq4XMnNciQsAlK-Cy-eTugzOW40zYWG56k832c36cYb
TTD115法登他000013,TLwumfcBR_Qg8Ow42pxtDjuEIWXheOUn-qjmeBfkNkcudq0F_ShYOERR0yM=
TPD115法登他000277,HsoYlwfTaDrAHOZE5vZBbpcKRrOaAsGSQBl6WC9FBPy_o5LR1t0vL_j_ziU-
TPD115法登他000284,dWtqcQeFjGP38eIoqmUk_VZ1AOzAmNsmB2U4_AeVOzJO5X-N3cL4PvdJ7ag7
TPD115法登他000291,3uob9Z-qAiFs-uGXrzHLMTB_yU4DfXJ3hihk8INarJW2Av-2NvH50WeNQWdm
TPD115法登他000293,Z7pJFLqspVcbmbRkcTfD9hoVDG3DGy_pXMNPwlZWz1N6YpzhoTliAV-ZyV2V
TPD115法登他000294,BGceBXCj4bPWn2yuo1Su7deLAdqddaHffgc3NpUVzZKrf39KZVW-xViqdRIP
TPD115法登他000295,-VoEaYGvrWraMSwJ-sgsCjSKgVZQ-iAG5QR-N4AgQEfVSaVewJanJ21Y1tUm
TPD115法登他000296,oqT4JADF2XK6cCDZJz-myCpsWLcrDRP1nqO7YASFjGXmpacIvR5Adfn11Mib
TPD115法登他000297,PUNdxml2-8rq9M0TrPcmBv_yanbZ_7d7n7G-4Ivn7hpb_BdlLClKVo-cgdG4
TPD115法登他000298,_teAi_AjwOlWSe8jmnTS4kO0RMRaFuJJGkN0gEKWHeKUdoXReNQhSJl_P1Mx
TPD115法登他000299,cqp1o6UGIzN_WkIT78UNl1IbUpmGJ569ijQiB1CjlodB4fpDmUSnuXZRGC8F
TPD115法登他000301,GQvLHGyqidHxHH4aEwvxZRwB_eHhKEBNG-2C2y00OTBLvriHS6cwTqdZntzW
TPD115法登他000302,eTNy3dy7fh0Dv5aW4O9J28WKFjmXcIlRhWuJvUn3YI4Z7oeH5Mzounq7cuft
TPD115法登他000303,gdZhN-eoPYD8qGKHIkAu6r-rEBB0DIWWDJyXJIXb5kgFrvB1hCZxvl-gFRz9
TPD115法登他000304,8fgozsa7eZZkMUcxVhcHdWijWrX_w8xDE-hXTIhb0GIWneiwG4Gj14St4je7
TPD115法登他000305,mnt3BKp0Pw-yDgFBAwkpWTk8YXXSgOpzcuhhg3065oZVi57xz4BnUAxAhy7t
TPD115法登他000306,Qx0EoGJDB4pyquY48w_RHqYUkt-m88-IJ3L9xjrP8P9VXEvijgpgu1jjnbc=
TPD115法登他000307,SuF1HGHawzI0WoSxXLQjLvxJV7eUSPWOOxDy0WIrzAGU8j5ftBUBvdI2dwvh
TPD115法登他000308,vDLPZzSg3T3gc4nMoLZp89Ke7We7ao0NmSaKsQ6FZctmyKH6iqPKusS8Rz8E
TPD115法登他000309,FH1Zx4PDB8ax8rcuwxYUwpBwX01KcbEqkZ6e_PdTvjSE4y4GydYSkofP8aE=
TPD115法登他000310,Q23NtH9p2_LLfUiQeGYdmyHlr9r-3SRYs1scDlH_Ih26R8vAsj3OE4ge71Qx
TPD115法登社000010,mepUn1XnPtzJzC4mDCXUI17966jDS4_rZ909Xq9tiHmgZl66quEdT0dC_vZ2
TPD115法登社000014,E_u8RTVq2em3xHCzrmPLbxvaX1r05lYnean7J0sWjFCsTcxDKqhvlB4KDtX9
TYD115法登他000048,WQ-xWfdHg9KN93EDD4ohVyEihWvZqRCxN9OgYFHV6tC-mEJMO1BDUaiEDTA=
TYD115法登社000004,EqBvVMRQ6D7fJanCGg4r5E2PffjkMXE4HKLiqk5L6j696lFwHvOIVl0nbjs1
SCD115法登他000037,O2UDVy6MxwzKOLNhEa5GT3XLL5sdNbnHpnBYCfm9v9uSyPuLrDj6nlJ2iMc=
TCD115法登他000114,-T04S4KEwyo49UVRrJhwvG9QNQLWdniTSoMyVqO3rXbw66zwFR1OHRRZ7Imr
TCD115法登他000115,sXNDaKLRHod2K9PIG-j1cb1MhW6N3BHpavZmSSr4pkJPa84HJTpz6_g8qxM4
TCD115法登他000116,l6r6sGc4UJL5S_s7HEDYuFwB-omVo5TDF8oXn_VtGP9i_5oBxmmvpUlS4iyT
TCD115法登社000008,mggXjVLSMlwa_GXZ54PxmINSNxCi0Vir8p2xrp5qijLCdzU_e9xCtM_VgmXs
CYD115法登他000022,Z2_gXANX03nAjDikZSY1DOCLRpPhuO-pDYQTK9-GC01dEfz9hCPrUiULC98=
TND115法登他000054,n5azT8Ozjy_usQuRh8cR8Y_1flQDowTdvAnY2wlI5pKOpRNQdJvyguyy5g==
TND115法登他000055,5xWH2im9Y3Y07kzS5JAq-zswveqUYGyzAJKaYTGl2L-loP4yiQ3qrzpmxA==
TND115法登他000056,9l2HunSHGmgG5-SLkwKIzY7cD5XBcsQV-vvDP47c66BUO9QHa4RafQ4RdCA=
TND115法登他000057,VBN71wyIZaCFLm_OOerPUPPHyfZ5nnD-liOl7QCmCsOhyiWh84AqfQctE54=
TND115法登他000058,Xh_FR47yDbV4J_Z2AUjkp38tS_r0XCBS_xUi3qD9Z-8tTEE-cxbNKuWO1Ok=
TND115法登他000059,AHnOH7k4vjes_uSyQPijdk0BmrH9yvp2bhtJg6S-mfxcH1IP0kDnPzHRyY8=
TND115法登他000060,gYDVanqDONNvX24WFdB6S73Kedk9uzhpY7FMwCclsLjV34ZLnNZQDX2WPBmj
TND115法登他000061,E5tngRvqrPATIf8EBjEWG9mRhR_19Vk8MZjIOKbhgzliYdaN6MYyLUQpOZ9m
HLD115法登他000013,bXF9wV2RuWLDmlzM0Ck4oQR6ltB4oM-F7UK60iuzWFo6F8jrE6BDizucr4I=
HLD115法登他000015,DYCCoN89jMa8Jd1KVBXgHdQLweLAvwv0z15EQEHUDbOuVBnwrbp_rR7JAbM=
KLD115法登社000002,AXd17JUbxqQjdStiZdT28scYS6EOVisaiaUQVu0U8MUmJeNYoaaigxv_svM=
KLD115法登社000003,KhEeLR8Jz47lTq7Cs_Sj3H5Uv_fZgcGHdNKiSazYWM4wItVwq4YzU-dYBhQ=
TPD115法登他000156,MpcKUINkSe6XCNz0PYrkEDwuuBJPlhb7XqPDMKZS_3RzChMfU01706IFbAFd
TPD115法登他000245,zHJ1mtMg36xPDN5rJU3ZpciU7hwASfVjfPOnb-5eXiwHXxFbE6CNLo1u4xEk
TPD115法登他000311,KIg24ai2qoM0I7gXilHxviBadunsAcVo2ClLnebucMnLY1h3s5cmS64DH8m8
TPD115法登他000313,To2ebrN57Jd97m5Wr2xgpF_2Flot4Kr9d7g_PY3IC0b4apWFr1frcrJXGQhw
TPD115法登他000314,ljzSA_5xcyp3cuZJDtDSkNt5KZ5qL_TvkJ3xLMnEnI_DfU_-cqEoQ2fJUZlN
TPD115法登他000315,I4NGscNXWEQDuWWtlJOHzt2bBC5GAcYahot6kViEJ7cJ_iX5uAojmtUE4vsk
TPD115法登他000316,KTJlfyRElEFCvNmWbyFOfeHWEzEXQpP7prArv47gwvIWKO7gH-O06_QUxXEN
TPD115法登他000317,j5oXcnOtbsskkMAcWHhA5a2Z7e7y8kqz1_ox1ke_Jk-DOkh4e-J1sX1bzSH4
TPD115法登他000319,6Gj-uKVS_utR3qry9Xrwn0mqzNLGQO1923cKGyyF2kpFq9FslX3Vqt6pcsI=
TPD115法登他000321,SHI4UJoBJnHBPCgAVbBh5UeI1YzKsQUJchB7WOClcm2M5_sK8uB4NJDNCA==
TPD115法登他000322,L2q4_e_LCFik6J5zOXfbIkAlA-hX30oxVeGFQY-noCx74UxOqRdtXxEwqz2t
TPD115法登他000323,Hv10lauObeMjQqH51ZgvkJ0Mo1F_ahvBTu-2EdlO0P3son5VyWQm-qjstMNn
PCD115法登他000087,XQFqsgYByZAFAzY-CxV_lmVZvbwKPhPbqPENepjrJqKYEE9QhtO-xjc6c7wI
PCD115法登他000088,7IOR7nwL1-D2xrKL_MFvbCff0brcGEdVrQocQ6iHXRBaRiEf3RxRDdQjVdM=
PCD115法登他000089,zyaKm_E59rAJws1b_Iy6qWiFnLUZdw_NT7C48epOapuPoWwQeCCwppab8yg=
PCD115法登他000090,DH5ixiGEJoDwQ90XuK1DGWNac_8Pjhza_Ohc0BvqGt8o_jr0svwUXRv1VdU=
TYD115法登他000054,DhW-bVY5BRskQBD9qqgqm6VM5-2UUhmzZt_QugZFVC-xT7BDImCDdJrAcrg=
TYD115法登社000007,mi2Lyq4eXWXJSx4vlRReexhNP8VqfLX5BgMgtDRKOa5JQqEdpYFSidMS3F2t
SCD115法登他000038,plJrhVOCv5BsEN--9iPdZrlHNd13YNaV8-XhymyOKlBty9AP6qUNZfHH0reG
SCD115法登他000039,WvSHuW0evURAfc4z-M1CMAOgE4mCeaTSQxXdSEsEW7l9PJE-KhbdDKU12Liq
SCD115法登他000040,MiME7WMJJRxHf33j_XnodXsyC1Spdcy4rRIU_zAva5Ys3F-XaHNSmCMTywQ=
SCD115法登他000041,waekjfKBj0-bLEDXFYVMGIFsWRA95tSY5XJNZayGPAKNoozCPtf4SGNS6WNt
SCD115法登他000042,Lgud3V20pDqoJQdPQENJK8QpoY8on8BcDJ0JkPRR1cVfhwBkAuz7y8g5KS0=
TCD115法登他000117,-n8yylhzVFPeg4l2RdRDd6KuO7bGafxAaBsB1dJpo4cBZZJLuowY6OkdEZdp
TCD115法登他000118,wuFAuoxCyEbKjRy5S0wAIr8c8SvmvyMgVJsQoXF4SuF-B9V_NxbSm5V98jww
TCD115法登他000119,jhds7Gp-KjNetcSI1Giw0R_PPa-_xf0Iycx0yiXReqFM6DyiQTqqpHyzC0Y=
KSD115法登他000047,pGnQO_LOxwq9f4yos8ul78a5jbmL81a6kRhjGhl_S9bogU3zhibSkW1HlIk=
KSD115法登他000050,ZzbV6iMAQ-LQwDs-pAoBvziv8HRBqNuH5q5Zu45rAQH7ieRo7W0zuHkBvQU=
ILD115法登他000018,KptUhOhpigPX18Ncy1r8f9NxyoKwAYdrHHxzC6ZZQAOiawbNeaNn76PFu0c=
ILD115法登他000020,VQOGAu85Q_hHTiI6tb1cQrovEcGq2yTeGu9EQfAqjsgZc_2BZ1z5s1fKdjo=
ILD115法登他000022,0JVmYgJ68Zr35P2byZArzp89VNZcHNFGTImAl9fdCyqXUhtaJ5D1iXGXYro=
NTD115法登他000013,ilu0GWYKrZfU4xLSwPY2NArcufkDyVYITAz8od_3TpcjL2hwG95g6E9IfI4=
NTD115法登他000025,JUyI_8vaxPh18Iht2C-8U7HXekP0rZCQ93sEubjgNlVx_xpaz5ETW_uVKdo=
NTD115法登他000026,ttKFeWFgG9wVPAuPJ-uCrPvdcv2GK0acz6sEiRXabRuhmFouGx7e0VrJilA=
TPD115法登他000318,25D1-zg9tzw20jemd7o9wXjG-lI4_C6nUPN-le6z2rE0Ys-YBy7D1L5BZNuk
TPD115法登他000320,mk6bn5BtnleFRubXTOgNYI_hNhDDwdNrtSHJyTtFBC8wEa_lBORJDh5Ojg==
TPD115法登他000324,KVJa_0b6UEMjMmQWEp1_DNwFaHSkN53QFlXpNJoe7lEynQ39KiEVUwwqWEI=
TPD115法登他000326,5f8mbz-ozhfWi-f08fNfafi12WzhR38zijMrPWUsvFOk_6m7izlBKLaPQPLO
TPD115法登他000328,kYddDjdIt8riZ1mkDS7xkxpjzb0NB5naLAju-oJ4OPweUGUiWDJVOOsWi_nv
TPD115法登社000005,o5gEn7pIyavSdt5nYlTK3gVN3DxJXdsXT0xhGPPN-tneCo4n_cgiGgE_-r-4
TPD115法登社000013,B-cGi7W1pLN1nOheisHlMcpASi8vTxAy_Gy_xTS5GmiyrY5I2u-wteE2B29R
TPD115法登社000015,ys4b_Q0rEm4QZrYt-wGYCiDNAFiMYIk6ib-BUMQgzaBF2SXv3GbSjcqkKJdX
TPD115法登社000016,bHzU0l0jKDi5aZt8cLw2a_C7iWpWNedXJ-PfbWPmOK7KxJVpXyJ2dRqZ5ZVA
SLD115法登他000076,HVUkVb4-bObYliMiomIW9g8AxfQ4NQPCJ6JOD865G1A15We9yJTjzQb9t2E-
SLD115法登他000077,FodR0gItjTIp0sCiisTrJ69nnUrvXitiMgl84NImwxAReZzGeVdy6gL3KbOo
SLD115法登他000078,Esgu7zVEbBAeieqhsb1eMQPQmDbivbxdKl0p6V-w-qxYdQfVRQ-dJdZGL6Xt
SLD115法登他000079,T3E0hH-9P14WOZGHE1TOUS6arQzT70FahIw1XCUUOV4fjDzJEJVI86bEXNKf
SLD115法登他000080,I_eCEuRHDdOTrY9TFtreHPjduglndJPdp7_uyKNGIEFqflvbfyWcJS91r1g=
SLD115法登他000081,5dCAnH2IsWp9fChVWM6jkHTbnBSYLTNs9JBpGorCLBoBLXAhMOq7F89Gld-F
SLD115法登他000082,cMymh2vOh3q8ik6RBfumbDSX-_pw5aP-n6By7Qy0gHdmNJVpIRUtHQt0b49P
SLD115法登他000083,D0se1vFEIjML8GEREgM03t8UuNEEXQwQosq0Vvkim3Abmk3yGwerwlQMtRlcucA=
SLD115法登他000084,ttqvciStBFQDbyKigaqhEZnZLEHAiv8ul7f7NjsuIZ6dqOr-AW0yPsKAfFL4
SLD115法登他000085,mreLVwV-v7M4StAnzC8jGRk5stQOs1BBubWEaTQnE2x2vyw0Fl1mDd8lL5no
SLD115法登他000086,YkF6gcLFaJzckvqc0XjLCHWjGlSiMTX2d_juTuP7QAkW5WgrN8qze5qeFJ54oog=
SLD115法登社000007,FaAM8m-zM94_d4VM-Z5Tho7jZCewz8Vxwna2eXlipC-97rIuk7ow1zCWYpAu
TYD115法登他000056,b-cSSfQNMftreHMmrkMocXLxVOD7qukqmUHwdiS62wtijBvuFsTJvJamDH63
TYD115法登他000068,mkRpSTnYFlPPETAWwrlSDMU_lhN6HdKCkIATEqBNovMTU6-3PLtkfCHFC8hn
TYD115法登社000008,x1fH2Byfb8jibtnhZaKTD5F2qeJ1ZRaLNc63xFa_VEkfTnsTJgR65FSZSu3z
TYD115法登社000009,AjJrRZQNT_eY1F7x5ftnw41VX6rGK8e7Rhxh4nbYaioriTr3sc5kSC97KkEI
SCD115法登他000043,85oMiXrHtNVk3lehNdqobvw2UG-ot8CRIPGiw8wzLzkO_Pnv62tDmAryLQ==
SCD115法登他000044,U8RZgkfuS5jc5x1xeirRItsZjy-mUJ0JaMxSEwSCxt99xcfOe-zcaFynq90=
MLD115法登他000010,3EoDdhcLioZi4EA5FE1LSfa8gPdEPYdo4W_7jf5AgNBHuhfEFuMC1OIi9Q==
TCD115法登他000120,TBT4tUfXTQDo2Yuuj0g32zakC89cSy0-LwAh7g8wtEE7dj1mkhdlOFi98lKO
TCD115法登他000121,rhhvDMCLwCpQKQbpWQgZDLUJAc7qYVGpNM6EE36j_nmHtkAQZcrVGhIHIHQ=
KSD115法登社000008,bJBfruLuo7AZCPmveZ_pKVA_JJZezNFaj5fuzVfRvNCjmAqnBlnqgNwelH9c
NTD115法登他000027,zCjDNXkTIC-pCImJuvw63PiW9R9_FFoXRh6P6A5KQfPTCd-S6WE0jSjS_jo=
TPD115法登他000141,eAlHJ_h-qe9YUoCjZLFB__RjEW7ZOqz9e_qBLgFQTiqNVNIBi0y7hBEWrVqs
TPD115法登他000142,NbNI2KYPDFCMe8GpDTJMH3GbQmOGd6qbN9jMW9hvhWi6FKBvqyF8mwSRZTeR
TPD115法登他000292,0D8Fz6vhggZFWvxI7EJHc--K0XXFaMVKhiF44hJCdgSp4nFKN0sNPfsgbG4q
TPD115法登他000300,fSmMlO_VnWcuSJ1OtTGalUVtDuc77wcRWoHdsfDeMp4ualXXceolj56vMPr6
TPD115法登他000325,JyiYkvcjLsHhjx7xOgffM2hP0ipUXeUXMqLzSerSxQ-TDc4O4h9HoImudll-
TPD115法登他000327,EmV6VzK8LcPHu-WRTrXobWH3949UCYb3tZzcjFEoWNS7N_XMKy6L9LxvBk0=
TPD115法登他000330,Gb3hdA8lTnisf0-N_eZBsvIJZiUW8ZpxvhTm4MyzfiU2_aawILD-24DZv5Y=
TPD115法登他000334,GQSeOvRjnfvZSXCxE-Jw4gGYpjpNLyWvp42QdQY19aBClIhmtaLReSjrGpCe
TPD115法登他000335,OJhzw_OPhf0g8A5UYrxYVvQjZrfEItDNtUAtWBiCnOkBi2jeMshx7A170Fqq
TPD115法登他000337,i06Ax19dDfnNKG2DJCURYA3PO0OSiNBqGEJIK8GysFD9uTKYz-2d--ftBxi3
TPD115法登他000338,wKla0ESYvFbvm-Pvfmbq0cAYz8TPz8aeFot1iAJMzoV02HO9Typ5g1SaFVss
TPD115法登他000339,CY0cmVm23ciJRqhi-UVZjWsRNLbH6khlUR90DR4kh6Lfk1deQz_bUD41uCJg
PCD115法登他000092,dKefqkqrBNYDr7_DKxRMWNGCUkFriotFEellClLP4UB4OS-K2IJEupNQVC4=
PCD115法登他000093,zfYe1UQoQt0BwicTXVvqWh4B8Q5D55knKUH1tR0ff1yd5mtmN-e_aEmH4FLh
PCD115法登他000094,t3y9yYShJveoE2BSi56OP_lHQMSg8Njgz_jotIBhO9NyAbOSDst08QOeon8=
TYD115法登他000066,KSVHp7elSPltCUk7UTeR3JxUJCvJnAZQJJgGVbdk_-oPzNBMSwLh1lYNAJo=
SCD115法登他000045,ZbG0y41SNc67tjQuGjqxPt4bxpbeZ50iDEro_988XghjPnpRONQpQ3_ZEQ==
SCD115法登他000046,UQ6AsqLiEH4uf0LTLjS6k_O5V6cT5Sgs1-bSLoI3tSjmcs4hJlYHBaDtxX0=
TCD115法登他000122,QqcjHI_UeDpKSmTYvR4gd8xC3BUJg4ckKbClHt3_gcpY2dtGKESSbw1m8stn
TCD115法登社000009,LsHw-NQj70BQy_sLngijYVx_XBTXXe6GeN7I4i-9V40fBN96YjPFdjzClz6j
CHD115法登他000014,0PdnjjQpsrfGFsYNculK6ZimR9UvoRMGshnjfjsvXQ2gvvGODu_4ossmtGg=
CHD115法登他000015,-1HCQQjjOps92k3khmRP8B7lZiPUEUnJVLhTSDZrpn8zhBnkjg8h_HKk3OI=
TPD115法登他000336,InzDtusMcPkhOyjd6J20nHJZHRc_-W8fmwTf1GIuCPcQqqPBNebwLOz5cZGI
TPD115法登他000340,1DeECyfaz3l2-8Wf0ZXobMZFGDL_AaF9lkj_Yr3N_K_S1iHUZmdh-eJopHL0
TPD115法登他000342,gVTwQFaHkPRRF60cd_Li2L0QbdUKRnKDoEhFN_q6H2ubvtnVEdr8D-fIWyU=
TPD115法登他000344,Lzci-CWfiR6XBOcG08jeSpTMoUk6fQXjh5OHTQpapjghA-JsNvQv6XQGCe86
SLD115法登他000087,onnwo3L6Lf8yTMfbQFBEPQzz6DWJ7-HHkoxL3-L_1V_cGnYK2BT6LXelzUxQ
SLD115法登他000088,v7jfAj0neRy5cnXHhpiZNgLRIU2ZtRFgqzw93bA4DLy0bzPJMeWRMs2QrKEG
SLD115法登他000089,vFxi9nfieKvqp5oxkJAEfqbTQZtPEMsO7U7wM30rK0cvdwBjYQSDkL_2FwiM
TYD115法登他000060,GalIcoTwOYeWmitsQagDuk_1hdRWqLDFYt-drB_PNWtRyS0UGpfrgFIPsoU2
MLD115法登他000009,BsvwP3bhyZcc5rz6qH-da44By3UoddqhcrOfs4PvtwtkAYdgo7HpO54zWH4=
CHD115法登他000021,78bml7KWaM6R8k7rMzgPCMbsUaaB2O9B-Cg2z0mVxOoY4KrwgO0QPTc1R5E=
CHD115法登他000022,eQHvdgS46Bvhoq2TJ-LpQpcQDlELBaAemZ0VzVDbw4HMVT2DLGK3R8yCtvg=
TND115法登他000062,TZ0IFNGpjE6TSX51S8TE8MZcj4UEOPRSIMB_MV3hBXw8cL0GfslRpmxKGg==
TND115法登他000063,9DgpwOdVQk6sXjDWe9I-AKn7ImRtsOOyaM1kLeMxOpFpvTCzTHnyAEVSZ8g=
TND115法登他000064,x9zy3EUYDycCsN9-pm2aZ-knBGv3vYgPhNFPnO7ieUN0qitR88fsY5unOIs=
TND115法登他000065,nwQyuc1KJg9mDn0QCOK9y3gx0buE9LytrwJdJSQYXHt0zk5KdeNZtSgcxQY=
TND115法登他000066,9aiMrb7PsKNJTZ2-NcD5l_QNbtrRDxqqr7bMnU4Kob2YoCcZlvUy9roACiU=
TND115法登他000067,dECMvAWqVCAvIgw8zW6v56BsRcGw6UJNQ3Hhe3fEE7dFdNYiSBEEe7jf-xdy
TND115法登他000068,GfQB-GcPTMt6fhceBBCq4w4wewj2O9D0UhqMgimDgsHR-1mrYfPlnN02GmfI
CTD115法登他000022,43RQOxRU8ZquWMgW8KbL8Fhpc6k6L0Hri4i1TbQKk1y1_lqB1zaqVgwXHhw=
CTD115法登他000023,qV_9InPywaIz1kirmdPSAAYXSQAXbpytgXq_gGRFKMsqPvVq4h4FMn-hcsU=
CTD115法登他000024,1_wfHwNH9pUeawFoSm0Gq-Jrd946U4ro5uWuIy2VcEs7LCCWLXF3xr7-0eA=
KSD115法登他000051,M9cGhLCZKgxM3iJY8fg0w_20Ws2U2JiyvZ8k3AlFan_7_UO2YE_K-5lT4A0=
KSD115法登他000053,bioKWmhttHzPbPo6B5x1MvPueKU1aDRbbZJbZZ8V0dgWOCNAKe1fI0aamwd6
PTD115法登他000020,9E6O-BfDh3JKITr_yU_sWR3SFE1Y5fW53hALh1oOC3yZUHUGMADdCgAFObk=
TTD115法登他000014,pYQDygNe-wcz-mrZgTUEAG2OIVcbBOWKtOUQNFhsgyy4PLIv2nXT-IEe
TTD115法登他000015,nO_DuHKyEHKZt9BSDWNplSE8z0TQvrSA5UApISjA3BFNYyhI7CJNJMlTm_s=
ILD115法登他000013,wNJ5m2iv1nRfdiU3YqEXL3WzARSluAxmwq9wiwALyRA_FdGBKITO2IFUXlk=
TPD115法登他000329,k6-bOCu1LlGO9dVAzXGNmrpYySPsTuVx-V7bM96r0uJBp0eNXdmxm6PhoTTS
TPD115法登他000331,xxBKZBBvKZAvHFFdInHY5E1zt0INthGQtH4NQ8BazXv2JrN4WOBAEPdtj_MI
TPD115法登他000333,V0FO8iqM_0lz0cxGyUqtAeT8Br1U7dYrfHzPX0DutvkgyUTqZGU1eL6eLKOU
TPD115法登他000343,MD29eLZXnMChczs9rFC1E3KjXGt8fkzKem4kDRj7pcRElDKHVNcTZxwZ7zxU
TPD115法登他000345,DA-9_RTSkolcdcr0C1WN8UcYuQ6i8mudflcgj7nwTmw-iq8otJZxNMx25pQ=
TPD115法登他000349,fRQyM82fGTZS_CQFPN96DN1oa93I3h2_NerINpGtfmV2cWNY3ElmDA57MIx2
TPD115法登他000350,KoTbJ4fYOtOQ8odFQ_xxFNz6yGburoijRCDUbsM9YqUXR0ZWQhYv29Prww==
TPD115法登他000351,fSMk_6bBHuxS63DPrpsI9kcFRcMLEkdWTd8fHvi-j4WtMaSBmHOhnyTTRUt8
TPD115法登他000352,a2W59GvnjAfRp8lV7zDGQVBtyUslMVsYn1Ca16nsrndVmXu8I7U5_4RPyc9n
TPD115法登社000017,6ylnQMQYtSUN-0ggjFgg5IB8LiS43_GGAX2R8eRsjKw6_HdZcxAA_tFlJJrn
TPD115法登財000001,wvbIDuw81ZwQ21P_h9WuT-AlCpvoJQt-H4O3-W4fONpSuzDzRGoKuRq8PH0D
PCD115法登他000096,ar2FSRBxBOzTozkQipa78rvNOco_G48k2hAbO9eLb_iGLm9CCe5xESQ6PCc=
PCD115法登他000097,MTdWeBxMQ8kX-y9P_ytX5Z6GY-pbpffWtEmIHE4TZ9Z-N-Sg8b3PJaONScw=
PCD115法登他000098,2sfmK9W5A9IvEVUrjcnHgQa1L3_8IQotgQdIfgQSmnwXBUBbEyulnNJ5j10=
PCD115法登他000099,Xq5DZ_uj8Mn7TmRVGRM57zPL0RIyyK9fVa-nVLcc_-0XSKEmFNTDAdbhLbQ1
PCD115法登他000100,HwXbPk0nuLoJyQ2wIQ3yeG3v11RlK6VCwbcvU48q-5Sdvu26To46sxeP0JAg
PCD115法登他000101,Aq974mIvC2bJew0fv-7cWadwRPYYZJT6TuEjlaxWFIgNLVakKFxF34B66r_2
SCD115法登他000047,jzV0sHYSzEZFGc93EGC5HC4g4ylh5DuOz2K396HHJ7fmHvpSjWYZFjkQYH0d
TCD115法登他000123,jBH8xUkwZGDbLg_32tUTae9_O2IgnfMLs1tzNT5suEpEYd5696NDAIz1KD4=
TCD115法登他000124,WM-Vp_5d894LeqvXiqvNmVisEomJMi_TFjnNupztUu-NFpGQGOImX4Vqu0Q7
TCD115法登他000125,WXqa29naLhfJy9OZnr7C94m3dmGxyP6A7G-5MFCrAv0_PvgsKEL1RJHnF2h-
TCD115法登他000126,5F_iT4iXYI6uAMbX0M9AFVBJizWM39Yno8zgN3pEczf6vvPEuWg17wxqlSBy
TCD115法登他000127,I2dsPvwBS95iBUHqlJOaw_-MzCgg5lPin9f7qhccPzQiymrrqHX-VfXSODlr
CHD115法登他000023,RXmCWYhjZ5Fx3oKU8BKaUNWjX4_YPrqEcCjN8UTwz-Kqo0m1pIInmlwzsB0=
CYD115法登他000024,JQN8oZrK3xYWttRlpyKWY92zQnRsvABRb7RWDH60g8-3cZtm-rdjlBnuUFo=
CYD115法登他000025,KqH8LRhvB9aO6sQBOjj1XZBIzMKMnVBqHVBii4_1pIB3ewEgFRtKjU1e61o=
CTD115法登他000025,Q8NC07sejUPjfWx91c3o2mXjX6VkXqQBtESZE3fdFd_DBR88mshJ1xAwwIs=
KLD115法登他000017,IU7-g8sDyD4jPXBLvRCsgew-X0iic215wExaEtYW-26XBU5zzXAZvJs2DvI=
TPD115法登他000353,iSFC5Eej062JjAdU7fs1CraXIlpsjDspRiZ74HW30S1NbSNY4MbRy6eqYKxv
TPD115法登他000357,i81XIwHFSAEKOI-psp4ftfr_qByP9k-v1-V9pUJxfllhREOepeD-ivCoW8ce
TPD115法登他000358,CcwfCJrNcxBl1rCUxcYnmdUCAQS-db1Qxg9hvrbOx3j-pUL5cKtkCnznbyMV
TPD115法登他000359,w3uP5Y-iW9whQe7rfYb9BzzoXoooOR-396t_fYNqop-ortsFQyd2UdMVhA==
TPD115法登他000360,dTWxCwRl7u9WChjCRj427ES3HDoT6MbbUWTMHBZZ1J-7HZUw5JSzYdH4aeof
PCD115法登他000102,w3vjJxeVhbBHq7sAwrBwHohsJkRfj3QNTqNX_nL00Ely3OZPlRdC6gK281c=
PCD115法登他000103,lEApiN1nH-ONMWYPTEw0mdgmgYaVPv-7pILmJt8-sJ74fRcTGfLZ8v1nbY4=
PCD115法登他000104,Ax2ljLVG_ci-NFgsDbqCJqw5V7-fdA_32gDHyPigIHi_9nhsrE8ZSW3L-XzI
PCD115法登他000105,mIQkNOJ3B-3hfj_fAyAWKvkIrdQjrHHGLtJz07nPzaRT2H_c95RJj1DCGtiQ
SLD115法登他000090,QnNBw-NbPFYJR7yRYcl6xxFu2HtjwXSvAogs97QOMGuGzOG7ZO6nwpTwTJs_
SLD115法登他000091,QWyCHUx7gPUDNSdsTpK3A-CaMe309Fn4cJiwg3S4_4MiPtGeGMsHVpTPQxGv
SLD115法登他000092,zw0xshscwhJZ7tOUqPyb920ew5zrmJbqTiZ3l77BoqX_zUz4RTNWDATnzVpf
SLD115法登他000094,f9dNddifU_Or36CoQ789bxL7E0pkLx5Pv3gXNvynrfuIQVItE7esCmEamgNbBb0=
SLD115法登他000095,_PEkXaJmd-2vZ7dbBKQCc5PWfjCJeYh259_pUeoDCX1itf6xYYFX6u5b9uXi8Zo=
SLD115法登社000008,UnXbNa5QjCJY5VlTfz-FgLWbly_q2ONvPtvE9qnrWeDzEUaGeIHxBSeQsJZw
TYD115法登他000073,vVmivGg8jinpxiV3vlXjFG-XvjOT-WvZRcqXspaAWcaMHMo3sS2dD6VEHMU=
TYD115法登他000074,S5E-GP_WAJg2cNbh4vlQ3HerGUOxxWsnFqoPtSjrxKdC5dBYXV9LjWZNG0Y=
SCD115法登他000048,LVnnaY1dr97cukvubK2-3yB3oGREhwpU0kV0VdooO2mTa60RcTnvcHrLbk0=
SCD115法登他000049,J0Zo8YULULoIWxgASTj4DWOI1haMT-w5trvY7R5-mEFs8tZN1btLHKF5kDE=
TCD115法登他000128,xxiufwZinEND1ciMk-s_W0y9QaHs5_j4GM_aJ59qAFjQnPiicZMx1mCh6iY=
TCD115法登他000129,Ehcc1SMcY1i7nVj86vFJba--8HbBgOhP4JAgtlazG5PyV8vwdlVXN569uas=
TCD115法登他000130,EPQG4qqPws1yceofLqiAS4mRr4fUTMsJmcF-qH5KuEjymiZkG0I2LAN__af6
CHD115法登他000012,OSJ7gev-WUAK3qAlM4EpDMEh4cmBBTxyzDtF2GUw8OhrSNRfgEDKg5YC9_w=
CHD115法登社000003,dG3lYJNGmCNJ7tA3m7Wj0d1HsVGG_nagcOm_ywWJKl4JDWeTl5Z98UYKXXdG
TND115法登他000069,FcF4XbAtLHVSnMqbNLBi0HaaXljCK5H9T7RXkQTJB334rQlhfk4PDGDlRw==
TND115法登他000070,85oYa5bg6RbLy_IjAGTbZgoJ413UxdB_R1oAzvCBkA4RboXYSFvdj40oIFk=
TND115法登他000071,FbC6bytOvk02lf0hHWshomRMj4mzNYA5qPiS6ZPEbh3hM2yIW6MW3bxKXjs=
TND115法登社000007,nCsAOVqn2aXvabkxEnVCrKhW0RzP44uXDGUHfZdt6-eu_OGLUjXBii2zIb3U
KSD115法登他000054,zOEQ-QZg9hocz_obOD2l8cEWCcCapwMDDMfvFFSdM517lz8a9GGQYaEbpWoT
KSD115法登他000055,zklRG1soK6BWwCot2NOVxndVrugSZHAs_gQTN3oXgZLkNGSDJVvGNWixv3E=
PTD115法登他000021,moprgL0rbLKDMCQMLykdxBOztrZ9opecmFwIgy632KasER0GqCMrjInwWV8=
KLD115法登他000018,qMFTrX0lbRB8Zp0aikYWAoKDiqtuaTednnDn94E80SRH__SVV6ELG0u93KA=
KLD115法登他000019,WYPZOGF-aLuX6B8MEuKPN65BTYML6Pq5mUfqo-GIL2N2HHyoL69UEIRurA==
TPD115法登他000363,bNskI8l-2JaJYTXtR45GUmAryajGh-V_duB36rQprXHqvpp4s0R_7AFt6raB
TPD115法登他000364,JDJ8aOngDnO6DyKMdY9kHECbc8-yg-G71mJmIJOyep0jAiQiU1iZ3-8aXSgA
TPD115法登他000365,D-NqTAZkrWBGx3w96pk4YcB1NWahhdf6wN-PreOpBqa0W51ljSpskrjhnsRS
TPD115法登他000366,kqz634z3nin-2ePBfoAKMXx2vqzZSZzWqWw9Yxl3AaEXsn1KiwxRDUfw07d1
TPD115法登他000367,z5qfT6OajhmsUNTiIoouhJTb3Q0Mw0eyuvHYBufbkZ-P2T_lBebKTsRxdJM=
TPD115法登他000369,uaqLTXNxSps-O6rPe5PDoW-hbYTn6UsAWbDvF6l0-p2Pnu7bLG1NTeaDeiSB
PCD115法登他000106,KRICbyEyfXQY-meWoZHhdmHrasmn-zkCFvdgfcA-J9euJk4CkqdMV8cVVafV
PCD115法登他000107,DTktR6cxbfPBQL3UKrTMR2v5rUBQgJtnDqqX4x6WIGuzWjVAzIgIbRzEUmg=
TCD115法登他000131,FgKQ9JNQXe9yMv0nDUbow-bsi4GWAhleOgcvhi6Y9HaGPSkvwZxU3Ks-UOW_
TCD115法登他000132,UIqU1c86xIW2phuZPEKo8pWA4fuHGv3LTMGrEON6LJF0rSAzl2MpP-zmPOb3
TCD115法登財000001,ey9HVHSgRjIVw8XPRX9ZazkXHfqYsUVn5LKDdiXhqiOOnk9---iD6u3ucHCg
CTD115法登他000026,Pc2pJhCjnXJIp5CBm-6BLpqbULBaJu_7bkCBYBswU4UUJEp9iQAJjUT1
CTD115法登社000007,P1G-Nd4o6zC_ZjYoout_GdXjicM8x_adeFJ78ciXdA4iyam7DnILYfffBp8=
KSD115法登他000056,0O_M0An2w4VbNiZdW9FehADImE9NyILgZAdeXfhzty0ds2rnV77dE9yEmas=
ILD115法登他000021,uhuF5BgK1nu2jjb-GpsnKZoHlL85b_KcYulurx2vG0GzsQtIpYQjIAW4UXo=
NTD115法登他000017,uZ1uwJDhNsxHX69b3bMyNzvKT-BOTeEnLbV8_ChtvzyVFjW-hvzezmLoiBQ=
TPD115法登他000356,op33TffZmdw2juEqdj8I8dlLNR36n3dm8Ao6h9u6Ktp9sNWCM2F3XP1M2f5T
TPD115法登他000362,yeNzAZV_a2QuLHPBuVZ10gtP01EaGOGiaXrpZp5t1xwRm2OuOTM1jYjO_dWr
TPD115法登他000368,1cV_n3mpFDWUuHNO_ckDWhBpfJ9IJQu7hNwM3kEty7E7K-jHHJnHufto4p8=
TPD115法登他000370,JOmyN66UYslC_0lVyLKkCqDsQAVNWbAXxtOr_dFj_K6uAbi9LH5tbbc8b3sg
TPD115法登他000372,vsyRxzdnSTYirQPiF00ib8QKX-ZDEFlDdw3XH8mA96wzajNkZbm30Kb6AaNS
SLD115法登他000093,C1mFHIA4uzz4wHr1xdY98q0snQnJh_QG4HAa8HdoliD4BobO9GsxSQ1Fa4BR
SLD115法登他000096,B0lYvPQJK8kIizl8dfq6Xv-B1Kc5nWBdf0iY0Q3fE8SpcC0x36vr5lDw16n9
SLD115法登他000097,EpP2YkXtWMugc0hFayNJB_B8bwnp9U8cR3K1_eMJzc8w2efXNeyuRjbATH4K
SLD115法登他000099,7qBImB4ziFEPQJagq1162AWi46QmrfJtTHY-hTcgZJHINTqaDl-uO-dDttlr
SLD115法登他000101,_88aZaxoLrfvAyK35jSf2KS6UNW21u74tp7KtOCLOBXq2NUWg7M1YnJ532qZ
SLD115法登他000104,OxYJsGeMf2WEPoYLiz6j42EylktV0A-J550qWMUnJseryhPHzec80yV4tsU=
SLD115法登他000106,wy25HGtfjE6ZgRTY34EcjWy1FgOuhaIGL3WY9HvQL4txLg1tHf71ZtA1mugv
SLD115法登他000107,KEfYyTZRgN4-eLjoaeImorxf45gyXaarZ9SnVWLCItXTZAVk76aMiJVFI7jX
TYD115法登他000023,0WFXVekTIvveV9Y1eBh9LJSGXvmOOodNZECQo703FHvNW_Okl4dDKQJPJQ==
TYD115法登他000072,s6FkpxpQitC-w6udlhrzAT8M1flw5PviK6qsyp4iFb0E7eKSMbGYbF5G3wZj
TYD115法登他000076,xD_XwIT0uE4ifLaytji3OXN7xXm09rJuAYtpuSi169jf6O_2LWMCtC24nuku
TYD115法登他000078,RTX8ch_9hhW6NFW6oLWzOFEYbuwXwGnZjr1mhkYiqhKzq0PcPmX1JYYi7vU=
TYD115法登他000081,fMrGUfriYd6YGqXoII1QAsvPle66Q5q-eXFyvUOpJlxVhE5zzkE5LUaPVqRp
TCD115法登他000133,FIw35KUwuxvCYvBTkc3zn72GA7h1pIyI7X6Nk1GSVTGTKin_syp3bfupWUwo
TCD115法登他000134,8boyb29TTpzwQl6Q3GPtzsuLMjYt83yUklc5YTHirktqfb_YlL-XFIHS9K8=
TCD115法登他000135,XOSqeYMgDPeve5iBgx26g4OBFqcfRhgRsK6jBTmQM8mGqv-ccCgKD-_qTNDO
TCD115法登他000136,KrxR1qk_s_t8iSPN8_SWwL0pgAWbdd_9bBMkyhEAfvTj1nNxwXxWg4sfUSnL
KSD115法登社000009,zDNca3wLbX17Y3hpu8o8ImqdPCGDCRzxv7k4N28WrnWwc5rcCKGQlFsyVgk0
PTD115法登他000022,soy_Zrl04EaXWk0bKkmDq2ljDfv-cMSmj6VtiSmBwNIeOT_9lE7-tMKnwLQ=
TTD115法登他000016,6vwd9eL-t5VczKaDTuMjYB1tgu7mbSwYZNR-B9RWGLi00dow2cGpPaxkUaM=
KLD115法登他000020,UrEoabYUdv4IQ6zXAzsysTsiXpkLKxyh6piIoO3FboTBLYgjyIbVPwLbDg==
KLD115法登他000021,gf86_5rcuHPi1iaECg6m5R7gX1JUQHnUIJbUunKXgUoTabmqhJBiN7EMLUE=
NTD115法登他000019,Bs6j5EckWaCKEE_d1Jmgm0jXObSrosvDax46IHi9xXls1EPx323MqHzCSCE=
TPD115法登他000237,TFahuqdnyGlMNuOxJsDpuRYwGgwEZmU-6TxkIq10_EQRoG-u4ivNyWt-DEGB
TPD115法登他000332,zUD-AqFsg_uoYHwOQtY5wQZBYhFzcuppEcTnGXLnH2TA5UZMMaq9vYuagRXN
TPD115法登他000373,5l89A2xub7LTPvj_Q71UrLYVlqabuT5GdVWq1MEtTXr5f7cx_hbVe95uHcKV
TPD115法登他000375,bRlMlh_V2MW2RG8_KKxMYPM1foIpck8DQCXUuBXMlpqSnlfu6Uyp03Y7Cw==
TPD115法登他000377,Itdd6fv0BPZTh7Z5dTqEkQfOt8fmrkoMGZ7PQ6Cr9kHpmkrLlcEAmVJ8XgU=
TPD115法登他000379,1iqFPUM-9pDOgAXp4aPTRi12Y8bQO5epJC0806Ye8jpmoVXxaPQdkCLQbm0=
TPD115法登他000380,MBlQlWK99ACS42VlPhlqnj0EgQIY9vU4L8ospMC4Rdcz7a7ki9UFlXnUFOSo
TPD115法登他000381,WHVOwadDJNixZldogU9FqDIOVFkEiYzkXIzX4aj14CE5-rM_AqLBQOwl-Tbc
TPD115法登他000382,ib-xmsKrYqsTbw852-S4YXRLAF5iLIRDz8EthrJzhuslrZsdqs8bGRjTIFhg
TPD115法登他000385,YRAo4fcAVxvuBochY7SeZ3JiG06yj9OOY1uVlxGpggKjNRvhZe6HiBnCp62a
TPD115法登他000387,yymf5UN-SXF0KxenxNZTnrkXVkIEwCDQOW5HleCcWkm05NHVkVTxvq3sANfd
PCD115法登社000009,IGD_0cBY3s932nnSNcatwkV8Yw3SUtz_wIxHVqNCmGxyl2BXh4XbHJLM2cmH
SCD115法登他000050,7SBE2mT8BrZrn5RUnL1lkcj2-WMXdpd5OlNp_NXmjmeFoQS9Fm4Wv8Q7kUI=
SCD115法登他000051,NKuz3Rk1XPfY9oY6-qoCsB44Fqh0zZXEYN--rzWCaYIPeOUiam2jAUCTowk=
MLD115法登他000011,_hM5VCgwMLZ_V2f-48Y1gUEf2o58Aye-3JQd6aEf2mZhWqYbnUO2OH2xTA==
TCD115法登他000137,58LnYckrN1tbSZJ2oV8dRNBMhqTbmG4sb52aTvL7GuSVOBB9x3bBE-N4etgu
TCD115法登他000138,f6XiDHrt7ZiXwqm6zIEnFkVWfVIxYFNkWaXBiY2z8AxFj_EuhI7xLhiPXtE=
TCD115法登他000139,qW7NI0ky7kulMaWk-x7W5arjLVLek4Y7bFo7z0uPKoe62xy1LFgw4I9ItHE=
TCD115法登他000140,pLRcIE4rP5nUaaSO3sR0KiK3gAyPsEqwLG-Tx1LuIACqv9dWX8CkX8xldZqZ
CHD115法登他000024,B3UbT76-8lwLTMMGj37f-CfwAtrEf2OCMhauIrHE0iCrxAp7deB0s0j5Uyg=
CHD115法登他000025,jE9ruHsgSXe6hyyprYKX_r4SDjPH3ChfCvp_xBhSAlNKMxNkMnU9051vgyQ=
CYD115法登他000023,f1FUHrK2mQg9Ao_oqu-ytt4lgye7Qe04md7b1t5QV62AyEAkODbU7nYZcU4=
CTD115法登他000027,6Nk1hfAja2FBfOvebeSuH_0He4aY4QhlWTbJK17EbbOXn0oneiVvoZkgyg==
CTD115法登他000028,j2FmgfMcGriQ09R6hQbejv10y099zaZPGyF4YZBT0Esxz0iOh9_a34G9rwA=
CTD115法登他000029,O0nGrVHde8CzZI80Ke669P7bxcnOT3FF9kclXOo_Pj8mwGlPoPMiJNDNYWE=
KSD115法登社000010,Ony1nas7GhRQHbAiSlHMuT6UyDw53o5SrJF77GlnYc1EjEworz7T8x-XBuNa
PTD115法登他000023,medkjsLIXkaiylvBsUkMUV3_fxhU9vFLJbYuvfocmvdxY7lG8ddpO1F_
KLD115法登他000022,XFHLEl-_IZ4e7s_ZwfnOQFnoA05BigNEyqcg3Pq5RSgageY04OkFRgIZOA==
TPD115法登他000386,1baJHYGxq50bWi0HQErdTAwQ7vajPO376skPlR4GQGlEURL8TAG64E7z4w2g
TPD115法登他000388,cNM07yOgxffuD_p7vFTR7Y2ZZPRL_4GbG49uww7G1rFCWsVLW7p6q81bEMby
TPD115法登他000390,QCtddU3c_XggY2Vrg7BB5JI7M7PFt6R_yC1yfeaKQ0bVoC6YLcm0yVReuheR
PCD115法登社000011,Wa39hWfXzynZazVBNPtuC8MdVKJlFek2fL2GPYg1hE78w2UJh69WsXyXA0_D
TYD115法登他000083,SCV4liIOemvTRZSrg8lHgkSBBPReWa-fBKRJCMvgOKvhjMG_C2X8UkneluM=
TYD115法登他000084,Ud6o_p5kyb_NVYckYdRBGOCkF9efGAmeHbPFyup2JvJGaGsQAqrCVAPHp0kE
TYD115法登他000086,ORJqgQjya2B9ewtZZLW5LkXKgKERZHHxplLqXJDCpVLJ4xBOlHwkcdKQgL4=
SCD115法登他000052,v4rgKHnN5NLP7zpt3doJU_0w4JJZfsKeuVbQ34WmXa9D2Un7KJ9HROqdsjiZ
MLD115法登他000012,l_ALUyIlNk4tT608S_rWwPSUHgylKQsEDNiXCfS46zk3foxcgFsQ36XR52U=
TCD115法登他000141,0vry-VlZxiuUS_Kb2IqSJUM3XN3ayfd5XyIBf5KZ_PmQ4_f5XT8wg9TcBJM=
TCD115法登社000010,9brLvUiAILR6hxkk7UtoUgQprP0CtZ21lfB8-rRe5HnTnCPCrdGDE7bk8fce
CHD115法登他000018,tWY9j4ALBQouNqRPJMWaWxk_RlcyBJjlf1eT8skbhWLGRJlpHlKMvgD-D7c=
KSD115法登他000057,dALWVv64rWraAPgSlzgJAJE7aPXrhjX1RS2JW8qgUvYNBBOSqowv45-j8Erk
PTD115法登他000024,q6ahX8MIWqXJn5MT90kOcTzNTT1C4XU-w-so7mJhbJ2g1g_k_uAmPg7z7w==
TTD115法登他000017,QJgto9udDISFmCyq8E7r-tf1KU_xmYZyPKFxAMU1RMtuJYISricSRL61Tg==
TPD115法登他000378,vJFkBNXobcl1PxanmdtYKMdctUijYlvVhV6h1pm9DyU1tksypU4Y4war8Ro2
TPD115法登他000389,x5nkJw4brkfvQqVSerqi-SZF6R2I44oogRLUzmMkDUmt89FB0QuKin4iKmlM
TPD115法登他000392,TPYCOsFhiKG7vE13oNjjxhuxAC6LQf_kFyP7mB7ugPHPh9_tlvkvm1k1Urff
TPD115法登他000393,JoAuPnCatCCnxJ4vV_1SvfpaXbs92v11IfmfqV9lL2sHpsJi4G3csrlN5wcS
TPD115法登他000395,XN99HZdeqeMxfJynnO99Q4CAuxVBd4ZW7b-K0rr5tu8okSslVj_vpt0soEzW
TPD115法登他000396,4awwiCPfpF7cG5hPJ4yyOJBajoXiIyXfkJY5_bATHjXRTmSsmVpXv_lHldg=
TPD115法登他000397,znXrHPwYSF5ljohpKXDXppTdUxX_pOAJKDSfn-fXBV-rbCgwXK9IxEaOJHe7
TPD115法登他000398,0OL-AKrZKxyzPYHMSgbE9KzkwUWqACdQSMVCGm1DUetSxTAcKknDCuf7OWV4
TPD115法登他000399,YqH5b2-IvWDoryGo-3Z8eL5zGRPiqjOU78tu7iIHstjYuQPE6IC8K5q6KaG4
TPD115法登他000400,LuLpiGp228FbfiNGcUiljEEKr1luyWMB3zvBLR_PZVLFO2f1kHBUBOmsV0aB
TPD115法登他000402,alO2q49qKrR-OT6v9f0fkWJPchhjkTNF7caJxDGGfpY4j-RThUUrmM8qkKz7
TPD115法登他000404,FQ0GXkVozfrZnj-f70jgo2EHIioUIlFo_IwksOE0I_EawU95OCGQI3VNy9JN
TPD115法登他000406,gHLb-T-5O4Ns6wllojQ526dxXiKnJmnXuebRme0nov9y7cbS74q1z-bqF_c=
TPD115法登他000408,RRZRdNWw4MxDPwoH9KoFIKkcjtorTNpIrDJMdufltg2VSm1pnDj-CJ1rtUdn
TPD115法登社000019,46IKxlvaiuWYKcDOZeaezUT2i_sb6P_0Mtj1QEErHrf6K94nIR7eHuuzXIcN
PCD115法登他000109,2bFUZszlnfY6yqVQrP1v7Iy2ab_ocLVMwC5NdqB9ymxG__uuMazOHKd_h1o=
PCD115法登社000012,OAmXTsHmo75_3uIk2oIMhiGsRlEwq7TCHhFcC9KXcRILDlm0_JK6p2TtB4aI
SLD115法登他000100,lwIjfvhuEONx_iKMqjvEbN9MXJiYi4rykCJOpFSKhKHOpDYN_1BFu2HqHcai
SLD115法登他000108,tUSOxF1RFx7gCHnw15IRTuUgUjlNoG64rGIwBP6Uj0pKE4FsAz7N9PNA0nQWnGo=
SLD115法登他000110,Ue1utG-oGnhLTjN_5rbwG6fiHidZDtttuM42zr-wCO6_WAgM75FzMBTmafyP
SLD115法登他000111,VQa6FffXljSllUdlFp8E4wYbjyZCTQ4s1B4jYcKmjq2lQiQ0ri9exR94TqM=
SLD115法登他000112,mGt3oVk_eDB7Dm--VArvjLWly24jLMw8QdA7KQVyJdkCsUFynOZBdZoMbds6
SLD115法登他000113,wLf90oIw4kZjaxVZ8B-B87RtIA88R57XX7W4oaiaHEimJm7XcrXhmRWAz7tR
SLD115法登他000114,amKUkONRAAe4zc9xtk_5mcGAOxjx3gGSo0cPj51uVAJKRnuqRTsEL3aWPHRo
SLD115法登社000010,mpWQQNcUbzfoYdwnX7sOe8p-spxieKZqbxLU7sUtfNwrx6zF9npHvYXJTD7i
TYD115法登他000075,N0lPyMJVMwaPw1y8GDnpU4dhyd8U_Dvg3R4DFAD01Ugf50R8c5dIIrW32Og=
TYD115法登社000011,oP3MLqYinsJ4s3l3FTxqlFZBBhNJqHNKTEjpkp-MHcaGvxYapM5zhJ8FOOWt
TYD115法登社000012,B2GF29rpdVwyHeY76PoU1gQUPvqp8vELpEBeQ9hkR1podYlSFi4dxjxMvA6g
TCD115法登他000142,_PZJ40tf-PXZh6YRtCoN3Kxui_hwUk2QJUn4vxFjxRQ68HwiWv4xca5f0f21
CTD115法登他000030,uGZGi-7zdkbgAKOQlyJKkKnk9bKYDR0jvQnpjfgPZZ4I9vnQT0r3QRSQOcE=
KSD115法登他000058,fvV4vd1uYaOdzaXnh_LI5HVR_FVpAzDBiEKur-jTfhEMYpFNF6OGIWzIOFhJ
KSD115法登他000059,X0MEoci1rnfQKMVQ7bRnPwFJggPhlH12wQ0jtQb_tCPebbH0wx31A2trYbM=
KSD115法登他000060,Wlzu0XoHL9zj7Vzo1mwC2LQXQyqYVR5ErnMlq1xYqLz42hs6fVCZWfgW27E=
TTD115法登他000018,pgC62QBFaVb3SZUrPwKBOrLY8Yu0JvRudZyzCJjln4uIuPcOelxwggXIGqQ=
ILD115法登他000006,ciJldoDHF9rQf5LXYDWPOKWnbfJZANdgdI-hz06mhB-P3oFhR4n5rVj_98Y=
ILD115法登他000025,BrnyJbHaeiXDDjd9WUh6OAgqAWs32iYrrqQQGhJ0oeASl-FArOPQJUX02L4=
TPD115法登他000401,Imhe9qPfGtp8whDWEIJBcjO-66zTiu812ksDR3i-fwBfaifSZbveI512FRCA
TPD115法登他000403,tHathElBTMcRSxrgEoxaY1Yvgj4ncCAkPdkMzWsV7FbZ1JxuXK7Q6EzlBFA=
TPD115法登他000407,WRr3p81Fi40mnHOv4hWfkNKg24RGwqVmxVLMTzimUt3YwqzA53SY9AnI4lY=
TYD115法登他000087,m4i3MCavZV72v9vFUkboZL3Rtrjhv1CMAXrNp6HyIiJBqLSfI4WaufZcdBw=
TYD115法登他000090,WEtWikWn8JdUI4VQ6xG3CvZqQBst1hguJR-WVWUewy58Nuozt13VHLW1THw=
SCD115法登社000010,dkskJ3ympnwsju2GLJW8pjRjeFglq656J2xPXYDT5MwmVN0-w-50roznscUi
TCD115法登他000143,dTIDrhWfhSIG21zRbnYjrd9RSn5tRS4CA7ILYQtq7_7m7nF8Nv7-eTghgdwb
KSD115法登他000062,lLnc8YnPbtGIhFfk5M6BQy3AvdC7uJHmL3rdpVvsjRVgNbPCtszy09R0FZHs
KSD115法登他000063,Xjjf46lEr3o-fLYyO2xyKcEcAxjTCxN9aFTYj5DseSYPhYuEeiYbwthJCxHy
KSD115法登他000064,xnFrKjD-xmJyNcSXVcZTxMqXKPZp08dAz1PKsKzfUNPOqcGP-_hIGF5_o0U=
ILD115法登他000026,k3NX7vBnrIiwUEqH-Il20eQu092KZS7BckW-xdLvDVOdF-H2B8HIi-JUgPw=
ILD115法登社000006,GK9DxYuABuujzNWb4tcN1MxZmtfDBJ8RXiW1amYYx4nymKBy762pVclG65M=
KLD115法登他000023,fiyyU8jspnMQYBrnpgcF54xq1SOjfm06krze5Mt_X4OXo_jSwLiBwvPsaRM=
NTD115法登他000030,6O6Wh2G8w2zjOwhP93au3qAbz7-yDXbS3GLejoZhXOISJdQ-b5kRpkBkTqQ=
PCD115法登他000110,cdRa-B-diRoxReheOY_dJy0-2pTssHddgW1xo5FFLEvs-ruLTjskfZRs0ujU
PCD115法登他000111,fCeTwaxZfc2-zp0hNMfDna3jH7YrJb4xHfEhGHhqz9xA2cFcNpyDQYGDnRw=
PCD115法登他000112,LY-np_mH-oGA-V63Iack8HCfpdzMGtW0q_Dp6lyqeXBBSV2p4VMmyq-CLp3T
PCD115法登他000113,JezIAv6K3NmhGhZq9XFZot3nTJBKuOFpi10zoNJW7v395rUiWxD0v87QutOO
PCD115法登他000114,J0LVcU7kx8rcXCc4We_xC7_gKFEmU81HvI8aLq0E-VoZoyDsUICzBWgRvVw=
PCD115法登社000013,W6_b8Q5MxC2msYiLrjmXHEUBiEQrvmSpCkhI1Lbg-O-x9dw8gQouFjw2klMg
SLD115法登他000115,En0ayLerxryS7iOr-5YU7HscvmV6d0bycTJ9Nfox9drZuto3RqC1h-T9GtY=
SLD115法登他000116,8cPZKmNLIVjTHJ4O4WwtmXd0kLWUfiBuYU7a31Lkn0GOIuOC7T5-YmKESx6s
SLD115法登他000117,qSYpRwMiOlI8XabOe8jP-Hga8W8YF8xYq2mF7xov6Ope7e8IneO02dyqHFNZP7A=
SLD115法登他000119,NKhv3jAggt010xH3r-5Xc26UM3sg7Jw1KugybMQPOK0p0IPdanjCHQawKAA=
SLD115法登他000120,W8NZagiO_7LSfNBfvXb4UkYr3YbE9A5PqgjLUfl6PZae3Bp5dt6ecQ2pVMl9
TYD115法登他000082,WF175N6Yq24pWG5d3WaweqzBZI9FEe3HgBdZs-5x_pehrZ8LP2G08jOdPQ==
TYD115法登他000091,MxoU5FSLKCNPNFSF0g7DeOmj46R0zGWNEvL1I12mfnEGwWlo13kUUUmWuSM=
SCD115法登他000053,IO3vayBb0sm_8rMqYPF2-NZrbh8MtoJ1bovdihvx31jXaH5p3YHR7KwSPw==
TCD115法登他000144,EXKM0xadx10Y4o2ZWzOs5ZAXAh1ak81lFEQQGM6OBOYUJPO2dJn8_O5M2Ozq
TCD115法登他000145,zVJV25oHF5PbbCFyNIkuBwVku2jWiE8RG5cLE7zgKu7MfG2CRawggS0xB94=
TCD115法登他000146,8C3nLC2B9aZQmOTo3-v8xluAsQNVmHWUBzbt_1Xac-0ln7bcuQYrgJPVNxlQ
TCD115法登社000011,5TOa5xAi1-w3pDmwzZAU1WfKOJP0OZHAIBDt6egXyFyozEF4vDVOWV3oFzU9
TCD115法登社000012,2QZvkbJ1KSL_5l1TfuLUbNxZ8kdVDF7gRETqeLtBGpU8L_IrO75RhuRvqrS2
TCD115法登社000013,M6PNbAaEqpiPPC3hJapI0-4CaqUy7Uo2M0gMjTSc7PARtQhXRGnmzKXRmVyq
TCD115法登社000014,FQBcqaKGt9Q_usizPHhcsjnjzyYAZ1NBvr7mDgXAc84kN-Qx3KKWTpNlTYvt
KSD115法登他000065,C5OF-kJlaoSjpBMnWvy12Dmrand2mWfysXFGssOOo16vE_OHfUfY4rCd_m9O
KSD115法登他000066,5GDDOf3YeabVNt9RUAwE-5gos771QeVot9JoPY-417dnAswjXmhi482g8Tgd
KSD115法登他000067,jP6ysMHV-btXr63K3pCWjDlyqZ7u395BtCjS9rBNrcqfN_yL5eIhSxjOM8Kw
KSD115法登他000068,OkAikGRpMK0ZVdx4e_dMSm_n77JQW4oeCohUPt_vKo953tV8oHg41RiNZa0=
KSD115法登他000069,E-apdNSCjAnPwASYk910yo5IykIVDCGooTcb8Mzh0ZA_7BIJzCJ0IipYLINT
ILD115法登他000024,pVER_uwaRgnez9xKfcCQlDOrHbc8tiKkbcDbd0-uD2m4vbNEBt68NLdRfuI=
ILD115法登他000029,zA40kuoWBE8s9ONugViYvRwPc2yOhFuD5bN4g-dkJ8o2HGUhje4oA0T3DDc=
ILD115法登他000030,arv0rvNM9ItYW9SkYqvmeQOgUQfl4rj1rPdCKV5ZgBIPGfoTnMUtoZYZXzc=
ILD115法登他000031,L2g0EYdrXts2_GqzhvkaMEp1VHR5PVOg7zQSdN51TTDr3W4l9O6_B9yqMg==
PCD115法登他000108,HXEt8Y4lJb6vsnkZ5C_GnkmqVZbrSiS-1jnZ4VJRfzvzgtTr-CkyLcHppAZY
TPD115法登他000231,WEu_sastSj53TEe1aR0-M0k5hYWdvDoo6uv9-bg0ycPy5vThcd5e6V9UfeKI
TPD115法登他000409,CymbuJ7FTryI_Hhr9uPuYGdxav--Faj4QVG0Xumw5ZFcttN3wbYLptqcXPsL
TPD115法登他000414,aowYKfg7_LeHmoMzi6okW5sGetGof8XefF_yHx-QTQUYw0EPKt0IoQKyH7AV
TPD115法登他000415,XB83XbYOVFjMqfApkKc1AI4V19j-WTwWlH4H8NSggOPpuycqxwUfNxJxCBM=
TPD115法登他000416,A28-dIAKwr80LiBj_-X4W1NvLluQlIKK4dM0ROjBlkG62xDSKFO_DoRYUULM
TPD115法登他000417,g9uGljt3oW8blvocrq8bWMxKZyGtYQWFwFiQXrgPz_-tSV_kd39oDsupRyAH
TPD115法登他000418,scQRF7houDvXE1zTuWD0mQ4MVqwJAAHSJMqfbslsOHhstQ2Ga4kClDEs85it
TPD115法登他000419,Dikh5-zyrK5VgwBZi3qvwomYfU8iF9bBqowwCXIX5frKt0qMLbP1JE7pOUfa
TPD115法登他000420,Jh2sl7SKPZa-mOzCLAXYptf-tHI-SC24ntoZ3lLwVBEZBE1fuUJldrIB6ysw
TPD115法登他000422,H2D24aolIAuFfr2XBF0ZcO72fIVuW2AJygaPD86PgG6GxYC-pO23_uma6CoB
TPD115法登他000423,CocNfK71qjGIhYlWqni7DGGKNXZY423i-QGf--kB2VMHzfZMYExv6EWfb2Th
TPD115法登社000018,mY0JmwqSldu1rx18_6cs1LuOlVB7M6ruH4825auSb__SacqoTmlOPsJFHKei
TPD115法登財000002,Ml-5ABHzdeCryCcVFrAEYnwEhpFcTrLhM1iwTbgiQqKwMZDSBFugr6CTH5Un
PCD115法登他000115,UGGLj9kh_pYxpW28AbfgKD7RKOO3mfJmkQCWel6aHnel4tPLh8gNMAKaBps=
PCD115法登他000116,DrYk79wwcnt48-kPXm64IOjdLHu7_tHjguH52_QaAORjUO65IqjjNnZIIbQ=
PCD115法登他000117,yjC5fHCj293rfmpVNlbgL9T3k9znsWGWipaOQxt3PvDBlr2NRkDPK9ktJ2A=
PCD115法登他000118,6V-bAyn47K6XPH4kAFPd-LvCk1ql3BJoelSatg3VWJdfeLnnzRku7fJBpjP3
SLD115法登他000102,Dm7zE8zGidv0y_-bN_oIk5MLJ-w5CM6Tmnno5fvS6Q7O_H5Lc1g6r2vlr0k=
SLD115法登他000103,JbbkH2m-xby107s3Fb1dORoAsjeDhQJTGIo6JJcAk3F5P2sbq-Z15brwttdL
SLD115法登他000109,SHr-mmqIGYFqHj93U0O3etFC6GeGPO5Wd8sUbeVhWeMMJvKJ4OSs-N6NVlY=
SLD115法登他000118,rtl2FRgfNANkoXCEs8TpaM7AuRE8XHsHOVATKGCNY5Qu2uowA6RKS4cqRPbr
SLD115法登他000121,rpU6Eq7EmNcj_jLs_PbZWzEXC5GWxDizwaw2CEv4xphl5JdBmlzHe3T1H7o=
SLD115法登他000122,AqBVJTCOmKbvXPWbIDvaJFlm213ZIdGSWhrAgKo4fVYYrXvzzVcFuHJkLGvv
SLD115法登他000123,RMsspz3I3EHqNODa2qooMF0yPV_aML_rd87LNeLnbfh9SFqdnYBilsoZGYb0
SLD115法登他000124,l4tA0sWrJjWp9SpxpyplnkZB58XZA3ebDB-HGVuOoW2tH7NdMjPIjdeTKQg=
TYD115法登他000065,kGfz6C9gZRBAuB5oawGF1Xg2ko81guVnRNva-bzJhlyLpH_l0B5nNT6A8Nxf
TYD115法登他000092,7516b6WPwW8B_j6SWpdorkZBCZzT74oMHyp_fNJsEBsdVx-1Rf-dIRHaJ-_t
TYD115法登他000093,52j_SyM5CFYePhz-tNc-PnoPwRM694f0lpPU3IZ4O7DXVigCJBfcBCjRBeo=
TYD115法登他000094,g14OWTNo4907fY8nEJna1sZO_eny2pK15tUDRTop8lm8Wes9stwLlNND-3QU
SCD115法登他000054,2eTbOWtT-5Lpi4sRL7PSYYFSVR7Pu8CXjk8_6YUpdLonher62U714L1CwSk=
SCD115法登他000055,NTBG15cCmlDAmjjch90PUivY5l3x3b1b3tpyPtCv93SvxnkUUthkAlL3pjk=
SCD115法登他000056,CoYNTf4knd32BkcqjSUniPBvUuFUZoG0iGpngl3W4TcY6zX4s5_pUZJCtNg=
TCD115法登他000148,jih8kHDnoxWjd24t70kYnqsQchdPY3XU2P_P8ThSGe3REBcMiW0RfJ8vffo=
TCD115法登他000149,aO23XbKDcgtENLWrNq1tEta0sj87eer7e4ka-StlBLbNtubnMB9I7gBTvyA=
TCD115法登他000150,__3eGzA_03NJV2y97AE97BKJruIR5anr82fvsUr7scb9Cuui-1MbH3i3VuE=
TCD115法登他000151,Gx6ia13_AwpftyMZeEF5EKX0TInV0Ri-IUXFd7gf0XAI6F5ffWs8XqnS_E4E
TND115法登他000072,c3_wzrdauPxnOuV-ts8d8aYm6EQjfazwHG79L7UG96kc0ubc-H_WNW779A==
TND115法登他000073,dgdwzSpQhUkRw1DPYLWXpnBzwVWeX9rGzQ6hLMICJGMehfGC71RHYFFTyg==
TND115法登他000074,XQsM2DunVhA91ft5Y8sm5un84dMubxR9z2Inl5BeZ8ihLwgx8eye2Lv33A==
TND115法登他000075,xIME6DVfVr-1xJVElu1Lxw-A6D0aCsv7Mld7Wr_IVa0w35INNyn6tjrY8Eg=
TND115法登他000076,mjHoc0Eu2Ez9o3Wr_s78lEdRHQzyvRjpaJT_giY6RQnQ6KR2hCuEEV4fCN8=
TND115法登他000077,0gPwN7TkxQAQ1_aY5d5eFfkX9okAWOjxOJGii1utlXJv2cFGo0xGjmtQ50Y=
TND115法登他000078,bxhXAi1FQ0Xr0cG5cfn-Ywa-0j7LU0SS59fGC8NdXYqTKToxl1QCtofzUEQ=
TND115法登他000079,0TX36gFTcvxRG448YUyHSOf1GHVwPNgt-TGy5rpl7tAvLnB1VZEvZOoaEXA=
TND115法登他000080,zVj5284LfoQ-7maxuA5HGco8ayr7KSuC6dYJlpYRrTeBwJiauY88lLqryZg=
TND115法登他000081,uAKOzUKKBAxGwOx3nBjzrn-zRv6n1SOfPbvTLPZocrpweGHW94f1bEke4rE=
TND115法登他000082,4PB6RX45mQrxoafZ9OSNCDt89nPtMwj-xNLrdpC0wKsTxWztdFDpNXClYvE=
TND115法登他000083,bg1uIjovmZUScUJHxNBAAk_idSCM3pBebFcyvPzTixmRKIq0rpY86hkKmz4=
TND115法登他000084,n1h95BNtRw1vVRK-hlnWHJK1tL3_Ni1L1-wJJACm-QYrntcqCcC7zNraaME=
KSD115法登他000070,mw7tN8nFjPqWRQpwwHz5E4ZfuB2_YNQXbb24hQEZk4dbDbp6yqzMBcz2-9Q=
KSD115法登他000071,pt8y5DTqmy5WEWQ1kAiPDU5oV1DCO3x15ctCuMUmQC7Z2hV2IqkKz2hPQn0=
KSD115法登他000072,e7bSEUjwdoEOqhoHXTMGEd2JrCU9pHSkY2i8SRbUxFIzlrXToBM9p9LDXwg5
KLD115法登他000024,6plVHU9yQqitQl-o6oDDCGXwbwsJo7PkKTMaXb3-jrfdU6H7h83kR2qHTg==
KMD115法登他000011,ZUFWO3wkNq9fhLK6RbZOIeTDbtzYMZLHyWIcif3iwlSCLRIX0qrTZY6L2-E=
KMD115法登他000012,zE30yVUQiEHYmzqM5Kbd77AutpkT5vyl5O7ys6uU9zErJGL5QfxYz5dHYA==
NTD115法登他000031,RnuLGoWmdFPTcFg-hJa4D5iw4wL-q5TYp-P_dSqf0AIzQvU6cm6Sm2wtIQ==
NTD115法登他000032,qrQ8nEeawu8vCgLg0PStiU9BWhdJ1MltpUIaG9ssciyATBgvIoV313w4VE8=
TPD115法登他000410,FnTq0dqdIwuvs4GRaKUk1H_v1uWpucDPkLZwJkqJHJ3suIaw3Eivai7WtFk1
TPD115法登他000413,ojIIcOTdlLqrlEy-qhkWVbdUUc8eytk9LWvJw-7v1XSi8HxNQ-uhzY_8F2A=
TPD115法登他000424,UElyBS5JKogBO1wtob8eF0HQ7U_CH0aDsP1L_pRjJViQZyKD-Na3qviM2U07
TPD115法登他000425,2185V39kRBFedqCsDz8XA9TDpUMB2MV390WLYP8TJrZ72j_NkeIwL9V_0UQP
TPD115法登他000426,aPVm7hLfCBaUmJn9XEJMbxPSmraBrIu-Vg8BgKlLySlJax7p-KlAcSY4ahV9
TPD115法登他000428,Q5ZFFGCSuUQPXFm9KuAaCJtKoif2o39PMjXKhDky7RvUsyO62U2PgJET15pD
TPD115法登他000429,6KWe5PZWzKquUsM_ioli9hfLrzDmqDjPHH33EQXF0e0B0T5CBj4pS5qaNp75
TPD115法登他000430,3fK1ZLw-HkUC9dMsVfok2aXgC-l89spImhe1Fsh5VzepeFH4nE73OXex4zg=
TPD115法登他000431,jFevosFzqIKo49CHhfpqXSRCdrHsR0Abqmh1L1gEDh-4PVLd3SSiD3dveDU=
PCD115法登他000119,ppyxmD5MlL4_u3DdhB01kQv02zheIQffIY_Fe7Ba6EQ-HaqR4D4ZYdVMBNI=
PCD115法登他000120,8UiEENUOH03urfZuaXERAkX_GeTnrxIv8fUZQGObRJSkkoYDI69lSZQ4Y0I=
PCD115法登他000121,uejLcN5tCy7klZX06eIwGKz5ynuGQU2INu5BOwv6vtOMWWlNWGedFxJNPCce
PCD115法登他000122,sKSXbTbd_pHXWfoniVT1rkX3Po-9wid3UM9l9RwrvlTSrfi8RNU5Ldxr2x28
PCD115法登他000123,y0QF61MdYDxSYS2GbkvHDxuikO3avt6oUxCpAUsjrXDzT-Bm5vxUbEDPFg==
PCD115法登他000124,_oviaWDA43Vsn8cffQbPWs1NhT8DOMQYkBOCrlldGMjxvyDYyZ2O1YwKaAE=
PCD115法登他000125,C2D1CKvYwICzVjzl3xshlgCWaWcUP6sfOLeJmSvhT_zXq6qBmGducpKP1bQ=
TYD115法登他000088,TIujYCeg8vXOzvt-HOAXSg1fE540JS0vEN4gkIDzUTuSpwvBeZj-V2IRDQ==
TYD115法登他000095,5yOwF-_DEwPFe1CVKpLkj30-Qp8AX2eb-_m0Ntgw5mPpzKyeK0CpzrxXPFQq
MLD115法登他000013,ilzVt7owASYdq9_BcM5C9uA4encqe9jheNDmmaEf0hgihlH9JA2SJDGH4A==
TCD115法登他000152,-dTyr1ILyxTHdcxOgDC9FG1CcIpl0dXtUUmRx0zAu6W7_hX7O2NjDqKZlRlv
TCD115法登他000153,4SdDxovIZsUHPt6380iLLGMZetIrGKHojC2Sg4uEtGN4vQNzL-__Oz6KMsM=
TCD115法登他000154,MaIvUHQVHfET5GJtQSzNvPBX_OfUg-_8R8xG6CLTglMHlXdfSwuw9FfjASSk
CHD115法登他000020,lG-uI_EtBOcHaFBRWP8C-eyXcDIztQwQX59XoKwg_8Pe9T75_U4Ck7a-IRI=
CHD115法登他000026,Vi97wiE5p-ayUBPWzxTVwWXSdfqPpB6DocWzM_6CVqRpzjeixCOkU6yyWkk=
CHD115法登社000002,vfqhDSjTmKVfWUrgBo9JsC5mKgJ6y-l5AqKPnnXLn5MWplrgC92Cn_YeHGE0
ULD115法登他000007,orpenIEX-YmFV9UwMlyfQScQbP7N2xccJUzMGRAdmSz8_vX2dzBuj3jGDGc=
ULD115法登他000008,tJXyh1Yp6Nh7OxXvk7tejvlyERw2pi1_y5fKL33sKFVnZTT78fkvknqHuYk=
ULD115法登他000009,opaLYum54wP5AV0dg1xNJTvMUrhNlCcTk7hXM51xHwTh9RPmAcC58Eg14xA=
ULD115法登他000010,XdS6bYsW8EKh7udBqHL7wE9ISD8m9LU5Lc1XIhPyGTFIWr8TPnR4FkJ6Hg==
ULD115法登他000011,W-e8RX3NCjTOBSC8HU39qBGmwkWn0nlTR9h6vpHEPQPsEPJU0f9meY1LaK4=
ULD115法登他000012,TkQ84KgIMEfKhzJ9OKpkVqbn0aXDTXs9ERpqiue96ZoSDF5reSjw8nN1Fsw=
ULD115法登他000013,oon4ETFzTuzDo6sVmwTWaEsx3OdfDFKKch76eZtwIhHXb7xROM9ZLVgD13M=
ULD115法登他000014,TY94qjPyKiyAor6GC7ayCZQSmLxhkq-By-dXSQYHnoo22nXyDzjAx7VEmpI=
ULD115法登他000015,yFMffqe3yXTDOXCXR-YewweggvJkBSsvmpKgvn0mFjWGY2bFmAEyxnsQ7uA=
ULD115法登他000016,0-vsOrMPew40cS4ibkftnZNHuYP2XLg-NbtVfvLRQKgIqC-7mIwpi-qAAA==
ULD115法登他000017,p7Y7y1evaCbFDNqfwYMZhYf0V_IIiOdxfi76siywh8ebJM6hKkTN2vPOync=
ULD115法登他000018,ns2Mo_wGG3CPLawkGRsNl858dxa57dw83LJEdCedldH0B5wmyOMUK2Aa66E=
ULD115法登他000019,IKBrl0a0es2F69p7bjw2Nx1kZYy8UvNC4KH7SSc92y2J1W0-FJze1FQfM7o=
ULD115法登他000020,ZyzPLy9WkwKzw4PRsfO9QdjYeTX4tbqxQN-rRTqQy1V81-lJZ2tA-Yg0f3c=
ULD115法登他000021,VrcUgWBF09LU7wiVeIJ1ZvDiLDiJYRoGhPUE8qc9RTKlD0BGYXxw8PLahhM=
ULD115法登他000022,mqLoGixlK36-A5NqWqWRj7jT7d9PiCAeiehXVwIF0tMovGY_GcoAWB8vZx8=
ULD115法登他000023,JUdH_kUjD8islbEw__21ZdE9dKsx9APgBOxzA5xsWzaoh799yHe2FlHJumM=
ULD115法登他000024,OH5fPFEtF3_mJhMZ_5LO6zYh3zIiS-UXAkpK9TJd9y0LCdeJfJWGnb3V
ULD115法登他000025,ijIL2-gFLb5T_wTwK0VleV6OsiVieqNYdgPfid6d9Hh9elIA2PGskew_0J4=
ULD115法登他000026,Cp4AmiwGWLwBqxt0euQh0T2JvOQQFTk2ZdFNH5ejxdBpt03pDkdj3tKqmlY=
ULD115法登他000027,jKU-PEjbRvtnlVXINR1i1cGgnw8AF-9oGIYXKWvdx-yi3BdzlJwMXgu21g==
ULD115法登他000028,a8bQ9i1gfE04Ckqf9SbHfvF3wTvI4uYpSbRoRmEP3MDXPSoXTwhRN8rhN4Q=
ULD115法登他000029,cM4EHQC6sjY2rx4Y8aKrg48w2bFozrgHWyI03dPYdkpI76n0Z0FwOGCkqg==
ULD115法登他000030,EAiUnUUzuE4fMCTJPTeC_T9ZY5kBxiW_jN-OR2adG12aW4QKUJ3LQNOuvKk=
ULD115法登他000031,t3-sOhfVBD6R7PrwtYuJvTJyNaOkl9iSA0LKVvaKN89mcbdx9VqmuvPK1c0=
ULD115法登他000032,GuNdD2h2ea5gG55HBa5LC1Ol4628GBTLoxb3JqVJG-VnZOxAJxS48ou16b8=
ULD115法登他000033,jLgul_Q9WbvMg_yqpaJbPGcpncJOogg35wG8O6yPD1lKlq67Mx5X9ZCA
ULD115法登他000034,YDz-eBd-V6QLlDZz5JCRAUN5vvOdIUlXRb_b5v5jhkTYrhCSLaDQdcxt8uQ=
ULD115法登他000035,kmNpGian8ipDakgRgI4lQCGwah9t97mu7tFkp_n228lIhQGtRLznRXKxgBM=
ULD115法登他000036,pABWMiajArbav7ako3k2IlFkLq77gPcx1iYyNis1W0Fgec7Wa339u0PobA==
KSD115法登他000073,HWFryoQufi68Nod9UyzUzGTQdUBoBs7yiDoFWh_mBXf_1w_8DOAWlygaKXNP
KSD115法登他000074,WUV6jNuucJHDWPtNVnN7idAzImCD2P6avbf2ilsxLlAAceW12Yl9Ow_IM1Q=
PTD115法登他000025,Z3uwXXImiqxoJezyamTt7RDO_e6t6QfwT0_m_fn5Wsc_OOSVEqh-1mGsBd8=
PTD115法登他000026,r3pLoj4SfoXEheiKgxmPpNeG_CVYK_x6b-CLFRp971qgc3HYA5_oTIpFCEE=
ILD115法登他000023,39_XXEPWjbzPbRwe5pfVFbXCBuIsoEkMZmk16a02oh8pKGUPeQ_B88PJbHs=
ILD115法登他000028,tiZwFx1wBfzo81SChJh34QaNwyhvQiEKjkY1ViWc4O_hdFXwS985AvM16YI=
TPD115法登他000432,Mfn1Fsffqt72aRbuYGVBzhOxBJpiNBFt6peVmcD-LjQ9dqbu4hvVEgTZQa4P
TPD115法登他000435,28a0nGMjHv6YYKNJLzTkUsCpWmpuSeZYFXO9z3sJJ3qdsRPENv2NTAI4BeBl
TPD115法登他000436,FFF1zSScrhpYOJMte4LEeP8JO2MZkt5wsYHNo6UlPMO51INFFsl3zzpmdwE=
TPD115法登他000438,HKHWInpHVPMBlXv6BptNO8iHJ78cjFXhP3WJdIMrEVQVlDkudindJLNBUT92
TPD115法登他000441,Ng0owhp290ovDIE2PfeEnWK0VmEyYwPJz1ylRu7g1TO-BtowetF2Know77ey
TPD115法登他000442,au3DJEemKgsipaVJkHrKuOY5bCIpRs5VH_vGOkB8jzhVgDL6HszTLCe9Sbs=
TPD115法登他000444,j2snOATuMFSfjeYfPzLUMaEFm9PEOruSXUw26YjUlzhAQk1BP_WXXC21bRjv
TPD115法登他000445,U3Ft8_eIvx3Hb-4gA1rUeQ3QIKmfMP-UmTyeCbw9iZO_J-CP1wscIC4K1-M=
TPD115法登他000446,GGnh2CtKQW4EwCXO5wRwYxS3HRvNaIxm_Zml9wNQFRwtwvlDzTuq5gfUbz-K
TPD115法登他000447,kXWaqfDbu8ZaVKfS_U-a71t2HsMlOpqYlfsZsKEB9_tXFsrMQg_YN4QVZFc5
TPD115法登社000021,dWnLRsYvhA7YAR_TZ9AbjyiEKobyUqjCkSzthCfa1IWuFn_eQfQPSrmB4ZF9
PCD115法登他000126,fpIJ6Kq_WTn-lpYtXTj3n85Q3SaaJ2EC6t5LbdYUySovhGeRvxHqqy09sqg=
PCD115法登他000127,BzbiwQC3F3Y2csaiR9kRpXRbTkw8Mb5_NSR8AG-7OWSMGpjLfazaxnZQ6Tk=
PCD115法登他000128,BvzdlBfni-Q0vYuMvSF_CyczC5VilBqB208saA9ZHGbRkZ51zsb2b2j3z51I
PCD115法登他000129,YgB066UYABQJaegqj-NS_KL6pHlBMObL0R3IeTaxER6SpEj4gSzFIKIH5Q==
PCD115法登社000014,NaH7syjYxJz7UydAy-2R7iibkX3k_5uy70OVuhvxv79kW_mlLo5Og52gAv9i
SLD115法登他000023,x2hF9scvsed6LLGFju6BkPv5hqRKTZ-uP6mPLW41HyJ5K0kEt6eQkqchC8M=
SLD115法登他000098,BbNInLpmU3G5Q4QPk1-O9icxEq5FZxxHg7csDk61epESqza_wrSY8ObryNfy6ok=
SLD115法登他000125,l37H4k3Y0WcoDmTtdHQG1qPXC7TXdH0uwHnHz5tVrR00uV85SYDTIPUU-1UZ
SLD115法登他000127,G8d83zIjNWtLNnkQYxYli7Bg0JpT91APdMSKluk6PFuVTs8YosVDgYDSS8p2rqY=
SLD115法登社000009,V3Oomk0yvXWt3lUCIgcP8C7W8t2y8PO_uW7gVhOLAWpmzYWrZMrZ-fOWKJ5X
TYD115法登他000079,xwFIRguOaH0AAzRUkjlj04c4bpb7owXoPnNtTf3m85QDTIryUd32xwKmhpxQ
TYD115法登他000098,I0mCdge5OBcii1CjZjMeJLYwaAGWUC8PMY-3sym4sjf0ksfgzJEW06-5BKM=
SCD115法登他000057,BgXaNUdI0ATyLTBN5ECNBO-5H3-X_T85CceYAS_32HT5TMQzYUn4xZ7204o=
SCD115法登他000058,iCUaXy5EPmWmn42QsVf6XF0uRsLKwZYcCBB8kG7JK_jlDvBnNfrf205vzGM=
TCD115法登他000155,gyD0v7sJLKP8D6wMWdJ4R2-nB9CICv8FXhWfB2-ScKXhd4In3fE3vNn5jPan
TCD115法登他000156,cVR7zrYeUZDXfmt1WoiXur1KoOfNoozHayRMW3WT8WPgSLt9v7CX-F5ARs1T
CHD115法登他000028,YOGvHUdqsshcqNT4UUTBXuUIyXl_I63ClRfco7CVWKxcGJNRgtsHW8_8E1A_
CYD115法登財000003,gUzEfzmRlPE3kSSrSbHmHvpExSIj_G0lIRHSbMp2WNihWjAaKdcCZFWP6NI=
TND115法登他000085,Oatv8ENj4lpZoziS5RCzwPqvLn62o_iGklw-TBXEPHrYjOirs6cjt3bMMW4=
TND115法登他000086,siWB1YxSgYAWaYOpZIe8RTJDcOJlymsXvokW9JmqNKUstzF9zmIwf6RsgsU2
TND115法登他000087,tsSVqQXCLh7ZrSyQEs7yMUOLLOQLv95eAbsoU3GRAVGp6mo6Kl80QUmgRccG
TND115法登他000088,rVyt9b5uBfZLLhuHxQdLEFPAnYhp_t4CA1Ifz7k3MxOSidEoKKYyTFu2tB_W
CTD115法登他000031,JdNk831fjyuKSMedTOJOV9BScG1Ph4A1Ym0UCHrLPik0jn0NttQjh6amW6g=
CTD115法登他000032,H2ixx2UuYapAi07UPo96FAvt6h873BSYZ2MlUmzxKxswEM8drRPokAb8Kzw=
KSD115法登他000075,cVXLSEzSJ4VfMa8kNgem1aheDhEANkrqBjzbVPFEecwjVejRgaQez0ZMH18F
KSD115法登他000076,Lq8fbYiISqsl2-psO2x3VN0lFOKov6AeRpg-paqfIss3vaAO392HER2M7g==
KSD115法登社000011,7-wAqLIQyPpj-uoUFf4Tha67xqWtoqyr-Ug7yrbvO8IGqrM78UGpMn0Q5195
ILD115法登他000012,cVi61So2tJ1sSJiSoR7tyu67J-Ik98C2GrHXgkMQhg94n1LANJC6uz0iMvY=
ILD115法登他000027,O6BR5k-ph-DYKzPmxYJYmuMpS42lyeopEeBRh__IxwOmQTVaqSk1bJPEdSQ=
KMD115法登他000013,uhqzIGSl2Mp9taw5FnMYuXEel6pQMqmeX9ctsmMPsJm-ut3xTVbaqf_4bQ==
KMD115法登他000014,OAI_XJPi_uoaBccVD1u8hmFgcrfmLgFJJUOKel5UFv9vxcHyXI6LwmBNsw==
TPD115法登他000269,QRQcSyREIFzhOv7tJNBxCVN1ggB7qLaty21-0al4xy_ZxGxRJDGegzfBqes=
TPD115法登他000391,_UBFaZjTjlbbgIVlWlbd4fZ-hG0ZoFl5UElhW0GpirKXDrvFriSerbDvAbAz
TPD115法登他000412,OIP_IpHOmQhhkFALukrZ4Xoif2XEWJGTA0DmRiJ6NJ6o8S2uJWVjW4ZPQmtc
TPD115法登他000440,1UvodbFchVihS-M2xVvYc4kmXxcLO8v9KGYC_c1C4Ld7deR1EflInmd7_QUG
TPD115法登他000448,xKcxgIEk8BMSbh2l6eQEbztbuqnfFX-opig9Y1DW84con-pJ_enxJuvfV5E3
TPD115法登他000449,g8qNscg0tOlcyyYJi4P1EGSHPWZdaTpbBkSCsD7Ew7-z9jBmOaCzy07dA_SD
TPD115法登他000451,j3ih6JNawbf181bb4ygC9UvcdYKJI8ASInHmzfByN87zGvQ4vki-4C_EMWce
TPD115法登他000452,2F-ngUzMphqmFKBEuG02oh2l4InHvD5rD3lMW-K4w7lo3tlz_dD7DVdwQ_zp
TPD115法登他000453,_W_c0DIsdPT-XYvThea9lD04UF6kZrj4lC4AnL7ErCbl64HWDjdx5sNDW1sv
TPD115法登他000455,rov7PFQKM1o6pYNfKdylr-OQvRsAXz3fxBoBS25NMS4FEJmBtT4DZYOPJVOW
PCD115法登他000130,ocdym8jl5vCOOZnEJu34FxtxR7lHV5IhWvcA0Tmhwg7V9m_Oj_7wfT5-d-0m
PCD115法登社000015,Xvqsi7RudIrt68gV8yZ1NDA6f_sCfykbkzgTs4w54GTF0rx8lgrFNrgaKa3x
TYD115法登他000077,FAMYpM3k7uwzdLyM1eN0ojG4MqAKhrYN-RYeZWaGQy7dryhwYmhajEHIeuA=
TYD115法登他000080,N22mUSuyOEoos5w2s-0AyRGn0TPBU0AIklN7-63Ie9p0kUyXhiqIbg6sAg==
TYD115法登他000096,WHKsgZPfqGbjMgUPw-RX438VmT-l0M5A4NzlUZ1m_WfNmHDKRi2GARU6Ew==
TYD115法登他000099,cZ0o3XrQpBU143xkyfxiW-gLVvXZmqwzOCjW7Z9E-YK2PdFNYY7F_tAIKV_5
TYD115法登他000100,_PSIQLrKFeUJUu6x3rWbrvwshFU7TKL2S4FJh7MXuHI9Zj0cLx-IjNHFTH-2
TYD115法登他000101,g_bgrnKfNLnxwgFBOtQCYoz6vDpVWU4ABZkJl90O4_SsSEQ3jgJUDbffrg==
TYD115法登他000102,ZhRHaB_YtBJKc3-YuEebdnGIIcnTCP2xf6jG6IxLxj_JTb-SqrT2aUjcLg==
TYD115法登社000013,NfRk592SFrj1Bf5eb7iBAXydvigQwhnLhPD3X0rsbgphOPNpgGi4zZgE29DR
MLD115法登他000014,uvcnCskKFRuxYKzmm-gTK_ARqyq52PPpPyKfwb5CL_MBndAjAUbBJOBgSg==
TCD115法登他000157,L9yRZNg6__ZCeKEJE-PlZe82ptJ9YnO3ZCQwqv5r5_ClcEyeuz0KkhIGxE-L
TCD115法登他000158,e0WruZxbnO3xuUb-pZh9Ms2U9iibgCYLFTU0X97pKgEink8EdXy-1xr3Zc19
TCD115法登他000159,-SqLCRttcDbFUiiAZPHJ0cwoGRIL85RsxSeSdBwwWFUEcK52fMC-iAPvQY8k
TCD115法登他000160,C_Xlpj-y_ghtsJGqrzJ2-9uqe-6N-LG2LVyDV7CStvz6bvhXCfNoap3o_hdc
TCD115法登他000161,3dvFIAZ7tX3F5FiTzs5e03xYQtmLQLtz4m3zGkktdpHO1DYIJObB2B8_NrA=
TCD115法登社000015,Wec7XO4NrSZ159DvHuOsay-9RBJ_GwaHVpOuQlGLkKFVEi31fP8RdTrUGCow
CHD115法登他000029,WjCq2hFUaJIyPcTW56OVV78j_sEcZONB0MzzdzN2wJPb4eMOB9EI8C-vjzc=
CHD115法登他000030,JRNpeheLpCmFGkmS5Api_ZWTF3p77hxxgW02W-3vWL0K8fVyYecZ2NBdhNw=
CHD115法登他000034,Qbzlr-LCA2S0e4KFeKEu1r44e1LYP1Pu4VG38VmeGw--WoUnsbC6BG6z4h8=
CTD115法登他000033,TknxoMo5gTfKvhoBcciU-eWRm_ZxDQg1V3A7pHIZrdntTXKPdT27wc4noJE=
CTD115法登他000034,jVN283sPlHTRTnpH0ihDRb8QlTU3KdR-8QS32Pvh6FRB8HfsGFE8YiaE2Q==
CTD115法登他000035,35AxOR-d6FLbN9IYOov-5zX2YgRxEfEMfjvf2YgxwNV8BQuegnLcI3-iX-w=
CTD115法登社000008,AAYAf-1FB1Wkcu4quBeepynAZq3P9VQbnc0Lwi40-X5D3CuZgsATAwA7Hzg=
KSD115法登他000077,-t2YuYk4qnHKESziUJz5L50_P2lef4wxNepEs7quWVKxuTPYnR3i_iIyXtU=
KSD115法登他000078,oVTq2Fn35_IuZbYezbQ33WtGG5kLfozHN35oUs7U_FMc-ALjUR42zDGJeLbO
KSD115法登社000012,fCZy3DTD_v87unaN3cNBx93kG2ltaudwaKg57PZzqzx8aEt-2V9Cla8ySDkc
KLD115法登他000025,7BKh-RytQamKSNhm1fPky6mAZB0QEipUlpsQs-AFfWoXAXCq7zgqUMMh1-0=
TPD115法登他000411,wpkt0Bcs4X6CzKY20Bw0F_trOX3u4Ce_k5tkivVRdPOgsqkrmIuiB1NnAZN-
TPD115法登他000443,EBL0jxIr3ieBSuzaDmud0cwuKPM-jiMqidG8p0-SM6YCuH52EPwl-l30Pi08
TPD115法登他000454,uPyQ9DrIRcu8rLmW3XCx0VUcds1A6DRGDZF0UGMGd7iqVjT2kdMfGmfh-2w=
TPD115法登他000457,9zAMWbOg21dnULasBdRFBOp_hx5hTn0QMEvEoS1gNxxC8em9FFjJoY08874g
TPD115法登他000458,kHQTuNRPjugz9Yhw_2ewVBh4ZKKkrtpn6JvL1Y-FcVTO1N6VoFJpWfB2CzSo
TPD115法登他000459,Xl8DghjZNvJXjRmv4iVZna8TFqVCqvc8j5MgsHlUzwKDnFtUdWxdyuH7pbIi
TPD115法登他000460,bbhMBsjAcOy6m4gw6tzz9uXvNaBuCzbhJJiwOp-xHimR8Rl8xI63vld7svzX
TPD115法登他000461,NyQXz3KVayaX3kR57kTWgii17V8kLEJhqfeO-JNCqFGuC2S0sEhdLC_XeaBB
TPD115法登他000462,cLZBa9Zt23vJOAt1icw0dg6Q7AgHI0X1hAP9UTRoWNLRHt6mlIMMKoxDxGGX
TPD115法登他000463,Z_DaDDqJgbMj1w8agLTRe9HH47C6k_G9V-HIgpJJe66klQeEbKf55DLGVIH1
SLD115法登他000105,yGJM17tvUzuXncYcVKx44fFrO21YzpUUK49gRR5zHwY-YuplwEnUOQ0GJv8q
SLD115法登他000128,wQIOrbMLrR0k5ZQuaUfx9GXBR7w_ySAL3UhOfOHyiCd-7gOZqN143pDXhCzs
SLD115法登他000129,aP7nlzAorsq8yeQbZTVfu65gkHA7603G2a_wDf0zq3bVE0NdWOyuuKYeouibGWM=
SLD115法登他000131,dJX-mb1XCbzKNSv5m_X59TlgxLHEwaIKCwSF_0jlEXHx9OpWDm8JoBEl69M=
SLD115法登他000133,0bjktNQRbPz7hk8Cx02UJ4rgpuGUerwE8KwpT3Qw3aPti04EhlGV74og85Wd
SLD115法登他000134,MzAwzDeXlYc0xw3-0x2X9svWtp96P9nzWA8hTTB-_ufcyf6jWKpM2vuHUl7XMsk=
SLD115法登他000135,by4Dv2Pg8FIAmQXDk8kahlynrBEUvc8gCLwCW52mmz5ysIifnHPcWvksZDCop_k=
SLD115法登他000139,H0BUUtKEJbku77DEfCrYxLewgyrKF9YcxPuLrbgLxPxZ5VnrQDyE_mkyrIAP5WQ=
SLD115法登他000141,Bg1BGYNe4SLIpQfLV4QvDcRr7uvxFhGBXyuWIBZ2I9rvtXGJVpfLOm3GjdCJ
SLD115法登社000012,RcZqDL_bMjjFu8OVTVfHK_kc6uZodBO8TuHK1dGapHCVIuBNBxmyC21pC1BS
SCD115法登財000001,L5Pcq3JIK_qdm2EJhMDBph-bRFNOcqshrGKM9mgGadAypCSVDPa1IE6Gb3H-
MLD115法登他000015,GrTbhFEMwHr51DHiQs7oRSNTiWIUCIKaSEY_Uu5MofCxX0s6fA6xWOEOKQ==
TCD115法登他000162,1bxSO5AOkFV3p8xO_Co-NlyzNMKAsi2rEaq2Wok7q4dUpH_V7NgmHfV9YPwP
TCD115法登他000163,GICo-dUOduXVG1g6FedfWwGYaLzrF4nA7PdreGhWVPdy4YEc83TxsBS-AiM=
TCD115法登他000164,MP3fZt4ZYidppDc0FekiQphKgww3IKdt8iVCqk02wKsSYe9DkVKYhk2o5NLl
TCD115法登他000165,k8tUygx2NvA0kCTnqR6W8Ju5VvYS0yQDZuKdHWuQ1PP3fE6niS0j44olnyk=
TCD115法登他000166,gNR1HH5DAiR6S42rZ7mcePjh8j__lqo4sEKUKqe2dGhIq2O8YY6yrsHbkk6h
TCD115法登他000167,C7SKVow7vpbTJ7wxf6YVY_II4OBrX2tmIRJfRPZRzEkT5gEdbNDTtrQhpqLs
TCD115法登他000168,U0-7hmuMqQ06KcvrPFBT6ER7LkgtYybflaFoDGpfsuju4ckO-tEaacm56pE=
TCD115法登社000016,Hg_Pc5nq9XWfwri9kNGEXCvFbUOygTs95nwpiRqexXqwxnHz1SxmRyaTzdYg
CTD115法登財000001,_NHEFsXCSZUPk9Ysr7ABCUhiwgpV1xMS4pInUiy9S7CxZVtqYUEaivaCng0=
KSD115法登他000079,_sP74c3xsUBlnenn1A3QgpvILWNOBmyELHTTjZXQCoY9RB5tn77tAQmbJLv4
PTD115法登他000027,vkw3gIHqi_g_k1y7S-EFOojTh44CXPiBKBtR8exwsEC5Q7cE4UfaO-cd4H4=
PTD115法登他000028,PMuL9wVKK2HQFNLhtYUeyizCxkSqD9CdHOnsjvkmyiOlpO-wUKcjcMofix8=
KLD115法登他000026,Hg3l6h-78gy-Dlu9zb0nhlFD-qP8s5avjs0P2UUXpzzh38SxhD1JVr7bjcw=
TPD115法登他000465,Xtsek2sB_9V97lH1oxyIwlkQfBGan9x45fKKp4AcyS-sqsXr5j9CyTlt-U6f
TPD115法登他000466,hpuPJnpI8EvT10NaI6SfFsuETNHoYIYd0YqpdZwBsidc_dlPh6cWw3HW2H0=
TPD115法登他000467,VprAAvp9IRlfD_23xz0HTVRDqSYylN8oOqQcFuiDH6QOlkLSTgtxMXAk2Qto
TPD115法登他000469,R9HjBWXa2NRObWLaudr-mrP_w85iFo0szdiZKeUwTkD-q6b7HLGG-ulPSvs=
TPD115法登財000003,V_Unm4tWjlhrEFb6Tvtuu3BzE1h95NWpXIkqDcyojQu8o-UrbDiFXFewo2Ma
TPD115法登財000004,whHYaEleWGpC69lW8Dwmx8LJSGyA8G5PbXSrTI_TC7LkIw5tZRAGz7-Z1EEz
PCD115法登社000010,Q05TdZf6Dyyn7LgIWlDBGEbeGcProsxpR0B93TyZLZQ0Qn-WG_AMrxUnYEOs
TYD115法登他000089,XN7IYJId6SMGehWJnEkA_WplYNQ_vNQY1pif2n9s7xKbZey_AI7Lb-1H2Q==
TYD115法登他000103,OMCjCeqSmq7rd4PqfxJyMXYm_4DsavDHE5muBLLbxB1nc8Vs7xqrzxL1La2a
TYD115法登他000105,Xsx93ZRu_b3N0Dis8TScSDnkPKD9CVCn548sdNQJKYfBifORMNrs1bau0uI=
TYD115法登社000014,Qv_pB3Mp-DB9JgenbvprDbA2HX53ZiEpkFeI6W2Twh47yJk7XAoeabdktVoi
SCD115法登他000059,n0xSwWTPyVc_1FROyV_1SsfFCuhB-dO3n7QxqtRNKZH8CbXvfA7ZBBFXdUo=
MLD115法登他000016,mojyPGtmlyAbHwH_LX4vF19aU8hpfi-byRtmJWhIylEpreW1ZZHqnwCc82Y=
TND115法登他000089,LWII0S2cKrvYSd0AjVh2OtTRHOChPgrd2SHzOaAN8OBaLOtp3GT2gXLVvis=
TND115法登他000090,qx_hFi0SuR3nb5v0ewyAK0lCehL23FUyl9bs6gmf0I6fE4dYFw0yVe2mA4c=
TND115法登他000091,T47L5HfwVUgk_VVCDSi6kP0FAiaJerCZsuyHGxXmGF-O0m6TsUN6ma7GQoM=
TND115法登他000092,OSCdi4ady0SvgZGDNzncWaeNEk1UbUmiZgZZADaME3BsQnlPNgyLmcghAac=
TND115法登他000093,nJ38JmRVHv0VSkRRUnOvSmsSRlgBmGPqgpq4HbplioaDbhkypvaLVlP6PR8=
TND115法登他000094,rq6l3RnepJSjL7iuom8r7gki39wklh7VArUX6dy8qwl7yGrkUgS-MqIFZivc
TND115法登他000095,ecYrvy88hP9wyic_BA03m-oCJw-FfW12A2LoNTd4DOkw3DaItasvrNTAMEGT
TND115法登他000096,oaIwu3Vrv63i9oQX7Heqg__0zhyneKLpoOdcOC9PoDiS-VMFYI_yGeEHJLkn
TND115法登他000097,ZRFz2YSDHvoUXafwyiCcgsN4VZuudZ7qQ-gdk-hrw6v0RSUPAm6mC6B3IzfJ
TND115法登社000008,-R-uOWOJxoixpFyjT4V6xQ9-V0X1IjtSI3EVgacnSJphni3sKpl-1ncjVJqX
KSD115法登他000081,9bdEiGxWG3P69yAHWMSu6JxgEcb6hsISaxEhngDne2skoxEvLFft4N_xjD0B
ILD115法登他000033,AGbpE4ECXx-Y5bXeW2Sc6OKUolJVx2xxI0Iew1WVeEWOfZkoxNWvHHfExg==
ILD115法登社000007,bEQ2dR_M3QupQtu1X3KJ_gRhxGgf5ylDOgP1cQ91jOBdN2i_SWWCo8phj1w=
TPD115法登他000437,s9lkGGEYVXRya4oThoI73gTbMcweYNfmy8WHxVs5Gkl3qm_8LcQbPOW5rf_D
TPD115法登他000439,FijpJQNxTVLqa9wqloryMxXJ776oVTO_5qWeCPFoWZJuhT9YvkBjtP2bPkkP
TPD115法登他000464,7_s0tY0-HAYWGI5ZQ3yOXBRBeNY8edQoGbORJJZ-62x7EowzdK0MHZzK0k0z
TPD115法登他000468,r6JoZ_WktnjZSHni2g66ki0DRkdhYcNJYfLxBHwmxfdsMKueXshpmg6QSy0=
TPD115法登他000471,J6y4eEl12Ow0IkKF-y64D-MA53Ca4dPvHR1S1xkn4Tr4X_ouYTzc0U3gTqd8
TPD115法登他000473,0YpiXwF15j7sshR20w59I9d6I79YdU-HoGT_6M0DO17i-L7u3sTnUg9Lttg=
TYD115法登他000106,6UjAwlCvVxdhvmli-GVbMZfvyrh3v5Zn1F5fh3Rq9HkwZ_waRjkPwrCbly8=
TYD115法登他000107,hCfry9dvI2ctBkfokox9VqH3TPM6b-A2v2Ugtwd43Zmj6ixh2Duxtdlw84g=
TYD115法登他000108,EKDJIlyxnFRpwKgsq6drvyM9Zxt-QyZ0ORIqbAXdRbBPXhddHZeHPqXJb8M=
MLD115法登他000017,yp7OPoHQkjAYqQ1ntg14-Ux6NY7CDHhJG6U9u8LNN54E-zqSJp1BuAyypmo=
MLD115法登社000001,c-TZJHaoUytZAIu5DHW6ekKW4EaAWJ0O8ttKpd-tnaWG92TkiRrWYrJIYC4=
TCD115法登他000169,7UZeTKmFlhxbUkUwfV59gx3gpvNAsefFSyaZB2L-i1xOcQUrwCsENMD3CEwP
TCD115法登他000170,OmUJNFqFBBOX6utah0IWHbhrNm1kFi9nEDgsG6X-Uo_tq83NvdaWqVdrehQ=
TCD115法登他000171,jtEetuIRqg3aE7lvh3qr5ZmTE0zdY1Dom4hUoZJQ41x7rT0dxEYOajoSsDxs
TCD115法登社000017,V_8obnBh1UXryMFSswQCLawNHbCyCdAvvJJajRcNl4GLscgjIvoCMOs1kEqN
CHD115法登社000004,qkNXaPdRGMZBb9A02AQc5aFj_X_TakYOs6r4KOzur2e5oHSRugcujVO8MEWL
CHD115法登社000005,6qZGRxSm2ZvX5qJtEUP_nsiirWdnq-IOmu-HQh3dDOXnYsXBN0IcQIbyAi54
ULD115法登他000037,1H0TyNJmI9OAZwJSC7IQxpUwnZFiO0tvDcph4-08uO2S_ksoZO22I3lC-7I=
CTD115法登他000036,VrwhKuBPQcdKAWIdzN6tGv_LEaVPYnO6pl5BD_yjiCv2Hxle3GnYk12HMyw=
KSD115法登他000082,xXes-lZsRiGFVNN6nDXC01yZugFDWFlAviU8yPyUbcVbeS-sUSbg6Nwl76c=
PTD115法登他000029,6ndGP5pA8ri6fmHTZcl-gCH7WNiGnP8gVvIttkCq7AkJsRYjL5d8ABSLfzE=
PTD115法登他000030,bvj66AfWcqv5yasS4IZVie1_7XUQyElNWmi2c-RPogWmqozU1fbR3KCI7_c=
PHD115法登他000006,ITg-xroAjq9qEp0AaF9ACCtDsfeeyOetdzTb0pnaoQ5HoDoIVWV1unwiDw==
NTD115法登他000033,v6wfDdKGHPSVaibTm_oOhYs-U5nZjqumXr3LH5-lIwm2A2ent6qXCjZy4LA=
NTD115法登他000034,yxbMUeoy0KUbH0oVcN5VBa639bOIyITi8bRJdr6cYXKVLPNsxsA-2sDL0qI=
NTD115法登他000035,BpfQRvlrzNcr1zvqfXeyjDz0yTD3-ChnlJQWEe3FRsxruzv7vBHBU9LNGws=
NTD115法登他000036,YFtwD-sWKiFJL-Bg3Unk_jyy-22xIK6kVnm259Lhw4tUJGU84Y_bBuhFr5E=
NTD115法登他000037,c5viREFsgijnj_Co3gh7Xvenhn6EMdVqgO6V9xccn9gV9DBpdEexgjLo2PY=
NTD115法登社000003,tYEGGwEjVYbRuWqARnB6ft6CtHSdEoGmDc_GhCyNR2kWNXBfB7pddxAsafc=
NTD115法登社000004,a7r2dziF3B2DR3FVqNSUTKv4y2xjlceQIlbfd_pYSoYdFi5FtWX5mgn5sZ0=
TPD115法登他000371,jMR8mkHBA4PLM2ikuo3GNJPhqxNkIpe5fI2SpP4dF5taKqIvJcTJqU24bBXr
TPD115法登他000456,SlhPv6jDLihESedT6AhQvpMlk5gwfy-RQbbqnjG9Pl_uCMvhqSu_K1zp1Yt6
TPD115法登他000474,_HyfN9ZyPK2k02P4TeC1TPyKBdrRnnHXA7wcjciD2D0X5zWkXOAqoHHt2ME=
TPD115法登他000475,E22LkRLrXklt08vK8T8HuSgYk4YT1foJTiOTkBEBTc_Rv2ILZAW29sNswVI=
TPD115法登他000476,h8ZKPmO12mmlooMHlbrLKHXmTt7geW1DL2v0QW77EIBSGwMbXWJXa-7JirQ=
TPD115法登他000477,KBRSjygPRyzxFa3m3aPWl6KOmQ4j8_DsiQiSQ6Jd8s1PsIKs-A0Obb-WX0lb
TPD115法登他000479,nSicMMLUX-HnGss8dvcUkovAG2zwTt_wezJwlYFxBF57qofO05YzJlyaS5Q=
PCD115法登他000131,w_0vMLM3Cg32O-vK5LZZVnuUaeREBUACJe-9Q_2isUk5asCL-hE9yyVgrIE=
PCD115法登他000132,HAicR395mxdKa89RFz73PpizoDyM4C6S9ku9Lu09uUvKclPUWlugykHQ6YOJ
PCD115法登他000133,TVVW9B-MzILI40j78kB5ftXtvAj9lmgFxmv6eROwn9f4y_UI4oB7DKq17_2d
PCD115法登社000016,arz_oJbCOtSYCDKIQSEP0vMSgKp80q8Auhehc43uG7uGE2Of_2ECLp04Ff4V
SLD115法登他000130,Epe0Spef2LkuVqsXxQtW1uB8ePv7IwVoqTfZjJwiNcW1svpJLOz4VVXkYect
SLD115法登他000136,hB9HiE9QmFFep0tEt3D2yxxyLtM_zAv53cauJIEwRAcYwBPlQLfIhAokBywJ
SLD115法登他000137,7ZyuKhDHGOLzAQXyqLQHYAgbNnjO4zpAMT6Krrtsxa4zzSl7xYF5lU_q_kuSwPw=
SLD115法登他000138,4yq8zfdZwm-XlYKd4F58Zk_ktp05PkXVBLMwCIxjNtwWhbpmqONrKmN_InI3
SLD115法登他000142,Jea7shXDg0SgQTFbUT5zPqxQt77oJuR7t3gP5L10A8McqM_ajns3u8TXAPoj
SLD115法登他000143,amPIi-RHbHHbXVa206yPKrWTqvxFJuU-MyMGVCvyS2GOffU__AYM0cSJhXCW
SLD115法登他000144,WpY7uWii1_v9psVvsB0jGfI45KpybJb8ZYY2dKpYPH7gTb-0G_LFu2Z48gI=
TYD115法登他000071,kTIBbaacR_CKeopZ6O0WsgibDks_BX9A7SgUx3qQp2jhQAVmG68pYhihS3k=
TYD115法登他000109,Q_UpMMxj2_BPxtp-xxTbrLBL3P-p52RB_jPXTmCf-SGR9GzL0LlEK0mLOns=
TYD115法登他000110,4FEJObF3djxBaT-pTDX4OV8gFGML3XwVg6fTMm0K9BujlwOYy_9zIteIvCei
TYD115法登他000111,p1SW5G3YSS6_T5S2kcN6DkICQaDi2WkO43CarNdypJ8lkJlrSyAZETNK_Hg=
TCD115法登他000172,Kel8VtK9_00m3ZB17F4VdNWXVZAwUtyp9WAM7dH9qdyomrPLSjq5B0yPlyQ=
TCD115法登他000173,8rgXSBIAFAD2En4z15u3ynJOu0BdwkwNk230POkhiY7R5qsS9u0iT5pZSj4=
TCD115法登他000174,BuEZLL1oWMggwu8iXNmXW3HoPS7eZ18a2b73R3j29yAWVjGA017SXUO_ijhv
TCD115法登他000175,LkO9H15xt7vi0wQJ6I_Dkz49aBRJ1z9iKtiefuf16K2tV3wpFv4bOphwV-KA
TCD115法登他000176,QRdYuaJ8PNSl0KIOu-02MmVT1wm2UKXSwUw1jsSE-Cz-W8lYtS1M2s4awmc=
TCD115法登他000177,FEgUCsPX2mAH5MR4SGdoGxJ39HHlFNnk4naUH23VtaUUIm6A_CZymSYPGfCf
CHD115法登他000011,ukQEhLkNPB4pfL2PxeZYRE8ZAR70wHLulHS2uCZNVOduglGTf3u1sUsKlg0=
CHD115法登他000013,85Nnd8deQvYHGkOHnnKSz6wZ1B-tv5FS3Ob6SA-R-9gSks6L_HLr69MB5hA=
CHD115法登他000016,Uffl8-ac3IT_6GHOrc6L73WVAL3HEfYOgORXUeGVR1F3brx-Ruziz5hbodE=
CHD115法登他000041,o0CcsoW_X1WbWt9SkplUqa2J2wPx53QEk_6Af63Ek-yqxc8urpLL-uY7qog=
CHD115法登社000007,ZPmyux8aRjPp38K5SKKQx8i95vJ3ynF63hRzzQPYjHIx2D5bhlk5a7cY4fnE
CYD115法登他000026,2Iho46gPh26yHla_TYiz_1EIRMWNH6D2ifenHWaEDzBAqmmIValyz7zMOIs=
CYD115法登他000030,oe-iF1nnIWuZKn4I_gn9FwLLDBulJVR3kZLbpoZ-tGH5KVt93xxzP4Hj-g==
CYD115法登他000032,sYIJ7Tko437xqbISt71lnpha8KfbRtX8NXSXw09JMrLrWuIj679Px2ygiQM=
CYD115法登他000033,tthlcg4JzyKC0CjOosmojXAebea5tF5ppbNuHnH0UOMbD3lGwnt25NYZY0s=
CTD115法登他000037,20qnv6ZcH3gin8txLKC5XqbnJW4MmJMWQuYnW0h57kqyBF2sufk53uc3-n0=
CTD115法登他000038,zQO1SOn8Qgs4hp1vHFVPYrEfJOY54tbnXNL7rZlA6qJamwIvSfL-m2roGJI=
KSD115法登他000083,GX5I1knHtZ2Ev7eveyzfCogg6wskNS_UCD3rHgzr96YPZKU7dEXUwgRJmc8=
PTD115法登他000031,YOj-HHyNqHg2yzfap10Eh6KS3mVUOGi3yW-oG4DW6uouORPLImSFYnEFjxI=
PTD115法登他000032,tynXv19e0Kdm3zTeNuMAk35q1XagNRfFJM0N_5ZnFRyU-DZhyBOXNnTiFgw=
PTD115法登他000033,I7xCMn64m7H3DVZQB0no8QRGx_N_ZN0tOob457j-ugtzJGLtYZ0qyD8BPyU=
KLD115法登他000027,OnLmUL5tO4GdpTfLaJWjak3uCZYQ2NNzj7juQ1rtPlu2CgGtiKoPzZlhgC8=
TPD115法登他000482,ygKV2Zu9KAeBldUm-Fwwho-7Nhlc9C5-KT5lWI-04t0irzyZ3_DhVcFylec=
PCD115法登他000134,VmpETNs2lKV8_U0XtK2706g3bVaWsmNPVM1IvUo9Xq2R4NtZNXXmp4W1FR0=
PCD115法登他000135,15f9ze8qVl0E6YIaWPyiYJd9efwl8JKD9VIajxLpJ6L5OYZEoDyFoMPYX1o=
PCD115法登他000136,jetDBT8Mhd1n7_sg4gHBnXLqrzOw0uB_BqEu18TyJQ7d9tVe3k1JwUlwVSkS
PCD115法登社000017,ZpK2XnBxtMN7Z4PTZ5U1dAjGgjocBgZiNRZjQ2y0mkTX_Glg5TCRemO_FltB
TYD115法登他000112,Rq7nhpz4E3mnLBznffAk749VlVdmxhlCyvNzx5HMAyDyR4MhyJpPgePfLIjX
SCD115法登他000062,LtnSHpJLDJ9CDvIWPsZudSWYxmWsz_70itkjORqivogQGkGG2su5uBSXGxc=
SCD115法登他000063,dL2AvfbNHrcHuKdYltb458nwvXhQ_1U9w-lQQncFLmm5qW3O754my54-z2U=
TCD115法登他000178,4UqLfgnSVbaonX83y2jeC4rj3n2sZvumDzwpaJoltETpnWVyOkokNCXfORY=
TCD115法登他000179,S4UXncCmBCFZV_YY63jFmcaFAuvp-HPK2eJpCIf3JegiMrngwR6DSv-yvizD
TCD115法登他000180,V6D7xukU44IobvxUJEQDOUrPDmgBnrT29RuHaDOOpC8m8hHnIKAfM32QC_eH
TCD115法登他000181,Eyw8vGiIOIET5EHv-yxLJNoF3e8wO7KoHrEKMFcosmds7hMJiVFLObnZVz5b
TCD115法登他000182,onH5dGMBHssUQ5PaWfHjwbFApoolm0fHGj3J81m2D3wV1Svdl_fdv1QxDQ==
TCD115法登社000018,ZdqbiIWsDEstlPGCFc2oGkneGWe6Qs2VPs8nxPyhn9Xj8v8t8S9enTrVLINS
CYD115法登他000031,0l3CYPrx_801gMPG1Fe7vHbykfKL26mQU-MJP0e1CRfd1mLrXXqlbnOn6go=
KSD115法登他000084,2GCRaRIiuxsVHY-gpMrjEFEABwRF7KmqX_bM0EiGNSeRo4KMj_-MWF8CPMNm
PTD115法登他000034,c8NuG655y1bL11eiuoI9fAbSWyt5MrwJewW6nNrVrzL1EN4L5DEkhOAbcQ==
KLD115法登他000028,3x7yB6SliBY5sjOig0UNzZD3bNOri63hJmsknK3Ec4JcZ39L5MIFqdP3XXw=
NTD115法登社000005,-QuBMRJUvUz9GeGLeABdhVwak__BaZIRnm5r88DmBA8dBb-2wG9hA6dMPBE=
TPD115法登他000472,is0wfso4tlmeHzvExmccAdHX3XKsKzpWEdLTfPDZgeUlIcn4PO6oS3pwqX_U
TPD115法登他000481,m_aYMO9MKrrtPtpYt6oGPWIdqmns50lBSM9qeGs-I50N9Iji0MGa-8x-XE16
TPD115法登他000483,yyBN4ESepI3bjR6Ze48mt6p3thnOifPU3hAgT_8uwyEUxlV0oLvBQQTzQ6g=
TPD115法登他000484,pSmIEC4SF1yS9sGRIF0hUXkhNxK7P_mLITbs0r6AwpeTGuv6KGZ_Y1bFWqCm
TPD115法登他000486,h4tNHTNOEZfdgc4Nf6-M8zq5faIy-rwYbpGspYZ3lhHfJGOxRRkZXugaBI3Z
TPD115法登他000487,s759dUbhfiFf5DLMX-eHKlibZTtpCdQTeHmYk6sSKIK9otFBQUVbRCcYuQ_e
TPD115法登他000488,t1HhgC1pQf2b_IFmgz4DVWoHI2CHehbn_6F7-svCMMCWilP0qtT2JeQFU0lt
TPD115法登他000489,2u4pGjlfzLKntLFdZU2zaOLYVFG1rN-5YGM3fYqRmy5m2Hg_43pKpvmp1Ls=
TPD115法登他000490,b2KMl7XtJ36TXRsxzC9hkv3VvK8k1jpu-MKzZOg2yuSwEH8ndFEuGu34MVmx
TPD115法登社000023,t9cEwro5jEZRY0cMYUZFh6s7r8JzJ0yK1mIh4WXWKpYQ5kqqv47Fn62dwm5T
TPD115法登社000024,Aw2tUXUU1Oy_llDoTiHPnukIbSS_-GSln8USJgS4JxfX8NvS65KLrO8Ouf06
TPD115法登社000025,jZXpzxC6JhjwvlTmHFpFnpDu9HEjO6de5SxtyXYem6NvBOTYk7_B3--HZcOb
TYD115法登他000113,-CXIvLMOk8NKz6VORz9nEgtwXC5BA8ejwN2lxuB7XVjwkoeQThlLa-aM240=
TYD115法登他000114,EEBlDnl3_jKtrwkxxHWlOyV93_DqRRqtNhz-Jc38P2Me3MmoOmAy2Msmlzk=
TYD115法登社000015,G-rInxEAZGDsaj0mOnQio5HtDluspaikjp2nAkxG5SwyoTiL8F4jIyIRRLXF
SCD115法登他000064,GitEuSiZukXK0pntDjWOU5nCU-t6omEuUtVPaA0gAzoLdZHebNjTZivzjpZc
TCD115法登他000183,lkfiLPkf9jQn7reMRKe77ksnTPAau5r-Z_bucKryuoKKEIkDMy31XRWr69DY
TCD115法登他000184,pBO9p69jtOt0jL2H2aHaXGVtrikDHNPP6JkMx0Ob6Fo07wL1Dy7SmImTj_c=
TCD115法登社000019,58Mnlp5FvZgZ7SXabatVdvQUYf8sqvdU_6CXPHLgBrpNP6Z-scVSWHZsMDXO
TCD115法登社000020,l52BtwZ4EcmQYLoTQhLxxaxw4FgJ7-6FLMQnhN4BsB6Sl4QNcEG8-hWgwKLJ
CTD115法登他000039,aDuRK7E-nf_Zh6DgXJkWVkIkl_ReOoLPkhQiLLE0oxSeBOGf9oAVc9r8Oco=
CTD115法登他000040,YaNFxgykq-dI1uskUyZ84PPYn6L4sQs3lIidLlQiEqUS8xpZHB2dSx0aHQ==
KSD115法登他000085,xZZl7hFNAZBKJKgWMiRUpF49Ea2GKbnk0h1doc_K-_n81CCU33O72ryJFK85
KSD115法登他000086,gounpLq3keGe3NjK4JlZjhNtT808TWi_OdjbAdUC5M5UP9IuHdhC5KZe9iY=
KSD115法登社000013,jP0JB6Nc4IPx6XKILmGALbwMl3T9tZWZ-frAec6rsL3wiLiLO8kDgkH_94t4
PTD115法登他000035,ugPtNzoBuaW9yBVZdjn9h1HXd6WwD6q792nLqhyGfTKXPHVhQS74chV4rMg=
KLD115法登他000029,lWyPEnMR7lJgU-92uj0MFGySMW5nGorZhhUZz1PJCylFokrA_jHLF5oJ_QY=
TPD115法登他000470,NheBSTgyg-TvJZp-pDp3_iLHs7wJzh5rmE1WXqJ58QKlCj0HCFRN-x3iGyCM
TPD115法登他000485,evpe3mlujw4-a2nSxqJbXqytaHvKn8jzZnEPDNGK9iJjpN2zw2Y8jXk7iw==
TPD115法登他000491,X5hB5PaduvPwzccPQUK4HvZWfQMDMkLvJGfkNKaZOfJkQulL7ttLA4wDqZkc
TPD115法登他000492,B2dfd9R92Oq1YlDHesgugrSpQtOCwVkNeyor1RxmJlHRI2iTojvXXxnudaA=
TPD115法登他000493,7DR_6I8gNDTOcpAQ8NPftvX5gaRV-4tNJtJaIo6DbaJn6-Klidr5loBQJA==
TPD115法登他000494,me6e4_XT6Vcl5GNcRQNc-IfSgAGzDAL4oZmM5avsABj75ugSfnbIR1ECAeHv
TPD115法登社000022,IydKLLwO_xwUFCL8q7Hu6lkTeNmZZARKoZF2tEcI0aDwXR_L-ozQaRFYHtnP
TPD115法登社000026,h7TtkFbr0cYSyhEibUw-BT0vyQse7X1rLntr18kMJ63GzV-pqM_tuoUTSMkK
PCD115法登他000137,9ZLc7KNLG3y5wCFiBaf5ple4ljo-5pTlPqXvgjb4wGK1F-x6QQ2lYyNiP2Q=
SLD115法登他000145,sxp83aqjcsSFho9g4PjJ4eUBpBpdOfk-me16Tw-DaukUwB3JkhBF6k4h1qsx
SLD115法登他000146,eTc9WejUDS1Udv7iDzHCXd7hLCl7OuwHNVCH3ENpUO4myQweCeunFphpcgg9
SLD115法登他000147,AjFfiZK3TN-BAQ7EbKR0EkObjXmqkLsXH84VnZK89VG2qDxle3x9AwjpZ_Q=
SLD115法登他000148,GUtiftv_mO_r_KBe2EogNemkvQk9kgMNzgL33nKqEe-Hqjqsz1DABfHILuHY
SLD115法登他000150,6-dTbN-t_aFbyi_lu2zDjiNFwQuip6ETJ9U6UAmdzPj010Rp8zYjR4HtSdvc
SLD115法登社000013,QZ3h0wE9rfL3hYfbz55-Jyfj9BILVS3HwIP33d2guVPneA5P5ete6_67R9CW
SLD115法登財000001,Ej1kjhhXhWrSx5wrMfunOzk0lhep8VXOALYob-eCP9dbriaPgNtuUmsBVYpV
TYD115法登他000104,orAv6_g00RI-TInwb-cC86Q3BIksLrXEOHbtjP_PXeLB7NmZAxemPm2siTq9
TYD115法登他000115,u0pLVBuVyrTN9tAIqNRQ9LERjzSVA3-pJ40oOlm2QWUdoc6Ie1d_J_FyIEBb
TYD115法登他000117,A45yK880wXKXBfGlQhFwRQjyA1VfyAtX10euhJBPhuN2vyPxX89fl5qRRLg=
TYD115法登他000118,28SiTKacuDwgVIEfEEU9WWOQm0NY3Snp0LrozSq7iB2FGeINxun8pWChFM8C
TYD115法登社000010,WxFE1kxu7v4tJTo3RPaUWX-lQXsRKMt7BaORWBiCwv4BdEq6QoXu1k-IejHD
MLD115法登他000018,wH3BZclTgP36Dbghncrp1QFTmr8fvNlh96Lz1eFAq44y2Q4KdufXoNLKTg==
TCD115法登他000185,1FQYNXBAw3OsfZ1yN7_qdW0hZapwvqB8KqsXhS7bniAhj_jG2BgeeTvN0dk=
TCD115法登他000186,OyE2K5d4G3JinFtOJN_-mNtDnnAbOyROKT7Ea5gABzHki9Ac-3SAHnO5-5I=
TCD115法登他000187,G37KaBAkpMzyDxeYDWKcvWkwHML5dmWQJQloTZHpStfl6BVWR_PhD-nWYJyN
CYD115法登他000035,59pmIGzoN6ONphvdUN2i3o4zn_u21CZNQRkByxhIy14g1JgsrpWmZLd9H-k=
CYD115法登他000036,cLJ-wVe1Tk5hTkcZBwJS1P0AeSz02hbuUnd6o-nbYCDjQdv7sFtFiGyMsAg=
TND115法登他000098,mnqDKXMqHs-w2II6KvMNTV1o235gElBB2-kapTgeGI8RyYjf13i_JfMMAA==
TND115法登他000099,dUCUgv05VuJ-LORZQEMsR5njYIX5iaJmgHLctRN1SsI985AbV6fbr8MAag==
TND115法登他000100,6husNh31vHl55tQnFGW2c1z_at597tt_z9RAclcFSvh8q5FjMumSAM0AYvg=
TND115法登他000101,nGrKzYv0jG_eYo00AMnBNVWF2sqdzW-E5EVel3VoDAyrBwfuDN8rE1hRvu4=
TND115法登他000102,lgxO_7EGJCeKKxP1UKS8iC7HQfFywBNzeVP8ZvBn2YnVXEAt56r6l8xhWxI=
TND115法登他000103,WecBmGVwnIVYZzzLgzwZSQh4_S-TdKUTJHhokefIdkcRHhQ1E-709nnpLak=
TND115法登他000104,feM-TW-tHf_aWxufnZ6bq_CXEf-9ZLkVCi3icmIpYJwMiuresFDA0i6PTmc=
TND115法登他000105,3oAoTg_Gxm_ZyplD6oIkfHiasd_HAVYn5CCJ7SW-vSSCgrYuSGoXGZcOzvo=
TND115法登他000106,XqkQidQfc0sxopyt1Jl5V6ZC_D6vwblziXomYmGXXC2CXrIhr0wwmMVkJ30=
TND115法登他000107,2EIuANDjBy4RsW5U3c_zSgFUjfLxZGrqewYI1VNry5qWHcy7sfsVR77s9mA=
TND115法登他000108,thFUvi-NhpPJxPhpAd069l1JTkVdUtoEWwDB2Kyi441sEi-fAwamQ_RaWs3v
PTD115法登他000036,EGcNcQo1WtqcPA1TtXY510I1ClbFw-xmSoOIiIlLUR0DZJ5xW6rqrF17_tE=
PTD115法登社000004,6XXVxGw0B5ZNbFnh_uHcg6OmRswhNIoXqZQcAzYwmemuWH_huwskq07C_Jo=
KLD115法登他000030,7DrTPPuTr_MpbP7zGlU3xNpkbr_SY8vWFnFNcM_oyHypeUbhhHRqis7Qihs=
KLD115法登他000031,uIWrZsxOqRxrKCtAvQzuhiZ9lW2UjtsRWBBVFOtTjevxVnkbebZldqorj6Q=
KLD115法登社000004,MU2DqkMcYgUWzmBMxryZ9qnX3piJQxmB9eNd9kOzYcAwpyi4-yShYBQdjsA=
TPD115法登他000232,onI8PFacU9yuukHGdTEDSwcU8XAtSRHorxBMls0J8lqjritjELQgWbPfnc_H
TPD115法登他000496,3JwGFrvxx-wwi8nuW2xC55-kxeoekKUm3wirTiVOFjSkcpA-S9d8Ooiv2FUD
TPD115法登他000500,3FCPeWl4-3VqYRVKl4BrxG0bNbouPypDFFSyDQfXRThxqYdwTSKTSD3RMWUi
TPD115法登他000501,dR9-fXkWaCACxlUMtEgfmSBoFRVXv6VykHWQ_xoDZbd_ozfWJ3VU3haGGbZ9
TPD115法登他000502,tuLg6Oy_MwwNejYUWw93vDJPJCE3wgG3gWB76ICkhhlAyl1HgiM7G2t5J-6q
TPD115法登他000504,pNhBSgMfxckq6sHnIXPTVy_SEqEyqhPjlhJAik_tm3vDZfJTRJR217se_qY=
TPD115法登他000505,XG9N4ApwMLeUl1P-Nfg6z2f6VHzVa5tp_G8YHMXEPvtYXVZW2n9tpFQJyNR3
TPD115法登他000506,C9Vy7_WAiJss_ud4myoxE2b2eNYHjm8UX-JHb-ZVQ45F38BgOTA7_0bD-uHA
TPD115法登他000507,-47nibuHvkOmzS4p9brI1qoWaens20fVO4PLzxlLkiUUNQqI_MyRXa84MnTs
TPD115法登他000508,hGOZ9REXWpgmzezVVYs_g1DVNiPT0kJ672Squ5ds0u1o8mIX9dkiPE0ICA==
PCD115法登他000139,8-Dry-qE3UZz6Axy72vGNyQiBAqorfF5292nCpyYWB3GrriSt-ciACO-KJ3J
PCD115法登他000140,6hJjbL1sm2frIGo7oX4j2Qb9vy2-ls4AkWV385MaCDbGoItbsgAmCr6hzWY=
TYD115法登他000019,vFTSvGS0OswqR8ZyfnsLOLUlzo5iOM_GSAwhrmi0fmgcZ6K01MVTgSVXyw==
TYD115法登社000016,sMNJvn4koCaP-j3mwxnE4raJHHaJR3ZoGfDDLRE3-qGj3WMnDQdiZ45Ptmw3
TYD115法登財000001,HLyG0BYRYf-N1sZ17Jg_onCpINGQJfyTwl2fkMj_qmRdiMHMlGCdyVACH40J
SCD115法登他000065,DGJTkRzhiV_rbaSxUetrLaiMkcv5gWG_ou8D9_tXMygCyqK6TqHFh-vszhU=
MLD115法登他000019,sjt933GNts1rhgqDWTGAdteCc7xD5zHdt64cesMA3nETIwgIDpGM8qkv5A==
TCD115法登他000188,DivLxWabbUgwaxX54WiCvpADG9zTJFAOZDrpd6Vhx6h3iV1Cb0BxC9sbo_c=
TCD115法登他000189,lXi5lLFfXTWZD2HNT15tj5KrfK0wl57QgLY3aNE3EYUbCDShIC9c1Jdv3_zq
TCD115法登他000190,LFYHuZx8WJXG4lUJPd8qpXkz84SE3bJWIgAy44-pbNpV0X5wF_8Cno1HLW2U
TCD115法登他000191,eaVccykJJreILfUS43BwLhPog--x0jDcoBLtaPdZvQORk2WOR78x76qrhaCo
TCD115法登他000192,zPx7x7pgdTiwymItEFIUp6OQ6_5b9CupfhoEdatMValoMWb1iL5DHRYCJkJ_
TCD115法登他000193,KjEzvDrakNgpyDSg-XzBjJBQ91A8Pg86kpXnhFBGUWNBxIKq9U0YxrDuYO8B
TCD115法登他000195,0bEWKTBHc7zOOZisYhysIt2LlJcFWtvYINbM_s0BfldgbWepMMWKhhbG-8A=
CYD115法登他000028,lJ2WrG_DVTav4XTKQFkdvcYt9KyufOxVO7pTjG2ryscw7IXXEXzzNtVjRZI=
KSD115法登他000087,s3ae4uQx-oUdFFntvL4ICbCWHucD1okhY0nP6gNLb6MdsKuySPKuU__ohi0=
KSD115法登他000088,5YbajV9Rq-PbmKsm7JH6EYdaOfAd0CPLDwzIdo4qhScUpO--78OwApQGOYi1
KSD115法登他000090,CX4qFKacuQhoQUBT1_Hs9-5vJwc7q6A-6vs8A3QEZFII5kpbvKHcqS9Row==
KSD115法登他000091,6WMWar9ThoUY0IKJA3SLwLo8r-oKl7w_kOB8zt8b4ExxUPu_DwwrDQia7JrD
KSD115法登社000014,DWTTmjv78c_0E1oUI9vQeZxpbDOpWYq6vgyIVNEIFcMUqcHH34hhcsQJf3Mj
PTD115法登他000037,VgpGVZjjnJEqzMyR9oL46QArhpEq9JAA8cwWPlMoP_Z55WCqwL_jbW9Gvxc=
KLD115法登社000005,w2d2EWJnQtNT6S2wDub3xDVyyQVYcIgDdHLt7Ek-RdYvAsRMW9m4FvOtXK0=
TPD115法登他000498,t_nh2DVKR3WBm7Ajy0r82m96bLpalYnzucD7Gb1z_Iv_QCla6dfyriEfffw3
TPD115法登他000510,kT9Ve6sbBLtPm9DN7QQcDaE5VKGclMAeQjW3TUxCcua19Sg0SPu3TbETwZZg
TPD115法登他000511,g2lg_p2IZccvoazQRQoPXIfm8JgKZb8T_1ZIWvN7X3Cwt_fOwVx3zrcuS1ym
TPD115法登他000512,9uraXqF10Q1sJDcN5YEid9PjsqX5oHLcikX4RyRDqH-TM3LMvwQiPYyCQZwW
TPD115法登他000513,gBBdlLxh0DN_-KD-J5I9d0Z2cOaOiOo-Ak2vkphk59eputHYd-P_xMiVFFWy
TPD115法登他000514,YAHzB3YFW6zdpD5RUWalZQMltgEnADrm3LXeTZN4A-_uL9G-1M1fhjvXh0hJ
TPD115法登他000515,QqVaE09431ct8jluRdwHMZEVvFtDrxvbiHPR72kP64U3x0jzdLZEh9pPeUwM
TPD115法登他000518,fh6T3AlfB06-z0obzPwmDuyOj4eNsYXPtANwzT9Y2wF1wQPjJ1XQVjyWRFwq
TPD115法登他000519,u0asmPdAN7E1wQhGUEI_dzkZwfJOg5Gh1E7-HNmtpAOtLRCn5b0PjCMH4HM=
TPD115法登他000520,3m00RhbAeTblekxtMDKAZ1MsKD_j7Wrw-45bHAdLYpLMhaiOGA4JphLGRYo=
TPD115法登他000522,rIihwiHXgY-jDWZyV1HugBkOluz9Ozs0uOCxoxBgM0L5HhSYAEuJ4hASuZj7
PCD115法登社000018,8TMJUKtifoGvcbmTvqR_iH9aFUG2bz-UWSDmOimI87QcXauLX4mPhuy0z5dx
SLD115法登他000140,WHBLqxOWMvJm0PnHveIJnMkdWKRUMl9hbMGgbf8VzJ57vMt8HTCcCiibf6wJ
SLD115法登他000149,z8VmwgB7td_Q3lEfT-QsFgGXX6UcJuxlnPqqQfAxSjHS40j7P4OvrPnMmtQ=
SLD115法登他000151,Y8iSz_q0O7vSdESOSxF1uJicUbGhQvvK0ksuk91PZq68Pj2I7q4FXJDghj-DgN0=
SLD115法登他000152,vvAq0zS8RHE1oJBjRuFkRXoZ00IM5ASJAgWEycGcgDPNlkiLwuylCtQp2iE=
SLD115法登他000153,7h9yHwMUO40f1J8wwMWxMBXbI0NnGZ8Yke2JOchppX4D0qlpQTIlj5BpfCDy
SLD115法登他000154,yjY7Gz621nbo1uXNU1rUszCCCCloELkmscg5uE2ZosQNULF3MBFyVUyBWBw=
SLD115法登社000014,Q7FR-jdgclAwbg8iM2adNFRUrycDLa4ywHATwRRn4CMTYnwsaooh63c2TUPn
SCD115法登他000066,U62H_PKEWWdPNdcr1XingYRSB5sFL1nhqzaumYH9ncY5bkW0NbskBNYM0g==
MLD115法登他000020,BmiEKsjixGn5ytgKM0egFlNNq5qkCjh3_IJ8zf4sbNiVlXOVXsQX1iPIPg==
TCD115法登他000196,7vekrWCLAeSsmNOaPMOjJnOSH6y4p1SM86gMdZH9-j4UY5hPwlizmHiEMIPt
TCD115法登他000197,rikOfqlaaAW4nsgXik-bvTDDnoTdOgEuuZjb8uuN5PIok4qGNG_FE13Q7Jq2
TCD115法登他000198,D8wKp4QUJbiW19z9U8Q0KnxLF3M3evxBN0F4aEk9ITfJsL0fpLl4_2oHMQgU
TCD115法登他000199,kwbqZAbFuugLZixgXaDHBmht28qwVUf6gvgSgLlO7kslYsMRRumS0rc0IxvF
TCD115法登他000200,S4XbTxwF70SlrjqiiiHonaP3KKlbeL10qMknS0XqBHezgI44yqaeS7hnqVWT
TCD115法登社000021,QrObbBuinctTYfOiVqakXeYGN7V4islUCjDuSwor7PeiexTcFzYXE1Ki7LsM
TCD115法登社000022,vYtifvXUIXRgfR4POGJzSa4knLLWqzY3o4iNpax7icGscEYPx5e_3zOeD0lZ
KSD115法登他000092,eUgmkDvqyztwJ7f823Ocv-kuEtmuTztTz4iOvN_pFZ5eLrT9rdGvCqHBMGi7
KSD115法登他000093,dD5_OJgN8BKdEqksUgnUQ7ELE-HXqcQo4U4brN4UlhK-YcxjQUPCrWRFW1-4
KSD115法登他000094,8WzL_HyDoRfCLYLghdJtsHLVUTcC7pbs9OMuIyHnrU00Tf-jVxe0x5YXSXI=
KSD115法登社000015,lWjf4Pzvl3GMbZn3rlpFnhy1ymXUgy_P3xR4JQQ9HDj6dmh-kGmIyWOMmc4G
TPD115法登他000480,79mvMt7zVHrhLda6tiTp8JaZe6WWIo5Gy7vf3LQcd_KpDkUEdT6euxMEPcpH
TPD115法登他000499,uO2UfTGpHY4oZsWLXcpZX7Ts7LnGqnIgauwYixCIGVZV8uQQ5GEQXBp_6haA
TPD115法登他000521,3Dkjut_nchmMp5zIoTFygLcMocYlUZjMsVN__Hany6mytJlYndwXXHgG-huu
TPD115法登他000523,f72D_H1SOazk2DooTypoSTEQa-NKHskTLdxBk6DMjqIVBisbObdu_gr-qA==
TPD115法登他000524,9H_eHG3bjhZ5m8SFSBdK3kbVwD4n1FbvTefuyaWfpI9DdlEc5B2cCZGMWIeg
TPD115法登社000027,7WWvaILKM8bA7uIl5kb1h26ocxGUvxZoLBYabEAQq0-LMJ5iE-MOfNy3_dW3
TPD115法登社000028,QVi6IJN73dtJjEizLKxe4Wr-FXidGw2Hz7iT5fff-wr5LekJNWZ1uqR25S5f
TPD115法登財000005,AlANn3xsPbHXRUvXo93TRgSU34qmz1ThnrHdXckzawy1eTqKc2M_fC_43KSy
PCD115法登他000141,RH9BngqNL5frLpScPhOtFLhNqdzt90U3iIriPRk9oT5GGGHBvzCr1NCW0wOw
PCD115法登他000142,8iLiXZ6zG9QckZI0QsA6YjyD7xIFPu-GIGNBrnW4alLW2HJDfLzUi-qpDynH
PCD115法登他000143,BreSUP-1aPDEL7zEx4RxI09XhAdOlwc_TZ-cWDtO95Hav5Chlm4NKyOq398=
TYD115法登他000029,J95z05zzrKAyk10Z4I8YBJ66WARXOsWFMDF_zfZJ8W8AVNTyvdGy26nH3uw=
TYD115法登他000119,baQ3opLw6wypbDnaIy7cfzjd2vMKmYouj9S9M4C3dYLRJYOurSRgoQYa13Y=
TYD115法登他000120,yRN9bxduBCTuzpzIlXd15E0qCGhLWdqymsKm0kMf71IC88uc6oMXbwAArrkD
TYD115法登他000122,nn4FoK3w973nd34EmWH6hEH99KE0jN1K49I5WI9AfNZpX91rreCqETxO3JjB
TYD115法登他000123,9zQ7-Vu09YyrwsD6xZnvHWzPLKaOa2hloy-ZlWV1NeH7HAptnNd22WFI4To=
SCD115法登他000067,qmlh8Yz1EWfsXemPEFs403wFUoQ9tk3kOrK7EcwIRqlmJPQ9msXn98nv_7DB
TCD115法登他000201,LXDZzS2tNYIbJBA4olp-Aw54TbSQdqfrdaOqNkqKI9e_yYQ64msrDOPMX00=
TCD115法登他000202,KUWGzq6njfQ8D6ZvfHyMafTIrZs7CwisCe4hSBWsO0nsIX9f8tTjN3vZjSO9
CHD115法登他000031,8nFisYgVml4VW7pOcpS_eaHoHNKIDx9JgPHy9sgW-TzHkgTeRL6mlAxTJBk=
CHD115法登他000033,S8hutD6Sh5wkcmvR2q_1GFutX6s6VDTnv-fzdl43ayViBsBS1KVMqreF0zU=
CHD115法登他000039,Xrt7ExkNh61FQGdnzdf8U51_Zkg8SumLP6ctfnIo14Y1QsbWG9VqCtPR4bk=
TND115法登他000109,NL344Y4tvSrx_RLj6hY6fzP3Pf0CZSLKyiR-aus-zWfibwmPE0aYBuGH8g==
TND115法登他000110,RvHApEfYdf_EpDgVFgE_rnjNG8OtT8wVUUhXizd9pzIEZnhhqdyy0qEy9f2c
TND115法登他000111,WiBjn0xxAspIy-aVPeassDYXEiVQ8dilie7IwKmP758rcXDb-m3Gr_sHsEQ=
TND115法登他000112,ZIl2SLmIdusy7Uluw3c6Khc-puRv2UEULLOV7_gzpRVOnepasSIzQgU5UOw=
TND115法登他000113,URiFdGJn9OQXK1DM2SVQswkFYYq6v6lN4PikumQ_7z-gYmv-auCCecP6uRQ=
TND115法登他000114,OAB0pObJSPex0i0i3UIonn1EzkjmFIi26r46n7t4JaunXoWeYVN-Kn2eOeg=
TND115法登他000115,qlTPWojehSJyV-VLerYdIafbhQwEo7DRSdSebnXfjpAjg3IsGyNdelB_gs-F
KSD115法登他000089,4WQrtEip5U1th4EbRSIfgLukOlxjgor3Mbqk0UYnGxD-Mu4TM4nWo2RMQ5Eh
PCD115法登他000146,yeSfReq9XY0yWzqWJo7VKqbpvAx5HLzf4onuExhn2k3asnANXqs0MFFdK_A=
PCD115法登他000147,xR6iMuEtlLPV2rYMX3UzFWmI7aVWw_WtL4KG-LV0CrrDy7DMdr7zyeBC93pY
MLD115法登他000021,C0gMGigcN9OB9lXqo5PUByTU7jy3zcYVeuDImUkHhZyd0B9WmRTtPBJMdZU=
TCD115法登他000203,ltENzupZhh7_Hoqk9oFxSGOnmCc7HSeFlVSNITJ8A3QNRUlObOOE1JkDKPVB
TCD115法登他000204,UaBdcu33eFIJHdkCrXQvIOHooqdP7qH8wqgcVNEcTfswk9X0RAeNNVGyYOA=
TCD115法登他000205,n_Bs25zpYn7uJEIPZgLtO841PHTZJcOzeVCW2nSncVJkNSs5m1PTIdTJfOA=
TCD115法登他000206,ELX6sQnhfkCKBht6s3fvZ5lsyzFYyf2474RdlsczasKYpTUwkJnJ7eKU364b
CHD115法登他000032,uDABvjxi4VroHQ5B0G8xI2AQisgLtkqnZKuDy9wUoNnhwQ5f_vJDMZ_BUo8=
CHD115法登他000040,Di9Orbljqpyn66e5yG3e3RrMylW7GbL_Opoe0kt5-wHyU3veLmbVL-RtxTY=
CYD115法登他000027,oYHOV6OVEM9c7kaySdKxh7n_ev0srtznCf34N0VMjxjrZPpgvuTpimorbk8=
CYD115法登他000038,4bKwrw3guP5y3gBwWKp3ZWM_F30WxD-aW-aETxUshpZufRLHf9I7hoTIZK8=
CYD115法登他000039,DzVwtBU1wO0oQ90jHXYXxTj7th1FMXk9Z0N4fWWgRtCIPjr4CwXJPh3W-sM=
CYD115法登他000040,YNvqz4frhpiSktHCCFM4KsAfkkjPrEAmuTqU9zYvy9pjgBi5pFgisWH2BsY=
CTD115法登他000041,HWM4JYi9wkxFfU7QtE6LsFy3p1CvyIrFLPpIZl8EbUyDWWRIoZOkJ52QYw==
CTD115法登社000009,muwOIvk3FlZ7KlZvxymadLVCom0zsj-A36BKbTBOS2PE_SW1H3sEpHJsL9o=
KSD115法登他000095,-x2q6_AHiMe7OU5rfEzP88gxHKz7zag3GTKehujb4fIQQsBLopXBu1kyz7c=
KSD115法登他000096,z8UeaJJhkSBM7jHX5wvvkmWAgGJs8l0MxJ2eskkTGW-OFKVKFvYWtOe6QKEd
ILD115法登他000032,AlxrcRXu2F-dP0F75_4FJ-bgj5ghwTdOpfoDZ3nkEa_oZkIjBqjijpIgIBs=
PCD115法登他000149,zeOnPZtUaR0y1FNskuBu6NytM0EkzwEj1USbnO42VzPygQ0oTtCQyTsKYzDx
PCD115法登他000150,gkCmSW3Gb8sjAmNJJHjYh78Dzwf9gvdT7EgdsVJVZ5qVsKFZhht1IgcCkeE=
PCD115法登他000151,8gFRIt0mrnmJoLm3CyTQdnwue_7fWGe4e6EKvkp6WPpi9yVZOsNnbeEZLqca
PCD115法登他000152,vRQAtgDTCWBU7KPaFsoSAmyycyZSpIMPySnn0MDX3ohozZYsq8JF-1iWrWI=
PCD115法登他000153,yA3081cOvytYRYURSnJ9M0J_a5b_ssYL02RJpKEwNXs_bjAs9rT_sxY_5oU=
PCD115法登他000154,zqkiNtlIwlasVyCwaQ1M6Pe3BXE6mvmflPj0hwHC0UhgNEiVABjRjFjbm65T
SLD115法登他000156,vzPriNFtAGxy_L1QGQBj_loo-R0NeayrcL2LDOQHVrWnLw8QH2M4qBWeoHYx
SLD115法登他000157,dg4niK7zh53PwjtYuHaBTsWqOnEUY7GOdBIaELfKaWJYqDn-gCyLUIoXsCY=
SLD115法登他000159,BQwCLgff41-UGzmZFRS2THDe7x7-9l4AYfy8CiN7AOwQCEWaofGu8FDfk6Y=
SLD115法登他000161,xexroUhU6UVsnel_CNDyKb8uE9arWUhLNp50OMnCS9ylo82o1_o5F8xGVmI=
SLD115法登他000162,PaYSmT8njv6SQGE2Zd4qmHLQM2FWf-og0c70nWMDBGv8BgNUmzZ5F1jjU4tR
SLD115法登社000011,g2TLTV0-8ly5wo2yQQ-MKNnY5tGekhkhsfjudxvDymk5svReeEI1DKZCWHBL
TYD115法登他000125,Xm2JUmtOkrhZlx3mTi6jLIkeoyYNwUKyLEkxDwChtO2x5ih9xTT_hDMmPCo=
SCD115法登他000068,NUbjnwDJ3q0PyGvg6n3o0hNV2IAHvoQOaSzIqcZDULQv3kI9MBAy0m14qgA=
SCD115法登他000069,NTc3HziqLeYXJfix_InWlutBr4T0ymo_LwRUEcztLtkscBOeP1rw1cG--bz3
TCD115法登他000207,RXrLZDBku0uEewaJ5okvnLz0f3jWdBIeY9hAdtnt89kdyDWiMykRv4DbQmc=
TCD115法登他000208,C1UEBDlC15SBBv4gp_RWeVKYAKVvDEnSlKGDyuqYLBm-F7OoOkt_r92t0Xw=
TCD115法登他000209,i_jn3HGP88bm_4y1H88da3P6sKJliFvhroh0u3c1UANlewX6uY5CAwLwkEs=
TCD115法登他000210,LZvALIurquIjqRhCiRW65HuN-PpkWjKKqEh-nUe-1iOgOHXXttgpZdksqj0w
TCD115法登社000023,k-2ZoJeY1O-2bJMNnKskEporvxEptnd2zRzmCToFmGsJhnZm-A8xWAwVGDdJ
CHD115法登他000006,kfPvlkYM4VsMltqTqetDosuqnate4oTrgkJA5lqjNCUBo3qvoNGsOEUOjQ==
ULD115法登他000038,a_s6jVc7uZhbWn0np8P2ll0WODRZQYs1agKqSrgqxK7WkEjbwps95SeaFBI=
ULD115法登他000039,b4Diu0zY00zhtBechXTWXXYICyDIU1xXPKVaYx7-zzF302mdaaxbBpubHA==
ULD115法登他000040,6JLZZx7XwQEGzhQm0kDDat5KhJqE2CN18hJAqgl4xhiRmnUcboQG9sSnnP0=
ULD115法登他000041,R9oU0XQ1JhGiN8HZhPvl8fUgwHatXqMFO0P4qjbpaIGH8YIKD2lioj1T3aQ=
ULD115法登他000042,HmvoeSMVAEY2XXykP5LogWfADG9wcFK0QSi37AHEVHNEHTgcTJArEX4TxR0=
TND115法登他000116,EfoAez0eGzn3zyfJ8T46lyig9o6vjBKw5TuLgFNzc92GtgyLbMLB0po8jw==
TND115法登他000117,Y_IokItkGQyXCFsvSObfGP2JcDiH92vRSfHXiESx6x3Os2tunrzNeQuzJvI=
TND115法登他000118,QogMnk80dPYEtCMQCS7-777QEhRYP_9JJXEZudr2oVJcGDxGIAaA-GCv_hQ=
TND115法登他000119,mdBmrAAjZNy96_QAdCtWPqcfyiwGA-FnziBPqhF23Ye0Mxu0wdGMerYj5I8=
TND115法登他000120,KDsn5IPmKMJR71xNJHTcuUjDy2Doyp0dCd97dnOsLo9O7LdMG0PAZeSyL9Ps
TND115法登他000121,n6NxsXrL0zBH-hYh-g-Q25PRmMBZh9OUdWpkKvhxBVAOPpqq8-ZLQrXMCFIP
TND115法登他000122,BFeZ8SRlWngSiQSgoMKvuSmDqEEquvFWTKvckyVCMunTpeVxBb2eTIO7--s0
KSD115法登他000097,SycREHu3gatTiCK0F6Sw4WHJ1HrLlTY5midW-Zf-fzhk4h5UeEkHF8nIiY92
KSD115法登他000098,fL2wA0uEspsGaFkSG3r_GenxZCWl8Ipx3eEDR7_uBWFsncf5fqDj3JegSroo
KSD115法登他000099,6cJ5gzg7WgSeTBdl2gK7tuiPptsDLdBPvTgLiOU3kuKE2_Le8DCLwskm59Fm
KSD115法登他000100,dJPGBD6ZuH8o82tr51Ar_4zAsDR46Td0iO4Onh4cP4ucO39hpRhWdQ0yrgA=
PTD115法登他000038,vC-_hN22zpqi9cPJ43hNFDYDuoVxmyp0nb_dVirx2m6qx-RSJNcEBFlrSVk=
PTD115法登他000039,ETld29zB2sA4KSbKtvNHshVdBkqseZjX--1TisBxCJP7_Y0Pu2F7nBvlZlA=
ILD115法登他000034,Z-4sC-TGQHLBD0dk21B6usNR0q6hBNF5i-_YURZqwclaypHuZUNfpR9xavk=
ILD115法登他000036,g30g99p2u1ikzuuV9XSWORtiqfZJWPYRr99lGGk1Xr13F4dObUV6-GVwBF8=
KLD115法登社000006,NeFPcbjt_IWldBtn7fmsJkmjMPf_QLvtYtuvJE3LcB4lIbSYVpSw-QjRgbk=
NTD115法登他000038,mapBbImqdadfF0gfGGtMAWr1QH9KoroSDXd-RIgUVr7y_nsbrTqCg_BZ_g==
NTD115法登社000006,lDE2jAyjnSeV5XvP61x7qklQcTchAzqaGj5te1XoqxH0EwP8EO1wCnHgxvI=
PCD115法登他000148,dYj73a3LXJubJ9RFIjmwhQSNff2ygvMjkF6LXcLc2dbsDT1sWGyNeKDh8pcr
PCD115法登他000155,qjgkNjVd4HBrfl82IDsyCC_mncwktWFp_DhtPSsZMaOPlRh-7zBio9YwGZYC
PCD115法登他000156,0boXBpjFEbu8th6WK_W6VN70fgpNs5hfihWXK0UaW_dA-SOMHJvoRsKGfw==
PCD115法登他000157,ftnPtQLNNYmI9AE8TTxprcYamZpLN7U-16VjiEWzzahOaaD_5PSEbbGljsQ=
PCD115法登社000019,lzLH4TPhWeoW2xAjqXOSJDSzNCbgcN06je8R_0uUxsqQ0yTA7kzzTXBUH7NO
TYD115法登他000069,Z3fTU_T5HsLoMUlNgnJ9Ga8KzpPqRy5ZiYDWFcm7e00CdJhV5S4_CIaqlRWF
TYD115法登他000127,uNW4gFpAiYdhxHXZgGP2chWoVBjuxL3kjj14OjiyMxoSiU8KDs0h0NcXc7uH
TYD115法登他000128,2v65xJTjIYIbs4papa2VDTAF4sJLCaVNy7Wrw9ywbhCzaxdgzd1_zxaUzJ4=
SCD115法登他000070,HBVp3SokJ34LwbPnduvVz-5Rx7hwf9RiL6r1hPZa-KADRylziESMmsE2apc=
SCD115法登他000071,GbPImO4eSFjrgLCkvX4OBnlE8vt4M-91qtR_kt4qJAYnnTr2MmBx3lvEfQ==
TCD115法登他000211,Mgye_L2_sUwMsAE4TV9J2cO-325TbA8-c5oS_v1szKAgTymsMnWXESXSYFMW
TCD115法登他000212,UTjUnETXwpcM6YAoLj5tfUwwLxB3Ysj4wMhR7IiLNmooyq69W-UNExCWR3Rw
TCD115法登他000213,NzbmCeKojuBg23wU2WohF3LBt6ON7O33yGbUwFEBQqSr6983WSDWmaNMYTg=
TCD115法登他000214,sFGrUS4J3yUgp_uPB5emcLuuwyAZTetGqMYZVE5vvJHWH5lfbK5VSjygp9Ws
TCD115法登他000215,3UAYaTYtcJj3jFTq9ddcsaaf8vuqWOfTSjdQPmnuDmNftJjUrd7X-zYfhec=
TCD115法登社000024,BNztKa0lSqsPiJVqf8AjPPlaLDEr2U3HajHozuucuRkdvdFJI0Xg74onXL5n
TCD115法登社000025,8e2Ee_mMVzA13HyUDNk9MB2RKZ01sK5CUdZr4Fql-Sg7C-zXIuvjPLxNS-cK
ULD115法登社000002,HFwCC2f-cy_i7L_B1bGKJLZV0z5n5gnyLMXUddYeInQPlFVnnWcT2o-VsvQ=
CYD115法登他000034,wKlqKf6Ot0Xh7YOOHpoxYd1NP76GZ6E2nHl77bW1Y5fWVJ2xqPxOOo2kZkc=
KSD115法登他000101,Eq-hwF2J_QBpmV1u7U6DpJYiZZNVx7Ek1yKrtrnMYV5SVAl74NO71S9lGjTp
PTD115法登他000040,ZKpvtEtX6b8CxnAN0a1oLQMXdf_kWXXcYZ0hFk3QjIwecA94r_z0AIQinW4=
TTD115法登他000019,2X7fSnmycJk0EVDSaqxKzxfuTPHsjDxqNUnDUJMgbDjObFYokiV0YqBrPr0=
KLD115法登社000007,7zwBr8AwkmZyXokfPsYM_W9aGz4ddEwWC1tz5AahkwQN2dOBgQSr1NR1Gco=
KLD115法登社000008,DcgjP_GjQtpq2-MWcUivKpAcyR-snXFIOv_pb8OJjfCQFWILOdfWbJmoFVs=
NTD115法登社000007,9UqCy0aRLQX6a5ZguKaIGNQMURpJzEBaOjtyRSptShz_JgV3Sv2OM6cratE=
PCD115法登他000158,bx0KYoBeV1gaWD9ueRKBI4_SnFDEB10SNycOXf00pg_Sd95iLlcyg_7gyn0B
PCD115法登他000159,rfnQtNGG5e6GzEpNlOsptUIwfF9pwDCgw4X1wvP6oGZtJEzbjw5OUtcEHw==
SLD115法登他000158,_jGCvuphB9sCdZdK_TS_OlxvV0HP4wR2nL-qkaglSnRstQc8Fj-qfYZDYJ-g
SLD115法登他000160,dqTEWJqnpQ376G7ZrZxVmF6lfTELBgLz7iO-h905JdtWSQIpXGy8-7Bqaw3l4_g=
SLD115法登他000164,hh_8BnWceJAdNpbrtRF4uvQj1DB5NbnbKYwzZRGtQrO7-7N4sxNU3RCT3Q8S
SLD115法登他000165,yLjv5EoiU5frj5RJqkuzDLWF2wzCaDPCrh30IIrwQjo8Kn4gwVR68x4oHbU=
TCD115法登他000216,gIaSZgSYOtBAQ1feUWC8jjGc919RpQRazJ_D-uOPnxysbg6kpTZE55m0bu7S
TCD115法登他000217,Mh2svVCqlPoasLv0GiSDUCC5YkMl3AbSC87wiCv-PRros7A8Dlg5yEjiw_jU
TCD115法登他000218,yShLKR1M9tk3nsXse7IwY6m2HBd-iY4HJTvi-jXNef44M5iptPxaxQM4r34=
TCD115法登他000219,IK5Ox1Edqi0CAxpaTwTNTksF2BfjQP0pTG_hokcSrl0H3HH8v5pUCabWZ2zP
ULD115法登他000043,_KS_2Ia5asi0frs7q0MxR0zkEuukzAs2ohcmFDqRwRfpa22WS-xcG1Ls2w==
ULD115法登他000044,6_TIaKXzcPy4ACNc1hzNevXy9Mpm1tT8wu3yMt6VcVgdDDF4KmwU-8nBV0w=
KSD115法登他000102,q8T9fyOuHC53ESjZwgkv8pw2mrW1Qx_n3EyUOWVwNlJ6qyQi557rqThmlR1T
PTD115法登社000005,EIIUO4SZZAOXYIvsYeoC814OgZQTOscetWUXJPOUr22W6jSv2qPjmKarJso=
HLD115法登他000023,mDO2P35KT_c0cXK1LGhWoDjar1Qw4oJ6e_lv9t21wo9VCk4JdGV0ogUQO_g=
HLD115法登他000029,y2l22RIxA5JiX9vSNNrx1pizJAcNMLqU2X6aN4z4yivcAkJz9-GHAxma8p4=
HLD115法登他000030,J44Q6uKBL2_bDBfiADILD-Qf-lXMcGct6yCkwfKo0UnUl-j1heU75VnVcXI=
ILD115法登他000037,pHcVR9R85FUfYPSFebIE5qqsuWRTv4qKEDoOfMDAVS0uy45yAdPRkBCT3GY=
ILD115法登社000008,J2D378FQRxsmsZAlgHhqUJCeWgW7bBx9A67cn6a7Dt-P6cBebG19TzShX1c=
TPD115法登他000478,pDT9Y_MJjEYOUx6CkDifJum_j2RdMRkn09Pddp2mxEE8Nn9KgoE3lbzfpUtb
TPD115法登他000525,nqO9jl1V6cMcXsZIRGphZlpLZ0eoZ7rb5QDQQc-5BS5elccYAIm0ljMLzGxR
TPD115法登他000526,q5n3l8pqXOdehsax3a6Hztdk0ewvUmwsWh9pgFvqlNgIGtMtyImx_Y432Dac
TPD115法登他000527,QYfZ4PVsGRq6wzbsWkp7GOpUz8IGePUR0LxFfjfoOFjRAOptOZFsN7YdIvrI
TPD115法登他000528,vkmZ9kcZFTjz3OAX9jxoIN-ylDkWUAHFnwxoMrA6-NLzbaASPEVARIYNqpAo
TPD115法登他000529,WHppzpxHk9bze6UkYnaoWC6XPJdvNALX1LEs-ixtx3OCnPG3sNAu5oY2oGB1
TPD115法登他000530,fYLef1MQraoFjAIb9raQfW8Vu2aWSzLcx6V6vTLT0CzWZFrY6Radm6EI2tOK
TPD115法登他000532,1-nzT5_ZvEibFv5FKQIXnSFp8d3-nkp8rDBn5TUQ1j4HNGL9nP7qtmR4-EzN
TPD115法登他000533,-zBuZLrJ5UoEWzL_zMYCwOsu8ue2NtrPW5f_Rlzs0cDTEL919S2gB0lrJ4Tp
TPD115法登他000534,5orOfcqs49M3IqTIeHPXqDJZ5A3A6MorgbftEtKxWvtA8cK9bV-o2j5PU2c=
TPD115法登他000535,vb60vSI5r1UDzgY4J3Rg_jGnaH-Kc8LQtyA8ixQtD2PQZO8dhzMflIq0O34=
TPD115法登他000536,ZLD6OESAS5CMsezgkkHcU9xSeckAKKgBtZzIfRg73nJHHm-3BYkWfpSm
TPD115法登他000537,Pl2bTft-m6umx4BczDXRCF7nlID7mQF3MuLTjE3-HOZXHl2joR1BlwCvG2G7
TPD115法登他000538,xWIBIqa9zzy2tEl7jYaN-Ti9-e3eGG3g3ZxCnCukv2w8tD7_1sFKJm5Tnyzs
TPD115法登他000539,bVqXCRvoh8wIuMtZUaRtl1rvD0X3T2MeohCiiZ6DKW8IOP2LMmCaEXSjzwDl
TPD115法登他000540,-I60YWXvhST1knkVK0MFMIM7ta3IhiZoX759V1I6C0TaHIFGTPjuvsZanIY=
TPD115法登他000541,fYD_NQtx7wJJYE0Mk-8uylx9MmHRTqk7QCNuCHYJF8T0Zv9jv7U9i2UMq0Fz
TPD115法登他000542,pYFNLtw_VS96Et5ZXK9Wp7UWmG-hV03p74Wg-rU7-fXKWUfC0RYKbuFqUTrs
TPD115法登他000543,6ynx8B90wRV5XZjqqWABz1lm9596srZ4Du4vYcKtKrLCuBwDTwi2Mx114bY=
TPD115法登他000544,momzhzhMz_B39cG_c45ZLqxmlBN7GbdfM3ss8C_yw6spuHEBltRwiD0o2L0=
TPD115法登他000545,AMNq3Jb2p1eWCm6Np_MsBNHjHV6mdB2ON_RmF0ZHAGw-VmtU_a6JMUnzlhZy
TPD115法登他000546,9s4GMz_gUZlo9HK3UGY-eD9tvsZcp3TPvlf3XIkwftr_DRe06BwmMp_vaYU=
TPD115法登他000547,wNNgR_iLetoGbALtdeCJiR9drWPLN-3i1lg6iEi5IeMWt5esGYLjnJl1oSbQ
TPD115法登他000548,0OKjA9Vm0pzNHPkX2ovjFH8u-oV3bQSVUYEif4AJfViFvW-D8DucFXAf3z15
TPD115法登他000549,Zf4X7eq28UpX--0ah3SK4j9UkLq-2HVwmUgUeXqk0pHe94jXGivq2Nu3ClI-
TPD115法登他000550,si4Gi27Ox0MaETmp8PrShqmrNrxV7erIwUbMEErmNEPyQSWXLI9s45Uxndf-
TPD115法登他000551,9cL57zwkMS5MinE9B9PZLb2U6MP0cBlWNE6f3O0pSvt4L11xu4tIssj4TaeE
TPD115法登社000029,oF2YUQ3l4cuAipFEeyBWuCO7cppW6ZNVh67TeFjHpxkXPCWde_d8yByf83p_
TPD115法登社000030,rb2P8nyunwMMXkcj3C0ZQsa9WFhv9t5ECJ0tFQqprPcKahzRmuKm9QjtsgWP
PCD115法登他000160,mBzU1TYxOVrcoC1aeMLzezHonvNzb9wzYQ6ZDVkXhXHullvaH8iesPdS1jM=
PCD115法登他000161,160_tAx-m3_CejtiZIFOSoVlr8E8pn21-5sXI3VwlrmQp7S55qauk8vZSiI=
PCD115法登社000020,c00_0M7MAHCGLyVtwtUN315jvYGmvP6nrEFu8hdjn2a6AKP-H2-8OCHR7n5C
PCD115法登社000021,RbLpkPYQrf4e2CJpmfmZIa5ctK7TS1SVKHTMpli-LESFX-xUCdfNAEsHBG-e
PCD115法登社000022,4s6yZuN4utypLwE5GQ9myRLLTmjg_hpoYmDrmvc7ElX3KDaQphPkvWd5SiU-
SLD115法登他000167,BVhWbOTyOU-xxiozvpEwkMSzzzt0J-qWrZKyXGAfALnrxOZbBt3Fw1Lp-pRv
SLD115法登他000168,SNX8eiZPeyUXrAeDSxURceWyPMZLi8NIV5ANjYRfxA3vvtBx_l8YP9U8IiSl
TYD115法登他000129,sd1IcJotoiEDG8Ij3lb9QcW1BrbWLrzQXNT2coG9AMy6p6X72ilQqQzyR6Q=
TYD115法登他000131,nffajgXnTw-Ehl1uWQaxJpvotGjcqMNcSARzYEffQCqv-XOjpH2kllEn1z0=
TYD115法登他000132,2rpYnBq3lvPghDlq3P8vn0nIWXUNcaM_IanDNx1GhWPD-I_umMMTd1BZpvtb
TYD115法登社000017,gEOn89JXIAil-jMTlBN7IPP6pJnFeg673_hfqPaT-_ST16Zf0vJGh187rdXg
TCD115法登他000220,Ao-XeaqQH1bSiqeVtP-Bp2XioDNDnwGKbXkUj4Zm40FsWJUUOG_CQoZjvAKA
TCD115法登他000221,5mAXzSN4WlpTHs4Ay2bNPd8-nq2ISE7toY7XV85aG--fEtTYpxb7k9uk76yR
TCD115法登他000222,IqODYcERXOm5DEF3UHlkcPsv769YYPcpJJtd_O-KjdatUwtJ37bbYbpsvWmV
TCD115法登他000223,-EnrXk0q2sCWOA09wvTCUnAftT9HrpQMs1PhULYZDiOqZhyv0GoMrKgYRyha
TCD115法登社000026,E-ZtYOfwhMFYJFwgpMg-Dd7oSq7GFbz752b9jCF57NJvGF8OJGqQfbZxiNaU
CHD115法登他000035,By5PiTHxoJszaFH-cP5QPIqM_UEKzS7uuTf5BSccuR2BcEWzY93vLKH_
CHD115法登他000043,_KzGl6xByem-oZqFhX6GkGQ55MF1bZRNwxBzBzG25XamipRQEKbzG4a0JPk=
CHD115法登社000010,dKZLMRJVdhNbHyRsFKjQP3bxRsnTqW1WTU52C6TQflDrlbYory0EFYSki8-2
TND115法登他000123,PahY2-pJP6tlKR9oE_liVGycCwty9ZDhWomwBw68HzTSOtmJYNX7S7nKfMA=
TND115法登他000124,PtAnCTAILMloe80Lg-6wtXJpw6KcKTjDyrP-v-UFtYlF8TldEDv__SSUrZs=
TND115法登他000125,bwL9afBxpJo5RXdbDCZgUy3NROuEJuar78Szn7dLVHchOapuZAPw5emEiDQ=
TND115法登社000009,h3wzxBy9nFEW8AiSN9Nmex1j7Z71TWgZi7wayZMAI7doHJIG9c3fJ_DSs6_4
CTD115法登他000042,KtWsegOpUPZQosUZxJZPJw-cC43SvNptjmBdZ38OLN6ce7mvNJtgMIn9b04=
KSD115法登他000103,r-_YQjp-Nc68-IzrrSFL7iYoFEa6hJBwjtIjQFw3ICyFN46BGYOrkDYsW1N9
KSD115法登他000104,fFC8k9wqrGh-PyIrz8-OIBqoBt3iFj55oiXo6J_PK0J8zRQarsYPy8ae9Zku
PTD115法登他000041,Adw7kzQ4Cd6aOlEn5NVOxnv5FKRYGJzBaFMKgaG4rLhRRukkNcLz-6B1Xg8=
ILD115法登他000035,QGgiWZV95Z2K0e4jXo3e8Sb2GVGmaKAxrs8AA3JkxcHav3w0qlkYP1WcB8U=
ILD115法登他000038,Tffz-a_ers33gp094mWGGrp0FxoFHmc58kGPl6xdBtaCaOvi6o7R9g_gVgA=
NTD115法登他000041,1M9i_wmCSd4gewoV9sziA1XlCMdnIugI5TDhiTJWy2Wt0uHBa85WTF7KoOA=
TPD115法登他000552,6pvPfNpk4BI-g2kWSQNTzWZOgFyBTedsDtadIIGxR--oeJWyybVa3leh5sI=
TPD115法登他000558,Nbw5ftd4qGML2cN1hp1ZR8ltX9h4MzDCnDmIGUbyeZb_jj6FprSwIbeuUZlZ
TPD115法登他000559,XvXfPnjCBtEQuNYyBH25OVrhZiiQKFD84IrFCUKY9IErtI0gPZfMBZNTKaSb
TPD115法登他000560,sjfvbVUZ0l8QxRJUOIX18t8vDCwO4-ZEwA6etbRjB1bgY166_w-ylATTu0aw
TPD115法登他000562,a6OhPOR-QFPI-w-qQIxnDFYhKXzK5wl6EfGs3YbsGAKEg1Vrn8RooarzrAox
TPD115法登他000563,WHooeOcRYnmnEmkAMve5l9ac5npwkInKvqO3A45jXZlqR0w_aTwCfjN99102
TPD115法登他000567,_f4S_xUJ-MhRt-S3I0iCxcDuJxwvBUrBFF8CkCwZK_rC6B3Lx9Z9_un-CF82
PCD115法登他000162,HflN1vwgA3bvYDAr1u3BTZzvI0dICdRqIe1Kts63TWYilM7h-MHZAU4_jWzr
PCD115法登他000163,q3g6Dz2UZC1Nxj7nLnqb9TLkz7AleHbZtlmvv-QQ8CnNtafeM5Hcal7u6Q==
PCD115法登他000164,U8u4J88j0Cc2uOzsqRbM7OUFTa4x3bqrFHIA2TWfveGNAbMI5YuGAU4ORGs=
PCD115法登他000165,kc9SXZmA2BRzhmpp7kOthAv_4TeTFDoJGyB3LlMaxkJhaOU6nWjEWeLVn2Kg
PCD115法登他000166,7xCbM1n0oQO5vb6HxK9yTrHcIFtfYKxJ1X_kVDLidv6G-BBZXEJPwh1OUdM=
PCD115法登他000167,k9R1vEIFLkhNHRpLQNsOUBba8pkLD5K_4522aJuFZ0JJ1K3_OcU3iNIFriJW
PCD115法登他000168,kppAST1CJ-p4MBg2j-qkmnLyLSmZYnc0BjL-mreI9qC6QK7tOaU4rbPAslij
PCD115法登他000169,tp_iPFi0x4MWDQ_ui9BBrMGx4pjwsXjbVcBByr27ZKGDW-UJpTzEmj_Ft054
PCD115法登社000023,gO5Fxn-Fl-QGV8oD1eDkmugGsKm6xoOwb3PbY7NkGDI9dk2XMUotetqeC4-i
TYD115法登他000116,2cIbLt5MBsjp9iBMY-NAWl3jTeNdNfALlZyX34tM_zux_3qNuk6W7AL-uaCu
TYD115法登他000124,mybg3zK4FLCB7wI5Z1afgPGrqPJb48eG510g40OhX0VLfU2Og_7uX5kAEMVI
TYD115法登他000134,09fGciNq3siXHy-x1dpiYvVVQ7UjYJpx06mHhAeRTEGV5UVEzrQLhsnGRc4=
SCD115法登他000072,1AVfiMHmTVWu3Ogp6A7GwJJh0IiDYEI-PSMKibHiQLxWSNfUuwe8Xg91olU=
TCD115法登他000194,Q0i30ecn2fwpO2quMaAW-Of2lc_7D7t111XibOUWxH84F1JWFkSHNvqjejs=
TCD115法登他000224,iqVNYDWULTQs2TmsnMCPSx4RH_IWJO_9TT22U2OopB5zc_KmfEIGQZAssi_I
TCD115法登他000225,__P45o1MJ7rEaUla5W7p0ZNXwfA-EwnkpZIXiMox-dUWn27-RicHxsaiP8D-
TCD115法登他000226,IOkVcqS-qVyy4q2Q5AFQCGtWskMOWIJKcpsm8s0BuM_WzNpUAmzI7XaNGC9h
TCD115法登社000027,JYrpthMZnB8DFeCmUTEV4gJNCSq6SQ3SEneo7QdqThZAivGsWaC3Vex67O4f
CHD115法登他000037,28mbP_29dxfZ3BT-sGCpo3BDOBBmpKjxnyraj9XJyQ0XtC8AiABvOEosGuE=
CYD115法登他000037,7p4g5E5BBIZGm8dthPPMjkPeKipzdIY4aRS49gUdkj2FJTPujvXoGvQ1Ug==
CYD115法登他000044,EHAXO5Xfr_10JrqfA0_pfEqKMaiY4R2qiXqM6nGQqpTTT7_jgyo37xjn8VY=
CTD115法登他000043,zNyT-6hF2LscH_mEoL8B5c6zOF-rPj96u_G-zGdpmekovi7FLU4vmpnaUnE=
CTD115法登他000044,b1cD8PRCpNFzHUn4dqn2ABJOkcXzLiHYjfaGzYLa37LCRv1cM2nE3tOtzQ==
CTD115法登他000045,PM1GSM3RL-HZVa_aCbaizYVH9ZuP4RYODxlMUXRZzHrE-ObmgGGdNt6HrA==
KSD115法登他000105,s9LKKHmNeWhg5Kz-aIbVyrIYxuqAiI0dSlB-ipN8rxg5hjPbgPad4NlVUVfH
KSD115法登他000106,P0JOIqp9uUTAHnfSEKOWmkGzW5zyG0MOWnCYCmtqYKMmxAnAdMUkc8Su4QR1
KSD115法登他000108,UMzIvntHhLTkWl60W_r_yNZGpmafqnQZfGkHsehPEvMaUIMgJZhEhrP6G8E=
KSD115法登他000109,TVshHdLB1QA7gx7ISoj_ITpgtNEWltXjXC9UTXVDSLz97Q2mlwFxV-EeKVBG
KSD115法登他000110,QBEkTOLYngSMY3Fj5tMitxrf2U19CJskZCKlDSskovuv5kbccJn5FRhi9Ik=
TTD115法登他000020,y2x_HPqlMbuQ65DY1JVIkke7DSLOuwHyhLMjsbgC9SmNX2b6K2YzmSH4uuY=
TTD115法登他000021,jpayBNPMpVBXRlVcL7kAYALUymiBlRh8l4i6ogIKwNjLRfcPUAlUgbjHoAU=
KMD115法登他000016,GQyYL2OP8nEK_LCdKstoxTH3DqVpY_hfrVR2C2ui3LOkuNQUZeIAfMnwG7g=
KMD115法登他000017,ugwPM_A4jowJY-8KZgePkbTR2vnx9Wx28boSY13fld9W6WEWjDsUEUoKIA==
KMD115法登他000018,zZRqm12uuqT_yrMsutBZB0-u-7QysdJJ9iIr-gCSlpO3KRxFwn-L_9KWjA==
KMD115法登他000019,2NUvxZkwtCBfKJonUxCN--RCt21eKxBvFHItZLOU6x72xkq1SxP1Ib4sAMo=
NTD115法登他000042,sSGhJcxzosYdwxCvRI3GvjqMtqzQ0Evd6U_uUwRXJMYqe2vFhk9mZ2m_6H4=
NTD115法登他000043,9NSm1g4GA_733D_bPyWg5dbJldvC_jTruyonPFb1eZytyT6WCQd11SzlXio=
TPD115法登他000434,F7xlifzGs5iMJDZxugFYeeaF1ASoAJZjavEa_sU_uuXeQKMB0eUy-D0PtA6i
TPD115法登他000517,xNDVMIPIHiLCHjkErPcapZE8M8ySOZLArKaHSDGHcGI42el0n9BWEqLnEoQL
TPD115法登他000554,uoG7akB1xzHPPlObEM7VjNkIBA8qlgWyUQqtiUDbDQyXQwt9QrINz7wAKYhr
TPD115法登他000555,wnca4EMiPjEWkL09WFLt2ZNEO2foA7xlGoVEShsoyK0cgq5N4T_vdPne-Kw=
TPD115法登他000556,g1Y_JS-MxgHNyByaw_oBrpRN1a-ZABqO2fuXDxM_k3vIK9BJE3bQJKea-k--
TPD115法登他000561,ltreoepj5HlIUzRhsIQdSdu-hK9YmeUttZPrJACHfxFW1LMeEj0UU1hiFRs3
TPD115法登他000565,MAk11IDnn-klrZq0hKu-HYQhd1CKUKDyrXiBb2ouA4DZVc75YLCS6Txqp4Q=
TPD115法登他000566,h7KCu1Iclsj7DJuLIl3DRN7ORGsIRfFSX6JyVr1kbv4kY2_xQuMzqRMM2VHy
TPD115法登他000568,80aqJH15beXqFlHCbqxISkE7iOkaQrFJG3mW2Ye3Zs0MnNS0YNQnji4r294=
TPD115法登他000569,meoDZVL491XLbm1cOtuzWv7UeWSvyNSb9j64XMeZEqgoK-R5wIs8DOrVIU8=
TPD115法登他000570,DfrMX4ZHnFnOO2fo2nAG1RyAl-6RehVmdi-MuFu7bNhLgQ8b91xZIhpx4bVy
TPD115法登他000571,tzEZolKsecy3hotanmNtHz4IzEebH-4RclXNq7S9C2ziF2IAm2TF9PFyn7vZ
TPD115法登他000572,N73m5pzXm_u7QS8M2L0D6yZ9-ls_MkEd-mPKi7HMhz8amWbtq5dX6D0Znu2o
TPD115法登社000031,UzKyNy0CwiJ0pvN9KUQ19GRUiP0516QHz6mjwdF7rRktZSEAcrKTIk_S2zWQ
TPD115法登社000032,hQHtwhyPnfhyb1D_VER19KVZoSasb1K5LKNH-I8DBr-JOlbAI386-YZzjm8a
PCD115法登他000170,vOseyQ3YVQwJ1eD-s-marOVnee-HxPj1VDJ7FYx8NOgUhBSL5XhkDPkvjskY
SLD115法登他000163,XWYhnkmPu1lD_gLDGt_2x_pBnW9w-QCcwJyrmHcKgOxufDmWUUdpab9MoM0=
SLD115法登他000169,rFatQsqfgG-AM16XCR-yrV9dcccK4Hu5UKuEuPrSBMcwng7LoUWoF_gWKDZf
SLD115法登他000170,gs3RfH_6M75RDirM0puTvkJ2Ccfx2wSPfiG0MMICWCjKT56Uy0ykuOaYLyc2
SLD115法登他000171,dySieg4NKVsoZh4NK4C7zmF2fbnjbO-kn654l1bI3NCvDVgPzhLt8rp0dPUU
SLD115法登他000172,Y19ut3uSYQy9y4Fi1IJ5K_OAqRtgytKMnxF27Q0C4TyKiNvRVRfD0ocLpDCZ
TYD115法登他000097,XHt7cxkFP1PzHH_1gj61cMzlMTM_3-69cRC247ufQMelDX6pHI0vSMyfVv_x
TYD115法登他000121,UZQBND5gyF3QlRtTxNGft5BcdOv28LG6N7x9LgKI-9auL-PKrUNF36-l7BaA
TYD115法登他000126,EudNy164pdNYqIgvBs4bzVDC-BM2ew9nyXejIy85AgVDc_p_SYAkqS5L-wDN
TYD115法登他000135,9gnBvdDJD332eskdsyaxYP6Fq485SS10GVi-mOo8Tq71x-_eSNeif4rwMDg=
TCD115法登他000227,e5r9TaBvlQum_uCXnXi6aeJLY6tldJZ5BV7B3CPKbicspmMaQY0TkuYcn7t7
ULD115法登他000045,XK4_qPiTpWbFBQTdY5PLUTC463OYkxPJQgjQQSn0ZJNskRa9jUr1I249
CYD115法登他000042,xUqlxo94cCq-j_5kbY_Wb3O6k4d-bHC9WvmQ1utBae52o4cZ0ik5fAqkzpQ=
TND115法登他000126,KE7Rlq-3-v0DpocXexZyAZrboFfO8DsDertQb1-sjjRc1OvzGSB-EwXZeQ==
TND115法登他000127,JpNzrMNgJppaKwr6OA8hbBXuTZNeeLviV-N4gNNlj6dyME-LDPLdYRUzqMU=
TND115法登他000128,oLld4KuRLJjr_k2tfA8g2Qjsx6hcsrb_xojjk_yQr6MGg5-WvZ9FPEPBwob1
CTD115法登他000046,0NN4dRTsnGIj_Pe93orR6BtR6GUC1d9dS3cM7tVyzPZIBiLTadwEaupWhA==
KSD115法登他000112,0phYoTHmqVUPC7fxQSE9l4ppQIz9quxHvH2-2SD3Ha7cKuN34aHTA3GzqC0t
KSD115法登他000113,AWGKqUh1O5tdHcrtEYMfLwpwEt-ykVoI--vsTafV3Tmt4CrcI1hhLJ8U72I=
PTD115法登他000042,pHToak5H-KbLijF8596_oJ89zXmJ4QsRJFv36qmHElIQSPgmBFUX232gfeI=
ILD115法登他000039,XriTh_o1XaA3Qjm_bCrEdi11c6wcHq_bPNno5oeRMq6KZvGN5WbbZnG6Lc0=
NTD115法登他000044,qUwjYRGrsJcVGAnlje-f6WoYLlqkHPl71J8VAWdVJImAPySOT8tq0GUWHLA=
TPD115法登他000503,NddNT1bpAmtm3qeG-AWmjWCEtb5BRb1pvlSoV9fiTFSnr5mbbBMdwfTd019v
TPD115法登他000575,IWaM7DWcv1BxUa-zMqyc_ucPUeilfhdIMggUK0ruhOiLvnqIBT4FckOcjM6Y
TPD115法登他000576,U76tNX-edghFf98rY-1eqjZww7Z4DSU4SCZIGGGsZSgNMjcT98XXHfIzszM=
TPD115法登他000577,9yVH6GNug8_zu8m76w7O0ur5-mVreZVOhAq9gXikH4l7p4t8IDgEvtBS-Kw=
TPD115法登他000578,ANvWXRZwqtFAyyHNCaBaJoNy4kzkt6GcuSQDyKjB3zVHI39tZ_l7VjeFsfhB
TPD115法登他000581,MXt8YlAx2vzrMjflFj0yrm3is7Ds8aqj97k6EsGdmZ8_4j2lKPZGXpFHKeAk
PCD115法登他000171,UQPgki9J3b0f021U5Aq7Tmi5C386UH7w76daF0mDgXN5KpELuXrPWslK3SWU
PCD115法登他000172,2Z2a1oYq27kwa2GQW73LkbPtFNS8Z_nmsTHZdbdR8zDqjeMbOSL3Dzn8B_4Z
TYD115法登他000137,7ljF03qiMxZeB7Y3kzmxqFd0E3GVCO6TyJq8v0EjkyUQkZ3TPxZ_Gh6hSw==
SCD115法登他000073,NggwLp4W1zzS6-uELzNaMX2NxKOJX4DHKczrAQZfaqDy7dV3tAfdxIAL6c4=
TCD115法登他000228,KCBl-LmOXE2nyuHZpyIPh7Lymb97u9A-_XCEAKjSY5yZcHW99_eW02O6dOzm
TCD115法登他000229,vtH7P1JskJ8KWw2W766qjGh0I8CWOSaAnACjtAMAZyYA9cAyL3pKMgHwK4I=
TCD115法登他000230,mW9uFmKm_UOP2ShEusMLGU_qK7VYodg8OUSlhpg7aX_PPpXyAB_Jx7u7qeyU
TCD115法登他000231,rFZbjtGqJJYsjh6tpuWrde1XChi055PTT3EwH0pHkFxd4D0gxqJ5cQtdLBlx
KSD115法登他000107,F9YuU9i5J2cHvfNHpJNKRWy7Z-XW_3kTg7rnwsx4dY242H-0mDyskvzPcj9u
KSD115法登他000111,FvD-vrgSj_4Z9cto1vwE-y0B7rLlXj2eHUsZlTabertPlUYTSvmQIHbfK3o=
KSD115法登他000114,TMkAUrM-jk6WaUj6aIiwMS_GApNrV5QQKF77NQndZcBpl9ux8YgLdFcNWJ8=
KSD115法登他000116,hzyEjniwt5-wgRzNFp1_HBTgWkmjfEBazmWdzKNKDxxuM3x4g0-d-BeRRtg=
KSD115法登他000117,55L8UdoVS6ZfEZ1nBsqd3tGAmqftDsKQfXhWQQd0jGfwB9_d5A3Vn3Jo0qE=
KSD115法登社000016,B1ING2muMgIy_pSjdbXuyquBBKWM6dge5eS_IQhqBfPPIrc92TOKpKnMhNtm
PTD115法登社000006,te71j08O8EAKiJOX6_WLuR2z5DDPy19U9TBo-M4RbJ9v2AKxE4rmJiGveco=
ILD115法登他000040,20oKcwJOrsDXSB0k2WnOPMZb7gE74X1eFoDV7CuLrXInzdcZcHYarXfbuoc=
KLD115法登他000032,xUBEC71c1vN6OT6w-oGitks_3Lf3WSBtjY466NJTtdMRVeh8p-8B1jHacQM=
PCD115法登他000173,nH4IFxLj0mm3QHgd1cCuxOuJPME3_zX7VYWzZyLz7lClwSQbfa1t7N_RVJ8=
PCD115法登他000174,n8dTVIpu6v0RUtTpAIJTsk5ivqKp89RR2_GLtbZaUichpjkPKRf5Qkk1qyM=
SLD115法登他000166,za2hPUVhVc-HdQtJQVoD-B28GB7rLi5Nk01onnfMbOIGoKnh63COi3rJt0lO
SLD115法登他000173,T6gMDEpZvIOkGu0eKTl6DXZdZK3SBoPiStJz-7DBwGhsptph-y33K8L5v8KL
SLD115法登他000174,-WmipRGpWzFdSfx0-9_T2yFVqHQQjnTJFThYwEH3eOqezE0EVLLcvldE4ofd
SLD115法登他000175,XXwirtAVUrl1lmZfjI81u6gKIpJswGfYMqrN5Nblo8waXYLPm6NloFNXy4bv
SLD115法登他000176,en4vykha9O22R00CC9z71v0I4kf2dvWLKm5ADu5fbsI8N6v_3P1nZEHDdnvw
SLD115法登他000177,GfwuV4HkNaVltvUdUfFvb3xMeBSn0H8Eb3fmDHnTkNZZT1Ny3DX-PASp9ouP
TYD115法登他000136,bVsbQdJGBwV-C4jp018oFDfJTW-kvdOvB2dLbgqiz5DrJLTsqugnb751h3iT
TYD115法登他000138,MdzF55JHIUO1Q02anlnFdXMmioA_Z8-24o-u8Pf8su-KcNgzqZNmA5UCKTk=
TYD115法登他000140,lO5dIL1qR8iI05jyLn5qinIq3UItAvXbJYrQ4avkPzNgMdgR_nJNiBRgoFxN
SCD115法登他000074,jSstCeAfhUQwz4KUqKkl97Q0DjmV14Czd4StqQMKLT9_KV5Z2icJCEV9RRBi
SCD115法登他000075,x895AjulSj8jItrVDYGYTDDqASNjfyqmPwhnYmw2k8mv6lTMuoFNWkswvQ==
SCD115法登他000076,bJZHWS7-eaZxmxDE3kLFKtq8QtgqNL4X2gM5UlUxdfHy4VjULwE1GJjgGvk=
TCD115法登他000232,9-TUXXKzeqh_d88ZYMNMDMowaNelZbmi8B4KJM9z5URN37lyLsmF-WDfwWI=
TCD115法登他000233,6Sji8CdIE-TjwfmbcsbN9IomqaBXrO5CAEyYnjUPAMi-_y87OL8HNzK4lGxl
TCD115法登他000234,7Ac7GT8IoZP8M9NxegA9qAEsTRSpJXY2w8uslD-GSdHADSGnBbxJa6hcs-y_
TCD115法登他000235,At9qqhjWXYxDua2hTWDsW8LTabYRy909KUUMzQBD0clFDp3csJIZCI-NCKM=
TCD115法登他000236,ExJip6YrxBIjOQXVeNYzjuOCvwN6U2IAO5VX0NugZ-caJIKFI7iFZ3nQ9BhD
TCD115法登他000237,y-ghqoj4HWqpM-13iVMO_LAt14qOLc0Vl1Gw9qB_wvNQ6EDCSqKz4eXtjADT
KSD115法登他000115,6kCozX8mzCRnS2rAYr9y1B7k66ec9Pv186ZpeZ2kiTRnlS-b3xfcAyCOHWM=
PTD115法登他000043,fW0-3x7YI6vrJUHiz4jSold3kHGoqJvAaRvCjsWy1U2pP7YHvsMGYdGEcCc=
HLD115法登他000012,JOa1ETPUGl3kI95R84nln1JIELbV7kOCJ10OGpC81LsBlunGHsjS8o0ebTM=
HLD115法登他000014,QzyhmLfHR_QIJaNlrBMBhRr1t5FN8QgYeaJFGqNQK32MCw4pDIvModVNxP0=
HLD115法登他000016,JlF6c1GxICDYXVp4Y1qOkwQLUCqtHx0W_aEnuQgBZOUCwT6rglnuiaanUKo=
HLD115法登他000017,Atn3_BVUBzBTG_a3-43qosQguKVH1AOOa6BnzR91YBHnjjX-QHRS1f8ZYZc=
HLD115法登他000018,cHX37lTqvo6GOWKSPJmXb1O8dUUC_x0YaggxXjs-ODR5qCyfZX8ER1vyFg==
HLD115法登他000028,rmMWFJ0vJr3Ij6QJf13ca77S_1tdRV_0FOvUO8q4e9C-Fa-rHzbUd9OwmEw=
HLD115法登社000001,GW7NXL201XGa558b1Oh6BPR8x1aJ4aF0tIS_qtruDJntUXmO6grvbga88fw=
ILD115法登他000041,Vhymf1Jzq5QoIpuhRzNgOvUeTeM8e0a7SYZgSmT8zhSKvjSgQ8zFwYyMDec=
ILD115法登他000043,tX5uQoQaH8cGPdsmlE0K56ZMf64SafMpwl8jMnG31Lafhwm88bC27i5M73E=
KLD115法登他000033,iGG8H449gq066DumSFpUSAXHcwzBVtOEyxc5IptK6g3sfddUoICOBX-nndw=
KLD115法登他000034,ak8iUpoTfNjsZolj3_PK3CRh6LTCUcQWzRBXnnkGR92Vhx58oKF7vp__sUo=
NTD115法登財000001,GxvtztrPvxrveZpFdQjhmAyp2LnfYhi6Yg7Nur7auJJMNpsXhWgvTpx8xf8=
SCD115法登他000077,UePzOmdICiJvD33tH8zA250qE5OK9W1aCk8gFMElky2lR-_JPMrzP0yL3xY=
SLD115法登他000179,oj0k4dhcCiGm0rJwD6XrJBHLsHrfnws7hpo48GMteQ19devWxBjaYItfVKQ=
TYD115法登他000070,MkiYdqDwgUVIg1NqNT-KVdcgOwRvnMRoXKlWs-2YGGdbAaIC4dm0woJEbhJs
TYD115法登他000133,hjxKfDQJcbHf69PPUqpsnafwOhfU9oTtjKEe4C8zYD5iR9XPsAXsA1piHU_1
TYD115法登他000141,r8ZYNh9UnKYBaSX1ieZIiulp670Uir2BOGoxkqxD_kh7oa49wm-mmjTaRJ4n
TYD115法登他000142,WhLba52MvcxTu8_IskHYzZL_MoTi0Fj56ncC_Jr5QpxqhSCG31r6zdVsS01q
TCD115法登他000238,eFz5nFockKkipEbNiCz5l0advJl2kWq9rYrSsUkQ8RRnTL4BTQSL6Q6namxt
TCD115法登他000239,3T93nHGVQBJjDKW_dri5cyCnQuVJvqwNS_2p-2hhZBpnF4hecvM6WYx5BPQd
TCD115法登他000240,QgMsic5bLwAlFn7xkeBH-h1RT4lUcJlPf1CJhSqRGUQ0E0fhGbr14BGhwwdZ
TCD115法登他000241,XlC0IMuwhfRaaxj9cRZCMRBIZU50YzxLo17V7huw4BBKjrXkpgKr6RK8IUo=
ULD115法登他000046,RrZQ3M7uwP0VuA-m1KwV4afTlXtw3YBASwT34VLd0cyxMCcZdwV31NK3PzA=
CYD115法登他000046,X3TcfdA5l5j5xaIRAXoN-IlGibhjAeI179b4psyK013MSKazhlj_F2SMDvo=
CYD115法登他000047,eA-BopgENZJKMnXAIO9UZ5P8jQdn_UbW6LtJrrUit100DDWQ7mTMA3YMG0g=
CYD115法登他000048,M_o_wQXP3fsNzt0jdkS1w37wP6ZS5tGRYQaPlzGeOIZeBDIjUHjVBMi5qgI=
CYD115法登他000049,wHeV74aLmXkIEoxBg4RFKahgJTXKkv7b7asIrfukXI8FcFyNK3B-JXmrLWc=
CYD115法登社000002,qXjb7IqOuiNFPJ29nYuduLtnlYMXaD80_ssNPqjZ3rtE4T3IBii8EBXlx-I=
TND115法登他000129,Klbjzr4y2ZMWvk2H8UA9ZFkp1_XtFltbTXW0AkpSPT6MH9Y2JysHj28qXg==
TND115法登他000130,8Tq8LCxmMVEpUFNqYK3ltoyOchxApa9z3joHJm1JnSEulqhHFYEXKRaNvBw=
TND115法登他000131,7e61RP9ESgABk7FkPpGrOQx4UMsQC5hXp5aKesy_sgM3880rJgH8xs9R6Nk=
TND115法登他000132,WUXUxyZS_bgzy4lMc957_6oTEYn7gVGQGIjlwGLmrehVcdbdPUiTLY0IRm8=
TND115法登他000133,BSMwOtVpoWrAMfT56BFgHsdRk4bCGxRm4pTUsOFoTvIYX3HDjLrsup1npyg=
TND115法登他000134,omcCww-SLxPHmHO0e2U0GdhdDR61eC_JEshDWWzxUb7ZV8m7w8nmIkiV4jtR
TND115法登他000135,Vb-_D3wmKHndhXoIBMQf14NSCyE7l8QQtSomGS0rOsmYy1jS2YsqUbpQbULy
TND115法登他000136,nWP80fbkuYKVTz_N4kz1bTABpuvRlnSeMTeYkQPF8m7821RIM08ZfEOXWsBr
TND115法登他000137,PK-VkOu5PnGqSTxfRzkKAekjkh21R2-vkQ9r-zvLRZv9TA5BiIjmmHk9vKsR
TND115法登社000010,KufuWowOssLLJ_YhWUy1f_rgE4ReJ9p4eYeQ1qxItP24OlhDWTJ9ju5Dyf3l
KSD115法登他000119,1ajV3BZJ74FJmJ5ZJYzZiP2Dw68gUsfctBlAgY_dS1-JY4djIdd04H_IYg8=
KSD115法登他000120,EH1mjLd9Rl--KWM_QAaG-vlkYlLZJeIwrqvNLc-uXoIXL6mmSPTNrYUYOOTP
KSD115法登他000121,nEOqweaBEC4fwCPBeXnd_bRYy1ViVhBb85gCSUFvYzY9rTMqlwBAJQauiWfk
TTD115法登他000022,JrScFt7XgGU1yW_DBJOCYNwU8zVmrjbFGvjNzROiKS038u1VvdEPoKP5Tkg=
ILD115法登社000010,-7x5Wa1TheaGG_sPPE_k_w8qRp_m7gsaCHay_p5SDvwJRdR90_71cHQMp68=
ILD115法登社000011,gh6sryIin9vyiDXzD1ckj8PcCBQduLIwNAwBZi7rUeW9ZNQ1Hs7WKj8mtu4=
TPD115法登他000405,1rKErqY6ZzSTuGVT27wHfabiHvvJdhAYidsogHO1vUdmi9vW0iIWMCBmFVk=
TPD115法登他000516,cA5kpJ5kBnpInwgGCRgk7I-p2u0180YPCFsrMCI3G0bMGRxiqdSE54ZDBMiH
TPD115法登他000582,66clAW5NsVMudrFdFmm_OHkarlWMXtPMfw-4CMypWymB3JNxL27FQsuegj8=
TPD115法登他000583,oPWsiYZyxlROH3Ckw-awSox6_HfIdiBltJNr6VZjf7a3i9yMHad5lWfrsweb
TPD115法登他000584,CunaSjPdzxXg0nwnxs39aXVbWAeCIV47YDmMI7f6FpSO2U21kRtyzPRn8bw2
TPD115法登他000585,-1QtcQAlX1nWtzcTQ13Bjs6ydpK5gBXvixstz_Dz6GKKEHYVYrlfi4PwVMH2
TPD115法登他000586,ya5LXmacCWkXbBmZVZMVAUlrNdNOz3Btl5NZDgoK88gtKTtK-E7NoZGwCWYX
TPD115法登他000587,72Zmt6hLL6vOFMmK0cUFCaNJkTOEO7WBMbVgapzWaMjRxQyckAXfJGnRsqef
TPD115法登他000588,AEK-zg6fHj7JEsn4h_vy3Wst4w0-2zWw06uAtXNectMpeUvnjqhwLeiHTBAh
TPD115法登他000589,Ycb3hVf9ugDxuR_MuoUiXQzbX_aK1SQgBLddjrPYLSmwpKBYqVESeczVK7sl
TPD115法登他000590,_w_2eOw1h7YzcedoS39lyM224ogjWI7hebEqmWE0MkLXG8wI-AZwaxVN4DU=
TPD115法登他000591,EAN_EKVg6pVpkyxVccr5HQ42m3gs0RBNccnHJ2dznUzFfJXK1191d4DJCLoN
TPD115法登他000593,Hv_NOEScv7q28Ct0dC--LCNpJyNJzWuyLmCJaus833qfh42sKiTVfjTzZI_z
TPD115法登他000594,LcaMUmCHefX7GAaejOpEHj6IHvx4fI-nDRPsRONjVMdjIjcSPsRkMMEzu0M=
TPD115法登他000595,EeVn-FD4ZeHK3eWroQMvnm7_NOgA5CzfHh_-YiCOMzqqUKkVuhi5DYSzFWB2
TPD115法登他000597,F8YCNhxlspW9qMtORR24FTu5Ngkv1HiP_BlfZoRj4SEo7yr1g5atzYkkA5za
TPD115法登他000598,wFDz37zHj67Mr3SOjK7ednCrOzxXDLj91Idb5OBnzYMc5IAzWVLhv31WDcIy
TPD115法登他000599,uMTtR2ptdFN2hGaVHj8g6FJ7Q8OwLSk9irLV0lu8GsSrjfUK_8EF7c00ZU-Y
TPD115法登他000602,O_8fqTxrq-HIu9bY49WcgRI88OYJsZJIDH1H0Oy77RTvv6mnUl6RWzLPF2Y=
TPD115法登他000603,veFF3A-UOIncqxmTiVjGnVHlzWxYBMvB9xzc9NgEOjtWMs2f7EE88g_Q6ox9
TPD115法登他000604,TQHuQID9gqvEnQd1sdQ9mRsHTWvDPSAaQZxAdWYNs8LwHlT78DVAw6FzQfFn
TPD115法登他000605,cUZZ16pcrAPcXh3-62KZc5Lg2VRgpE57yRcYMXGHcs0qsMtSvbw4lEhNeM0u
TPD115法登他000608,-Cp9mbkgGZrUiMwe0H4_ymGpA4zv0CyD-Gn3xje6D6NjEI4wLgnqED0ByGg1
TPD115法登他000611,O0ekt34OHf3YrcP6Yw9bqvgaxAsFwZ-92olVvgPaiJ97Uza2DlpcLcf-XtPH
TPD115法登財000006,lXDd4hDps5WiO4tiwjYWkCXTz919otMK9LsWL9chNb01u6FdsvS4_mZ1X6mr
PCD115法登他000176,HYZeWMZl0Wf9bJcxlIX__Ll_bPp3HEoS5aUzQv3F1_TnvuUhpWsWbj8vMnU=
TYD115法登社000018,7PxsxLyJQ6rD48qiOqtcbd9kfZupyqFGQbdEBXkX52xfEZjOydIkClPfJUQb
TCD115法登他000242,6DTrNH7QeFqMnQ8IUiKZvX44nc_FK-eI-J_F8uPAjIHGHiOhnvsZHnFC0O1P
TCD115法登他000243,GYHcK4_q3MCcUxa2mAHfMOtdJY6FCoxIP4gcbNDdPELIESCxLvYHAyKDoQY=
TCD115法登他000244,j4l4TKUuExCqP0c6sKPzbr-rT9qZVlxNYA7eqjgoAByoy5r9GTXmmoMDUM8V
TCD115法登社000028,pgm3GD9ABzxeW3WHyO3wmSGJFPMCgNBL7RmQhZgzJdlyfMIsFUtFAiMYxD3Y
TCD115法登社000029,SUdblwnmbLjY5tRSOR5n7rV-zNHA_23d2HfBl4cEtsZEkojR4iUdq9FE3Z8K
ULD115法登他000047,FnHXrDwkcVumPDksBZ7FPP_hobSJ_i-fc72rCx865tmtOUlWB7PYp7j8Nz0=
CYD115法登他000050,qdHomWKl2OtHQm14-ydHTj8b81qztJmfEpu6wsUwP1qilh7faIxjf8T4jkM=
TPD115法登他000596,2K4uvNuwSJupcuNSeQ7t4WaRyWzXsPdA3IKTDjjFYp8yZCweb3aHiJaNBN8=
TPD115法登他000601,lkouJA8n4M8ouWUlrytmoJxmVr1C8Du4IfFUTHJIQChW8MwOo1RK6UbsItDS
TPD115法登他000607,20Pzn40H2v0gFUh3tJYr4Nn051GYVGnABqD9MzrZw9O6DQWk1lFRxk-8T-yA
TPD115法登他000609,eEr8bGyjJtVjS_530Ac9U2ft7QnBKJbBxxa8WDHjlnBySXFcDwsPFSHaedGt
TPD115法登他000612,JTHB9PqBWf2pdyLhCjodT8QZAmS4BmRq0JMLb8_87iGo7JBBpw_VJ5wKjIY3
TPD115法登他000614,jDd-e5zRvU30MPPxSze-jq4duhdCWQ3DE6kyAGP4NYztuNiqFLzOqBJiaR9I
TPD115法登他000615,2wv5OThKftqDBJMrjAdNgXfo7Na38BNfbCHt_LnGnwWIGKFO8TmYLL5j8Co=
TPD115法登他000616,Az7Gl4CAI7gog8Dm0SiGnunNWyy-Qp4domvCvNx5-qBcOVacxFZ6LPCE-OfK
TPD115法登他000617,Ny6TP5fz0jLbXlpuGdLHNJIiMTRZBQlGFw3t5OWhSYO7yYWUIr90XmVyZ8hr
TPD115法登他000618,V_kmdcydZKSZfZTEr3LAPQjb9Q10ui0t5X3AuxYIvnLVZsY2ue2DiN_dhOU=
TPD115法登他000619,kd6db3B3S4EbqFgexasGHdpmM85-08xaf-yiFrhoDW2lZSVF2Sj908v3WEkF
PCD115法登他000177,LVSe0ZhLtx9YR0OrWYqwA8348tjiSXBm4wUtaMAqqSMSbpgCoqOiC_rHRm2r
PCD115法登他000179,s111xPlL9Qo608l7ip4fsTIyjx32TnpUswE3WSkkjz2K7mKDp7vKdGgJHCrL
PCD115法登他000180,MG3K8Wps_6-Gx0MVau-l6LPwzUU95ILSPCr5kxtYmETobnb5fImT8cmtan4=
SLD115法登他000178,a19nvULkyQSkSOjUFRFrJOU9NRn3VpBzuFJGF5k0SFPHS5PVe0prfyQlyhn0
SLD115法登他000180,10PTy5W521TbezmAnoYDYaTuX9S27AtCT_RHzT0MJVFiOfVMmgbkG4o7Nd7_
SLD115法登他000181,SAgSfyPRvxJ-ITw1HwrptBVNuasYzuPwbXsNqo_iYBDkrZi28NZUXzGIj71CLoU=
SLD115法登他000182,L3jwdi3RoCgSIinX_s0GUaNybckNE35-vXMCZqqEY1EAO45bfa3c8M_d81NQ
SLD115法登他000183,A6su6oHDrjGUjnjU219RbMlkjtuVp-unjVcMGZ-ouMN3zRk3jJ3pJSMxwgI-5Gg=
SCD115法登他000078,CYhUqV-JUoNJznBSuWXXmA553jTJRchW9SR_R_LTO2kW00PgdpOdYBuYErM=
MLD115法登他000024,JSIoJ97zm0caVYtx7wbzKCS9Hdw-4H5_Mwiu_iUMX1PX0ON--Ej1gHr1wbk=
MLD115法登他000025,ImKoDlAOu24mRqHbygj3O7h5_hvtZZZsGc6RbOAAmYODjkpfiziyF75Odbo=
MLD115法登他000026,7bsCbHVpRCBThpNrIMh0nzDmTRrgE3WWy9gwkikTtEYq0SSspntBAriLTw==
MLD115法登他000027,5e5Wwma5fAh6g2GjArti96l5johEjh7tW3rusC5V-lbWglzTctYcTbjvJ8k=
MLD115法登社000002,u5MtI8Bapjw0GcLrwOk7fSl5J0hQokRkt5C7IZE6wobRY9j-kMOWbJ0pPzo=
MLD115法登社000003,K1jGntwsNUB1NyeBBF1ffQcsnJ5Ddecri_HQGP0sYLWD3gN0_rU7FYcfmTw=
TCD115法登他000245,Y2L9X405gyKOw88mtrALiJIT3Zcj97nujAnWq7ErAJkjc-1dJSTCycobzqmk
TCD115法登他000246,bJPI4zzeoVR75ROnZXnQy9jjSKbUEp8uQ-8nOFIkjAvUB8zcYzGHioteAuzR
TCD115法登他000247,smf8l3tNkgEADtwbg5b5woDhzhLVr6xWeyPROzbKMyHBuU7V-IXrQPEYHk0=
TCD115法登他000248,DDamJ3W23U1rVTjljCCO3abT10JVXAaYhEP0hduiCHsknNlU5awtVpmyleef
CTD115法登他000047,U7AHxod_qUY3rRUtxRNjo3cwafeAQ1dZ9dEEv0tIcHmcjtUnIap9QA5V3Q==
CTD115法登他000048,AKlSjtG6TFNn9OUXnYui6NK1ckI-UPoY9gAWfzcgcG1HavToDTQjevX_lko=
CTD115法登社000010,sNj5KqOVVXcBVZxEg7dMfZO5c3f_GNRsxDn-zEWlVp2STGnw3tr90uPbRPo=
KSD115法登他000122,aONA7x_4d9gE8y68Xy7UsrBNXyCbHQ5MSeKVnstmp_bEvrOZum0MpwHUg0D3
KSD115法登他000124,HR9tDE2ofzv11yrB-J1gZj6TBgY9CmwB-PyIWF7ghBRTDIZq8VwcaOZrUGw=
PTD115法登他000044,jkgs4CA3Ypvct8iKues7C3mRqMQqWsaUvb9zZ5CDhfu7aMvA4Yv3fOjVALk=
ILD115法登社000009,aZodCk8oFM3QijmPA6li_D_9zKA4o2FIX9iY1j-zDch6z86Bk0Y6cKZES-I=
KLD115法登他000035,SzK4pXkf5Uf_XJSVhbdZJGHvSEkTSnYMYpHLvoeFXlUqa5lruomkiO3sQw==
KLD115法登他000036,HxjeH09nmUgfGYlesGKmhTE2WQYMtZjeFTU4VcOqRdNgJFpWQIpQ1gSROlo=
NTD115法登他000049,6_uddgtSvrCPwC0xetnnEHzaOe2lqOkfqwoz0dsg2654r5rX544r563ARZc=
TPD115法登他000497,iGrtM8rcX6VOIDIg6flt_ashS33aY7F8mie6527OFjYAp4wcuWWBXVtAQNLx
TPD115法登他000592,Ul4sjgfDOBWchQPEU4z6QQvbXNm66i98lrrK-J5xiMScxe13BLgAKJ8CtPxz
TPD115法登他000620,Sb5LAmx1He8ziQig-XZxQHRc3LMHXCOfyeNowU3PJQ7zFmiCuibB2w-oXC84
TPD115法登他000621,H2OnCNWe9cjahl9_2cDQommneVHcIKKl8547TWB8XTlAyc-9ivUgtobRGc8=
TPD115法登他000622,KPH6RsrMbTcvsf-7eDi1s_PK3HcFMnBpMQ-usIA5AaVn8iPZIL1LKDxIiukD
TPD115法登他000623,7lst0S4YOyEuHWuW4mxbbuS15yAXqvLrv0Y58y2Nxf1w6eKjQecGLQRo9ksw
TPD115法登他000624,zbKdzyKGgmeIIYo3JSFPL18DDXoKxhp2a2dqhHNMv5f7N0vfy2BHu1HjCwGp
TPD115法登他000626,R_HbckXrjMKmpWfmGhBQ6M8dFG0nrwub_njbXVubb2B1FGSp0f-1Tbh82Xp1
TPD115法登他000629,M16phesmkDExSaguMMHb_pPmhEPFNABlvoZlXJPbRqRfO3x53iWUtbb4JX4=
PCD115法登他000181,jvFf9q1LUYV6bTOinzTWiR9LTK_zb2htfyk4qh0QKBbnC0j2zcpFY57dmXk=
TYD115法登社000019,3FL0c535Ueh35C8ZpnC87oIPjyXAnNjFVi_Dwr1gRnfPwToHbthw0hCdxtWp
SCD115法登他000079,P-53psxCmXIdotA3yKZB6OrRzBmpnj48waqQ0ACAVY6EidLRAwdW7mCwz-A=
SCD115法登他000080,yzXJqFw9AJEyUc1gKo51Hxd-MiQZztWbvQ-q6sMYv90prZvAnVMAL72rjkw=
TCD115法登他000249,O4G_3jdaWj0B6OpSff5CVpYaFBE3zHDHDQa1mdOLyKT12i6GwpnVIC9v15Fu
TCD115法登他000250,0mlAlY8v4eCKKDhduYI9mV2nUsRITfTL4iO-VAKGCt0KtnJOKgB_zXZY2FSl
TCD115法登社000030,5ndvHimBrBuEmn_RDfteFxl0t9tQD6tLOSX08c1qyL-MmMRxg0yqajh-cQgc
ULD115法登他000048,SvyOtc5S3Zu3sEo3pVk16oRpTXZ70xfKkKryasdrJoVjUPVGmbQYdq7B
TND115法登社000011,T6HPl1h8dJ4rFG5KaAhgDXh5vPw8OjGpKMvX-pZLs4c1FjvSgEZxzfNVgMcu
TND115法登社000012,b_MuntAJnCJou9082I6vfzeiVGd87LzgUwlN-0zUVNJQlXVH915_rAEeBh_S
CTD115法登社000011,elVxg_AT0MinQS5nsgQWiYA_-AXKc0nwb2q1SmFGKsEkM9G0l_Ytf_rtU3Y=
KSD115法登他000125,lQBMj8eGdAJkpa3TiytjI8qxW577oCm8c0QJ0iBK4SAC8dTeCtzVgWAjYfg=
KSD115法登他000126,TVaHLUc5QlsnT9OoYXBrba9HBAqMiEIs0A_GL5aCs-j36hp3m0BmeYU6ly8=
KSD115法登社000017,-Ei2m0Ww1vDRbp7lQ0HQcdnGdgcLXqGRyFv8zp6K8A3jHOODZBw7EZosGzZx
ILD115法登他000042,CKmZuyZ8s1DQiJlSY23z0v36ymMyzfK1fMXZ7HlWAY8JyXVYE-M4Ip0ps5c=
NTD115法登他000047,U8xEoDKvmnuSjAsmRHJ0hqzUqAA8NSNdIGKNDDb2b25yY7nikVYXorWK-xs=
TPD115法登他000628,l84F_5TuefNBCdidvOhLROHe1xK3Dh-zuLAZKoragZ8HPmaTXn0RiunvXzCs
TPD115法登他000630,5EIQN2mHoaKwzy7kkqmJptWiVCdBdR1sIMFUVSfAiC3ToED5bzmQ-UfArizr
TPD115法登他000631,dS86WMSWCKakRHzIH2hDiWo_TFpsERr6eeqb1AVvOKu_IZg7rE4etFjM3B7I
TPD115法登他000632,Nxc13ceYYNlfKAgpTt4CjErDyJwJ3L7UBzHlIvwCS_STKwhG6HabXoO7DnYN
TPD115法登他000633,AGoTOo_taTvSscgqY9A1O6P_ll2AhOuUfSNZ53yCRhWgUjuTLHVlngauOQ==
SLD115法登他000184,yMWR1hhfyJV116wdALmzIt0QnRqR2r8Jg6asAokFZNQn1yB1JDwBoBsP9woe
SLD115法登他000185,m1b_xcTENSCY14GJm7gEh7fT0BhAP2vlGxyiXQhIjc4gdsSkCcLNoKk3NBGO
SLD115法登他000186,IILR_OHow2XOPAbyZ2zyV34BHOYGBYHRWacOsPPw-ylW9CCut9KAUtE1Kyqf
SLD115法登他000187,5ax5W0ShrZU18JimSX55T-Fk5XBQZXmeZdhtLNp8iBWJprri4-yzpAl67r9V
SLD115法登他000188,o1K7DFDLhC3qaIHhAP5w5hf9uxtmTX1dsGiVeZj079I3YlqkSRnJvGpTYOtH
SLD115法登他000189,KNY-xLchjHSgQxLXXW6JlCmjzaq23wKXRlW3TY3c8s1auelYM8WTMuDkABaH
TCD115法登他000251,fjOifIn5qRZFhZk92Af2GLFkDf9kleq6yMh6btZSwe8jlvf8LFLBvLTVD7E=
TCD115法登他000252,s4J3ooUGveiAiWtD7-s3wXUOZ-UGepEVSTRgTDxRdJZm5NOVOVtFm58XMuE=
TCD115法登他000253,Fmv2ljwkeKtSS98r3OHQJZImseYeZsSTJbI5-J7V1ORBvUV0tjeNRVsqzlM=
TCD115法登他000254,mFWPzTnKDs2ou7DI3-SXpcTL9bQAMTLx8dqC9OVImyGE7Hb3a-Y4klHqbql-
TCD115法登他000255,utWnj8SGZUP3Mglj8hlB6g41DueJJFSdMXCO-HEo3y5PlI_RBwr2JrZjkHuR
CHD115法登社000006,Bct-5Qci6lA_W0y-3JEh3EjEpfG80ak4_FgaoGarxJFy4wT6Vu6dybwNU4-1
CHD115法登社000008,pxYk4cXGMcc68p9yDUwxUC-10Qa2Geq0-4BWBjjtZPI35n_M2h0OEtbDRl4y
ULD115法登他000049,8sD1dK1CJxRh2eHIivlFflFi4lj71AzQHSMVbrBHXf5fq-LYKThOVzGQ374=
CYD115法登他000051,XC3IB1vDrPS4n3MyCapeLfb1P7GYl2qGi4r1EAwWfgyXiXId3b_F96XtukA=
CTD115法登他000049,GyzDT2TrpgaYR8rccjHedlhSfGM8IiqMFysQ7ayIziklUBYlAyP8utEkqHE=
KSD115法登他000127,Y6SLVOfKxWGEa2XsVPZwfJa8qb-M9gXToGN9o1Fd1GPkNalvkUZuSo5cS7RH
HLD115法登他000039,yM_zbxfMLJFnByCyItYXjyogSavEI8EsA8UYVBjeMqsKsUe8a9cgMlaB-ms=
HLD115法登他000041,Z6JSsHGV3y6rt8_7f0Ao8cFO6CNmBWQ9vXQTwr1y8POo3JU8H_41hSksPZI=
KLD115法登他000037,BDQBu6X3AE_Bby3OxdBOkOU9FditpJM0PX7OnfOW8-ZFV4GVOcRZOLd4YJ0=
SCD115法登他000081,CnyD_aD-FGBX5R3Txl5F91zCMwHj1FX8Q8rcvFHxoQocV08rHmusJhoXUeTM
NTD115法登他000050,5-6PVdW2i0c-raDQxrIK_gKfXEyfteFlqulHScONKMQR1KUCGf7QNysr0g==
TPD115法登他000635,vyedniIcLb6XyEVxw-CdviqfImzcpqIXoOAv0bsA4m0Uz2DvnvRCUuwK3UMv
TPD115法登他000636,f4d_UTGYhiILZGSU2I4A-6-o-c6vHat-c4lA0yK2_L7pSFP4qvtfOWBEtrk=
TPD115法登他000638,dUIRuqCrC9OdB2EbeoumMHlKfgZO3OGMJCg7m3gO3pu6Rp5nun5KBO7HCNGD
TPD115法登他000639,9A5QVeiGZ_nkm0F1P3DxlHV94OF_qqrQowjIod2vDFyZPw425L_dAg25teRd
TPD115法登他000641,WBBenpaE6zKyOiwkLaZkDfjDszdcm6oC6dub-X-3W5XPqNFie0SU9IEbJgUl
PCD115法登他000183,FMimUBfjEOI_0q4retVYV1Ig-wzFPArZhaRsAk4Jwf9WH64H6fmPPehhs-O3
SLD115法登他000190,phKxSTmrufdV5k4BiZnEzEcqGvDhRZSTaIOWrat4tiKMMSon6aNZB359K4U=
SLD115法登社000015,bBT89LNZgP-qVHxvtrqf23adDXE1Y8ULg-6uSSRORKZpgGOIW9aKPxnlJBCC
TYD115法登他000143,GbfUg9YMOU9c-iNSo-fdg9SkESW_VQs-2z_Q4HS6YQJo9gsAWD9VOvEvvebr
TYD115法登他000145,EMDCs5t6l0cofsR0cxewu_ACBxUK_6RC3ITJj7TYFsXD3zypyjd1GSr9UD8=
TYD115法登他000147,OjR3el87YWjpXP-57jyushE0NGlQTc8VhGJomlxOIhJ9oF83ADI1aE4jwE8=
TYD115法登社000021,RMNL_uw3x-_NcIsNhDZD-gCnEYZJZqSFLKYRO97FNb-FqaRZexQEgdvJYN3S
TYD115法登社000022,oxNGGtBkiNXD4d1D03Ofyz40J0ZaWN1KvDZoOlcCxVl-aa-vKNx_CBP4fajD
MLD115法登他000028,hf0JJxGvQ1oJGsp5MWZrNM9ChvCAUOP17bC_p7XD_Z2rWeCr862ETDH0fKo=
TCD115法登他000256,c8up3t5jWSGWnpHDF0T9QYMXhk58S6cqPnIJQx2ujA4GaolUED09yB3P8XVn
TCD115法登他000257,VpRq4DxWz1yRh3RIvAODT60qJ6WRAx2qvBJh_blJsxzgH2FAsaI7JnECWP3B
TCD115法登他000258,zQohOMml5bDquZaFXyVAZrLnDnqi6hCpYMChKin9grvbIPyIzG2kf6nzM4iE
CHD115法登他000045,9W8s6WwLES5cDcxrzrAAsQewJIzdlUOclhHxwgUr2i0pZeZHG5HiGQMOj6Y=
CHD115法登他000048,P3g9QzwFKMFlWtVVZrr9vMi7Bd6R3i1pa24nXd_E-2uf5zPatrwgm4nC
CYD115法登他000052,gaPjzwVex98Fq-Q9p7wTAnAsiACujr0CocHu6s1sNnbsMl7rF2OENk6l2jY=
TND115法登他000138,iYAyfD8pCRoKPuqtw9QzY1qIMAnd4_gQaFrbXlvTarv5Kob6AURT3jt4
TND115法登他000139,ENZP3mmyzzimLqC3mL-CZUlUstbaY87Aceim-3JwzDxhm8TNShhP11wv4w==
TND115法登他000140,WEvLMZfW9oyXVLfkQuqNicfOAAn9ztJUuT6WtwUBo9uborTtmykXiYKzAL0=
TND115法登他000141,ipiNWUyBIfoAFdcFIO5Am6evaBuW8AvCCkTjB5M_-DmENntgx_lutDt9SzE=
TND115法登他000142,HdKK2PS32_UwKPUtIgrNpaYTdJIoa_QXE3QbvnIOKQ9R-KI3GsnbbNVeX-s=
TND115法登他000143,YCU9UwX2QZxpZLgAC0ETHBK-0gOePrIQc8qRAJNjel4Lh_KNcd_TIEiFX0A=
TND115法登他000144,exfxSuFndswKXuXQX6hE1oKQTjcA_xbL69hoDdirnF_Fyb2m75FOPXTLu50=
TND115法登他000145,WQcqg5LYM3rRCLezGnhhbjtcdVRhv7G156saXOd64dYJxOKyPA0ml8soRFU=
TND115法登他000146,4VvuuQ0b0xyso5pwxkHCsLi36mVg8n4rt0VHFXhAvN0qIL5SN9c1trrkeII=
TND115法登他000147,3h1yYaWUAOiIbA_wlJ_uo3EjBM1jClyAA8gfDE4WcraJQv9ULrSsmJHFWyMp
KSD115法登他000129,IsJ5nb-r07EXC7gKI6yg6S663j9vcx5fsmHgRMgpzxLxuvljaqHRfB_KFRDO
KSD115法登他000131,NAWgIFQywDGwyIycSim0otB5PKNOE9PYBMbAifVAKokeQlkSW2oRqiNLlNJj
PTD115法登他000045,RLdBRT9mllGzza7ZQutBZAeYZxjZpyFzYkOgZjai87hT4enSCdUEfDVD5NY=
TTD115法登社000004,Af4FWPsmH_Q6w0A0cz48Zd9GRgOWXJtGeo-BhuDMldLi0VixpdlGfctg-Sg=
NTD115法登他000046,j2hxE7WZWM4E57t9t9FcY9Wm6rFXLhmhevuIQoK-HTfYFnEO3h2EhSVmvrI=
NTD115法登他000048,abNp4HrXvcz66sCNP-XmOwZSDVew5W7ScdbPOhp4qo6oJ9gEee3xhemuEg==
NTD115法登他000051,GBe3dY-3_to6ySQmngkfSUkadP0RwENhKsM6_YprntHInBnAfWZchVSrQgA=
NTD115法登社000008,oMnbO1J0nqFANBhTQDlu_GH5lJAMyjEf2pZQb9awlHdDpCA0ZEfArGox15Y=
TPD115法登他000634,QAoitJ1hAU1gBa7eMcyUg484CsxkCcNn9jMm9mb4-sHdesJCKLyNYDOq-SwU
TPD115法登他000640,j1A8a5EBBKimRKsEwnsraRxnhohKYi1x0Y3Z_l5jxmgHEKBUXiV_ZpslIJAk
TPD115法登他000642,tUPEzxDvNBRXKdYHnH_OkSqBAV720oKCsuLguI18sz0TOg38e9zg27oB-D96
TPD115法登他000644,0w91khuwplvm63oV1myi_uMw_4M0cSq96ULNsvoZ9h8bz8WBtlrbOl9q8Hs=
TPD115法登他000646,33VuKS-0linnx1cJzODWmS85i2Nz4EJx_obpTqjSfM2S6ysuqvpeqDCliw==
TPD115法登他000647,9UVZAK836ugS-tUM0XA1LvBS_Ic2aS0m18Uaeo_PVXisygNiZQxZCnIx6PF4
TPD115法登他000648,VJ4mbEGRfsC_Kq1zItVSf88O_K6Z-CeITXPuENLIxaiM-rIR3a1JLqM44p0=
TPD115法登他000650,UmYDul5_zav2102bUGq3Xkpql-ALgpP9CkNec_qDWeGC7uMrc6RJXeEkx9z_
TPD115法登他000652,N_75w3NJKkXgjFszHk0B3bltt5BPQUF4UuQZGi6wn9C1k6vq5foTsfEEM7_Q
TPD115法登他000653,krFeqS1wwEdR0DjCTy5qVDanhKvWKTGOQblrzxBaeQlTmyUvtBYY2nAGs4Kp
TPD115法登他000654,JCXGq6Zijk46YR7Wtl83Q_TbQhiS7uXzZySYcvDVh6AeoleqPWv4XaPAqMCt
TPD115法登他000655,dJqj7D60LBViy536ngwZhGXmlG3RztSrQ5QXKeh-Ex50-hrT1-hxLVRsZnJc
TPD115法登他000656,I8HQH3N54Y651dqoMimSZsGNirhQPXJ9lVbJYvOliNX6qlPbGtMTGSSbNFth
TPD115法登他000657,fRNJ4_XAISy7AFxe4Q1dD8xGB0j7VcdbkRrusaTJyFI5Lv-3FtpRdmlHCDs7
TPD115法登他000658,uFQaC5gH-XMjsZRVYWFOJzejl03m6NwNnxjPkg40o0jcWDoeA9YXaZoh__g=
PCD115法登他000184,Fxgmd_m_avtYuCLAsouZIV8BfkVvOOybSRwlAo1JpKB0BuT_U-sCefBU-RXN
TYD115法登他000146,fMBJ3xyPuYSaM6JlrWwxE5ts9Q3gCctWEVGNY3cX1UVRWTDSxrNfQ_YEzNk=
MLD115法登他000029,jIzKYRG9_hY7AF0jOwj-mOIrPLAc0udMVe6YWtTloXKCT_gtJcquieAe49A=
MLD115法登他000030,jEmG16lffdG5-D5hdlAn517ZNwmF-OLS--syjaTy64nLxGFncejBcFRpTg==
MLD115法登他000031,lvj7GHoFxqTvmGdHLUuM37V9j-0V4tmq8yN8WxmjGNrPs4bN-JfNt_OlO9s=
TCD115法登他000259,32REOriUMA5R8FzS9_1cp6s3Kt0VT2VPmu-OwcMhD-CGcC7zG2SlN9itwfU=
TCD115法登他000260,FIoGu3TXzPrv9MLoomo9AnpCfdJltrMah5wePOa-7Zu3H4KCfVxh3ffGpGYc
TCD115法登他000261,llwUNgVxfzPQ7akWmvV-KkydKuSdeXffGNhNEEIZnlaAaO6bo6cEg63G-G5i
TCD115法登他000262,Y6LvKEa3EOEuYfnsLFLSgLdO85LEQF1ypH70Vizo6h_68XUQR60rqeD2CL5b
TCD115法登社000031,JmlTCK278NqwbNmyc36camWIpLVJNtuvNDfNwMdLWV0UPsshqr7QjNaLVzwV
TCD115法登政000001,ODiDS-fopaYGfl6jNKa8IAW7qSvF_sxYK3Jw03SSxcS_Gk0ZKoZ24x5ok7l5
CHD115法登他000051,iRkj2VN6QNcKlpvp5c-f-n8cxn4fo7Q6I3G2htcHfsv2ptVxyBaLOMus0t4=
ULD115法登他000050,lWbtpC6bx-v096G8gue0dcLt12DO4QHEmRJp5jJz0GuvGPJtq0T_GsZ_LQ==
ULD115法登他000051,M33ovAE30PHP7Cmy1E4HqgQC1FqzUQJIb_mMNfESAfN5NFktoNocXhyZ8No=
CTD115法登他000050,dNr2a82XuLaANPctW6YEbRDwAIjV3CLOBprBy_wR1LntG3E-vc1MArUlj-k=
PTD115法登他000046,7CoHYgD5q1rqMVzcC1yUE-klq-UzCyPgtqa-_yhEYmp5W_-kYisb3ppO
PTD115法登他000047,RhNUeE2uRxMZsNM8ZN-vhsrWawoPxke0vNkQe_LTdIE7c9bjkuvf3yD-TA==
PTD115法登他000048,Eo6VbbRv6WDjATACIYo_w1YFLFgydN8jsJAKB8x20blGa1Hg53GyMFRr1Kc=
TPD115法登他000627,02F1Yr3sLjx4f6QXMZgEjDwfFzUkd3Dudk2vrgmEJ7hZYGRl82cIeF2skG4=
TPD115法登他000649,0nfTkAeHNBE2PXbqM1TiYph4-t1F1DJ5q5GD2gvE_ttnD09wgwU7Ky4helw=
TPD115法登他000659,KSMnYeHq3qfa9nGl0210NmzV60MPXpTMoeGLBXoiaSWH-kxUV0JwsXq0I3Pc
TPD115法登他000661,0xSYKJpMO-T2kTWuALbGziNdxkVMmHPKPFm4TFFob_4NANQpIUI4vE1N_Bo=
TPD115法登他000662,4KH2_Ll0t88ugBflv9wtKJl_x5E4icTekWo2i0d-kZ5-w78-4kvvgdzRAsWo
TPD115法登社000033,FCb6qu5DuFvE7aKJjxupPF-_gy2L4Fo7Xcr8lQUNNohojJAHzLYN6saf3dAY
PCD115法登他000185,dfKKkT7-1UC9KQU-X0115vIDaXRR1nFb0txqswiXVzZ0H93DtAUKIopctfLB
SLD115法登他000191,K1gxK9YRJOaJX5ZjRxSSGgdmIUczMEKnt60CujDgNq8nIV2RKlUK7RhhlzDx
SLD115法登他000192,fXgGYpMaPDEcQvT1sHOqG7c1fcMKrFWuNVZ89Sk3_4gPYpiLRhJRktqsN-Q=
SLD115法登他000193,UTR9QACi-qng8jD-lgGDO6uklG8czSyn8J7gM1lhEHjhqQMgNPaUT70XkV4=
SLD115法登他000194,58-UDL5FKfS8XelX9nuykjJShqJKHagc2USYz34mra1aFI3vxXmmrX6Spg==
SLD115法登他000195,w0l6bjywO9bw8jPRuQQBC_fgye5dLCY4otoNUudhU70m9-F7zO3UZudFKiCp
SLD115法登社000016,LZj9SXgaVh5bVKfGryfghUot3o8am6snhdOXpP4mXzValWu-KIPb5r7lJG31
TYD115法登他000139,XQoddFZuieiMAQWzxTENF2Iac8G5SunGspM6PJc48ILEFz4dHMkuvvRQFUka
TYD115法登社000020,gpERgF-vOJ09XynpC922XeeAIPgurdh7bCnUo15IpVPuRQIZVwwHPB7Gcnb-
MLD115法登他000022,28Xp0bJhRsUFkP-gpznMvzUSg-QMQm7BAqP-SAb7KdEDESpf9GRXwwcOJQ==
TCD115法登他000263,YofZAYUyKELAm17sBuOlyHl35dmSR9XFKcagIzyfSb5ZeLUM73XfuXdVWP4z
TCD115法登他000264,I1vcJuX2AKfyI7Wh5w5YeAEca0RulaaN040R5Ryb57WP7p1zsqM2rfQNV7Qz
ULD115法登他000052,og5A68-46zsL8io5R0KaSosXyKZc_nLQ1FjMtlm6TQJF1ahnvPqIhmqkzUw=
TND115法登他000148,imPJYkIJljgAT2wydp6dVJsx07itq1iCM91Tun0zWnjVghoxZCk7Hx1mcA==
TND115法登他000149,a1RacWhFYdlRE4lA2kPQ9sQpwIxY6o00Q_uZHX0KQSxb4r3ma0jdzZPPXaQ=
TND115法登他000150,5DBMppF4pbAg9IsdBd12w5rS_uJPqHTwVb3YZYSgf8cggIKgyPOWCk5Q8kQ=
TND115法登他000151,KKYXMM1pdS1Ol7QArud2WeUczUXQlJsSuqOvm8S6kQZ_kgwq2Z28IEF8Ogwo
TND115法登他000152,5dRrWKc2aHY0NgbnteGvqCHbOotexc77LSaIGN7BH4KjcS9SNNo0QxeR3hPF
TND115法登他000153,aTSJUET_I9Np4MJTmosDCzKvObxAOs2mNeiHCMCjmnj1kAtBvQB6VFRvvB03
CTD115法登他000051,P9SOIOSwNkuYrcw37QhR0sC1JizfjLM2Ade-xqpucADSGfieA10gyy0nToU=
CTD115法登社000012,3lDUIpaPgJcA5nFz-e044rWgnysZx6giYY71N2HJwC3IxeNgFwcPhJGkfMk=
KSD115法登他000130,16YDjClqiAFeuYHiAczdJyWL6Kox23E5Plzc90yMs-xpZZotmNJQbs5SROZy
KSD115法登他000133,-YBU0LIGY-bHmEOW0DjKIcfu2hG2xX2vV201zwUrq5BE488tDZcFjfUD9zM=
PTD115法登他000049,xbBzr1Cz_TbI_8XxlOLuAzdsrJG_9KViudKcyQWTEnAz5187T_3Mp8e1gYo=
TTD115法登他000023,Wndjq_cWZXGQzbMtC1m2MrXxAkPirlOT9PfM34iT-Z1iGGg2H7B3WjXx7A==
NTD115法登他000052,QBTClQqtLMqS9kua297zRJ_ZEpSIgtcmJ_cREaoFsxmGEtGManJD0WDNQUI=
NTD115法登他000053,tp8Q-Kg7dkrDlF6ZnAtx0uCHkYzMCe68c0BPgxQxZmeh1P84uc-Rhq1DpDM=
NTD115法登他000054,8LC6zYBkBijQZij_kT86e-YlzJZg_bWNPZOJ48fIQv8RZxFFsAipPUrbSVo=
TPD115法登他000600,ZPpp1_3YqzjuGJaIGu0lPp8-oBpnv80gVy_9uD1o0brT4NSv6kO05oZgCBgc
TPD115法登他000664,XJ1fYRSopLhW1Kel5sh04p7z2K9nbhefnvMFO1LuUll-Y0FMM54cwHdyfmX_
TPD115法登他000665,yV12zUvghvX0jph69w2EQjn1sJgU1xeKJ6m1D9y3enz447o2Nohi-TaEnbI=
TPD115法登他000666,8DtkNofLkUeknfgMFw2Gj0_XA0TuI6o9NpO5Gsxg6zGODPFYrXOxUDMXXjZj
TPD115法登他000667,HNPb8bxk1Z5gZFzOXul-g4ooufFJk2kVX-TBTgH7-sGNetsy56Z0gZeyCT1E
TPD115法登他000668,9IZcZbgUWwxRpyDk7Ydsha3J-2-IGg2o6S__CwIX8Q3tttuBYdUdXy3jUICQ
TPD115法登他000669,w1PAqoSxU5_xF1zD5AnIEUnlEleWGXHnDh3IOZv5o_R0zqK-PwLzgDE9i0c=
TPD115法登他000670,Gws7JrfD_1BCuOpQDL3N2ypoPBsdySGlQpwjLrYH_OsXaRkOrmnMAwq80gE=
TPD115法登他000671,VacOimFjDo9fuZdRY0t_WyuGI898c2izvwAEKcg8JX9ADn71MjRUsTLYVjiw
TPD115法登他000672,0GkMeAZLlEU77Qt_iJnW6os9iUoH3vT79LLL-mJxqalmNeOTSc4rInoS-o4=
TPD115法登他000674,soTum2ZxnmkEzoWOO_C4fZ70n5HorHC2wxtttI7BDOJUcna91hgH0BqXn4I=
TPD115法登社000034,Wl80a-D09k97wdqv76DxziBVrjexUcZpQA7kz5SEwcom19UrQzn33d17ZOEC
TPD115法登社000035,nRC2g08nJWej-Do7-n7zBHoa3VTvc6mNKx8d0EqRGIlFw23tt_0obff9Owc1
PCD115法登他000175,J4JnIc44W6YeZub_WYbepE4FhTT19uGfjPnwEwNhQ69-_V_QqEeKj96MJlU=
TYD115法登他000085,pvCMlIixN7cxoVAYIg5bdQtGnMSNvCQEWBK7kZNBucuhpO9SthHqdMqspcA=
TYD115法登社000023,aQSvnkoW_hfXR_IaDiFSsqNUc9UwwYLLr6aleCEJC7SU4mu9VmOswmkx7LUu
MLD115法登社000004,9yTCI96tqO7WiZ5g7GvE5vEvnOCJI3BGCN2L8yqybWIczr126pgM6azgiV8=
TCD115法登他000265,WGY-6WUgvLffmoC2GZYAqypfayfqkPm4piarTbgb6ExjgjqUT1R5pv7AuCgG
TCD115法登他000266,KhDEamPT2H_6RKF-Jcy13zn9XFEQIag2Z_ao412zc_hnokl-RcynKnWySk8=
TCD115法登他000267,AhA46qUM6TYsNJIQzZapUq4WaKJe8uv_MVeS80kTpbVOVs4R58koM7kp6aLz
ULD115法登社000003,MG2frOF_zQ05_Fc4dmdTuBW70bC5WPkRgYAv-4xcGd0nS-RjmgZ8n-Utrfw=
ULD115法登社000004,uqYMQWD69iKGMJ9fk77YwT2AB_B_xW32O4D1TsksbpiAe8YFUhO4tTXQM3M=
KSD115法登他000134,JxORNk903q9STLkEC827HbmHECUmY6m-sj2pxv4JKsnVj7pKprwiCnLP6A==
KLD115法登他000038,mcDY-CJ84Ms7Dkg4BlHeSqFZeAE0ghsgoMDn-xyeiCcvRcWyEDhgqIKg-SQ=
TPD115法登他000553,iNWqRUI5Z2Vcjk8Ihl-py8WA5srABNGR2sTTf7qwM4BK9uq0yWGFDTUSifGi
TPD115法登他000645,TvUgSorVcnTRzovoPbtuZTq6sSeM4-NbEdtF_MJPbAaJxRPYlCF4wRSFe7Wo
TPD115法登他000673,iPEncccKGCzp5YL9lMql3YGYOSdjUhuuGttev0jPeg22XdIB6q8B0oBkF0Dp
TPD115法登他000675,EFaWe8qYFwKegnQM_yMiPVxx41AeWWMAt73z8wUF-YEu5vtk5rJjFV_HV_y-
TPD115法登他000676,ULQ0E8R8KrEbjDTtHoHwbSXINxz_K1BG_hb3UUolnJxcxeImebHqIbsoDEwo
TPD115法登他000677,G1pbUSzK0F6Z2K9BPhdXuigdgAWk0_i7t2-hExGMbP7pNDjh5dG0Gz1plLVM
TPD115法登他000678,3ftrstQin8x7vrLESCQ7AlfDHPdZ8j56ER-R5P6slA-gA9Nn1iRCnMwnk6Rw
TPD115法登他000679,zIMU25JBLsOnAb5x-nJVtql_BRD3QDkr3D7ZH3ZOhz9mDE_wSG4WTuoRYiE=
TPD115法登財000007,lR0IOp2MARBq-HxGJzWUEE4KGgGC3YVaBi2eieGVh2HAb50Ot0boroH4UDc9
PCD115法登社000024,kLSTvkbmcgLyYwwXr5itc_WsVklaihlJ3QSfTfKKOKgDeNwlGr4fMG8wn_q7
PCD115法登社000025,a1jRvgmdyGvOg8i3cf5_neHUmUELYNEggG1k0BaPFRb2DDk-DGG8CZYO0Tk7
SLD115法登他000196,EwFZ2J8eUMpXM7DbpypMs7qggkoltEM7zc5V3jvh6LCvuskdGlBraQ90Xk-JwHU=
SLD115法登他000197,aW3DwzU18-zuiyUCTcxv5Pxgt7TqmIVLA5WgrdNPx60dvHsMWke2Jlywl5Qv
SLD115法登他000198,b35VEI28VMWsy9bsqPRIUzFwj4W6v-45OGRtdtzi0xAl7gQqXPbDyq8iIt8FagY=
SLD115法登他000199,gMc37l27qoOL5JGXZQpYzxSZRFqRNPd1jbDS4ny3B1Hz1pNEThdGa1BynHqi
SLD115法登財000002,TOKhTCvkNl6J99ny1fwbu1DHSedMAoKhXN2XpfcUVNMV12NOR6QreuNwZSkz
TYD115法登他000151,QHBgnGDhGYMdgljqCoLN7kMNdY7-qPCav36t-GX9CwHyZjJK3Ozq4IG_AGZ_
TCD115法登他000268,7J2X8sbcFygiKmdoV_9fSX2zV3cOvQ_gUXyAB0UhslxZdQx-sit1fcoblSE=
TCD115法登他000269,351AHkBdKqzE6SbeRXYA7iYsxYBIFH1Jwv-7BVQCQjP94v6nfxlzCZDW1QxV
TCD115法登他000270,bab80vo0Oq9dX6WMSoDYGDzRQ1pJkqv0oHeVdbMbLIrnRD4xMZr2sWXaJz4p
TCD115法登他000271,pHHY8vBEcOU5gxOgLnSClcm5nJoKcMvLzTkti8eM3j4wOIZ3TQz8b8wmA1LQ
TCD115法登他000272,SNn6VmIXa7Oqiw8kFNOf4D_prwkbkvU7jpRc2OuZgvUii20K2yM1RVK4NdT8
TCD115法登他000273,M2OqTTNQLb7GGLxj4pshdKEKOsAAcx-2Mh0Rissn0WJ3zim8iG3943qnJ_xM
TCD115法登他000274,wTDrO9FN2STEkDIrTPg48zGEQ_mwL1J7cQdn51K2CEK1KlmkAq0R2rym14cD
TCD115法登他000275,sFIJHc_deacecoWnv0qmTssc9OUB5nDqjNm6CJjztlTCzsZ7bMSSmgreyVk=
TCD115法登他000276,4A8bYX_MH2KzXW-YuWsur5P0Cv0MEMZtJE9iqxn9J_uLz2Nx36Otm01echs=
TCD115法登他000277,qmeTLzYQiul8ui8zROjTwJ_3rYBQI9kIGSISNtbEHh5eZwS3hBMwEqPcoaBE
TCD115法登社000032,sVHho_9-htTQYVlkwOzELNZ9oPmAid-iNCWESE7YstlSRb3iqUdxazy0d5hI
TCD115法登財000002,iN_wY_yqrkGTI2ioaHQJGzIolNv6Y136PMBiuUrjHi0R-t7MzcJ-j4BrpwIl
CTD115法登他000052,KG3YgW-yJHYQAGHLXOVV95eApr8p2itFi-9oOyrJc_s1CqjITvv9wulNIaE=
CTD115法登他000053,5x2zhLdzquiMqRJJxoQYQNI6DTeS8IN00WqUy5TFH3j0re12JxyznLcm_N4=
CTD115法登他000054,GxkETRXOhGab-uR6Sv-v0YsxddJJgnblJPm2jPvbO0jb4HNzeTFUkgvPEk4=
CTD115法登社000013,3K9r7-uiuZNht5hhfEahO4wzYnuMR7RhbmTmo55nthXzlkWVnSf3kcV9Zvo=
KSD115法登他000135,ujTG_z0s0ozjUlBS9YjUtWK6r3vzGlVSGXGWl7ZQ9npr8-7KDsbDRct1MG0=
PTD115法登他000050,gW6iT6Yq2z6koG6dYgG6hdKj5zlnXSYZOm8Q4cSdOMrRsGx3FzimCv3XFJQ=
TTD115法登他000024,uDJP3tzY0nQiDyKw00yWjwLj3jPSIzXG1E1gyNUS5c-uVVk4f9yqETWZdA==
TTD115法登社000005,xbvCd9bOp510FuVzYPC9YEfpzfUFz3QZoUAV640fLFVc_mqCmlB6fYKkaMs=
TPD115法登他000557,wFpZ-8Xss5m8d1MgWCzpaSZKV-mNlis2VAHHF8yKPLjugVMa-ySSeyI-EOlp
TPD115法登他000637,OhkwwkAeviPD7McsY6JH1KN51-xp8AINJbx634YppOzYeUmHjSa9xWwvAyNj
TPD115法登他000660,3JPt6yvPvKR_VFOqbni2rOGHuGWDhkdUMybLqDaFAsIcJ8RteS65T5e2VW2-
TPD115法登他000680,UinPDtGBusa7z2HNyagXE_YQPjwR8w7JkNyIaN7AM6L6Fx0_KGMlGRRTnsY6
TPD115法登他000684,B_RirGlpwXCth5GrQGsEWoOcxB6p8iEQ8mFEJm_iPYOXWTG8Ar3JWyZ9Yp_b
TPD115法登他000685,BLWIXF5UmEeJiDcRHX3iGTlrzmPKS3KG28JtDhd6GCsxKStCMg-y32izr5_m
TPD115法登他000686,K_CV9k-2KJogDDto_VJjmscF0gsEiACwvlK5ZYJFqm89IPIIbaGDnmqviLd9
TPD115法登他000687,t_AwxaV3THcZGibc015xDeAcIuomU2GlBmlW83eMpQnMAvIWldHiuGtGlw==
TPD115法登他000688,vCEk1iFnMUU53zynoSWHM5X4pWOGYVOT5t3F3oKRteSfDp91PnXtQmPnL4PL
TPD115法登他000689,-2FM6QpIZ8x33v112-1VdITUTWXojCEqv5wxrKCAjH7BGsPxGjJuJG5j-EHy
SCD115法登他000082,R_OkwB4BmqRa215sQmk9o7k8t6kicjQ7vPTz4cyCES4K_DJgHjoVnFcWNO8=
TCD115法登他000278,S2AVZzyVQELCWBI-uYoYFzShV55Nbhsi0uIt-HBfKcnLNGYGfPPvwWFLAEjr
TCD115法登他000279,tqwDV4v86HSk2ks11xYErs18UeQbh3kwyDNgrvENFO5fghGDB4Anv_40VAs=
TCD115法登他000280,drtwVsmAwzYzV6H7DBokJseOUK32vnKyPMO0RRgLcjjXKsg4049mMBC_NAU=
TCD115法登社000033,o8fqRCeTQk7DbUQKDU_qzQSkBu5DD768JI7v-958n81IroXbTVSO8EKf2zQk
ULD115法登他000055,ky3PlAmYKGuXcHrtuOQNLrAYDlqqB2jkFpAEKF2QO93SiyYYMNsL4hfmk3A=
ULD115法登社000006,7uzIjk3ne0hd4VR44a2oauT4THpxqbskc4ZvBBxGJ73QdVxelBdMH69ahRw=
KSD115法登他000136,aGTurIKc-3yisGZWS45YnQMPhCP-CXNo2p3kEHDIiu4MsnQdo56lu8Dlmw==
KSD115法登他000137,6D3lL5x321Qc3-zi57fFKjNmVLyBdQzWxIec20EM1MasF9i-bV13lZhH_MkP
KSD115法登他000138,GXGgNXpHrrXw34nMHqpzpagaaTj2in1Idox2QsWqtI9SfHtKafkRcf_RSAu_
ILD115法登他000048,NrmlAqVc1XdVQl8bc93-tIE6cOCyW4u30C2Gj9lWwRyMdxP0nIi37_U7ww==
ILD115法登他000049,GYlu9PHZfw13oQhN1ti-lBrjMG7kxCoTcijBIeoRZfLstQ9cA7VoDahyI0E=
TPD115法登他000691,kl9oniXnBxvKg3T03L6AWZYD66jP0UMTR3YHuICUrWmAwMBCMoxDy4nJg_-t
TPD115法登他000692,2h7mYhxkomBwp2-SjkIH2PbMgRaJzeDMvONZ7jgoWhOB6yLM-FCZidBopVU=
TPD115法登他000693,XTVWwHWorYodjILLf-8BGnXQMTXMfnDO-qC4DY0vKKLfXZzmL1Vyd2R8c58C
TPD115法登他000694,R-IOW-1UWyArLiTBre9MR-Ldtdo5XDL1xlzmbNlG2fxWP3F3aBVKpcBFVQ==
TPD115法登他000695,o0Eeb0Ivk_klIrIGtFNCcQFq9cF9MfkbGYssov-bVNH7HT7HSJAqGXiWzuQ5
TPD115法登他000696,R0yI_e4Y1WLqjCrPaPx3N3RTlBBfRgOmIIuYlo5pdJlJjvh5tPQQr_30nHXj
PCD115法登他000186,IIinRHBM117tl65qEhNDGfS2RYNneBWDV82YED_N0MWUPyKC9QZBXCg1QVY=
PCD115法登他000187,TUllEtOhohsrQeBeEAwESHu36qQFCnLW9-mxt-GK_pL25wS-e8fsBEWiWMwS
PCD115法登他000188,L6w38kIT3ObO79PZrHtzDONBGxsMWGaHP-qaVoyoM5cb1axU7Cu12FMtY5c=
PCD115法登他000189,gkCEFmQI1r1R5sOLAG0Q7_CB8pKFh9e6XaCX5YhObn-meNDd3TvGYaLm94Qa
PCD115法登他000190,sgmbx4bgxIzBEZJcYTvATQUMlGw8nKyzbZUoUYeiXbrSzfmvgek1DzxPo4Y=
PCD115法登他000191,mup1YZtsxoP4Y0D35OK95pLp52vGpa1goaeS_1EjWiQSS03loUVV2UHqcYI=
PCD115法登財000002,Z1uQK-R00bVbC7hA9MDVvWoN7oF1Q8k6nFtt5AO-ang2SLASjJ8jx9uOCbYR
SLD115法登社000017,V4jp1flgxrS_BSk59iBbSlw4pEUlKZuWxnV3IoLpclgSundqDf-ORIS7DBIh
SLD115法登財000003,doE9a3RMPsUFSltRGQJpFtiVFP34kRk5aKI79AAkjejbC-SDtS-gjcGseRm7
SLD115法登財000004,nzIzG_B85g_9dCy0MfUTbPBLgT3OMselPKbbLHbaKbJcteD1xzpPh1YSSn67
TYD115法登他000152,hoB2E7MImAZlp00LuynnYD0xx2MhiXB01wsb2acgdZNGbcGhoQbU8wNRCik=
SCD115法登他000083,g2qB4UXo_h74TnCYQWnZaMFbddd0-jfYFpqbv2Lbi358wigXhKZnu2ZcUg==
TCD115法登他000281,ru7o3tlSQFJNlv3sWrLeZ8un2_85u4jZ4BNxUJ53aRQa4aMrTGr1gsZo-wjt
TCD115法登他000282,ntrAzTs2PphgZO3pXr36-eaWquR6JMA6zTd8Eae7sRahxCqG9znMD0dG1LAl
TCD115法登他000283,Y4OHJADU6DGEr4dIrJJrT2WxDnSyxpNkb2jTIR_uYcSOgyVhQ6vc5GKiblIQ
TND115法登他000154,84xaWgPYqWOFzHdCoU5vI7C4kIgI8sMYI3yuD7OszsyKSVtb3qLYYpzdn04=
TND115法登他000155,eiP4WmvwcjMiXpKlGqpdvtrqsm7BeO6TZHAbsiv5DhY4FfaVFcWkrpNJg-b2
TND115法登他000156,4g6yGGepra9-GzwUZBXgJe6V7nPpP-Yjp6VUdAiUjsMMdvUhbazqsnMJWJ_5
TND115法登他000157,Vkg-bYoaj5kMQuJVy5ODSapU-xp1yRxlkLyQw9udJkg5AnsxI_wi8ymzYg==
TND115法登他000158,yE-HeUH-wJju7XZ26TJp8yqXRNsD_chln8XTIWgmzipFpmLSeqPLWU8lyNBZ
HLD115法登他000043,Bhd8C53OWSxZJY2BU1zmsKTO1fbCbqPauTCJ7HYl38k5M07RVty6MtEr0l4=
HLD115法登他000044,7NNT1gsORq6LnL90D7IFZfwRUufsoykbeNiQc251CiwkMGDAHMMamSJzOQ==
HLD115法登他000046,oI9D5ypHMuDkyptBlmOyrFkGCAL9yPW64V2k1rTs_VRqBFaVaYc6c-iTXfM=
NTD115法登他000055,Iie3QJrS4kYdA64GxyU5P7UgHBXuK9I0RK7Kd3roIoSHHuehSTfgQFQPIg==
NTD115法登他000057,aRFHzFqc5dSPUeJ7mRns5Izl3NvAqNdyOMHXPdpFxqasH4jqnZlWiNI07w==
TPD115法登他000663,EAOKpnFP-cxn_DLmd_TKOZKhSo7vMSY0GJdIE79e8W0sYoohKpJ4TT426ukr
TPD115法登他000681,agfTTRDmoSxErzWKsHIORXA7t2rZ2nbMTuHKnHfItka3diQ9Xug8MgeIpkpw
TPD115法登他000697,Iu1MctH1Rh89nIMrcqPk8l-aVDTH_CPsKaRLtYXwEnct4lOSeVUFSXoj9_st
TPD115法登他000699,P2VVrxFc9LuaaLscxqeIwKVwTuKsvYYREBEzcB1TQFnxVH0pOXCVkdC1iII=
PCD115法登他000192,tgn5SuXiU-fSGFKCFGGp7p8_1ngwWk9E4zaUHusOW4BmX345xpwdEZp7dfE=
PCD115法登他000193,47GP4pkuKCa9n0Q2deUO02E_lTu05sP25ZSgfdZHob8ID9lSDS9weHMeUwc=
PCD115法登他000194,0khTQQXLGNLMSNX9MORxCLVbw2bjqINNm4ZOEf12hjKpzbQVDyXb4KpxLs6V
PCD115法登他000195,q6y3w52N5sSZcpR_tuYMvauzagnGm-fTWl1pV5qYvHDEHAjLprNIv2kXMS0N
PCD115法登他000196,jvHAfmSXZMxs097zllH44RKh3IXrpAzqe4Rw1_959drT4jGGjDW7FQa1028=
PCD115法登他000197,06zk2MDksR1IU11nYJ9LrGiCA3bnJYmmSDEkaac4f7u5m3lNgperQTsfP7E=
SCD115法登他000084,V6uIkqm6HTxM57z6DaNdYzsmXNzctHRGopvNKq346b4rCcQ_K3X1zGfJ9uuP
SCD115法登他000085,hS14xYmRVX7za8Q6E-KWy0vPEUi-7N77WWcSC4tx_TILK_Q7hhTVOyGOP3s=
SCD115法登他000086,JRQ0Rkh_zbmHGufLzmvED38xaVwpd3HdLJSbUNYPjZ5AjEUY5lAoSmrmzQ==
SCD115法登社000008,3d7MaRAlgkakn6hi8-WEJlf8ZWUe-SVYhbtJaw6WLCRc4n6LL_XPkbqlD9iK
MLD115法登他000032,pNFBHO_1mVXRU9NmG84cnfPFCxvjKW-XYP_se1BvDHjM74NKiXEskojmJg8=
TCD115法登他000284,BnyhZUsgQWhgy7AD46p_8NYQOYh0wChXh3qCxH6WdJvmF9tQMo8UEHrUfDA2
TCD115法登社000034,dMY4OJ7XC9n5Z-3mAuKqK1yTsC2Xzgj1h4yH8bkVxKG9sO_4WtEmp9DVKIQL
CHD115法登他000017,mha8SytTBHuohnvoKrCV8UWAI8QMXLLc-91NukfPNb7uJvA4yhWPvw46EGM=
CHD115法登他000052,6YKZMVIHW4V24XW7mzpxwv20hN91lhRq70qpE18e_5cxjLLGlBOapV_xnI8=
CTD115法登他000056,YALFk7a8uJAnFAz-jidouxJo9mxS4w09XgaBwvx88c6R_6kd2Yod881pGLU=
CTD115法登他000057,QDUSUKL6a6-_qH7jx3qu3TjWZVxKxokFNhvais0DV_cqaxz7gm-yQnsL_wg=
CTD115法登他000058,kwqhvF3onlF5Wzc53GJcbx5-Th7nBKI3q8y8gywpB6_E6XySjzMVITWLQfQ=
KSD115法登他000139,XRxLbvy7y4QcSj4rR7YQR41pPJu8UdyaEVdYvL8VuYlLijXjqKLeY1tac0mg
KSD115法登他000140,AvNUNdSrW2Jg-P5uRUEEbxq3UvPiWlSxG2rNoIWB-F22KdbQXxYsno4TMA==
KSD115法登他000141,Kq690Co5jujvVhOGInFAagzW7JrrE9kqVXU5rKyiMl7qH6_98Flx5m_nGsU=
PTD115法登他000051,u8sDHVHw7n9hZwZa5kgRbjWC0i0-AGNjlrvfkGt1nI3F-Aw7IPiigeS-xoQ=
KLD115法登他000039,x2dTaFOii-5dTpsNcyfpkPRyqsdeEPOcmNdhTXidO5wjqB0ZaT0CPN0tJFU=
TPD115法登他000580,fCfX-oIyJh446dwU_bH2c8qFo2k0Cm3wtITC8G84jA3auxIGgr1KGL-0WBD6
TPD115法登他000698,PzBgOPHkJWUIcxxMS2MUxNoENACYRo5ZivumyfyhpL14aeVGkG00-U7CMlnJ
TPD115法登他000701,btiTZir2gn1QS_HXeF3c3NsqDkr4nSgrCqgjIZpymplSB72o52I3L71CUB4x
TPD115法登他000703,hZNhcSE0vhKX-dPmVnfQlcHaDiHIlC7bktEQfsnzCuJzDNDlutf-6_oTObSW
TPD115法登他000704,JTzjmzS767rP-r5rVaEgavk82sinql4wWqQXxQt7AcoVxC3593j52e0j-sin
SLD115法登他000201,0Wq21fDcym03Ukn7K4Uddbi9oMkt2s6hBrrdxyBHh4PKaCrXytanicARRfm_
SLD115法登他000202,nAzU2h9Wwh-lzfacM925C0cC6oKGV3QuJWAdshtpP0Oonuck_cgLXXx4xKI=
SLD115法登他000203,tcu4caOftZiEXFkUjbQs6vFXrOwmIwdS3eU9xql6SXeM3ywpkwXHBflqaapq
SLD115法登他000204,U2Owb5XcRwb8nCR5UDa5wjjkSqONVGSfspJ50mC1dJX6tvIcpma_WR2KiBoh
SLD115法登他000205,rDWCkVYTQBqEuggA-l226ejfMDqcYAfi7snEQf1VFwPXFr9HIokRNmQnW64=
SLD115法登他000206,Y3jASOc4jQQ-qD7aBmdnPBS_ln4Qa8W6iCsuo3cV0yM0jxI8H7Cm1yCVkLlv
TYD115法登他000149,Ng2XJ_KYlSSRi7iPthI-etsgc3_hrNUDj6XFeuG7mZulUdK4riAZ3iitWQ==
SCD115法登他000087,0HiZwHLusbeEe4fMA-LhnsBY5z_7rnA5wbH5vz5x6m3fi13-tLq6wRKgJl4=
TCD115法登他000285,VvDQcjXIZqWum1zEpCv6b4JdlUKbMcsbvzZCRAozIWiHEeoN3tUtbf8Rvel6
TCD115法登他000286,uMtwznkLv-Es8v9IiFUuuWzxkbqGew4K0ixt6LLZSkjXOIpmuI7oyxunqRKK
TCD115法登他000287,kN7TKot1pGz93OZ6xo-Nak1GxAhhJ3qABEmc3QlfaoGxT16AG1jR7wLj_6xY
TCD115法登他000288,8NzKnqhdI559u1itMM55aWTXgzvkq3cFrGUPXAcWku4hWbRCHIf9TeEXDQs=
TCD115法登他000289,Ez-4aUC2HGyG6fVX735BYY0QTiKThnTmK7IycY95MnG_Hha7xA7Pg8d1CQOe
ULD115法登他000053,x-iWnmM9O-G3XwHAv1nFFB92Uz9rNiTIc8S_1gBMyVHlKnFwxhkcb7mo0mA=
ULD115法登他000054,dJ07rnrcjJ0Jt5ye55PNQj_d07slGfeGznYlAmlYCJR2u1OAaeG3jBe9PVI=
ULD115法登他000056,thdPCKwQO3NqQGkfq3F7yC6q-3gZ2gKC-wM76wP9n_BeVdTEoe3NzP62qnM=
PHD115法登他000005,zj4s4kqcjWerdqd02oIsMpTnCiO9lVfqrf7u8NbZ9DGmsNgf_92uufS2IQ==
NTD115法登他000045,MmcdVM1o6CK7ohNjNtla9usXcU2YsaeoNYt9VUeB2cm00fX9oS9qXAePPno=
TPD115法登他000705,IrXWMryW9nc0k-ogPxW67gr3pftS6l4bZUnxE-hqM7niTlmkU4YlKS9EJUJq
TPD115法登他000706,RpDWdEqcjihf9BgEiiqNhznBFfPH5t1sMqAKOc4007UKPosZUfBSMr-6hH2y
TPD115法登他000707,o6INLAUGKmKKxGxvQVi8RFDcYaHBrXr2STnKfP6aEru0gJ3RK9JffUpcbug=
TPD115法登他000708,z2dpkM2Rzv1JJRR2ZkPUuCO5-Mu4WryFran6BBJqwDJZ1ig3CV7wQXgQBlwO
TPD115法登他000709,tVFG4iiEVXot6ySSvrCbie9O_hkSWJyJMNEMyrrtPXzgV04QriTsyDIG7A==
TPD115法登社000036,vokhPm6hpx5s-K3Kjpz14EIwLciSX6H4bHJE-PojPY3QrRfn-KBOS_NLs-eC
SLD115法登他000207,-UQhVAZSk-6vrvSYsH8Iv9LiJOnAIz5vHpndf5Okv6Ek7Z51gkS91mK15deU
SLD115法登他000208,p1tIyZgLWgVdjQ8CtLLJsMkIeFSI9_vj35JyrnA0DPbY0Qebcqma0__qpdZF
SLD115法登他000210,pEocRZZCUXnhSTkC6VgPHISJ-nOyD9n65rtpGbV1NS-wTJLot2W4V5PWzpc=
SCD115法登他000088,dmST55DBvKKRwFG7yuwTKNKfnapCaEVyE1_tsR2hMBkWKwc7H0SF6LIkopE=
MLD115法登他000033,zextKH7I8w7J3mtj8LKqs5YPs9CtKBy1HX3gfKbi9p1f48AeyIoEjjaK2A==
TCD115法登他000290,-n7jkCTVmfCiS-dsswZJZwxeJKjzSXW2sxV6gqAE3bm4EWaCo8a3_oBNUng=
CHD115法登他000050,qTh8aH4lTVwNFUbBM2HxDmeTh6-MBjGv8xiZ6XKnej_IxXgNaaweC25z49M=
ULD115法登社000005,80oauPhiJILgAJEAgYjBmjT9SXFi9f85Dfft-YrNeo-7Juk4tg_o7Vpi-V4=
TND115法登社000013,dxjO8GT9ECbnXu5wuXKnqckyrGTV_vsTMRODjE96GSgj2BFx2IGdU_iF3xkC
TND115法登社000014,qkQEAZDBJbbxZK1nt5vUy_bnmtx6ZAkgaVt0YkUw5mBiwyaD-GBYA3oLKBV4
KSD115法登他000142,g1nBCcPwCKUsv3BMT5ATDxB9izkerLZ41k4K3SjVyp0GmCJ35KxDsHbQDzpw
HLD115法登他000021,aoEMQrSbxM59-_fm6ncb9OCvoJ7MiMBFWD7qRzV49JKfTIYzXG6HJ20yx80=
KLD115法登他000040,HuBHNv09iWuqlfLLJ7kCk-6Y_cMzoXbkc8gyhUvwyk3WiYSYE00pwpNkNnE=
NTD115法登他000056,2wkNT0un8sRTUUtSNQ4ZyYOsxsY5_iKznBvWWoqLpYk97UY2nESzQDbbxw==
NTD115法登他000058,_DtpdVQo5RUmFrYhNFMJNBhgYIfwzsaTvmFBiHna-l6oqmKUhoLKmhBgyw==
NTD115法登他000059,FSqMfeSYomN9TWicBPff2qhPb6Dbp1dnJhUqJQuq63ly-_rOadLzvUFaOLk=
TPD115法登他000710,e-QHUjQwbaQK4YQpXFJlaqL3IQD140z9SpEr-eF9oYxYH9wz1fBbYCeAKiX2
TPD115法登他000711,nn9TX0rXP7C4TZQ9YD_q1ITQiONGd6Ua1MXEiBTMiwRDvYf1X8LZ_OacRuU=
TPD115法登他000712,xuXpXWtDBq6hb8KZRwXV2RDOXYCvcKK-O6SYf8ivQQxw0sUfLlg9X2nxYMk=
TPD115法登他000713,QP5YLnLCrHzhYRFN10bcS_cGBK60sYFqdmcmOji5NVaHRubrd532yWiek6Q5
TPD115法登他000714,bHP4ORUb2p-Dzzz3fJzorBkX1MbC0TftOi0uM3WwxrU0tl4K3C4qmvhQ8zLd
TPD115法登他000715,ENOrYedfloY4EgpF1UgT-pa7k5oLJ7C0oPSk_pZXdka08Qyd63tq393LQq9I
TPD115法登他000717,AW4LIq-JN1Q8GZWL73eX7kvOxeZeqbWPToA155fwGcUJ-p5p2NHjXrYVluLH
TPD115法登他000718,EQes603IbIF5B1nr4JzcMgUqwPg-0qAS8aeMFmyewZ9Z5Q78al8fJklCRCU=
TPD115法登他000719,x8Qx414bLaidtONjzhzpNYp6VYmpwCUWq4f1ZBsLTFvmfkilDUooJsgcHlTR
TPD115法登他000721,tWCYdMXkqzZJ-oGKylNtcz_qayRI_so8FQ1wXT9pPWVA7Hb7hjvhh_9ss721
TPD115法登他000722,dsA920-l92d2Z_wJcr7w6WFPIAHHmsI_8407h7KPPYZVSCNKkOstZRR1s92G
TPD115法登他000724,PbCg9ll3A27GVj0VHZCSGY7IOaRY6MgFtDNWIGVt3LFeAy4pmFnpLtV6G9xb
PCD115法登社000026,VQLl--Guytf9pOdc8yhVVPfA_iZ-6_ImB3IeVZCVa--qGLbiQ74EoO-4Nuvq
SLD115法登他000209,EetLp7EkWgJy51bpIVDL9Tc1XdUPDsVBoX3yxtHWaYA2CoBP4Rw31k4mcTEY
TYD115法登他000150,mXvi1cR9S7duvHLxjxp7JaHtQLVXDmExEHOhBEtnNZW44D3BT7VgRoQ-O9dI
TYD115法登他000155,p9U_a4RjWcSL_Oo30UwM5N_GSENwdRkPVYHoP3DK6OLFfMoGWHq0ZnnN8LVf
TYD115法登他000156,PNXOrO-Nhj8O42Zo1MEAEVAgoh07j3g1r8brTQqHdtMN5FAz_Z0Fk9ByS8p7
TYD115法登他000157,uwKeQkCQAb7t5Ux5aZC6KZX3Tma3JCpwBiEkqgUqLYUrf93LJqe6qZII258=
MLD115法登他000034,j-XJeed3Nulc8k_Sv2s8Hb9IHEV2nxhK43OxRKzHMUz2fzO7tWOWt9RGZA==
TCD115法登他000291,szOGtku5qOyzhLh69qvKW4DDblz8q2J1CPtEntqfd9_g6zuTgPCsWCyd_26j
TCD115法登他000292,nJOtqvfuKDy_4LwBcWOTZDFqhgwVtj8XmLdf16d7lTgvoxs8EiiCNPyWgE4=
TCD115法登他000293,qJRMSj0j5weDnd27mR7mpRnWq4ZiqB-OncjfilhK3txe0KWLQcGjcPGZshAQ
TCD115法登社000035,OWm18g0mxscfIni-AJRHUImQZ0w3CJZaj_UXx-sKzorvmlvV5gxQ5ApZNRdg
KSD115法登他000132,5Tft0-Q7MyLQouXfbmN9ZZ0QOjt_Vej-T2ZPaqbd8EV2LQ1A9LnN98_v7i_a
HLD115法登他000020,JVUnHIBLs8OpcavOnLTEm2tnEElQojyPl4Kq20gEzIVTjqCU62a98At7axw=
HLD115法登他000022,cpa-zrhrniLWrBW451h0p-3OIVkyMyTBX4aiCRewLv_16hJR8gAKvliYG_4=
HLD115法登他000025,oiu5o-Grch3JCxSJXd_nIw8NIX42BHjdXYI6QRtROurDgIc-NAluFEaX4uE=
HLD115法登他000026,G1oOE_TZX0hYctn_0XOQrtGHfr-U-A-4qjUddX6hed70acsbD3NdbySmrGM=
HLD115法登他000027,If3J7afSAEhbUakM8Tj4aqfHsSE55FmzhQqCqffzVG3hOPQf2gQ5qXrfdJA=
HLD115法登他000031,3txfdq_F8lp3I_WA6LlPeWheoHcIcqxrU-TzOS5k049z3us3nl2egXuEU8M=
HLD115法登他000032,hUVUKwHdZJxpCy-Aej4_I1q26eZ0aVj-b4rxjAb6tEbRCelfnzPrXZfde5k=
HLD115法登他000036,6iTR0ymDjTOggczudlBBMNpoPkjO_d_ND_6o_9DfxNJTADIc8Yz3lEoD9Kw=
HLD115法登他000037,vcZ41oCoVr13N7VSi0uTCupJ97MBvp-hTLOukpkq858OvalZpFGRqrMPDds=
HLD115法登他000038,Rxr1qXyjg4ybxgTqnneRLLVDocEHIVHznHkNWT-twYAGArv4pZwIdfJaVc8=
HLD115法登他000042,SgCsPdIPbEtOL6kS3h1M9nRC1S1jiy1h0h4eX2yahdsaZHOF3lGXbfBVPsU=
HLD115法登他000045,5F7GuhaQxnMygMryLnB5oAXJRpZ0zTGYL5X9-AHfigQHwHqt7jXDxalQeyQ=
KLD115法登社000009,wpme0tTlSUkKznMpuLFNcwvy93pJ2CQ9EEisxeoi3b7ipeu_41gzpR259hU=
NTD115法登他000060,zVYDvlAVZj_B_fSkmdZV3dPGdRIdns43ox_nCSNo69X59A4wEx-9ts-oJg==
TPD115法登他000495,k08rLxnPPVT2ySgTVyhxS_kECuJAW0fU73symTM2znYeO64V5374CdXLMug=
TPD115法登他000564,IMa_rDlo0Xx74OwCjoRUCfevQPNUg7EL0EJPDw6Js0OBm8Y8ElIQuF2voyQx
TPD115法登他000643,BB9mwHdoQ1G1edrauTzIAKp9OAVK2AXcqndZwyBt2jMjpdgG8pM6zf5WG3d5
TPD115法登他000720,bm95n50FwBVhoGIjbaEfmNGJPjQoJI89wZojjCW7k0MkVbCP-fyZRWD9b80S
TPD115法登他000723,PbZdoRYtcyupLAygDqseQ0QCPbhalE1Bq6B1Fa2iPa-iqUGSqaG5NrQUKu77
TPD115法登他000725,m35BAiCyvt1nL4V-LNHiJ-A8PtXcOhRWij_QCoxZbACrVcqEFwu47aVPDpSa
TPD115法登他000726,ae5yLV5EOO3jYgbcrGNnMI_GVDjkQOjbBg7sjl19xXLHWa1RZoYOqA2ordAi
TPD115法登他000727,vLXtELKA9sb1mBoSSoYunQKi7H3imtBDL1mXI9JwCyAoSC56B6JKxJRipPbi
TPD115法登他000728,aFV-BpaNC6vf4DYAO4eEjqW1nkbMw1ezfUZjSCQaqdB2hkt5YW_YXjt6EH8Q
TPD115法登他000729,yXCd0yAjBXox9n7BpBy5aE3UQqUyqoAwYV0QyfiCWe2xnEp-bR_yOArO5BMC
SLD115法登他000211,2THgl_djmwQizC2isNtpXX_aWJZ_WBa_KbrSwm0eWEmAMK1pfSWnR9LKg_eK
SLD115法登他000212,kQV3deYkwlAinC_MAE3QP54c5rmI70LgM7txCgoKQ43lYcGvbTWFSjjpoOc=
SLD115法登他000213,b6FdN8tw674iEaqf4fmwcJfWXDx2zTyQJzejh06XKBN9ljYJ1nIRtldG5ws=
SLD115法登他000214,zRzboR8NT70deWKxxdlvCVsBSgC5CZA8ZUkYlv2FuHOuIToNsQTYC5bU2InD
SLD115法登他000215,CfKp099GUfW9T4H5kZ3aGxY3wggHqNGZUg2HDd8X4V3tp4UFf5-hDiSubQ==
SLD115法登他000216,asX-ZejFnahdwlRBLDWkvLOubHh0M0nxHc99uE4tEi9qyOMshro-hXJpYoGo
SLD115法登他000217,NMgCAGog_vKC5TA29WoY-aRnmxnZUwEK6hwL4sCADWE2jdy4rhh6FodjnrE=
SLD115法登他000218,zqZqKZvhELfaLTkC2UxuDlwx4XlNZwP8BdEFxwKzGglEfXCPX1Ui8KGefXcE
SLD115法登他000219,kNnjW0qcHfBGbMy7_4r2eRMcvFdJjSgk6LWam3pHInC7GUEEK6gm81So8fI=
SLD115法登他000220,zmy_YkQUi3cOiE_oiT3IuL51PGsU_yYGbNvTwyBJpRQs-9UH2oq-YycCnks=
TYD115法登他000158,CE-W2xOidXTgKvJ64npZmutiL15V9j9EivQ6NfoxkDxrg0OkMoBwo3P1558=
TYD115法登社000026,bAl1GsTC7_E33ABg8PyzYvCEmuvnzfDewpLEyJOMUXUBuQPhzulB2elbXkP8
MLD115法登他000035,yEww-s3K_qbFf7u9upg0RAJS_GNt-qjUz4vDlUd0Yi-nsTfPc3UJuvpnzA==
TCD115法登他000294,DXrPlKq-Rv2_qInJaueScrqZ42mgW2fDRfRg82GT-xNV2_xyP4o_fOXvhoAG
TCD115法登社000036,cDkVS1C0DwCON88LwSR_oL9OWScZ81M6gIHPRVHbOdILswrl2lcueglx_34U
CHD115法登他000063,nwUukeKgLr8FgP8KTI88k0f8W0qfAW_hvJ7y6Ut0rRkVT586AaIGbJtUAfE=
TND115法登他000159,DNaFuAHps9M8dfz6B18CnXpxDfb2ehLEs4zQ1tslgz7WDxMyUShZwd55Mxg=
TND115法登他000160,aUfNcd1pRulafECepEs9N0T8WOWzyKMyg0lTZIV6JhVYZrKTBWxDCKBdBLU=
TND115法登他000161,sIzv7NtGH4Bh-Dv96LzsUltDDUILU70p06eYFwzE8cyRO3EBWnwSK_Lyec0=
TND115法登他000162,EXsTvhn-xBNFnFEdJuapeulImx_b95BGGLvOKMbNyeKb8Wclrciyh9caVnk=
TND115法登他000163,oQbBW2rI00X8xQZn47w2KXU-XYaklvhN2yCoQv2qORpXDFMxXgTxSRfZVMo=
TND115法登他000164,9fUwK2V_3A9MJ2bAJJ1sEIjoRlp8Mro1ZqWJ6b3le0rA8IID0-zh5PzuG5o=
TND115法登他000165,cOrVRtRx4GdSxL9agJXZCxdmqYOAGbjcKuLgsXbtAJoccibSrx9J6qmaHYDN
TND115法登他000166,FmjI6CyjCe5Ms2GfXOaqcVpXLaeHirrvRng3y8IrcmSFozdSbi4kvn1inpBi
KSD115法登他000144,0BvSJbMleozdyyH6-gcz3umALzgQ5X1ljU7pN_ofV5Y6NEZMNWoY9IPNAg==
KSD115法登他000145,Lj_-GgXYZmI8jZopya0e1pC9Nsp2xnm9Y3egePMisXmHtXc4Li21-ywhIjHr
PTD115法登他000052,hhS3-dmNW9kE619Mq24mQm-qgZOqgLLOiRcWldJWuyAzsXTbB-wbB9Ti64s=
TTD115法登他000025,KXIDLHssay0Kf6TU17eAEVyhgGFv2sgVJ4ndWKXJHEoTj5I95zD_C9KYUxE=
HLD115法登他000019,xVxmUcWKxMhIqp8zlQmiievEm4AndFctv1z7Q4yV7IEG-SlH8gaq_g1oRA==
HLD115法登他000035,mPL15OEsVrKOGRTt-IxNgjFYarDzsCBTgGJhVR3Cn4IMzBRPHSaNkI_M_Yg=
HLD115法登他000040,dXWxEkRCp690URLJqyiXfHIWPjmqi4Y-n5d2Rnfbw5nymX-3Cc78g1X82w==
HLD115法登他000047,fRT6zah-Ie2zMdIyQgjueAUrmLNjrk04YP3tzWizn-x4cd1WDHra50uKk4k=
TPD115法登他000123,oO6D4-bQixD3ICK4796fyQQt9xQb0JjCx2MjXSfqjUpYsmX7eSZoW0GuDz3K
TPD115法登他000716,VX7KS9QQDd5bXoDLanu0YHePVXHnCaieaTnAG5hNIeSploAd0HdCAWvsloxx
TPD115法登他000730,CGoRfJCHJD99B5qDxadZCGOx8QWKO5hGQ-uPQCGeh1impIG_DmL5RVKFrrRk
TPD115法登他000732,CWBIjKABe3urq5p0w_BW4Tz5OJSNDme_53Hx8K-hnEk79VHWmNiIi9_vCefK
TPD115法登他000733,QrlkYDYO2mIZq_o2SoqfE7SnItV4JVDn7-QUX9CrBnonVu0CnLpbjF_wvwBf
TPD115法登他000735,ALwnlTjRe-y-i262oPnHwxCRawS3FdT8534ap7kYtlBStE9xIbAJMA8iviZL
TPD115法登社000037,Ks8dNxd8xSb3cQSwP99b9efsHLan22WFAGc5-PJFWXI5GdxMq8VBHtH-ZAQA
PCD115法登他000198,7U83NBFxNO7q2tLEyLBsXDDEiNHp_FHEnzE8tkIwBc8HBhI8ImlMva6dvLiV
MLD115法登他000036,TXCn955zAxN6cTbYaIy6NU3wjr-ZU9v10x6S_ui-JwntXJowImC4hhFx
TCD115法登他000295,o50y1eZxhyyVmZCJu_ssRJg9gEzvzj7SriH9SG840F0JoDLTM4UzQ6HxLsg=
TCD115法登他000296,oSJ2myW8M-ob-sIlptx8F7YMYaD__6U3pMIlOKH2AMfvMvMeeIlz2O0rSuME
TCD115法登他000297,WPMhRT0yz_ypsUjXekAzfNsjeJ-Rgyky0pGIob-WqT9nAmS4wnmY5iagcVZw
CHD115法登他000049,HGO7IzGPbSJEJ4vnhc-v3MQTz3YiRbeitgGDGduiVeD5WD-JZ1x_9hl49cU=
CYD115法登他000054,Ia3BQ0MXgfCsQ9AdTSMspNp0tUKJivgQvEnPWjssCeSmfaqYy2exEKWSHy0=
CYD115法登他000057,M0FPIQNZL-nC62_Mw7o4iVYzQgQ8faS5jQReqalPok-LKIKqVhLkOt8fjMk=
CYD115法登他000058,mlQe5R6JN6Sq1YLj-EQUvaQ9Q_qKRs8tJn5LSRFtnFs0MovhF8KVtgWQ5Ag=
KSD115法登他000143,xlPj6r1kWGPVbhS4OHBUPjtebAxmud_jU7PP7xOFk8B4zwC3FCQSz4w-yd0=
KSD115法登他000146,VNY0uAU4_xpL8nUOjHAxsS5_F_Y6yONRxb6jboP4SJ9IsCtHfNwPkm6nqhE=
KSD115法登他000147,BJzTvLXvCEJjg2IeCTECl1AOoV66R4Y67MgYfs298_O2hgjkRyBGWkuLu4M=
TTD115法登社000006,NBsT6KEYoEPviWAIuVjX8AMX_0F9NG9E5e8WBGPc_FPkpRL7ztegfmnYBsY=
HLD115法登他000049,OoJGO_jDlEsLfyDnq-pW2zI6JIuM5alBkSlahAkpbPw0rjVkLEfm8Q7Wyn4=
HLD115法登他000050,3eE-XoEl4SYzX-1zzxmwvSWyHNJuoOOz-K3bri2b5O_3yXXcqkicSE6C
KLD115法登他000041,odo8ACk7gaXO6jepa-_bJybNd_f7mNOsInMHpZXoACuG2vdTYWx_uD97J1Q=
KMD115法登他000020,Jcp4Nh2IgsgqscWehQtxk9GCMVlqlrcx-hQw2E_WEjLZuSafHvnT2aO9fB8=
KMD115法登他000021,acXDBIUivldB6Wt8NRV0_rvuJJMjb-Pa6nbPMcuHBlJWYJsceSvsS9tUZEc=
KMD115法登他000022,RKlZkZ6_-_TgRIdEFqyCkUaQf9ET4dQfkWiwdNw5a2ZhzLIs8FW_zaFPaw==
KMD115法登他000023,pZMiIIHASq7TiFJ-HCvpHQhHKFVM_UiPIXTK2Ys4XmQcxByrtFgaFcVZrw==
TPD115法登他000651,eHWAIp0oYwC2KNRpH5Y23XlFSwgtU7iyuV23tTU8pIrtdkquL4byt8Rj_DYP
TPD115法登他000734,i8sN4lhf6PznLvf_JQ2-m4K-5Y0OIXpmePJjsheQ3LURqzqFajRUlSSWr6k=
TPD115法登他000737,9mrtbd4X7HBHnwGjTuk14vG7bFS62FwvlzHrrOc7ech3qlDwQ6dy2hX8xfhK
TPD115法登他000738,Et6oYJjO34z8Cy0toIdZJb-uALfTvG3IIyNT8aQFJuTd1nAeX81quBmOr6Oe
TPD115法登他000739,qjocYeCO3Jhw57T9j7Ik4nPs6M7VRBO9OfGn-GGPZQNFmcdf6424V5C6cLcY
TPD115法登他000740,mZcc54aFvdejvytpE55HYhhgt7ALN89_trOjpJuxK4hbzlrYJ5ezRv0gB1k=
TPD115法登他000741,03Hl_wmoQUOR97-6bu6FPlPTZmF9WcvT4cRqZSGCNVeq86n1KB6hu3Y9r-te
TPD115法登他000742,QfejsrhZWKtBLEztJa4JY-60hbZjmP5IDSJ7f5RDmhR8Dlfq-aiyxY0BTb4=
TPD115法登他000743,vblQM0nMVuAduR5QsF8Ys54GN96k3_mzMcHjTgKGyKiuINbwQvBGPcxrPysh
TPD115法登他000744,-AymiWIv-Ywto7YYJTKNfRZMBuQk3vaVYbUFLFjG9EflP8ZCsY46cpPoQnza
PCD115法登社000027,v6jigFmDWYr-26WQIJfwE_yTUgbmPLgN3BNnd5U1GM64t_9BZu9L_b0Hrrbd
SLD115法登他000222,pAq4tEvTCl5A22rGANL4rxfdvNpMIzNAXu_rDpeCky3Ua7X5lDcmJJa1-ThK
SLD115法登他000223,04AGl_pEZWg-3iCPgkI-Ijx4v3dBPwFLHZ-1fOLkuGlTjdtrmZImLwEdrjbn
SLD115法登他000224,fim2ByEvq5AW3S5s-pUSt2xydX2z-mLscszBHcGP_0SHFkT5eyVKi9CLJ1GX
SLD115法登他000225,BIXmbEiLuXxNG8NOO3ybqXBmxPKGQw27c5SLQdXIfhGLAvCacS3Fv6eX-14=
TYD115法登他000162,yN313aMgy150SKFYJSXM26ByQILvjGmoLNEu56nDKPEMowNZgXzUJHYJRZyo
TYD115法登他000163,L49ECATtUWQx1-MdaY2hhdfUS4pOofjODEHbi6K25j8ZScvsqca5y85B9F8=
TYD115法登他000164,a439j9tfGwJUIYl6Gv0bkhDiLw_vmjwtvJCmQFy37pj62n-4LThSSNmOC0M=
TYD115法登他000165,lN8stjYNuNjseQ1XmyNUTbYdOLh8AzU54NxYExNwmjmbUWCZErDvyqEJi7-3
TCD115法登他000298,lvowerGs3heG0MTNiuM1x49cCkgJuQzd4T4-TrOP28HDZAjH0AkDip8yj8wJ
TCD115法登社000037,fOfbDTXmBW_pv8IWkDitnJ0Eq9DBzC-jo28iZk7_L1rRpxKA9OwaaQTIjxWY
PTD115法登他000053,c3elJQijJL5vtn90cUt35GWTKNjL1kShcwZDq0EsWoo487Dr9m8JC7C3bZc=
PTD115法登他000054,MdzrjMi2xGokyQBzQ5SvcNScD4b8JUm7xE9haBO5o0gzv9t9bGII6R7UBLA=
KLD115法登他000042,UMUDe5q3z3FW05fEGmyXE8Y4P5siK7FWrKki3XwWOO_j29bKOmIuCh4q_bo=
KMD115法登他000024,i5UMIn9gcJvwgId1Bf-eT4FsJXGMoYTH4e7FGSQv58YyWdkvcOHWijAqkak=
TPD115法登他000613,dASIK00U2MKXEvu_0RsL6fozOG1xRiHJW57pt4Axml167JA_qSsPN-inIqBo
TPD115法登他000745,mC0vmZ1ghLCzlqp-OR4pBzcvWw01fxYkMxWnu447sTFIEMVYcRczuPGfI0wQ
TPD115法登他000746,D5nXA86wgy_HHITEJSyA45xesAHsmQlBPAdI1R_0EYeh0psYdPKJJZUBmiOa
TPD115法登他000747,W-UAvDFT04O7TWhe4KoRlLdEXCedF7_G1WDwNg5RXgwG_daPf0fCsIOQ4wE2
TPD115法登他000748,_WSOoB9Bwi2_O6MoXHczdHzrWyAWIqbJvTJMRJA4qRqQ2fft-p9Hmi9bEBc=
TPD115法登他000749,5cHYoAiRRMOPAelD_bf3G6yIKOgoVzoKQ6-clXPl7PShZ_p2SwuU4gsWgDmU
TPD115法登他000750,VO2OGTWpwoEmpq17elOiRJt8ZTrgtJtV7GYWrxV99yZU6c_fM2tneD9rt7Ha
TPD115法登他000751,-sl42k4SXwoEZe0L3PJ4YK460QCb1KgylDsbPdSxFFWZ8zs4QTl9JzfUk8Po
TPD115法登他000752,XgtuNI7C6V1ggJrzIg-aEqT6lMCG7JwlowO3PtiQ1DS7eNvw-KnPZ1-08fXS
TPD115法登他000753,c1j0UFAQtEkAS2PvLsLNojVVzqQ6W_888WyRBlgyhxTdvb_h--4EqoMjBdPY
PCD115法登他000199,pHdaIee8BCTSJnu-LOLdR8F1BAg-hJ8_PvsEXVTP113VX4GKZoYfQq0Tvi6D
PCD115法登他000200,aOQ_yzirxb5Wu-Pzc4Onf90veW_BU2IJM0_wLdKNRh0aTMOqlV2F4ivr5WU=
PCD115法登他000201,hf5JLOkZVdmbAAxDdajljf0Ad54rGrju9La97xgeLQRjcx-MVramzTI_Ais7
PCD115法登他000202,rNkobsRSDNWXu7O7et9jB9REslm3m336LJzalhHpa4hrmsC1RrLiZmOcghDk
PCD115法登他000203,DVz6KTnLcg9jA_hPwLFfu3oxHpm127GUBurgN_nBYYpjgjt-mOSmV99G30U=
PCD115法登財000003,89ZHS55Kt2dHnL3uJAuSsPpTD3rQIkiBtFhvC5UwN81Uzj6IvwsU2lNuhETi
SLD115法登他000221,uQ7hNjPTiLUtun_2xy2zEdZzvV55JCX3QR7H_YCuAUsBGXg_d7QWnHdgjl8A
SLD115法登他000226,Jci9sEnumW2xn0B7q-fY9Nm4i0UC_bRd90F7HwZ-waCEXybvFMCSlXiem9Q=
SLD115法登他000227,Br9Z2O7qJjuoWgJ0OTPTsmUVXmvF9mmEtHzJMcDU4TN0w8HOaeMpj5x325Dx
MLD115法登他000037,7LLq7Y3yh4xqCw1JT2GElvBQ-24RP8pylzBj0L0g75Pb5Yy5m-z1l_-jSw==
TCD115法登他000299,VUAr2IWWmQS8kPjdjuLcC3jAjiUlr_bWbfcyup3Pxv_LPLPe6MNwb0BHXwU=
TCD115法登他000300,nbAUdOJZMELun4bxyOScBCrcylEyFeIkZBAocA_-p3IBb--iK_H4gRigVSyZ
TCD115法登他000301,zteKg3m6VAfTynxmH4MusOEEYDqVZneKfynX6Auke4dtL6lr0sd4kGStv2A=
TCD115法登他000302,rceof7nUaGWm2ceraujFWU8wwbHzNxUV9dnXsMu4g8Yv-wezfQuu5dOnrGU=
CHD115法登他000036,hYdMR_quRANXhEKsit9hUOLQzsm3I7ziGfDi3z7x0b-hx7gqU82joAJhu3w=
CHD115法登他000042,4enb9zIn-04kzxrc4lHTmBwnM_o7BPdkLV0mfRdtVNIfNFoIM5l0_IReCLY=
ULD115法登社000007,XHXTjvibRRhQkgZZj8SU8OQ0Uh5Yuc8m4gIHagBmeWRfGw1O_rgPHGvxe-s=
ULD115法登社000008,Vrl8ReSK2fEE66jkaVC_hH7IJAp5fUJGfeAOFmdHNIE98_MmEurgR4I7O1U=
TND115法登他000167,AVQOlCvvB8Jqs7cbfnkp40GvJP6djFbUZSpIc7n1q5uUlurw5uEilQcc
TND115法登他000168,0-h7HFWHFwsAWR5kZjE9c-6gs1Jv2IxPuYuy4DrMz-AB8C5YFM9T4T33uw==
TND115法登他000169,V7WwQ94-w9hIBZ537hswHphp9GwvQ2nlSMil_Bg4UBKKfCj1uIig6U4Cag==
TND115法登他000170,-S-nYn6esYeI0b_51K2PT5WGheyvZ7jL9VAC9RvBNAQSOIWsDQOQH76dqok=
TND115法登他000171,fGrFJ503OawUAUkXbYmmKHlBRTSd_1pKnLZD6EwVMloYkkoaJHaRbY7_t3c=
TND115法登他000172,zEwNNxyZXb2dpWCSO1MbOHQHmjIeanDdLY1F9al7aKDtx4BP5Flu6yYCBys=
TND115法登他000173,Y_X7U5_uBlxMBRGYy9KTzsaiK_bMWkRkTExZbKkbXhLhJtllIP8yf6ItGjQ=
TND115法登他000174,1z3WkcGbOmScSX7awiMVefvzw2ui7A0VhRiZ9pzfVNQsIQhvtvwnN-33Vis=
TND115法登社000015,nav4oWh4X-yHvHEGOLu2eAvboyBSxKxA_JDXkFgBiynui2diyKGUhSdH5wxn
PTD115法登他000055,KwN-yP1fvjzUFyP19kPiSax-SbK3W1kVXkR_90MyTrzbEpfZe6HcSRsZMYU=
PTD115法登他000056,EJCdQ6jo_EPJYMIN4o1Mj_wdzL4q0iaib1nuoOBZH2_8RP22lVyfPfgm3A==
TTD115法登他000026,g_yrw78hyPOE9Gw2vhvepL1iWq6jdVb8oOltVf88tk4hbq6Sg9738IcnwSo=
TPD115法登他000376,oN2rpPTJT0Qv6FQaQKTKNh1OOqJtvLEP6F0WU6pxwOYvfXDSbe-4wIZIgxwO
TPD115法登他000754,K3oqDXhizoP2RsfwoC1r5NJ0CcXhCE26DijvFcV3M8eEpQSymgeePAxX4tLT
TPD115法登他000755,__zY4dzX-f6i1JnvHiHUAR5ktNW5FlFTY1gXct54wjuRArxURpau3VB8jKk=
TPD115法登他000756,7xKiI0-iMS-s_S6glpSvQgsGCLgkAOvDJvb1fVMXhmVm38XWWC04BfmiQhE=
TPD115法登他000757,gcwlrcaTeIPFRDrTvy69hYYlSI8E6IdiA7LsZDFHPLrm0u_cINenUuK6d9fq
TPD115法登他000761,Sk3p8RqnoDaijwSPFQzSYNV95Aww1h9jDzdDH4OEMzllPxmQNuX-Rgt8OcHj
PCD115法登他000204,7Cmc58JfZW8IPLSXWz3isRjHuoyMJdMmweul9KqpR9cZZfrRjmDNLOtS5ws=
PCD115法登他000205,f0gEdgkIkZfxWF2RvUT6KnkmCy8EzpJBPO4p9tLuUHAes5F8_kcGuySzlY8=
PCD115法登他000206,bSTDH_GEwsAIv-MHZqeKsexbB5bc6LnMngrwn1YNgNDJDXjy4uBeDn3pJxC1
PCD115法登他000207,hT5ue39cg3zcu4CDfA5M2PUgbbNLfYyjHSgfpq4J7toIRLTZpi5aqCrnuV5H
PCD115法登他000208,j1O8D48IsMytPelvhKVXqUjRfhzu-430A6ztqBf55zqE6dgH0bxf5LmDGeE=
PCD115法登他000209,3uw5wgDK7UzwiHA5PRWMyL6wTV1iSTkSmV47zajqAyuWd1WDFYZGU2YYGIsZ
PCD115法登他000210,4wffY72PTon4HH1uiNwNdB9IALqIXbAKCtoVmJFd1exa26PqSNmcMaoL329s
TYD115法登社000024,mgZthfKN9WQqWf5Mn775_8giXptUcRKo0yGbXqLRuRoLW_CXMQ9Vz8bLdQSt
SCD115法登他000089,bpoMbM3u7rjRFrMhPYJvNlI7_En-n8yxqzIq3gbqSj9-rUaHdSqDCRcqB7A=
MLD115法登他000038,yrZyTyZoYduP4YZ4p9yMWG2vQkEXmE-60b_05vhkqFfMqjmQCTfa5wddVA==
TCD115法登他000303,-1kiaT0XBSx6WSPswqRjH5X9JU0DJ8J3d5IIZoZLpO-QMToNV0zo4tM_v94W
TCD115法登他000304,AMtuqMvs-zXVO8nuatVN86857DrwsZWPXZYZmyku-n1ogA2jnfGsjMpbdA==
TCD115法登他000305,WHkjJN5G3oXoYwsLoEcN4mhoijnjsgC2TUNjFYNVHJ6gn4mpG9R_KD1ToRod
TCD115法登社000038,T45pqiN6djZX7t6h6e7lPZZwm7GuKFHJwwNls-jsh9rlyJHY9eCAckb7lm10
TCD115法登社000039,YaAtoomB4CvANUQZsC1GHG9BA6R3ljUrqjXKP0dYbuLkUqLkVuBRAIdJg7Ck
CHD115法登他000066,AnaCy9G8xrOfq_0q4JVH_ST8-ngqAZ0OaMo5ZXYFdxdhcxQjmz0vqLyVsw==
CHD115法登社000015,isHaSz6JKTAsjOzrvhYSK6CJhYaBFF4_wC6dEGpjVRrpF4ukjd9MJLLH-8Xk
ULD115法登他000057,Um1zZUdRH79V13hWXYb86Q5SIlO6UDoZmEIo19Z7WrncbsIhSYiQUWTW5TY=
ULD115法登社000009,clGflJlkPdTEgK76QjTxyRXqNAGuizPbSwKhjEenxosCRKO8ZoWaT77kJiI=
CYD115法登他000055,GAbEyeSbqY13vCNvL_e9G_PLZTi4hfIBhcgtNGHKjnuUwlogCuvRq5DbwvI=
CYD115法登他000056,ZDNW-IpacDVWIUhSIDPcpXHT4vA3h1q7BQ9C4EX1lUcVvNe7-SQfuVwKpA==
CYD115法登社000003,RGuAEVUbg1YsmwBkKYBUyGdqBMexUguAGKZhDgwKPX5k8IYelOSvOgvXcho=
KSD115法登他000149,hhr6BvVw3fAMcEKEkbMdlKgEcCtRs0yOPlYWMHj7KcTPEGaDq30zuy0Fe6I=
KSD115法登他000150,cfePZPZgrC495nhzPxPfSG_hgRUolVG2Wot9OzvBSoLkkBvGKqd5y82s
KSD115法登他000151,rzVokYS2ZDePnt5TVWsRGDdJHE2SeJ5lK1b59cLO47NxzOGOj0_Zy4Yhxo4=
PTD115法登他000057,Sg1Ev8gDVENbS3Sxto9uiyAOTBaz4D532P-xN3GTh4Np4waBlNjbPf441A==
PTD115法登他000058,70ItJI2ue5J6Y--RzrcmOK6kpkapNO1DnfsvtID91G82kIWrKY1-NV-1O40=
NTD115法登他000061,hK9PlRiEffcxCp8pYaJk4O7yyvfwJYhKyplD100M4RLjN7ChFj_LQHWVwK0=
TPD115法登他000690,5ukylvcuWnFFPnKGxt0pluDqGAbcs1z5SEAuxxUBvKtohXAK6p8-Vkzd1CVj
TPD115法登他000758,L3RxQ93vEtP4nbYZ0QJPb2hQw5TMFO4WNaYLbBAGsMjPLtGywx6joahHXela
TPD115法登他000760,sExlxW3rJSX6jZb9riZAGpyEzlJGnXyr0w9bWvrsecTV-vE0EAFQ_2AGcgoK
TPD115法登他000762,2r4EHgJpLwbN19qBUbR99X8O6dqYWCoSPBoEzwf6SfyfuoFm0Y8Hw3JIaQJ5
TPD115法登他000763,9pbcWNXfaDD5gAZD4vTd_3rL-edgQOP5myvz909H2fIJaTpJfNlEfwV_Xmlm
TPD115法登他000764,JTuLAnMWIZTIP-uHGb_zOYLzbl4ysLkvId1NhdU77l9SNMo5zuR62xknFw==
TPD115法登他000765,p0vVJzdsfpf4U2_sn5YKXVAQPUkZW0kynzMPKY1_FhAnN5PKGfXu40IZX0Y=
PCD115法登他000211,AkfP_gguGzQOLmHgTA7EJ7Ocrg3kg7K4kmL_iKWZgz2-UMylhRPxWsNtInM=
PCD115法登他000212,gaedTQfnIEGdph45LCcUorDq6Q3Z62qlpqFvgYnyWGNMndoRhuz8wRGmAvM=
PCD115法登他000213,lBzpCfnn7RY9SlC_4SOE_Frf8L_XecjwEWeE1yQ9djWcHEL3O7Cf_kEaQDQ=
PCD115法登他000214,FqjLsa4FQYOUty5WjVpEUPUJQINtbIbo5oHgY3f8sy3UPiYVemORi-v13EY=
PCD115法登他000215,niqqUzY3wY6e2qeWqM0sp3B4QWlT6jEycrB8_2NCATSiaLRC9qa1nBsBEKs=
PCD115法登他000216,41vF7Qtf2QM66pS8P3vK1qCXSByYEWUQyUW4daNalk9XN-Gc4P1t1PvB38o=
PCD115法登社000028,4yz6MYHHm4MeX3KQP-gdFkpwIivmW1P71dcqRM2HMuUT-3EcR-qo1LVYjj7U
SLD115法登他000228,m6AudJcuKTdNNB0x4G-msqYjI0XKC-uqBrvYGA-MYI_VGqb3O9T5BOi1soyu
SLD115法登他000229,LNUclZvFMkKDlsZ9Q-8rf7B35R1hjJX85D1pqgqzDw8pj_Cb_yx9iQNV6Itpf5I=
SLD115法登社000019,AhZFEsHAiifRQ6N2xokHjCjIsAi6jmGhpQ3a2Qgbi2lV_ym_qr0oFNbd2CX6
SLD115法登社000020,jP-Ss_M1ggo7ByKMEM-cqhM79XyaotEtzmiDX9sUfOsoqoA3gU0mXhCNc1sb
TYD115法登他000153,HRIOAZj4cmiPChb-BR1krp-awJNr8F6Ggv59BIe1hkSXRyd8jjlhc6okurI=
TYD115法登他000166,yTqHxYQvFSqNzQ1btKdn20T0d81i9ouqUkptckd5hqzObrkiGggm0Wc4kNw=
TCD115法登他000306,mMwxXHtNOCXzDgHod21RfEML3NvWNvE8V8kfKsuvnQMNlS-MJR6THB0Kdj1P
TCD115法登他000307,_udLU7rGpGrjSXlZeb-VugWulYk8ABOhPDrdaPdJaMhlT5w6bf9aXRe8GDOZ
TCD115法登他000308,to1iTnAtb1ahy079zk-7ai8Est441zLkSo_fBdSGo56Y6_bDMk9anUNNp5U=
TCD115法登他000309,IVWSUKNMNsPTTqFsInsfiiDUqOVMZ0WQ-xOUjN80wELJoTcmLk_6s7JI61oi
TCD115法登他000310,kBlSAWQMiYoJbkZTztdl982RX4XSXrU4dT3jgeqFQf2rfuk_mt4c14JIwTOn
TCD115法登他000311,FUPKZlpnOyK0kucyDrJpjqoy9y0IuBOp3ZLQDbmLI5z4--Ed5NFbE4kmBQjF
TCD115法登他000312,1C7DVUVOpJCjiTpBcx-v0LzyYUUXOBOwoUeeLTBVy5jMjeCooAP27QVvqeM=
CYD115法登他000059,PVFOStGdTs7FTyP78_0AcNlfehBh4iWUc17aFJ0XsHWe7J8t3Coyh9vbwvg=
TND115法登他000175,cQF9ICPP8yGRjyh65TYb_HiIs_8P34ht-ccLZLQt2DMf04qx3UatH2_ddPU=
TND115法登他000176,o_X8lmJJJjmXF0KNLrof9KTMp-EKqj1nc3DnXRxNZUfshHjing_zPUJ7utA_
TND115法登他000177,KgXMDkIlkiHjAtJsCY7EFgGpziBocA2iUFER-TfESqlj0CaVxyUL3UslUtLY
TND115法登他000178,d9uMN7rNOluffp3nqYExqgjfvKjv-CTJYZ2gQ12HtiT5vj6T4Vj-6Ko832H0
TND115法登他000179,nsAYgpHfw7UquOonfyuozjCEAbGXRmkWfKe7R-qz02QLprwm2WGdAdLVRQ==
TND115法登他000180,HNPANuFfksK2BsnsuXm_aSAC25L6yDAZnvPmHUNIJ9ojBlTfY5eEncj-gi0=
TND115法登他000181,wZAmNEb-p-H1cmPnKI9e8uDOx1zATP4T43tRKHOj3Fz2VQJdZOhhLn3Z_Cs=
TND115法登他000182,eIty2Wzfp3Pdq-Rl097ymFDAfdiCr2Gwmv-WuLNcCGq6OkdLBY0nxAnKSUe4
CTD115法登他000059,JkgRbvOxVxChqJ952-iMOfY1jC06FEm793gubDREKO-nVz1iIL5aUzf76g==
CTD115法登他000060,GW6COyPUNzR4-njPTcrIa_tNlZz3Uwh2J-KiZTB8XuEIPP4769rvh6vpIHI=
CTD115法登他000061,RrxcrZFanX0N2bEsnjQY7AZH8zOjaKgDUpgb7wHTxsdrCX0xktZPFZPPks8=
CTD115法登他000062,fHC8sJXg6ebBk_JWxZ2eTdSBlj6zHT9_Jsg7O7Qgw6DbpHxmTdNyObvzX4o=
CTD115法登他000063,1rUZTcGNdBXIuQYtQ9fprwYeZYaZ0ZIhZ6Sa6ZTKT_3THLO9dL91NFn1FtE=
PTD115法登他000059,ty-D-1vFH_EnbmF-bA3EaaGtxTWoE05UKPAIZIKc8ffQ-VN4E1rQXF9bp8k=
TPD115法登他000766,cN2aIESoi1NUv1-aU9_bJRrZgHW5wFBUM7CXEvgA0FsyjOioOBegv-zHIZ0e
TPD115法登他000767,Vq40X_wWPKiUTrQUUkv-pkW9tBlg3Rc21sgM56o9yZHAHRVjl67X8W0Mxf_f
TPD115法登他000768,2-1BRXtn0EI47hCW6YoBlBvqnOimdWBDoc_Mhajh1T7FYhfvWSWfiI_NcgL6
TPD115法登他000769,5muuQq-JYPEDPyHfCkqQVLfPG7KkiIZpFCzB66NykecxOO-flVRKvQ7k0AE=
TPD115法登他000770,ZWtsRokwllmPA_mV32sIgwnq9E2XLa5oHCSS0VgxYbu9KzR5boK7oFH8SuI=
TPD115法登他000771,nX90_8kI-uCMZ6zSnBmoyiCw7aFNH1OsXc4McWP6pGx4Y1VvL9nPEx2sH6sC
TPD115法登他000772,PYScZ7-ltt--lV2Mx3Scg52OMq0ycKQBVEc43TwOjgHtjqd1Jj6T-mzplthZ
TPD115法登他000773,hlAWedwsALIWBHUK4MjjaBTHjG9cBPr6tqfAqPuCHlxWyV8WRXn5yVA9O_r7
TPD115法登他000774,jkgrbXnVXSkwve4kBYrt9Yr294wGF3AJiWIS3mUs9t7A_fJCC_FzyBtpkSgS
TPD115法登社000039,N_E_npxaKaCGB2miejkKMkptpc6DDjuprbEx39-D7oZ4RC7g6AZewRlQrhnR
PCD115法登他000217,9TquTyiCl0f11qLtSk4mu9v2w22D5778-TkA_FHugqW6xjP2BklAQOSfOSo=
PCD115法登他000218,rrJRoYjBKBtRu2YvwEQk8Wcnfj_WXhJ-Et7M0HEVP25pRWZJb5AEHHlJN6Dj
PCD115法登他000219,Dgz8AO71vn8LTt8ynKQOptM0BcZAorLKQku7JdzzvsmqzO7WIHsOU6TRNl0=
TYD115法登他000167,w4QHQPy7TipOU2X62H5ICR-MbaXhyjVAvl7LxyROAKFtJQiaOOfETO3pyQ==
TYD115法登他000168,pmAc95PHqQkibEpw25NpySU1nH-967WfIZTlXqXMdYhkADdkUUU8-OjbCT1A
TYD115法登他000170,WnPxJms5D1ebWAn11twqH9ETqH5yelMTxlXkgTd-UUnjIGq-FOmJBu-fQ9rn
SCD115法登他000090,RpV0-YTQLg14IsdW9i8iT6PtNkHnKhYy0sxMZNWsCk4Qv8OLfhSgYWxmRds=
SCD115法登他000091,XhzBuyVF18d_QAyBRJ94aPQSKwzym11SI6x4rKIwLqmLItCWS2G_SPsU6AI=
TCD115法登他000313,g4hmItrdyehQtkPd8ftctwngYB3kn1mfLKjYwsD6AkCgWdwZZ0BVXc6vb5Ri
TCD115法登他000314,YEliae1exDitpS7caPk8WKC6ORrRZYsXr1JJC2A9Huly7WgEqG9S8rN4dgNK
TCD115法登他000315,TFZqjXWGRziyswNoK_5XOtcwZw4qElO_IIwpidlOKfMvE7_VPHU9kFcw8bIt
CHD115法登他000064,pZO1sFxKWNJjx13ClkiM8L3Z9YoWIIt-N5lVOkh0WlJvv3Oa02JF_nfhcMI=
CHD115法登社000012,VcrknwmkgrP4kRrF3xONFXSwPlCFvPNNqhcz50aeLgTUnYFY0jHIeIsR-0Me
ULD115法登他000058,rCivCdaTZjfAPJ7lM-c8k9lUTsHTIPBE3GLdZebpa8D6P3_80N4FBXcldhc=
ULD115法登他000059,Ia7NTrAK9B0JLzB1HEBC1_q9iH0Zek8Z1djkc5aXrN3HDNRVPbajpuDIlQ==
ULD115法登他000060,vASmwTh2_B8Ft3C_Q74lMXPcZeTmNgoU6Yq2fLesPDSPZsWvLvW6Ud9THQg=
CYD115法登他000060,CYBfkgNzRhMhj_O4pdjfRAYvetkv8XObZiX9uDCZao--z2PhoKPYnK7E6g8=
CYD115法登他000061,m-4dveH9kPG4uzzgXPWbeWqiKJ8kRj2Vf8OydCCCr3qEi0ZM61ja5asBuSw=
CTD115法登他000064,0M00sgQzaV2qYMGUbEZSJ0Jt4-uxcMP2zKCaskAs69uLjn0eeMMySfIV4UU=
CTD115法登他000065,TX81Q45fAKlIoI50vx8xxT_fINGKNVTCgCyKBKC5dAlGrCI_TUBNZuRJdDc=
CTD115法登他000066,42oukEOWW1d7nygUO_mY40MqbI1KaZL5bemabl60darUOd4kqH5Jk_-d2Qs=
CTD115法登他000067,0YZ-_cuemLbDDOWL3VTVExykRGhJRulyHqLGR2lzqhe8PiRk58n9CDGuygc=
KSD115法登他000148,XaY6vkymmzrh-P6oEkI0FgMn-onMkT80J6bsM2elSxnVG2jBTxqq1gUKQ4Dy
KSD115法登他000152,p0YkEfKVh2eWeE1sX4nqkrgtSVzn1F0cUZvqPKm0c6eQ6I620eUkQFVFokYH
KSD115法登社000018,PbxWxCRmqidkXl-CrV0FtM6MzXlgzrEY4guB0sWFCdtlmhvIwFlKJ_xSjCTx
PTD115法登他000060,S-vxD-auldb_HVdq9u1VGS3JFsZpAvBWfF6pGlKTaHK7gwJrcYjetr8FLS4=
PTD115法登他000061,dYr2gNXU3sQBoqUQ3H9suLd_hUF9LTb-Nxeet5mFyA2v9XZOYBx7CaaBW3E=
HLD115法登社000002,Z8_8LZHERYK-3FTIhQdKXnvLfNbtEj2QRNpRBMiU2JJKrCdW-PI7x6_iCGc=
HLD115法登社000003,A7szR9wCDPowIhhmJNf7UD4p80tQJKEkyxw0UBiBRH2Yzf0UWC5L8gv6g20=
ILD115法登他000050,AfVasG4Kc9K4agYsbG77Y9mJCUX03iUzMyYBBfQf7gtv3nT61Ufudro4qPo=
KLD115法登他000043,TpaydKynmtaWlBA_0N3YWcFX1QVelJwFesuSF2WeNKDs2SQru9c5o0_Co0o=
TPD115法登他000777,n3KKeptxh3SuALo7CIZilFS5yK-yzZG1mtzgozelJeRczTJsw9B4SiapLjw=
TPD115法登他000779,UNFqokE90rhLgIbybfbIc3rt_eaKWU_agRSe3z0izxSctY-5UyxGnaz7jjYw
TPD115法登他000781,Ia57ubVsEjXCcFcc0HXFKy4fyyiM43mBgmnfmhzvCxGbCdReEBjnU2x0oFRT
PCD115法登他000220,fWrvDuHI6fmJz1H2RDMAQV814qf1YP7NzF7Pp0jZaFxcltR5pch0dXC_bMI=
PCD115法登社000030,H7TmvaqVKIuONHILyxp8wCSnWzog7PlVWiqxxmDhbVtPnvMDvcYMBPzOrlOz
SLD115法登他000230,wP9MQc1L799EV56yxeYYMaXrDOc48to6Bn0iSOGjxAydtbyeC7nSysLUgvdsAmc=
SLD115法登他000232,G77M8_GIqBxIIo4cDAyCTY54LF--U2hgqod19QGEkMzh92B_uXohAqGKNC5C
SCD115法登他000092,ZOXc_CPXiAdYHv9QSh3vXlHa7_dRz3zy43f3rvdvQqaNR1J40U4LuzebIjY=
SCD115法登他000093,EPkriDnFxscIZkCZJNbhLymM81RPtfwQ032TsoiVpRc9LA_q09buhSe9W_I=
TCD115法登他000317,VvSrADHeRRSpsui19WddZOHSxnNx0sK9rw7wBzhGu3UEw_EfNVzI2IHVDnH4
TCD115法登他000318,xGclp7QSO0gso1nKxjvNPeFBdvy-GAeIn0hL7nPN_hfB6QZy0UTN4Ujd0H7U
TCD115法登他000319,cGw63WbtAR0dMh-BkAkeUaO4fKFdvej2lmiNeFXH5Ql795ZQ1SBnvXQ2PzHq
TCD115法登他000320,sjF4ITEtnCxSHu2ZTlh8V0J_2GIVT4XqivZ_V3277aMBmM-LFCE7e_jrW-E=
TCD115法登他000321,biNYMOX-Gci0MdNDDerj2AfqtHXXuz2cIkixiKW3i3y4o8mNcv8faowP4Arm
TCD115法登他000322,kREQNNnLaD_Jj189M6j_PxGJd-BxS4G93v03w3hGRP00QCZDJIX87wHcwL4=
CYD115法登他000053,fJAN18dGI-1du_HvLyXvlU_DsyunW8ieIJXj8FH9_BlNZ7hRjzK2zlUQRig=
KSD115法登他000153,Lq1cWuTbk_5ohrSe_Rf2aAGPIw5bOfJJ-1EjtJWwNj3r--yFstWdshK7H6lq
KSD115法登他000154,ms_rbvnnk_OB2vbfTkIV08PmAeuul7y2fsnUYX74duMD4rlLdFwzhLKpB0BH
KSD115法登社000019,XRN_anyxPMskzCtWS3RdUhiyeeLxTWECZYYDSZEn3iuplmXx-3iU8gBoxzMq
KSD115法登社000020,r86izCn3pBYekMxl4qzZ44sI2r2meDCandqLNv97yuyJZu47FTex8cbtjQ6B
PTD115法登他000062,GVodnlTbvN3jdZcUCKT8OjorhY9TWXgM7FuzhQauuWR07H0QYN1XKo6EXUU=
PTD115法登他000063,DkgxfUQX9adYPlnoyMsnrPnY054biX2TVR2D2tLw4IXxCZb2d428E34tnM0=
TPD115法登他000778,ivQ0pW3HntM4SEIUk9sNqe_heckb5h51yutwdgsgAUcrPgxMLc2sAYgRXlxA
TPD115法登他000780,iTbkzsFiFsOt5x4Q9z3z_3KIPoumDD2r-WrvBFxHxbgzkJ62PvTFwbkTZrf_
TPD115法登他000782,7rEDqs3UTF9bvnv80_iN-R2TEEwfOwu_d1myAu1YEyrwML6NTzkhdbp2xyY=
TPD115法登他000783,7npJuDnyKJpakhoshYBJ7ph_Fh8qPHBut2vuQWXdp3mxmCVZu1wVlYEeRDmP
TPD115法登他000784,UP5z2zym7RLTKyRgPtIGvcXjIoSDd0MNUzuCLgbzTu2eyUmWXfRz6N9-kiQ=
TPD115法登他000785,36LztRNJSRKRXCwkF86efgOD5TI2vg_vUHDvqNzorXIytIlcwdNObkjkuHQz
TPD115法登他000786,QdrwNwzqPCjJWnrtyx-8cNhVkrAeffRCVdOLqb4eBXpQTsuYp8WWxfuAU4A=
TPD115法登他000788,6qDpnlAWJo0BHgfw00imNJn9z-0h8eOx2InWQLDECkVeu7v7orgiea9VVQ==
TPD115法登他000789,nTQQ6RfLkRvyAU_-YOAoE-rRJDKd_fRHpoaMGB6Fsd2GDU3J0483DepZ0rA-
TPD115法登他000790,IB9GeIiOGFm30eDdG7sbUdCSJHwPX3GhiqceIs7Jr3f-1L2XmaRLex1GlU90
TPD115法登他000791,YEWBonmsgyeIgfKJF_Z6oq1pVFh5db9OST4O0xk-_RehX2tqnovL7SXkXhS2
TPD115法登他000792,2yM3UMDRkDSQ4_dGN6BhY8jbkOFvtEW5yqfXFbkmrwzPGyz1pB82poQ0MNz5
PCD115法登社000029,EMXrS0UsdkT_n457G1rEVnkX8zquA3gJ3o3LviCf3D0Mo2p5OQSpm54L1YNv
SLD115法登他000231,G24_ljcCfNs2gER5DRPwP2vKl4rLj6sGuy7BR3Q6kkyay5SMA22JreSQ_zCx
SLD115法登他000234,wcJqmqKCsCdZoqpst2nvk7fUr7XDSBej7Z5KraXOcirnA-fRVqkemDp_XG0t
SLD115法登他000236,jvCgLvH93yX7HYKDtmy4QfIWI0dn9AYGxwFzrfJX9dRJLyLy_RU29O5GnzUr
SLD115法登他000237,nyaaQRWgy1m01uGW4tfvZ5vaKEPoXuet65z4SZ3lUxj6_mrA7AD7VHVIjPKJ5eo=
TYD115法登他000148,yxSLWfUSI3nJP7ULGjg-1ahwKg_Xi4tVZKPYS-MJzUAhR_Tohzwe6c01vYk=
TYD115法登他000160,UV3i4_mR06_BntRLI7_VJ13eB9QqNB_BHvxFG890udid72dNi9eqw33EvQs3
SCD115法登他000094,eV1TyjQFnmddccW-gHs_vdQDQkmEFutnpNL33YqU9-ECcOZzYA3zbakvMFM=
SCD115法登社000007,FH53XQ9EmSuOU7riy-Wt4V2ReKsXMqIJ4IUau4RqmiSNQg2jvGyBKuCeHfPB
MLD115法登他000039,h8V3dSBib64XiqM9hbF7TcedOwLevaKB77DJ4UJJacduuMn4_A59v_90EVs=
TCD115法登他000323,67jvX_b5BJGPZxbuzroSe0kzLgdhcZBgny-vhWIs3gVvG09riLauyUokln3K
TCD115法登他000324,dzempEFkhHO1uUkH7u_4GiRaj5U13zbvw2N1iWM_hGiz0eni2ZMhiA9lq9K-
TCD115法登他000325,Sn4Ei2ckFC736HHBZ7wZV2HUDyfl0ju_g6TGx0voKCGOs97zvOVABELKtwuG
TCD115法登他000326,SQfwbxOHphPFWJ-fmKWVk45VPsuk3eAyUmMBjV0Z-LuF6oTgw_XYAr07Wt3h
TCD115法登他000327,OhLRsgGlP3CafZ77GT_UrWUMUL75CZ4geGGXzeQB_urx4XNmWjppGdm0UgU=
TCD115法登他000328,4JJoKyyJr6lrvEoVNqFIj6j0upMh7JScQJYvroU7lPE0OVUrFtdF31ZWt8o=
TCD115法登他000329,fI8JeNrlVeArTgT5AiLW_eO6bBMxK0dfgT-1AZ3XdLNuImlLMzBIn2jX9muN
TCD115法登他000330,8BUyry7ajlogCJZF6sjCr5w8SzakYqzt9pCcJ_H0slSRQFofL89ldnR61nw=
TCD115法登財000003,dZctb2s56z4wxSfN2aqQJ9HPdrxsi1BJyK0SNvO6470ZSwuEKshewmyrKKON
CHD115法登他000057,GmckWbPQKWE_JaAiY88s67poH3RbdhE7RYOfxHgZhF3c5dIEbhW_YpJEJ-E=
CYD115法登他000062,GDhGa1hF2ewyPzUyoWH5yG1uTl71iLcNI0BYS7E974V_w1fzy_p2RHi1Ps8=
TND115法登他000183,5CYpiHYOVwC3RYM1exaZeQjw6uL7HuVYo9KmdsCG7Jbar9QrdNcrIvp0qZw=
TND115法登他000184,4f4inRCE9Ec2uJoocoQ19z2iQds5OPA9UWHWSTJ6lDqt5abzvSZ6GPn6nIc=
TND115法登他000185,OVQIVIukXqm-HfLF6HVHj6K15bEJcDBitTNY6JFUnugK7QbiF0_ScTaBCG_Y
TND115法登他000186,7taDznegEzCOj2_u6sZ6yO6jhg-9wIeAPnmmFrPz_7s00ghDTsAcQAcWAZPV
CTD115法登他000068,73MNVlHFidKEYUJJMkFxuC65Qveazv4EezFhDIkvHXBTDT76L_VNL_xDCdI=
CTD115法登他000069,ERIp0TIZpzBUiG2p2EMdrAwLfvSzIkIeomc-x2O9y8iZ4YV3SjZXoUOntXo=
CTD115法登他000070,5ZEe6uQk8CUuLRQpfiXcHztPBFVYaghyXAkTxBWA3iFM_fwiz51Ip5B0y-A=
CTD115法登他000071,FsdO1zfqCqnEJtkqlsA6n2IRE05JNzSTh5SxFg6DRPMd5mIyy4lPB5fJSqU=
CTD115法登他000072,4Ypj-FS1WcEJrXC60LTSkPqe8bCmzzTALnJMEUI4iI_gmrQ8kD7mOuKCaao=
CTD115法登他000073,AVUR03sBVxU_od8iWBX4kLweB13qDaLKmO8SkzaL-HAz1Syeh5Wb04wG5VE=
CTD115法登他000074,kZ006Ba4HJaa5gYjpEUxPiMPGJ6pA1vWVwqSMnYFAVqAyf8JP-4lOT2iQZo=
CTD115法登他000075,-VWg2VUT78OkUjSZAwfX2c2TeiFpNscm_B-rKkqrPqaD7qpOIryeSlXf8Lo=
KSD115法登他000156,Rbg_6pBmWv8vRz3TJjN4EDbzkmRhvzJbSOuHZyVNhg61bY3u3E4fhCh2GWBx
HLD115法登他000048,_1wRNwZxWCnAOjoCfHG62V3_gIH-5Uan-uG8AW0DtnuO-_BOxuqsqKmKKQ==
HLD115法登他000053,fJMCKyFkngfH-J0-BeWe7dMC5PBW887IgGFrbSDYn62Dg8rLtnOKtHqvuNI=
ILD115法登他000045,S2BTRPjXIIIwMQ9O06UIxKJUPsl_CCjgWiDrgnKb60piNlHEsVFMy1ZcCBM=
ILD115法登他000046,HhiKKpK5ORjh0QiGvaEkrJHHd5YLHJJP9j8DaUIYVJGcm-VJg3uTdy5U_hA=
ILD115法登他000047,S_BAs5Pa019tSL10BI_CvDEv9lmkch3YrMPPHRPWE2I50QV96b07GOQDlQ==
ILD115法登他000052,7MN2WiAvPIKUuOfgtN9OZ_X14VcxJYX1B99NbnXiBqZ25jY8IZrvyP3jZlI=
ILD115法登他000053,InMFTsrBiQqs3-Y2r9-Rvd2ppsxLy5Q-pmDducyscU-KOAb7d3ZHoMZ-tMI=
ILD115法登社000012,yPvCfgdukaY7mvwtoWlQTNIs0r_XrmATpmZh0F426zxJR4QNWXod6wiPiGw=
NTD115法登他000062,bwsX_krt4LUIqjcWVVl2l8gIJQm0dWhIevN3r4YAEDzMNEOBv-yi5oNjFNw=
NTD115法登他000063,PtgebyMg5TAkgrWkkZ7iiuOa3pZJRRP_VvM1-ydPh2R9i4lw2hOkaptSDew=
TPD115法登他000793,HEI3DUil18icFNhTgkcQSxtzp5YuYb0bw3ShfPG-U1-myukjm13JMmZEar25
TPD115法登他000794,3R33D5kZNfy0QQyIGpOsdY4vCdh0go3I07j3onIyLBqlLdd7UJELc-oOZFzg
TPD115法登他000795,daeUq3tAF06YXeVJBLoiIcpbF52Wqd3IgEboGYsoFcRg2Mb_-bmQ568UoIxO
TPD115法登他000796,KkzRQfDivKAwQb2q25ZHUZvZjJMh9hOjkEl3GWzuApzZTtKooEb2sKwa9Ttb
TPD115法登他000797,53eW5s9_4zSAKsU6HVIwD5usz-zPwc2mqnsmk9NLvF5Wtvi0U_n1Fg6_LWhu
TPD115法登他000798,I9QKBX33DWw-_5AVkSzTzDVnqIwF-whTlbPUgFFOOWuTarWeWjBji90ar-pq
TPD115法登他000800,S6_STlxyEyb-UoGWX83P1NmIiqZ-jzoQCxQthIanwPCV_RgX1_GiLD7iMIJF
PCD115法登他000221,52aHUIw3z0UO0b5TA1rlAiJwqg89TrmfjAhFVJ1svsEVkl5rNHt9nv-j9ik=
TYD115法登他000144,K4Oo8mtxN6CzKxnH6ZrX2zwc61TnKZXym552ABR2kdT-ViRi2R1zHyvsn7E=
TYD115法登他000172,GDyTpdGr836J-Ws3NomsV8ineVOtC6D-zmMVhyDzeCtswIH0BHHEvy1PoEJk
SCD115法登他000095,hHZ13CujLQec64jzDxv8OhfAUHYPXZIJZ1bnWDKtPc5cia1wCyQTd8nAfvw=
SCD115法登他000096,io_aT2W8NpGVOuyodp4GYCqHOm7cc_OvAH7qzupRVC852gnAlrl5PZGDvg==
TCD115法登他000331,NlN3Bu2OLM2jNAtCpRtiznfGvr4NEkgrVFfFAzCmtV6-NeCnf_aSSY9AzXLJ
TCD115法登他000332,5eHcV09_Cs0_02uOa24Wm2WVN0MKXKLf0AzNgHQiyjS-IU4RNOOOBksB0X3Q
TCD115法登他000333,jivwP_jNyuHcZlGY-3Mo5M2aU3knvTeKTzTC-AcOMxFqZUKRZgagGcSKW3k=
TCD115法登社000040,b54jl1WwY8Et4CT3qWDFxXxQ_gz9xlMbwLd41q-l1rK0SybHtnN9wQfESxEc
TCD115法登財000004,tYmxn-QKMjvsNUw7sYxDFsT7tT1LbApIZXdUKYeitwI0EhPFdFfOkvH34Qtt
CHD115法登社000011,5wdCeV-O5Khn9nogLG_0Q948Tov7KXlLg_ZrQdfHhfLpEqXtExqZrIsMn1of
CYD115法登他000065,qpgnsXev6vXOxUIXRwSr5ytwNyJZoihCpiZTEcjbYUpJNX1N89801aEvk6Y=
CYD115法登他000066,ipe_7qK2kLJsIXRX2SzOs3QlvSy6yjdtz5mkZiM_Sb8IQ0qI_O83afHuICs=
CTD115法登他000076,zhdqFPKEXX1NJFxyhexyUr5TwM0KNocgfSH3epDBBamG6AMGlBzCoQEHvIo=
KSD115法登他000157,ExmPjO9lmyookXWvSkSqo_9vd_qyhwfUV7wYL_RXmLxUbbn9s58TgjHfM_HL
PTD115法登他000064,3A_pH81AaS-5dWy1mosMknsjL-BOlFsaVHFPZEyQazZaFCleUyXD5u3w_Ro=
TPD115法登他000702,AnfzsByLZf80qWaVaKMPKR_qM6GylUjpG767nbmO3MAeEjaNZm-xfdcB8JQm
TPD115法登他000787,jfSZ4_NwQiazps3ywGoXAJAopbywod94Ple4xAqRb3u4fasrkAR-x2LYgeV2
TPD115法登他000799,7piEaefPc1N_uZUk6i4ut0UUOR2okOjcDn8PD0D4vkAPln6nlGOTZg62pT8=
TPD115法登他000803,Is6Ke_rVJFfkS4r7CqLRIQNm5sqNPPes0_5gh50sEvcaP4Yu_DfkU9eX1sO5
TPD115法登他000804,dYnD5SJrCS4QsXJ6EJ0xvoRVuOA6ae8IhNzEiVxF9lR8lFaKe5wH-PAywFMW
TPD115法登他000805,fK06vLHSZdftlOLSH8q19g9gMLiAKaja1SpC4-9XQCVj4OAZezTTtvdkRLlN
TPD115法登社000041,7_CRMUlQ6VT6_UM-jt2aWSFIE1TIGshCOo68aadRxhuvQyjAKUXUCrdz-cQD
PCD115法登社000031,cTXmsQeh1649-2MIrrhuzZpuTBXpO_y5SlWVQU_q64ps3QNBgBiDHN08JJ8k
SLD115法登他000238,743lzzOSFtxLNTVYfPBAJnSIpmLLw5oPatpgea6zn-BSdUrchMNItWTcAKk=
SLD115法登他000239,ayll1KoidGs7iEdAMMDpjoufaPGJL_Fa9HPlXU6AQJryYEVEP1Sg577SO9-6
SLD115法登他000240,-ucYKFqKBNCtczFdesAbWUnIXDs2x5T6rwgut3vxjcJWe3o9NinLBegqCEY=
SLD115法登社000021,NXqgcn7xZsT5JdnkEVRLTcPNQuOVmID0qC3tJhP51ie5--wcRMbd31be5C-D
SLD115法登財000005,9FCPWMmRuTwu9TBz7EzBPWkf1-OBgRRcUenss3RjgKMPO4WWcZkwFStu36KN
TYD115法登他000171,LOYLf0hhXBQyevlSyPheMA46R3jsnYWbqlzFvl5hu1i-RR3ohBsv7eSiUU4=
TYD115法登他000175,9S1kDIkExHZ6TD-kgLLFIECwZ2dvxB9UuXCsr60KhvzFpWjblcwn8wgq0VmK
TYD115法登他000177,VQ3f91lXsAzCVBz7KKBS9ZjM1jAosIzLz6MulH0dImvm8Jjle0aWEepCMfqa
TYD115法登社000027,lzjl_0HVy7dZzaVWw2rvutU7YL7sAa7VjQ2CheZ9NA7Dx7rCmZyQffFc_eFw
TCD115法登他000316,xf9qeWGlTJ0xarqcCGiDNoOccjDv3NAE3sEb7vr5T-Hu9Psgep8af0MW4hwq
TCD115法登他000334,rjSEksLN4nrBCPpCDcV4aPwwAWM3dWBb9AH6qX_FAckSYz5xpBaRQzN-y94=
TCD115法登他000335,_EyalG6rdk0dYrsyCvKBfDdKm4NyjZt3Ga0Ixnb0-2L65nA4rFyGnMSZrl5R
TCD115法登他000336,PR_hJsgI9pcAtGbNa70dHNGgvlbT3xGLt7jYmcetIhKeTfry_E_TutDUE58=
TCD115法登他000337,yCYKlz_qW0-MPzeIq33gsQBIWanJfmEEKxUs632QFgsyUSPsBHNFHW1vrfbi
ULD115法登他000062,hw_FEuDth5QustDdtEf9_4AjH8h44x0ttZWp2qmgsIpxtnKq6arJuXA9xBo=
TND115法登他000187,pyiwFZG6MGIxrb_NAa2NwXjSEvomqSRJEERxMI76i5-xh_YEaXhwVMjEXw==
TND115法登他000188,hDIiJLe2Jr97bMkAHgwuj9TzmsXnzNI5mQzDkB9X6H32O96I0_kXbVxPrJVs
TND115法登他000189,77sRP3USRbVzcvC3V6_dM0QlevFW84o5lXOTsembgC6UXg2xq8V677IWvAJg
TND115法登他000190,Neia7GUHcQAqyjfceQo82X9Kdvu84VKf2gUP0q_NLSi0UolZZUFTdMoDRk_k
TND115法登社000016,E5KUQy46uXWW0MOVnzjIlyrlRtx5mQ2BgSXBgmUk2x-ijjs7K62gNoj2IRjd
CTD115法登他000077,XAxOE3PCWxD1LD8diF7SZN1e1wEtD7EgZOJP022XEFjq3YfdUgkveXjOKrw=
CTD115法登他000078,3D7dwlEiWWmDbB0KQ5Zez37ntZHnmuMYf-xooXCIF9ys-OaFUnhf6t37vHw=
KSD115法登他000158,UfUsNZY-vF_oZjbhoeYJp8XkegKwHb7Vv4YxY9e80dMJB4-7ln44efDySQ==
NTD115法登他000064,xrM7k_2Dh1o5K0dO3Ibe7U5ciPIH7-3psVnLvDv7964yO9QN7-J64_RZuOA=
TPD115法登他000806,J5pCPDRrseXWTb_5e7FvNLi1_pgjCS9K5XKD_qjtYknTLZMLhZaZzHmV97bE
TPD115法登他000807,GVo86NsRvbdLHocohrj2nilt7N4hqfJwHDM7aB-LvoOTAc6p-O6aZ3Vt7fcS
TPD115法登他000808,Pl7A-4s-cmyIinYR5-MXPIN5_zNRl3UhQMDQ1JJ1MWL2ILyGtld-3bsx3QFD
TPD115法登他000809,8FIfL_787VgWIbpjgp9BfnepWPPJ8VeB5Q9ZDURRsTq3yyGjeIZs6XNHu78l
TPD115法登他000810,Zm32KOiwJXJOP0Ce9hyNn9muTB7hlUlo9AkIJRKvOqbckOCaHE3mOt02U1gj
TPD115法登他000811,EJIZ0WfidkBM-6btoR8McUKNt4EEJGLNc15ew1zWhuyUCFJO5_tddBL8Owg=
TPD115法登他000812,gPdusfwWJzc6lkvd-mnY7nUERC9g2RCyPYBfkF4TQ4qAEJRkrYtoFp0lWcI0
TPD115法登他000813,AKEqV7CpoNvkIjf1D35RjTQ_sePz93KrYEz1wvK3D9hTo4x_YPN9d9Fbz5yB
TPD115法登他000814,GJ3Tikjh7OzXeCMfPSE6WyUCxlJfN_bW9jE6OwpZwAbF6JKN9OSV_q5oBwQA
TPD115法登社000044,2_inLVNBNw6bngUgux_N75vPaR3N6ie98ZznEDm66aQOs2CSFoiRewQCavhD
PCD115法登他000223,IpCoWh_7gsMFKmMFEJtXqGRZ9PcMoVZatB98v9O9BVr0CWYkCKbGIqUZNzyD
PCD115法登他000224,KAY-Vep_saOXJtYJPY6_zYqMj-vZ-1ow8xqCMk0BqwAiXgT9CA9rO0uqV24=
PCD115法登他000225,uzxlOZM5-VZCOK3Nw-iemCmnj4HXWlJ9T6XfNdUnFENR3bxGnZcliZBbOf1i
SLD115法登他000241,0GU0vb-j26IeN4KzXWVFiq6bVz9CZLHNRcCYURW1w5d9hFBCpsNIJ0ML8IOkTG8=
MLD115法登他000040,xOs9DKz1YUo5ROB48Nou2EVWukwfqlvil9R3Ra2Jg24JgzrktqUZAPQGwPM=
TCD115法登他000338,UA2KXhzOG8nbecE-SERrjop9Ws5X_rrRrkxB1vAM3gC21WyaFYvk78Ujet7-
TCD115法登他000340,fUYdvTf6djDzMHFyoo6eafxvkErfb0ZEGZZPoMStOSEIMg1nve8ZHhUv0H4=
TCD115法登他000341,fMHP5iHqL9Ossr9D2fhx1WAneI3qsVLJvNWqfebNiKSLbgjkl-PLvTUWWDcq
TCD115法登他000342,CTa7YIRSIFuikeV77YYDjUuMqS92-e3k_jeePHu91bPWelFkcuOHammFVh6C
TCD115法登社000041,zAbyrQhDgS5UKnikLKz1VdL6lA0EY0H97DBibAEcA3AKBF-R7rFhQFdduh0s
TCD115法登社000042,48AUn6mAjmbt_a0dLDfjoR-8WujzePnuG5zErvwtXjGTdAr57IaK0W9IVKDB
CYD115法登他000064,5OaNVosIFgXP0pi-f7x3zgP_m4DSZmhpN8VmH1Vud9LvV4qGgq1v_XXfFl8=
CTD115法登他000079,8lumxNliX3cVY1sl-ieFpId-lkp1HRcc0G9Pg-gk6uT4nRlvN9gkAYgWqgw=
KSD115法登他000160,MEtwq599ep9fg5A2Cu2PoYE5DV7tvgF_H9S6MFTLUynzLBg1NzaqUx8M-Q==
KSD115法登他000162,oQhGU0pMCq2U9OsyRc2_rTMmvUq7QGUEFrLcJx4gZug4lY_4pvDaLEAlh3rg
PTD115法登他000065,MU1QDonVip0gX7vcA-gJm1b87fxjXiN2eo0v42UNqBRbfImLmIJDHhsHww==
ILD115法登他000056,-93UA_svczthuo6p0HqaF8L2uYjxTEImnrHPN1ozyMKse2OeMCJnmCUy8uA=
ILD115法登他000057,el9Zko1F6BbhQ5LGw6pHT7_X6wHW3HDie9mwtLJt8lU9QoK9ASm9Gq1sUEg=
KLD115法登他000044,oi-9ybS3w_6akHnKZY1k4jakyeyp-ZryFIMnPH4FFQgjm6hmv11T3vLFH5g=
NTD115法登他000065,mZy4VMMRFLZswKxt5xYVYpyJ8Qun_nuScNY2s1XTPfgLZW3nAV6BIrKV4w==
TPD115法登他000776,JHmf_JybzbSWyiAWDN9G-AVkCAXuzbfrOEDg1c6e5Ew1jx47HyQHgQAV1gM-
TPD115法登他000802,6UvBx5u7IYOcFbcmjCLr0RgOacykL2shixvLBHjC9wzS0_9vskq16cJBrjUp
TPD115法登他000815,nxRv_zHN1KblulHsfmtAKriu-qmz5tI5HysYDSfh2tO2gtbGXIBDtuvzQWc=
TPD115法登他000816,HQIdzsP1n5kP_wY78kIzDJkwIaU-7W6OsXkK4dwNvf9y0gaTDQFZ407jdeRk
TPD115法登他000817,zS1fnHOav1TQftDmoaF6_CzI2jVP1JScNYLTW9p6-k6hYvfdGNKc_rHgdY0=
TPD115法登他000818,v68umubwFQ1y1Rge9HhB1IaeQm4BJg3cEzem47NzktV7Ey4lfL_eTLPo4ORM
TPD115法登他000819,T7q_jREr1688yCbxupHjrTJ6tK9pSUxlI-gnmxg7Pr_i9Dk2rqbbfh3mOJgh
TPD115法登他000820,oMfMCVbDK4zWNvWKeaRh_fk3-_DcntOIxkW8FvoHkSzqxqsBHEv8ussbyQ==
TPD115法登他000821,OnXPzBO-hS1io6IrhuOHZLbmWHLqIQh44RC3PMbfgNejDRfQCSEnB-kx_AM1
TPD115法登他000822,HRnUu7di7qZGCoJ3dr7-hm9X15qWzfvsammp1Lck15ofksgUCpvQIteEHX0=
TPD115法登他000823,Pi4pcYk-Yx3M8CyLoq6a4yKhgeJED3zjcEw3vHZjdVw5VGFIav83SZotDJQ=
PCD115法登他000226,Xykkuqy62ICjhXF9w6_Y50vnkb4aD4x9diOiU7PZi6OPDdN1K1-Oz379l4A=
PCD115法登他000227,SiJTLsqLFLnjtFhMj-xz7_oV6mgIInyO12vr_2GPZ9cTjYgUU3xOeq0LZ2Y=
SLD115法登他000242,R8LfwzGWaB0NIhzCVUZE5uy-PE7DEkJYXk5fvH1RLCMVgof77R6zdxF2VlpO
SLD115法登他000243,K2ZJUrBLEBna8fc6jVNMDHO59UK5JfH4r6NU_XPTrlKh6JSXWZQgn_40yth0
SLD115法登他000244,4DoEi8HXTeOLiBuKJwHet9VBYd9IEYdar3O1gVKCNPfUi_h37hI0nXyOPfkUyLg=
SLD115法登他000245,BJJX3l0sPG7uGiAn9xnWuC0dyOnfSupF13gaBLEAT6sIpEicre1aaau5niVZ
SLD115法登他000246,UPTWfBYzeJUk1ywY4NCgMqE_jg0kSJWg4Qi7B0Tie-ggsK38QHxbFrBI6Gw=
TYD115法登社000028,iuj5YbSek2w1zbmLqfmFODy5jYBPcPvG-akeTtDgsDJNc3siq9EeIrmem-4f
TCD115法登他000339,_6jvYrCrMG276ig7AGgGyPQigtu6gp194oq-GP4dkOxBpQcWUkt0qy6Lv540
TCD115法登他000343,P7K4HTryNU_XlGmG2gckJL7ELbFhzeNC0oRymwK08weIdP4Da6qxOZUXq-b4
TCD115法登他000344,0YoihpZWuzWpAvgIAJbunpBhHI4NRbUYjrjr_ysHleYGj_OHH1jkKePAW2pM
TCD115法登他000345,Ta9jKcyWV2tGqZihsF8htFU-Qh5lS9QphYOT8DmVhmL2TtwONkNAp5AbX5Q=
TCD115法登他000346,zD028EneEDPOohrNUpW8VajkYP2jJmwf9GPUCcKU52rSL30SibaUWKNZbz0=
TCD115法登他000347,c2yB9BFEhOp-PIGdfr-EIUlG0uBIPKp69YC6zUA4wqLwUerAib7BYxcGV7Us
TCD115法登他000348,2n5KHCHeMHmgS76myj0be9KlontdN8DKPKlEf1Pix5ECrk9QQ2jnJhfL3RY=
CHD115法登他000060,yYxMPNk0l-DHJTqT7wctJS5dbt3VlmGyS4li_zvAFzpPTfc3vVwUmshRJ7A=
PTD115法登他000066,u-GsldLmWD_E3NGWbaa0uPYLZNT8G0pTtpvm3lOcF-Q1Ogg9v3jTQSj_uGs=
PTD115法登他000067,ohpuX3qNGq1ncTqVnodrJC7jrk0gwOdy-efv9mgzRBRzldlZFWtWybA3MYo=
HLD115法登他000054,7lk8rYJaD3wdnr4d9eApvspKseVM6hd1UJw6JpXGocx2j3vH2EqNWrVR9ok=
HLD115法登社000005,c_d5-PmAHo4U8k87FkxekHF_istPY0325jHzJ7WAlmrPlcwDvSCj2qk6cto=
ILD115法登他000054,59C5wGDyYU1H_6Yf2QwRTpBfqkTfrOHmFvtMvyHXlZotT2lOz4nzYbMbGEA=
ILD115法登他000060,2aYm3relEnl6XD4sgNeFMVN8duLJMSbfXcE6MZNlY0YAkmM7Ipft26h_TZI=
PHD115法登他000010,kpbPJlFw2xnCnxlnyrmGmSN-HCmIZuc2TwByUEz--xKflZtqndg0MUhy0A==
NTD115法登他000066,u4DdHB7Tp8Tv0fjl9IbVsn01HM9addqP5Rgs6eZcB1G1nPnN3EReO2pkG1w=
SLD115法登他000248,Gr8nR5rkAY4cT3jg0rIp4YCg9jKDG-OeOeBz_nT4BXyYYEI1fBUzG_TZoA==
SLD115法登社000022,TEsol6Zzo7_zrswwJqjIfY8GJwCLeWVjmEWtUwJwGikwQkRgZq7HPYZCy1e_
SLD115法登社000023,RM19RgJu1adrD91G2GY43ELHgSMNR4iiVTNoCPkjG0U3dzE3me0lzYNYl0IS
TYD115法登他000169,WG-dkQvUZSuNilVrAtwtjdx1TnS1ywPqvEDKRRn8EIRUdznaw-dCAlPv0cU=
TYD115法登他000174,xmLdutZCsplUIjCIABJOnejW3ZrFf5FbqIW5Zd5hcg032kP-XFjVHxMx0Nk=
TYD115法登他000179,8zDykdFOAB0BezE3S9HSue_6WhntI7fBrJD0XSJglyJ3lk2dJIOnnGbNiKtI
TYD115法登他000180,gXOiFQ1q3rjk3O-8k-_n9MWymzqpy95zAALWl13zyuDhVJh4CT5BIOyV-84=
SCD115法登他000098,ehXfWhjeliFgLDIKg0SMlhf9GfJyAYu45SIXvpKy9c9YjfzRVIWAAK8UWF0=
TCD115法登他000349,K5hed-uYde1ecM9BnElcVEm_H1akSFUef_wzvXPM1PHEL8F2k-G0LFNLyLbT
TCD115法登他000350,uHHGuJZtFQcsG3YjzGzEUJcb3ZGTjS-hh2wzHoGb684AqFW9JmThcqllKNs=
TCD115法登他000351,M69KBiYpI1mL9B4FPVfG9p_3DPlNtuxTZhT3OhPad6v3Q_dwJRKNU6Cpsmg=
CYD115法登他000067,0Jw_vacVHTKYM0AmunxUl2zJIaGxr4avsOPzHdgWo9KAJtuI00gSbPusP4Q=
CYD115法登他000068,78kUFDvMFf7u0EmUxdBRrHuLl044_MBoQxH8LXZjIQOsiFPYGNHKpmhOCQ==
CYD115法登他000069,rabdHMr9o78CEzOazOdnmXF2NtMaETMAKvXnF6Nta-oVEe9e5fY83jwicuc=
TND115法登他000191,6QONnhQLVjE6sePaon8hKjQdSWCec-T-UG_mM82WQyt5J-vlr8lbwGhdvw==
TND115法登他000192,4tRdiDK0Cj_wOPjiCoHOzJrXDp-Zwl0VqI5JKr_NLg8jkBLkiKbKZVyXsMc=
TND115法登他000193,B-OlrKqj7317cFJuBXkxLjMf9iRSBbEw3-cz9LRoOHblquELxSZRvLh2_Ro=
TND115法登他000194,h-hRkxPKyA8DCU73uMAjT39vDYvGA8I2VOTqG7nWWbcAsAM_EJ73IhunnjI=
TND115法登他000195,iK_io9_52N5sG_itnskDk2OdGJxKY_52zKOghwCj9FnZCPxzb3UpwZHnH24=
TND115法登他000196,x8tsED7-JKRdaODz8q8CIshTx9UPg4njTmhIuxI2Zs3OTS_vzRVFvPEA3zw=
TND115法登他000197,sn0s_fmTEA4rsUgDmgDNOx1V5Fc0CF8UBvT4TA9k0dqteNhyci70jZKYx-YT
TND115法登他000198,EuLNAFjzq9iWDJxEJbzffBfeX2sMpFXwNtbi_bZkswoW3FPuvYHIE6s34z2e
TND115法登他000199,WIJcR6RdadSR7zMZf3LDtaHNPdBYr5vE2VKQVO_BP79oN1oQa01AjYAqL-QG
TND115法登他000200,9T0e22mQ-Kd70C7KLEPyRykmNdqus8Y7iXfpbYnrzoVuH-OuH64fC1xBoADT
TND115法登社000017,b7zmQx2k6jCxxyX5NaxkP9pl4ndBuA6vP0A_kA5EHrvWxJrdSoD1aLomeKyK
TND115法登社000018,1EZJ0nRXdz8aB3RIHvsoHnlMlDw4oCb0HAflBIvm0-q1aOm8JsDOESuYCKZu
CTD115法登他000080,IbmVIAFytlfJeDc8yLmeKwADsKKTnXF82RnJyZ-k2fyfR9f9PGLbwgeUNhY=
CTD115法登他000081,KY1ZlakuW0npmqiEvj-tWI5BXzriziBht4Hl9tTM2npNDBgs6lGCVCxuB2I=
KSD115法登他000161,tW7GOgAtqVnOp-nsZe-RQoKgEY1hDvO3OmLzQFnglNTj-MMWMkK4TkCGuVg=
KSD115法登他000163,iLOliMCkO9LJskOOWKEuP4ChFL2uWXo32vPglu2ffc8bAAvJiyfGzZTFec0=
KSD115法登他000164,BKWRHr0tS9rwbkJaLRu-KlB-tT-LDclLNynCPbE-1Szhx-sR4n-nCKTEoD5U
KSD115法登他000165,PfCW7PCvHHMhSt29JmPM5g9XBoC0jsJtsdzFfpoBN0c67pzeGt3IiYXBq4A=
HLD115法登他000056,8rUFUvnqhTX5I31g8emrAbYSEtae4fp-nrdmY6qWLfK2He9IG46nJrROgxQ=
ILD115法登他000051,rv_Lwx9B6JQxhbf2CaS5baLgG-GGyeAL7qNgcRaZw2HYddl84NsKnuK2cmI=
TPD115法登他000355,Epr0C2Cy82D4Bcy5pbsjpe9IksjJkwd8eYvmipJS4TP7PK04ZtVm8q4MHw8g
TPD115法登他000736,mxO93fVSXEs4DIrgb_4mzhT2pdefbuHA--tnipE8UqZFfG3hGh92unFGHu0=
TPD115法登他000824,xNntbF6Kk4MWRpy7W7uSxWYiLPz9kehfKFsT4HxTDWfn_-OXb5zDCHQcFa9G
TPD115法登他000825,xmUEev_LXEGyVOc28NeeNAAjsq4g0Y0AhjQNbz5JHum_IFSyImMr32AxJ6HD
TPD115法登他000826,mfHArIdDKl3d3QscLPFszrTMnWjF2AxpHOdmcAize7yD2qctgvROBOv1aw==
TPD115法登他000827,ezpu9_qSc6ZK6iiAxMlkKzdnrgSzLGBMNUYTsSMQSkQnc1_Co5XaEMIJ6w==
TPD115法登他000829,BksYBoxhSxrxZ7w9DwtQ1aBF0OqmzIk0RbIjdhdTLZGLD2K4WW-_re_qNRru
PCD115法登他000228,lyyPwf_kLEgue7O5YXCWgHIELtYtsS-IBttPz7_s5weHgSFhip6sxHrM8c_Z
PCD115法登他000229,EZrgxnIxjOfH4Yiej0eeXRJd0WqTTkU5gaDBDJD19ndLIO75qqGezN6INeUK
TYD115法登財000002,0eILIh41tQ-PrGAQO3D2FIpFoDxHdUdGIICwJr4uOD4zj3etMAdQ_5DzZ8fn
SCD115法登他000099,lWPaPa9sC1FcSvh97tai0PNcI_Z4wssB8g3LA7X12WkLpqq0Rw67X6wbpzA=
SCD115法登他000100,B3FjE9jfNp2-Zu0LhP0VywSCb_9Wmmup3tzWRbbHTruO9k9iz67W_XI2S8k=
MLD115法登他000041,uzToiYb2iN54XZP4Jam4l3dFQqzzUL3REElVM4Yy-aW-2DnYBsgAgZS9rao=
TCD115法登他000352,cdFMF28k7lhFQCeU6m99RhJSeckS8XNBqbonyIt9WczxynIBfdeMq6byhHKg
TCD115法登他000353,tV1om73kUd-knD1sG3btaNMz3gu5MIiozREDDGl1wrupRl0KjSYloialB2fA
TCD115法登他000354,6omnm-gGxvhYj9nus_I9YRmwgL31MqKqeUtMx4MEJWdrI6EQZMPnQ-t6koMO
TCD115法登社000043,Sk692HjON0G5S1V3jmzol4spfZegnTF5dv5iKEUZZ1EaQWRRtru5mbcH_3re
CHD115法登他000047,fva0VdAAjkPsoXuEC5cZZfwlB8vgJJNeDtqFH6GrrnMBGq7DPZwL5itHrVlN
ULD115法登他000064,wRgZSsRUVUecAHgyw7Xk_pvi8Vrv-rmY0DT21k8F0OUloJfTH9KMaqoPw4g=
CYD115法登他000070,l-mBaMnDOip9-nFbx7ZlYouNQ9DVOprIHSo_XzChH3oeuGbU1S0zQs7vnwE=
CYD115法登他000071,ULjuYscN__Kb1dwPuW2MLrOh-iHAdiDdtu6-av0cvbVqi8j9m0kw_DMnJoI=
CTD115法登他000082,rpF_mWIyxzhCV2uCN5gsHjGn5tiEHFeSGplTMcsEB4WshVWHDwE67J8zMGk=
CTD115法登他000083,1X3IVBhrjqugNAX792jh7rGEbYP46xziA-yfWwKK_uhG1R1FoySjU2XaknU=
KSD115法登他000166,yFM0BSvvPv1MiN6W0ZHHJa25v-JSSsGsplelg_MSwM8F0VWyOs5jxaf53vrk
HLD115法登他000055,rAjx2sFRLmVipoggACOiBBdbchwEWQlBePQTs1yqLV8MXl2dS6s9CKmji3g=
ILD115法登他000044,Ayr3crDriy9DWIhRp6NDAPqXhATC0hbbMm42wS0_-23ZFUfQ9zw80yLg91g=
NTD115法登他000067,jELEMl5QXj_BNBk4FMB1CQbQw99hoFNC1WiDa-ckRd0-1AN4fdTn2s0qcuc=
TPD115法登他000830,QEkdpprxLnwgfT3Ws16ZARbqa44QrcxLRWKRMgRxNgTnpI5mpVdJwVy_e5xt
TPD115法登他000831,z8IHsYH83bWerxrOCvpqcVrFIo9FJKEj-iVpE3l5BDTOKmCMw4TADdwqXOs2
TPD115法登他000832,fMBKF5jvBabUfsRZm86LYKl_pUv9lxJVqUhR-MCtqRhoCR8aIXNgEeVzsMQx
TPD115法登他000833,3gxf4LfLh_cXmoR7GYImRrNVZ6wamoEfuOao6G5KoFU-yL5FS4SfLn8FLRBa
TPD115法登他000834,NcGxQanIceUzLZuM303imJ0ZUVGSg2g3EVAFu-GD0fJfqS2uMXBCK5m60Tje
TPD115法登社000043,q3YoKIL5DMCpXi9bUOUxp_BL4V7rDp9VyvoN8i9cOcmRyOUOnNk0McVYeTli
TPD115法登社000045,iKv3WrL5lvl5azSCtNMIba3oUDYB1P3Y9F7UsvVdlyIxEVxsOMcXOaxqiU5S
PCD115法登他000230,-6111G7gQWbU08UDSHiNgeLuy_hIOiu8HjoHEIzFXdrNZXYQETP5PPcdbfMs
SLD115法登他000247,zmPLZMGVas4Mc7AuJZvNSDjDpeu2Ptlgy7EancqpNdYRPD_Ti662oyFEUrET
SLD115法登他000249,Tsm_BpEGa9rdOruUikIVP_z3f7eY5U7zLo6WCCO4Mn_WmRHgjnSxhSa5mvQ6
TYD115法登他000176,FqyjI7j8m0291NjZiEChgdsqhH6zifbvP40Z7mS-TTpaVBkrhLPx9R8A5Q==
TYD115法登他000178,HyP57yk-YWgYJbFcqOrtd7ztpvv-8cAL0UDd_ny_53bbphDcYkE-Cj-1Jxh8
TYD115法登社000029,tV1dDIhcedcTbOzDXgs9FM7_bKDZ1kPyy-1VKDYew6qUjzY2TYBnIZfKkWDZ
SCD115法登他000101,zVFbMKrfg2SMYnayH6Jz2qlc3E_myhfILCYfPjtpq7-A4DpSFj9-CGjsOEAF
SCD115法登他000102,clK_igU6wsIIuaEIb5aFwTZXtkRgGHVkWCHtDl3s4Qu4kRVClsSkoOKv7pI=
SCD115法登他000103,CMJDeFgrJqM7ShBsK69n-wuHpUn0TWJfYNqFXJH8c4u1lY2K9UReXINLruM=
MLD115法登他000042,I4eapSDM1lJLKw__GY70HRiEaSxgebZvzg0NXrJ10w0kM8C-vJn104B12gQ=
TCD115法登他000355,qke7bi_IAEbGKEI80moosLHSSsP5MrUx-D6K2Aov1DExFRYH5HvmAOapUiCv
TCD115法登他000356,wYGT0AiXPh7K4s3XZXo2xAyGpQ3GkQNbcGOeRsM3CYsK2AXpkoWvJy9083t4
TCD115法登他000357,GOGpx9-9rusE2Eq3q0-AiHclBxX-cYmWwXMqWRDPrC_l6TVboZzqw8iVWSw=
TCD115法登他000358,4ImuTZ38EXsygGjkTWCiHONAKF_hudpmoWboC8yFVghPXVUqZ348ZQ8hEuFJ
CHD115法登他000038,KZ2aQ7_VwEFC-xrkajExNUytj4sADODNOH2A_G9EcmMVzA56Kosd_J7ZSLE=
CHD115法登他000054,64-3EIlXR6ubQTqDz6vXR7osfW0AnAtl2PitZWsyCl-7T6ELi3bkxgX2f_I=
CHD115法登他000059,U8_aXi_jwDS8zSoJiJovytZ_4Mdgs7rzKbX5H0KCENb67MbARbZA3DQNBWs=
CYD115法登他000072,i2VAwZqkyhCo_2xZk43MZGDzFBMm25T-KOIBMDHxFv0eR69hatoEm1_YaMo=
CTD115法登他000055,j6T3EiHE0uEn8F3VhSmQ1CrYtr5O8G3OcBr4ChGR8fpEdkxVFg2-mvB_PxA=
CTD115法登他000085,ikdzuNAaRlNcriaCQe97ejtwNKQ3mrchoY09wdo_XsvhEtjTWBoSYOGdMRU=
KSD115法登他000167,pRTjWUJr_oDfn-umcDyH54_z-VdX7OtlqsIErPUwcXkdMhlFKbANW5Q0ETo=
KSD115法登他000168,rk2newps7pznmA1ka5B8WVJKIUcoBJMCM5pwYXfNiWXlTJksd5_DgjxjWak=
KSD115法登他000169,rkdQeuiMS7mDkpw5sXqsuhcXRv5kqOu1msWcqUHbtZFia74TeVjPEWQkOpo=
TPD115法登他000835,f3OjAle7DUVqZmwEG5bsccgGSviKDDy9dOW6nlHW2sfFa4-WtIf6HwEZsZbr
TPD115法登他000836,wk_T_dNPI5HBMdd38DCGRhjD-dpyoQiZJpqdDihQq5JaH8F4RBnmcvOztNSA
TPD115法登他000837,GI3R6fezvjjK7Gw3_a8pF1-BARy1TOk1eivRvkf03Kh1PU_k-jdwnRqv8_mx
TPD115法登他000838,pGcdTDCOt0rAz8XnOJY8Sxo5SabaNBq28Ox98cwq5hiiaEJ5b2UOD8dz7kvt
TPD115法登他000839,5lqOP9R7VC9IJWY9qMcfvA0rrvEGMzSnFhZsL73imsgDtQR7M_kkDihprZfI
TPD115法登他000841,91wlMHSviJLX36KKcYJki4zFGugDYLMgybgcPEczvOg5RmqRZeMvn2aIdA==
TPD115法登他000842,9i44qjwsnaix64C5hQM_qWPMl5tkVGSjuhv00APQ2ICROC7fTjGEjYh867Sc
PCD115法登他000231,SL7Uqy15vbDW2mXVugIUuYmPwxYK3ZHH8GsDjf4ojoomAj_dTLGnAOUlk3o=
PCD115法登他000232,5_ZeBdBDrD5Y_VuDY1QW7YTKeWh5DZ1RszFj4RTjwBY9Me_2FrA5EwCrbyg=
PCD115法登他000233,ZiZaJETj44UZ_6g-Ok9shusqLUMxgpzyy5fRduS-ALjmHufBeSOi3qtTZZY=
PCD115法登他000234,rRkoI9FumM-vMF8ThHs5qzQCzPfJdOrnClKzbVfoexPMF1Mnpbyp3btGfY-S
MLD115法登他000043,XBuuJ5gMXNvMl39mCB915kjB8xXHq8O0W7BPgusF4IsruPDKaVl2ACCmSs4=
TCD115法登他000359,tcylVR2xkMHN0Xgf2wjJ7znPUy3zt4y2-vjRcWoEjnP9oA6QnOhGLWC0JkKW
TCD115法登他000360,K5BDATmo0TezMRycU83qG8IC60HGj8EjAkfoOd3CN22AVMVmLNESxEUNCtZo
TCD115法登他000361,X2Mc3ymW-j6apuYZNFl3HJagO0gfxoaWEnhFcinNv2UYWTdbDuGcbymZEslO
TCD115法登他000362,lSxntgjUzzKZe9zqoQ0MEQKYKKR8kHsC7h-fRjx2-0XO5Qtee_IbdV6vL4G8
TCD115法登他000363,VFmWpHR-rkjIN2A0nr1FVbp3ZRf6g2AyuxnAeBy2KauMVWpAgCdAOSCFYLmI
TCD115法登他000364,3GMveRM02IzaFTnKL0DjAfHoqnqJPIhhSxq__FVW9l6HMTeMFCAHU5M_W4yG
ULD115法登他000066,HhztP14_BGyYEKR_Q9rpKLzlu2cfkwRil39jxQogc9mfwg4EgzrwHMiuu7c=
ULD115法登他000067,A0OH88GFeBt1IhuGmsSkUYZDeJPdhvE6YTHGwb3xCJyigwdKVQTNKbxCshM=
CYD115法登他000073,cPLS2rK6gMolhEvaFuxVWkrwgp3Kg-1NwJnNrIjmtUQ_3IkCN9ZxZRKA84Y=
CYD115法登他000074,rlYCGCooE2Nzd7Vrj8zpRIpk96xku92quMCNdMlEKoxJ6JyQ2U5IjVfyUxc=
CYD115法登他000075,2xBUsKtZXA4rkSaX-_48iqS0CAxNTe32jMdXNZ0QrxDxq7EqCdwJnzVetA==
CTD115法登他000086,XZ1GMXUUBN56o9cVRkzrNNPR7ctY5LdgiXt0MPY-ETDf7OAjIXXofZFdJdQ=
CTD115法登他000087,L_gmqzW0rajaY1aPj3CT97BBdPhA3y9-myTvHWGw3RbZw-7Ea8X4_ruelTo=
KSD115法登他000170,MGR2l78zVvrKl_OS0pO-UllPr2Qvia9fFS28YGtxT8_6ew_G32B9QI1t4eU=
KSD115法登他000171,8GrPix-SgKh4pvx9iNwWNZRzVpKVR3WrjtmPSZSkbOwXYlozXHcYQCUywQFw
ILD115法登他000059,QnHG8usALIbtFgPZZoqPYz-XDvRN8QlI09kPtYMQ6QhiLmJ5Q43i8Ibx7-4=
KLD115法登他000045,2_ObsYxUmMN69UXA8LW1CLVNOwvFxqeMw11sQt7xuhkW750bwQ-aSEoWIMg=
TPD115法登他000843,ug5Dav0ei-yk09htc34ZYGX15rTyiWiMYtJ5FSEFZ3ZyF2HD6TsfVj1sIKY=
TPD115法登他000845,0ool8wE5Q01KHk7gD0XkgJFbmhfSt-VBX4ekVHH97f754mDgycxrYlSCR9Lo
TPD115法登他000846,K73u7adjte-MfRDHUzi_QY78V39MrobC2HmBwvttA-LSw3Q2HiHWPPFytm6_
TPD115法登他000847,ojvShv1Vgy0ASw_N2Zz6dcsgp1cWmFGwSAvNdw1t37de-KqpGi83gBckqx-w
TPD115法登他000848,KSs70kQEUf_Lm5vpGt__DIKerTrvbBwN0igHTbH6QoZHcCI1OFN_Cc1XkJbp
TPD115法登他000849,OXl5HBkTzWxfk4F22GYX9MkRhclWy240C54u9IWgg1RhAr1sQQamKJViOc_u
TPD115法登他000850,xSoizlzqZXaWkWBU-yJeFf932-MSXBw11JfPLoIvagHMCgkjAjKy-sB47TzF
TPD115法登他000851,IGW3mgjeWoCEPXCLDB-QiQfhpxCxIcUxcBfVTG9Fd1MeXWyYFiA6sOm96rnV
TPD115法登他000852,kiH-M_nhUuO3kZi7nb2VBRSQdExAHNRfKPpyjz70N9wtLam5-z5OLGYbOEF0
TPD115法登他000853,ZGBeF4slkThIsJ8flWCR971Y4OWh8GkanIq3Qe9huch1GFcCW_MpWp_aXHcE
TPD115法登他000854,IEAzuQOVxyvGDjOMvfSa5YrjjKXaelfLULQL7ggsFKjuV8Ot9Kdq1i2L2nVK
PCD115法登他000235,XvHK31ukeCeT-UhsuTo74IquOwf4mEgjNF7IXzkfUFHulNAjfJIwaQ8ZRg==
PCD115法登他000236,ndTmxk7xWdWIbo-DPIDm2Hm8GHjVe9cVXOpWeC1emH86dSAQK03QigvDfA==
PCD115法登社000032,mp_NYpjOySJT-P8VD4ySbSBDhAnraKBfu-w1dJ429em5xzBPAwSCCWUD-RTR
SLD115法登他000250,4RrJuA39RDpi8Q9HGDQpSsh-THsbzRpbYHczvRa4CTq55Yx3nmVzbZL46yk=
SLD115法登他000251,ksNsTTjz93RT21I2qnh0wAeK-ZqKhDk7N8HfAff5bnwD1b5JPVVJgwBCsrY=
SLD115法登他000252,WtdLGFdUHPpliBBz4zHziPE_cSm-U_13vvSDwCK5qW-jmfh17d36ZeR8oLDF
SLD115法登他000253,scqpyYO8cYuS4RHJgg7j3tYolsft28sdvMDiF9DrfozpEwdNLnr66TceoiA=
TYD115法登他000182,rugbHlcwCMKJm57FYaWeM-uWhUaJhsETzeF9oGJYUJA7gs5MTwv21x2HKu5b
SCD115法登他000105,-erVcUrW27ViU43ul1FQF1d6SJ7FIAkpBrBdSnpSJn_MBiib0hWOqzoDyjw=
TCD115法登他000365,UqsyH6u5E93cFGy_AupZZBf-LSfqTbKA7-hNBOY9vHNFXQDjzB5LmegoZQfv
TCD115法登他000366,ToTW5Bq0RC7dMl0-XfRczKp8xb9mkgMlbgQ8Vr-dzv3Lqn37oK8eZjdFlMfL
TCD115法登他000367,Bh95gWjXaPR6ApscHLPTmkosDc2iRKt9b8oaxjVVETAmXmgVuCdqFiuQcyuL
TCD115法登他000368,jAA71ByEybu13iL35kAvGjGLPm0trqofSNImqgu_dMvJxxj06Z7y8iPJDyJq
CHD115法登他000062,zERRjIdj1bY0DWJ3c0zg1IebTdTe9NLgRzlqHNOwepvjHD2MvyKK1PxfalE=
CHD115法登他000065,mjy0sX34KVLdjOb2h8hFT2lc_6nuAJBpeDS6ZTvhqN00TvAJgIXYsPN5G14=
CHD115法登他000067,hXgO1hThvA1CmW4ADI5XZ7vYT5L7mfNcT8ZSm1CVg3V12EEmmOB4mCSGkC8=
CHD115法登他000070,-7OF_7xy9ZibVtapSUaIsGXL0QPDkYyEMAhbSn-Mb5PRhOOZA7rN9lDA3Z4G
ULD115法登他000061,c0ORbEGvkYQWwKccVU8h0HsqBgBkidQkahJPgrdyHoMHpyA5QXdNe_UtxA==
ULD115法登他000063,ktAcrQP93vXVm7v9-JDUSm2ofhN2B1FQvBLzuw-qT1eUq6OI9_L6-THZ
ULD115法登他000068,BIIVmhBghe4W3mJU9CyqwKT-NBrX1uQyTFG5jrNlS_ezErhgyLk5okkvUJg=
PTD115法登他000068,kHcnaudi9Eq9j_lHo_T6VoBX_Z_0TdLsbCU_e-0TZrOQ96T_cay3aitU5JU=
HLD115法登他000057,5kV9UIHNBganfhvNbAZ8aOIbq4_AIXYfjCYF5QzppQosyZowO4Z08ppjTw==
NTD115法登他000068,mka7f1bWM2VZNsmtGH4PPiZFPmtoWcu-pON5Bo8L5Z2XJFo2hrj-qim11A==
NTD115法登他000069,JWty6CH_m7LjCUsGoQvoM99be39hOWpv1un2L3xAcieg4W2BOPIBoaBtciA=
NTD115法登他000070,QaSmO-Qmc6IX5FXw2YMbGwHxkC4ap0Ejhem-pOiBv5w3MEPBLF7te4G4E8Y=
TPD115法登他000855,VMy9IwCVkql6BgyEuR_k0_ggqG8qdf_KSwF6zJr0EDwxE0T5C3s1fGeuhJM=
TPD115法登他000857,jfWFub-wZfHgMKBEnkWZcTPLXjKdypfx_lvwMq_MCKQiKe8AWK_06eVMHkU=
TPD115法登他000859,xNIoGMXgD3TxkGRxZ2G2Ap6haGcDKq3YbQiIqnQmc5_NtpgGni6GLfs2q9F0
TPD115法登他000861,681GJSl6yyvRUmbTr1RGexTZwW60WO9tG0w7HM5uaHnYNiqpx0ZMbbKU8JwI
PCD115法登他000237,-xbUt0a0wF0A939NDN1xMJM82FhZj1qeJpN8qLHuXIbmA_12ptbZA8Zk1m0=
PCD115法登他000238,tCBBwD_82nyLJxW45MgC14OjwTceyrWV6GathqQokdMy4OD6-uLGL2t2U-L3
PCD115法登他000239,N7dHEx7RkiXrEDsPKaAhl_558E9z4W5ldky-eJCsH1vgKbPpvYf1xcbVAmOp
PCD115法登社000033,g6ytM8H5bevAsftmIdDqmlyAS9i1Rk3lMkjrOe0nQ1nrrL-VppeaSGtH5l-3
PCD115法登社000034,WgHD91HNCl_Qmxgjks9Dnccu7tOFLbVh5CMQAwKgyInbtWnRig7FM2GMGebi
PCD115法登社000035,-RZ6Xa6RVvJ578CQAuz8RlT9U7S6fQLfF_NAtpBIG-pwh5pVpp9iVNOpd-9H
TYD115法登他000161,2pxEAT5ftNh7VuRepffJN0gIdPRO98RzivhJZd9cT0owgPP1KRanQdTysjWM
TYD115法登他000185,hrdtDUZ3KkNSxdHP4x1O3h-KFVpfTtamy8jXQW3kXJNL3dYrkCo-h_0MzQeu
SCD115法登他000106,xyDFuGSmn9IC9zgum1yb2qOiUm1-FCMHjtiR95UMV8Vs3reHUtz_4f8ZXXgA
SCD115法登他000107,VqM3_d59ZopOR2f_7t_W-GiqQ0xZRysp7D2n6bpkb0ifMXKWcSQgSGoPAt8=
MLD115法登他000044,ooWSdd1-M1oj4xl6pmcnCkH4dzHScGz99LL6psmv-wkJ3-85TFrZBNBVZfc=
TCD115法登他000369,P0Y41xTHhvd1HRhW9huWipwZImERWNn_hW9yuWxNC2XK74CDo_J-9SaJli0=
TCD115法登他000370,6vHCLRbGb-hYlMU3vPlby5Y-6t7aMSZI_N5ISYEwOqUh6q8xSZ_LOpWJLmhE
TCD115法登他000371,natIiOCELF4jQonCQIZ_N7SwE-bz17y96-XB9oEoPtJ8_qJvnKy1ZfX2B3-G
TCD115法登社000044,m0E74TrGwT_7dpfpuq8qwRALHw71O0wBedfMwYiMtpPxovPpj7FFJvrdpH-d
TND115法登他000201,rYZojyUAgvH2v_4TkNmYgesH8WogKIJ-1WS3KwByBrxWaZUYt1jqGIpPlc0=
TND115法登他000202,aIjFurnjS5MI1lJjqe9Ek45BvePtjZIA_-MdqUqfqyoXeRDuHlzDJvMi7sk=
TND115法登他000203,p0M63SIMDKyZtar48K9HG1b6IZpC1VH87_SVi_dzR8In3l87x_2-6aW_iOw=
TND115法登他000204,iP0NS_x6w-4McNOKi0WF3hzZPvlDEHafM34mwS1FFF-ecwR2qkNAx3_0ITBq
TND115法登他000205,wg6NfF97s4xZ3nbGtB8ZM4WmLrEwPgSW3HOrMnI5BOUSmAxitGXBgcCIE9U=
TND115法登社000019,QoIhTGCAGgypeBh7mLNVeyXPsAXuY-T521INaVaa8H37NPEwN2RUBCWiRj0N
TND115法登社000020,P7W-YbZS6aAakQc54i2FEf-8yAx5h1ZtnLyGzQlCKe07FOxmyU_l3PTweG5I
KSD115法登他000172,ZB2iUbx_o4gOJcjUsQAzJ6EPucstEkL1U4CGkkMUxZuzPXikEMuyZ249JERk
KSD115法登他000173,BAT442VRtGXRDxs8ZHFOf0v1UoajYWpu4VBVG5tcw1fn09BfAd9I4mP5WKXz
TTD115法登他000027,m2GmgXRvYvs1HGIxZ4pz1dpglzF_2qJrWipFA_CX4gg-e7ElXovVcykiIg==
HLD115法登他000033,zI32W-SpLKbl3Vh8GoNxHiea6bA5hKJCWZHaWKXbyN5Q-bvVJVzaLKLAitA=
HLD115法登他000058,LZViHzUtZybglUTx6-kPyeNosl2jSmvHFkE2no4Em9YqZnzh2OllUZ2F
PHD115法登社000001,6nvfgSvIbz3Sjzs6YAs9yp4PnF1BorCLD7JtEk_pBJtrg41_PsQWzgp7Vjk=
TPD115法登他000858,NQT3X45CVjUuPwppVxi2wya01o1k4mOFYIJiSHl3ZU4Jv5zv2QzF2wpyJbD-
TPD115法登他000860,Ys1l_OqQoMjEQkaMrvAlUCvO8N4l4g4luuKrWckSZgJBnZVvyVtTDpMqcZai
TPD115法登他000862,PmmHZOdghxhBGDofyf_0q3tXPbn85icmiBMUpm0w1weu5hFZKhycXpxiEqSu
TPD115法登他000863,Ec_o-gJMvQoe0j2FHImEgdSMhu6YI1BSfnEMoL7DrwctAHLr4UdftrXpSeIe
TPD115法登他000864,OOWD-tBwm1G5EZvEy1TqjpeixMwEnXqi2eJ_2hIcC6rhVqPQYCdQBnqFZ_aX
TPD115法登他000865,sGH8_NoC4P9tOKIxmxKPnREXnWjR5bOWWJNEy23cOEE4GtOdnJbWEsbJCP2D
TPD115法登他000866,RvoAZeUWsEjHCo-4hNGA3yGaHMQMqgsL2ExEwAMioJjv9Pbk949RUYvfkpE=
TPD115法登他000868,ON8o2q9ybbIu0M1n1haWqbnYUi2z3edPl94HWrf6ptUA0hJVoPQDI3wllw==
TPD115法登他000869,2WHxNqNushLiT8iq6DXwfUZynyEZOdOqNWrL8tt3agjA7z805fBzHy7RbZIa
TPD115法登他000870,UwxYePmLNU1OLjdT71D94lgvtju7_jBH7Cdtp4PbS-4roucXPNh8DkOStQ==
TPD115法登社000047,k5SKJzb-5rHBJHsqOuqRGbK_AY1V4reIYIl3AC0D6Rnp_ReyqTq6BFlNCgkR
TPD115法登財000008,vlBRVkq7m3DPyOpY_O0DUUhr3o7tB2DQb1F2QhHrKirloXm54gCM3rX-txDw
PCD115法登他000240,Qmo-v9QjDYfbAKuiHWtTZXHn9Laylc7MDNiIX03feDB_PlXGjq-YAAYsncRW
PCD115法登他000241,ZuLBskK4zjk7-KsgIdqdC0hW38lZuYsFnwJNqDHTRu0uS8z5r3wmBKQLMbFP
PCD115法登他000242,TMUN8vYETKq4ftr_MIdJ6cBAAnazEusSSrK8Id93q2hxouGpRH520ZBTTWIY
PCD115法登他000243,z_3KOdJVkBs3Z5v2opyMaUNTdIk-AA0krN-ou8Zz6p2qiWY3cXVxZAEbf-4i
PCD115法登社000036,3jt8lFU6whYHtsfM2ZNE5lyS3ZscYooQHd68pZpi3GRWye_aH2ICl9f-zi6b
TYD115法登他000186,cAQBippOR46gD8NHv3iExR7rvGsv5qI0Sax4gP0S2hZKtRNIRHBLTrRj5zs=
TYD115法登他000187,UXlAkwrbKuL2bG0GGNj2aBrwkKlZBv3LO_x5qmPtd5mtiPJkw7sQJ4DqSgbQ
MLD115法登他000023,OjAD46YZj5Bx3hYZ4a5IVpbkhfsE7goXesDfkcnX8dF-pgpKDkLPp1GYhw==
MLD115法登他000045,HpAxlVTOQwKsGH_1bB8QQs9fHiL-SI7Fa8BzexwfYbp26LKP_7wlG-8M8w==
MLD115法登社000005,iCC14cMW4goDE9PfmXxqcAVVPycO2R4K-124wdaH8jmGrU-OBHVHrJuuWcQ=
TCD115法登他000372,p7S_qtQzFUjCc5kQ1JrRSqYxglONY3iIytM0bxtxsZvcUMQRsyptuYqJv1RK
ULD115法登他000069,2j2I1CP8APuQaZOc7uMzC7hQ_NmuNxsj0JcZYgK2QBjR43isC0iyzYLWLw==
CTD115法登他000088,PyNVYpFZF78jZOM46We547rqpqvXRdCqJXei4ewrwn0zGhl1VREkEte9zNo=
CTD115法登他000089,Ntrl1-IGcnxROCRRqAg3X5xBfV--ZpL9E1W828JqyDyUDIOU8n7r2mR2ylk=
CTD115法登他000090,5rzbvFVcSaGHz5CMotzWe_kOx9TJDm87geQCcaUp7hZeLgNeBG3Yfehgi4E=
KSD115法登他000155,WZsKI5BOCCO1f_kBcfHUz9SS41tDiImRM4k_lDMS3etgAGaxF2H8rTCq9Ueb
KSD115法登他000176,k6oGZgdnTcsiPjGG9vh6IKBQI4_miJvqycS2jZAEkDPZslaAf-jkuSP69Y0=
PTD115法登他000069,I89mV1e50Z0Vu9AKTVowmfJCySiCTnZ6Slux4CHjr3dS1l5hxzEr425sag==
TTD115法登他000028,_Y1jKSLbD0L3NwX4h_rkH4y5BTF7jW_smZp9VayFEzkFD5HMGbymEjkzUcw=
HLD115法登他000051,irfaygn4zFZ-ozd37WC9qCoB7f8JG7_JjbP24iaPLKDjGWC26TLH6EIAAA==
ILD115法登他000063,9cC-0nauGNLtrRXiLKZqf-RrFQ2NZofU4KTzqGjnZawfodcdz30dgcL1sGU=
LCD115法登他000002,dIUN03ZimkToh-V3I9FSG0LwEhe6Vam27GNYeFER4o5mb77oci-KEaPUNQ==
LCD115法登社000001,zoZ0JVQ9gufQKilumq-qVyfFhH6MVrlPFqNZtC8rDaNTtTS3z099xCYToA==
PCD115法登他000244,gqKDqDUTadyTUWcSy2rkPSATXweQ11LjhD8JD8hvjji64hPVdLK0-cXkNbB5
PCD115法登他000245,ek28iiTMd51qNu_LomBii-kvipkSknaBqRVRTUfeF9BPcqcADJGuaGss4jn-
PCD115法登他000246,qWpP-VZIsc2523pjK_H9lQl_ojMpD-Qw5nujQ5wOYPmwE-y32DVeaybPuVE-
PCD115法登他000247,jQPYF2L_gy0-rG1bmsRQcY4X3u5LydATYP-1mKmZH15EkAjzhxpJfVQwM34=
SLD115法登他000254,7ZIqWqX8QXhnIjKvSTd3-ELefjYfIik9fAVrhzTwg78NfoqVs51PXQ7uhIk=
SLD115法登他000255,fCyRvZDJTZdmjyX1lnLJ6XDBkp-sx1KFH3nNy538GaLQIihrmQpxoB4GkQI=
SLD115法登他000256,hlJMOdNk-bqchhrhWgawvVFVn2i6jo--W7JSZpDFkcReY_czIkjGU9fN0aQ5
SLD115法登他000257,M1ShF1rCzXC7JvInQT3S0jwWbto0R1FJHlvhZ2jYUZTsHWK5fhE5YujXEP0P
SLD115法登他000258,B8i-2BkpzTowM3NKWE0KlMJKPqCbA6Ayy3RszEcWc06saCzNpyVev3EJTDJz
SLD115法登他000259,q1iIHiwlmVnhOlV-2c2ZdKFiGwdTzt9_t5ZFuNLfCvcTW285K3SPIMNiBdpw
SLD115法登他000260,0jrGOE8MywMHYrEkYPp3UOwTw-rIO7yPjXzMTsQ7OGclgyAq7b_0_J4uupKI
TYD115法登他000159,QjfAYonJHp2-XKWlJDjmRE18wx605O2eOxDprWK02b718KiDfW61MnkecvM=
TYD115法登他000188,m6dWDw1GsLXklymhsGX0SpN2a6YgxL6hV4n5xPlZFu8VDPdQx0BdHRAIMrRL
TYD115法登他000189,xQT12xhjaRB6ni7-5e87WVjiXRAmq_tO0PHOkgqNcEl7iu7INz-MIOlQaA==
SCD115法登他000109,ix5aUD5imv6kNNi96F_hA1RgfBqVEGuqNCeahw0i18DCXXuXjaDJlfSCTkGt
SCD115法登他000110,oPtz_EWNKIxijkwXnqwnAZ1IsB10D4fj9O-pV_u9V8A2AFcCt4ixqQDXgw==
SCD115法登他000111,FJqNUCHpfWyNRNtM7h9ra8BjXSxeordX3RZ9Hw3K5hpJhgunm6sBZuNt3lb1
MLD115法登他000046,3lzK78f4T-DaMKFE8xbFTSg1iK1d8sZEmRf0aWm8WnqXjs619LokWko7lQ==
TCD115法登他000373,sPD-AXNPc6GlX5SxNO63dU7q_7IcgUAa-ycs1Z6t7jm-t1z6Gn_gNkvOrqpP
TCD115法登他000374,IkqrOqNrX_aQ8ta1xo5-vNzKroVmwbAI14OBVZisoqM1N0O5-P4ey3gpcRus
TCD115法登社000045,I4pEtRfn5NYdA3zeH-UJLQzOLWQltTfHW9KEvw2YpMQ9xfIEb7ijok8uj4tF
TCD115法登社000046,NBZbu0C6XNq3dhI5oKps9BCmTMdjuXtNf40-5wDaXHUA1AWxg-6u5mUC1fhk
CYD115法登他000076,u614MgwO_rNrnXvyd8-1_pUxYoP4qlOcxW9Vs0LjJrzbjhRPLikMMwjhEg==
CYD115法登他000077,E9NZPo2t_bpMqiClp_pHHySVTJcNvG_g6fgNCf_y3cwS9NIy4HhNEN4EbQ==
CTD115法登他000091,g5JgzYHHV5wU9-su7KLNqcWPSOWaBYX9kr_PwgRWTgjbDENuRgB3yqChe44=
CTD115法登他000092,Q-syqD4swGZhssJh18cLtItflBLTBlhD4uHspZB6fWNpxAjG-PQ9PV6o_Ko=
KSD115法登他000177,sVlHJ1IAnO8HTLcxyd4lN-74BcSwogfIXGJUdx1eajUMOU5i-NH-I5PmDt4=
KSD115法登他000179,n09xBbe03VwUf_liMqIIaREDSNkq__pKPt1JzEtx3AXOzZctDksPdMMBhSo=
KMD115法登社000002,aF6B9oRaSiQrKLie0MnupOi2Ed_nvyKfACeGAzmXs2ismb2tCYCN0wGlhyE=
TPD115法登他000871,MyMy7Zh6FyXN2Tnp52qOOM__QCt2rMFpbGXG1sV904WC8UjLgux65E55C4Dz
TPD115法登他000872,za3vTG1yA3-Om9OiSIcHw13Tr6giT1Vxqoc-GDvNDtwnAAq9pp33VbbwAvP9
TPD115法登他000873,k9prW5T_eUVc15kSuNBEL-rd28MQmjv-9i4RJ0DmBVgh6IPVm-3XCv5V083U
TPD115法登他000875,QrJOKtm1M9jAOX1nP_GgElBn0ouIJbvJMy6loFCKSuBt1bzW49M2Kfsw5l15
TPD115法登他000876,ZAnTmbo6-VKyTDTVTK0aBUHlI-bwaVs1ubZvr-vqOjB1aWNsRLYK62cOSH0Q
TPD115法登他000877,H7ufc0SP96mXg0GRQ3emcmURRqdxsGmeGBArJ5gbVv3pJj3oTkI-DLKOGhH_
TPD115法登他000879,LQCT50nngmrALLxy-FE9N9zpQvrC5DbHesDSYc-rDU5zMjNnXT8xxpKJPjhz
TPD115法登他000880,wksbluwfhP3bemLVHzzaOsA9O9JJardORPL0g5jBgfcf-cFMTkoGoDDbRNM=
TPD115法登他000881,_1lG8YQJiy3b6s-eDp85TyyR-AqrjIBQZhiSA8wOEQZInQ2Oo0B3_ySy6mI=
TPD115法登他000883,Y3tjfg-gJVdmDqyYtuleD14EhSXKEcqLkUiEAAXWIy8oBpIOb_CeipfucQU=
TPD115法登他000885,d_0psD4ZEVma5U061dikz6WahscywkUyAccJpu3yexPVusyay2OaEWuSszBf
TPD115法登社000049,DSTWCgSB-QAo7Q0e0wgk4o25ccdK0sZ_VzdgQqtTrT-5aigRppvIMEzLCGEN
TPD115法登社000050,ip7-rCE7uHtttrB99so-tjgEnGyXGLdcSEaTVmw3-Zd0EM9kpQHbEBb4GvNT
PCD115法登他000248,HBwUWwJ6BCo9uDHqUP-n4ilyiANedKF3PROh2PEHSPyDhDIYf5FUYiHr_9LG
PCD115法登他000249,kZ9Bj9uXQDoKlC80tgVmaVah9cIvaIhKOQo15JmJ1sVlRWJXkcdXJVyE3mk=
TYD115法登他000184,sK2215neIkP7wzQnJxU73wjrnYQfmQ4JU5MHnqtR2WOP75HEEZIz4eO9A09l
MLD115法登他000047,9CyQ8Tp4pwTYFlEdraXsBLJtP57lCrUOJ6JuXrW92YUy8Jup3-fI_NMWBv0=
TCD115法登他000375,Fe_0FaCfCAMaSey2Z2kOUL9J-OOjPAWx_hX3YqQkJstNjG9yQtmFr_d9R5U=
TCD115法登他000376,GYXwop1dzYYXg5DLX52mewEGzA-GWlPIrbOAbRVI8HrN-HLhF1U6CGVjTSXZ
TCD115法登他000377,6faFpUBsRcDZrZL4FQKHu5pljcqG5chqvDy9ylUAsN9kr-10QKMosr6gkp_h
TCD115法登他000379,-OhTU7VNdcIH9pb7OddbQrfAMBEuZVKH6BavCIR3t4M6uNoDKvArHHNl6Tiz
KSD115法登他000175,cDyOJAlzcCMIDTMrZieQiNQqnCZUrz7_cBSAnUNceUEem0K7wSrzh5FtsVQc
KSD115法登他000178,ppQG_l2AR0Gfi8SYM8li1zGrQ5J2B3SF4tlq4nDUkS3_1Q4hEc9SjF8r3Ds=
KSD115法登他000180,ohCR8-mPDSHdja9EfpTmkaXnUL9Ql0MLLo0OsV8er_I7S55dgujjhC4EEMc=
KSD115法登社000021,i4NDi_Wt1YDtpFWmA8U2rSHPeEKLTgVNambXRfnoifoTEaXfm1b1cVOUdA5n
PTD115法登他000070,Egm8QdvgctZ5WJyDkfidGjz5zRbZDDMgz15V9-6zdYT3JkvZxLlDLK1Y8To=
KLD115法登社000010,LwhizkYhDSuWtZpcU1Erjsp2yAuzp_DXdXgRAMn3RsEo72EWynjZxUntIAQ=
TPD115法登他000828,Z6BkLwXXVo16KEZBdt7aqcKOI4QgVA9Ip6m91EMfhzZFbsJ32B6cFxxR2-KF
TPD115法登他000874,3GO0K5kn5svmpTfH7c4PvkKOwtCj90v-zXqLnudy5zZ8mPv-d5V8SamKFqbH
TPD115法登他000886,6cmrIp8nQcjWh7AjczsYI1CPHXI3j_lhLd0teV2s29KHoQYVDrXN1l4HONVM
TPD115法登他000887,Iyk_Xa56uDzcPYx_qrm0G4e5YxJPL7OnbYFfn6xFEZfd3bqAkIb7wbJLRq0w
TPD115法登他000888,CR5-_h4vX5roJc2OGXaf8fVdcKKGVemKpRfEqsck72SfOnRyWvXEZuPCKrY=
TPD115法登他000889,gzYu3xqim724fi9-tCN2n4_jbelIKaD7dFW-tA8JWA5jriqd5LhYxqF_U_c=
TPD115法登他000890,JHPZHNXtRtsfQHK0Ond4K49fHssekW5DsJrmOOQz1JzOgdbqr7JpmWcTioU=
TPD115法登他000891,9gdVWMeSTxJq8g40ziiRU7ZS1QQMSuMeF2q0PiyEDvtlyXsRs3OzLvP2IU5D
TPD115法登他000892,Ie9hBV_jcB0xYw9LbFqo3_T1C5KEEgh3sNqlywBmhh7YcJ861V7sNzPGy0Ri
TPD115法登他000893,80kduQGmGt9Frr0FvbcdXI0zPWDs13UEA3g8rv3xgNiT6sLtR5UYbVHzXmCq
TPD115法登他000894,1QhcCWD9bSm9ckkExhreL0c5nHzV4RUC8ozbo3MrL2AxeUQ5_ExG7Gf72k6-
TPD115法登他000895,3fxkAH7OnaNAwFF5FGGNHWO5uthca4ciZo7WyW7wZrpP3CBNYjeMp1Vyb_Yr
TPD115法登他000896,yhlG9Eo10LkNrMJq3YCLExtQigbp9LcXwEMunC3yeLkbh8VYr8EVQ2Bpfxki
TPD115法登社000051,_TkVNbdz_3Ro8tTf4CfIkuoeem9ukiAWDeNP7FpWG3cIdowcKe-1p3RyY0ii
PCD115法登他000250,HDlTAak0NPoT8HfJ1GIBjqbzUWkHdBT55I80YcNsHDmX_Zp9ozWlIxkuYjdp
PCD115法登他000251,BkZm7Fi9L-d8zlug2WxwCbfYMjeNZhzsLVTGC1JqYDT8N5MwG8T5e-Kg-HY=
PCD115法登他000252,rlW9O8mbUH-qb-JsJIFE8oFhD-YCzRujiOgZ4Ka5V-CUu4AHsWeD2o_AbQ==
PCD115法登他000253,uVG9wwZk9V_-edCPPsfDLPbAmNB1-8WRGD2E5NNvIYn52Jvjwd6iOFzXHZgy
SLD115法登他000263,Eh3apGJTRupXytl2TQQjfqxREDj7U3RHqL8kvHHxRC7-WsJM3c1zRUJ7HIA=
SLD115法登他000264,7Ar8GcQ5GhUJsOGcRoQZc3ac76tfYLssbNw9o5X5kp0F6X5uvJdH3YJpBmwa
SLD115法登他000265,4nGBHV0XsCr8n_wB9rfB4aTmoV8nJudHStzT4zIupjdDfQbd9nc0yTxjnAJG
SLD115法登他000266,yo--0cki9KRRGtFiq5YZBho9VADNsuCkEbMqvV8psOMlJcn6Oc-YkFZrFlg=
SLD115法登他000267,mk0O0Lt4Oorn3od0yeGmt2jsIZBChtafww-GnhEKHGW_Ix6MuCIMbhYBZrXg
TYD115法登他000173,Xq9zOJ6mXy80y1oCDS0HuQV49aOTZJ_Zbt3FfT8stuaWsxy5G-vrRkp3ySKC
TYD115法登他000183,SOqtaxsZ9HFEqdcSmkVQ-13yh0ZIh_5EGlWtdzWjt3DJP51fECenw4KjdEc=
TYD115法登他000191,dRTSYrLqCcZFhnC22qSE-VUv7accxnfTFhDqtXUauQyzyX0MRNqALlTRWcpK
TYD115法登社000025,dYOxTUZoXXAZyalE22tDaKRPcGOz6kQlawRMeN2AJerZ0qHaESTIdBmJuOIR
SCD115法登他000113,9Kho-maLeCZ4quXkyxmAQIB7qI5hmmvLVo4nZbrLKGoYfrU9xsRifTXpP5TB
TCD115法登他000378,E3d_8Rg-DdnmmI9cj36T2FiNURWSITLqoRzkcdU5SUJqkoBjgFcI9BpFz2Cn
TCD115法登他000380,RsOz6oTdeUObsovNQga4uqPckB55MgOEmzVtxmVwYeFxn1WmD-HAytAxjaE=
TCD115法登他000381,TP8a2GxfbhNGPB3H9hWrdX_u1jowfpzzJOU-9MXS8uTGshnwqXF5afJBNYM=
TCD115法登他000382,SL9QxFVE6jWsOubPCppkItFmzOBGXWkpZgbhE19GTxjKb4AFxvgpLF_Mvtu1
TCD115法登他000383,648G8KFcFP78MO2XKyH6hZ1pOeUyML13mqUAtrlsz5d5Dd7LvT9EoYJ-c3WZ
TCD115法登他000384,P6kfYQpx5C8-A3MfL_a5aLrSdhpsZkPtAWMzPs58cAwQGo_yhbKXagqve7k=
TCD115法登他000385,15cyCHqYDa5LBeMqY4-zBX98CAWbkLYw9qPELgXPqUwDjT0aiFMQYi91t6CG
CTD115法登他000093,bigScy8rGzPSm-K2IIc534kKLSxRU2H_jjfvguELXmCK3djoNgsnYEOpOfs=
KSD115法登他000182,0gfnzDJQSWvGKxNk4NeK3yzB3cVZWKpx_ZzvuGZguvKtSW_IA8QdkE87V3lj
KSD115法登社000022,OL83pQn6gnghhXKN3SVtY4_AlAgwJgQLnXKcLZcycOggfERXLaHS237Qmx9R
ILD115法登他000055,zC7MzcvTYtjAaYU7jC37svBNIQF-X9FHl2zfYvW3CdCPch5M7c-ZA6k9
ILD115法登他000058,-mwgxkLqkKRyeoA4ucC14NaltBKseXC53jdfKRhy27Rsw1AMusEMi_QN6YE=
ILD115法登他000061,ZAPhfzZrZrJISglSzLsxXT4yXlIOonaxat1-xe1C1QAHbbDTEMpZXMmVtOE=
ILD115法登他000062,ypFDl8IMIC03f1QgQTAtdGZqDNvjGQ528T_wlWrrHCky8pxnrOtJktHKTEo=
NTD115法登他000071,vMhakCm4Yq0EpTBojLCKQFxZHmR2Y6BbnAcSGZPTB-O1VJV3hzTRJrK0OkA=
TPD115法登他000897,cPOhzOQ7Wvx_R6e7xCUZZgO4Pc83L8YsXg6uu52AGOYaXACRzcGqME_3-xg=
TPD115法登他000899,0LNve8_t_AsEuSxQH0ka9VZNzhnkHW8TpsPMvQKSiNTTBUaLAAh9UfYa6Az2
TPD115法登他000901,qjL00mGrhy0aNLfyJ8NZPj_npjE2fAp7--VTloHIoZPy--MzM9fbEWY3OzaC
TPD115法登他000903,J9QPuFdwPbGnWY5B2C6oqU9QUk2_XZBAZu4heMLsu7dSxsAItl_nG9BizY-g
TPD115法登他000907,Q_zdWEn7JJO9w2Q8QRKunAbmzQhUXNy1vA7PuunDK4gkmIt0mJmUbPYolas=
TPD115法登他000909,MxcobOIx9Ugx8d1ZbdYDORRMQqCXHfFR5l4J9xiTH8rtQUvMdRGxCsBbVWyi
TPD115法登他000911,ZRpHAGlRIsA85Nt3E0dm-F0NhZBe1j4kGBBMjKQCk6s7jlzewYAOq8_yvcSw
TPD115法登社000053,WCPp0qvTmelrXMl7Eo3K97W4fzbTlMibgN3ij2HhatVLiI3UZEGWRyKWI50l
PCD115法登他000254,TwKc6oOY37QOvxmg8vvljqO8gMYBR2nfkqq-vVuJ4vcMmFJ2Dg2x4xt0Sx8=
PCD115法登他000255,V_8rzdR65JGwVu8H_y5yQ75k6AcdIqLjn0ilCmiM9pk3slkSFYbaVc3e4gY=
PCD115法登他000256,UhUG96B_gx_4kJvjGytpRPgHlskMWX7YKgSBU5AxSKb5_RGAj-0H76sElA==
PCD115法登他000257,PrKTcVd5haF0VtOGMAah6lR66MncEU7ubmdcFt0QD9MYwm3SHknhVwmTHgQh
PCD115法登他000258,Z-mgLePsIGT4uVOCo3x2L-7SzK07syDYBKN4aftxrKjYWfiGZQ9agN8n_REf
PCD115法登他000259,fsjKZU09JDR26_Y5QonMSJYitslinU3sHtA_-zgrfkCwZ34GA-oLmncyqCjt
PCD115法登社000037,9B8zp92niTqJRk-u1CcUoTt83JSqPt34OKe5Gf2oCDUKUjNOILcGJyBexrz2
SLD115法登他000261,ajQ1bTM6HQ9xhOjiYHVg8wuvtI4rf-K0vevrjLZveiqYNLkvupuIn3ymOXIu
SLD115法登他000262,RwelgQ6JaWjUJojYgUWDS0ADqxDVG1mL4-Ed2y7CszzP1KRXpdQw0mVWA-7O
SLD115法登他000268,Ru4FSLupJ9YMVRajqnY0-oERoOioYswC9hrNGj1WNbSrI1-z6e4B-uEQTm0A
TYD115法登他000181,NUvcFFvXKs5sFAVW5SIdOXwzjGyaubYMtYhylpGtFBpmfnWZM-L--5YyJmkg
TYD115法登他000193,9azlWxSvt_Zr5TMy9i5SqATL3PQj431h45FVR2EykxGPgx10bp6yLuojp_A=
TYD115法登他000194,qYzlBTHONrSK-PbaeUig0pTLdD-YjzCkrlhF-I7q6d9hklA_ypatRrVnA_TA
TYD115法登他000195,7AjaqDSmjNW0CPDQkaBQWsqKfAG276rlcZZLKMp2Zp021fEjqjlECHBsBPg=
TYD115法登他000197,GT7PATCs8t3ZDr5Zd-yXJt5rYW2DwYxSXX_ej9abQ91VssCI2dTOrco5Q2zW
SCD115法登他000112,wLOD6HSkhAOSpzr3_p0CVzN43SnMXNOgpLPqUVuU_89yIE8af9z_zC36AVQ=
SCD115法登他000114,LOyr5nPnHdF-WRBVJbxAPqChdNobNNls4kwa5opHv3XWs6YGfz3qJz7hP7E=
SCD115法登他000115,jSzsl8JG01SWJZAzRZGRK5MR-gEhPT396Vzc0k4kjiDVZu_r3jLk6mI99jyU
MLD115法登他000048,Fw_WqKTqokC2EtwE2Eoeg2w17D9te5GLvFuEtMQBdoQVekcqzOzQ6Gwsow==
TCD115法登他000386,IJVXOEcUd-fQGJrYfz-XY4BshtNh34Yhr1z8z7nvFTSt7FvWTZs4mah5vsRb
TCD115法登他000387,8BHAwfYZEkox0_Fcg5zg-O6JGtLMvm1PjVFszXLf1V0NHgRRnk3_s74QTDsC
TCD115法登他000388,fb9XrjduhZsTB_Otm77CrafosKLYNWFhqLrc7xK_jzppHyIH2ajihgfejBHX
TCD115法登社000047,SCtafIUuAbHBXHuSWgkODnjMqw7AwEQqJO4JS19bh4jTQo8kVl9s28J6eZmg
TCD115法登社000048,qTH-xvvahUk8XMj-OkvQZ_rdYzKu4xav_gmvYwrE8K05fL_M-06kKgO5VAs0
TCD115法登社000049,QB6Px4HVV_QJ_RVV-nf0qNg5cGegis0d3efPvxmiksWYXpOEQuXyY8tORhI4
CHD115法登他000044,RhOnSurzvK6KIwWZVImmNmdG2yf2peSmuGecOwwSVmBXAHIktDRSY4Tz6Hk=
CHD115法登他000068,DQdGmvjKpMux2OKBzgkSB51VMK6SJPG3zwxma8JVqfkZLPLeB1IEY62-3ys=
ULD115法登他000070,6n9sK5hKqWMzEXBxVkPiEFfesEF9c95kb4z-NZtHKOfGzwQgbUOvhsIN
ULD115法登他000071,Mc6_ECswz9cgLMtZO9ch0LMPop7YhvhHkUF2XxLxDRP-BtWXzBNjzYRHilk=
ULD115法登他000072,sxoyuSlYb6m3ywuMne87EV9fIcIurATQKySKEw3ealyEZeBvYWXSYLbUTpg=
ULD115法登他000073,c8wOtxx6r9ySS5cBDV6_xqFDeXVpRq4ugZATJqiAg88nFwsphH1a-IiXU5Y=
CYD115法登他000079,28cGR1OQDf8rSfX08cK809SjJbEcPkfvQrHxBu6QpUciualvZbD6JH6ubvA=
CYD115法登他000081,Uu5Ao4CzJjDVDwgW3XdGclPQFy3z4bGvnbm0X-Tw2GkCBphYOupyMi66
TND115法登他000206,kjb9gKup8QuZdbnn4NCXD4xSKmzIsybrV7X3hnVOUr6gGpYKVtbfZuYxYSc=
TND115法登他000207,rLoGOoYnuxJn4E50lhjPx4fqFgRdGIZC_XCYNna1hieb33kc5b1ML_HTFek=
TND115法登他000208,hFdoXCK3uA2jlWnnKKSYvVR6gm_46hFA7kaf0LwiHpMXyjTGkKkAtxXPW0o=
TND115法登他000209,YYBqCUDKOAj0aR_rYR8iBOVMKA0TBB_zTbrO6t2eYXxgCWvPI_tI4_FftYI=
TND115法登他000210,bOC-2-A_pogcRGpOKqIpb3rHrz4OLaBzpdzH3GIyO086p5cZHo2cUJr6gT0=
TND115法登他000211,3F5BmIO87TXbrpomEXcDC6xERk_D2Asu2wrsnTu0GoOpM9dxOBiW1kQPZHmw
TND115法登社000021,MvWC9qZUGj30Um9nvO6iMDVglRml6igFY-oK0RZq9xlpVTbpPOfEQdEQOa6o
KSD115法登他000181,zeAUozCjU35sfNoAB86SoLv6KjIv2BHwuSSdq8Fl45l5RHP9v8OZx2U7tWg_
KSD115法登他000185,MUzNwu30jYJWJS2631SW3YnSkFcLdBU7MOi6ELOA4lN8RXnOtOzGIIsiT0k-
PTD115法登他000071,lwPdgrtizXUXKup6j21Tdza82WANiM176GbzGXMWB8OyvsXPCCWX_VLycfY=
TTD115法登他000029,76b2oBUfr2ACgalVQM_UkRwFnfeIRReWJC4f2bxkqnUKxLcoHikqQCPqZw==
HLD115法登他000060,cIo8U5DbCNpYoV6AB0KN_TyZYziAbjiOW_QaVS87JndCq6S8MUSJ-UGSTCs=
HLD115法登他000061,6q2gE0DtRkMABecd0sKJeB8K4TQL7cqJHOpL9yBlA97x6pQV53Zu1D2SweA=
ILD115法登社000014,X1X-b2DU045iZI1zGOmQCyHinncqKZW9KPfPsPqmj5iELjEsZREcAGj9wWw=
KLD115法登他000046,SHrA2HG9bAcKNWgXGYOAvQgL4584W9mFHlbwN3lt1Sw8mMuDmKLygJ3g2b8=
KLD115法登他000047,qeip1QNO7yeb5isD7sRBwS5sFZITUKkdtAhbc3zemKu2gMAHOPKnMMltZwY=
TPD115法登他000867,wEt8bGT79RQ2LsuvMm8oqfiIyOO-TDP_aw7tJT3eVXCjTeIthJ7IPLMTjhWN
TPD115法登他000913,K-tdzgBYvYynF3gbQ8DVsxZdzfq4dWFnDfBTRsWrZB-aWUZvCX4YcP2m3w==
TPD115法登他000915,KigRLtIfaQy1aVThNryAP9Pbua0OMKrZPJx-q_SPAcKrOYz1CofdMHKdrVIP
TPD115法登他000917,s9T3hUYLCGwIvqt_qzaihJrW8mC9xrwzpXZcvqh7hM1JW_0hOEMqSMTRAvQ7
TPD115法登他000919,Za-F-lkWuIyjKrpymLQqOi1BV97c9qOZz3AkhL4mGB2LuVr0-9lgzdc3gtO1
TPD115法登他000921,PTbbgHVT3Z6tWS7eOADQ8dFPaMBhIaQaEHmHdsTOEGrgxBVgXCUzBwenfYYM
TPD115法登他000923,JkSvQwu-4Rc9vINdm07CtdjHORV47p92MP2y2IhbpTu8AMB_dv6bMa7MOv9G
PCD115法登他000260,ZJsiPnoXOYhYf2Cih5R6P0GlIRtdIZa545ypO2MXwXaU7qh_tDJt4xskyHjA
PCD115法登他000261,WBYSucuetzGe_hkkUnKkkfHbqzZLrnaa6qiWkYM9KTBGLEPKbsPuaTZXn5Y=
PCD115法登社000038,aSkcCljEyEKfLl8Dh6HiDKFFHWfx9LOs5dPyA_dgxhkQoQiciYYRK_kBDLyG
TYD115法登他000198,cGGIUZLDnMiyW3cTBhJFgA8Agm8PErmQuBmEB6_KxuYoRYMwcnIDH5O_K8Vi
TYD115法登他000199,ltvh4zQk1RhKKqm8v7SIf4NWIRLnPfMhK3wyFe1whIzGpYWiG37aDkNKbns=
TYD115法登他000200,8k2ygN6Z7YCuzcejBhHxU9kEW5En9ANsHU53dsidkR17mC7E7pnC7SefE0w=
SCD115法登他000116,qsF1JupZUohfDBXnVUEZjq3bZu5X2j8pPxQH_mG7QYDLUwBYGFTAPL3hvZE=
MLD115法登他000050,pO_nOrilm3RFmG6N_Do7smSsNHrDBjXL7Wed-rE2x8B100BU3NThCkF6EQ==
TCD115法登他000389,Lg52VHYJq_kBYHB0DHIRZPkKY9dnx64oUExVGng51K0siPbrENuWjIiooHsx
TCD115法登他000390,hmTrEIv7fLCgGf70BkSw3czi1jLiAGvqHR7dtPVd4_MdqsPhIyATrpAuLdfI
TCD115法登他000391,Z1B2rJ3B1Sd8svOMIzC5YiiTQvzndDuVsN75M3F3XzyVfmOlcqiCJPaGC9Y2
TCD115法登社000050,riEyBBgXTHO4Js2wjl--r1Nb6JPa6y6SfnnkWgifknVHPJEcaDuKxGWlP_Vj
TCD115法登社000051,-UYRuKHXuZW_Y5R2YLG29xHjtH25A4ZNifmbRmhGa4589yCHG8xvpNH00OSV
CYD115法登他000078,NqJuqsRfDfEke8PBH1tjhXGtRpAVH8PUGwUGBu8zBeF1nNQgjaUsvnAolpY=
CTD115法登他000094,af7yUonWXl0mJ0TzKeZ2kZ9WAQLCuUCoEKhx0sZhRvyo3SFKl_gyodypcr8=
CTD115法登他000095,GO4cWh_z2hFs7RZSJQ-CLMmxW-ySJtP3-Vv50qsM_bFg8lq6P0diPo3ZCw==
KSD115法登他000187,sKax0F2iBmK_ntWbi7Q1XKtiqAIq4pnQMT-CkQktOpMbfCjOYeypgHNfn0o=
KSD115法登社000023,6iUo9HOlozNj5ljZvehcd45iiz8BgZkYC1pwVsdwj50-zr-23fct4hSm2GCI
PTD115法登他000072,Zqi-d53RaKT0-KUbLHtjRGMn5qgbjLy3y07xg6xIdw9tWZ4nSvyhLakCLFg=
TPD115法登他000884,C8i7GB6McMLPxyQo55ADjsoOT_ZemwSiiMRoZ62Og1-ftyBZobtXxZXq4GKt
TPD115法登他000898,JsJV9ysi6QBeQVSBqMew51dYDDMl7e_63hIjC6zqfoikp5G_yMmRUq0Wgug=
TPD115法登他000900,0s90uD6my6PAg6crZmkOTEfBA8T5gUHHB1DwoYUIbq04O3HhMt8ECitroUEm
TPD115法登他000902,TT81I1sOupoDBTneJ-vefo508f6zzuKKNPKBHP1GEVtSMijhZdDxlpdgvWWe
TPD115法登他000904,2eVjSWZVArnGfjkms6oXLgq6uAiAAMac2vf-SeuiFh8xWzXTxHaGjnydhEA=
TPD115法登他000908,Rze0E9b-kQKuE0HAtiQzqDe6tJoQ41quxvyNCnvxQHi6q79_9AXpm2DYFGRV
TPD115法登他000910,C5L7LO-7Em-YECr54ZwVq5bria--OHILvokd_rQl75dEalRK212lR8SYVCvU
TPD115法登他000912,aHVHrW-5GattMzQsvwHas_wJI8p2Vtrz596jJ4QdQ6UMT4wnvQBP9E747ig=
TPD115法登他000914,LgQULf6IZ0VNJa4ruRe-4dZ8Gsorb0a7-fJdy-HVuJ3LcojDW-vunxX7FoWn
TPD115法登他000916,Zhchf-TxuroKgJH__fAY_tVfJ7N450PGa9x5HSdJ-clcBGM2smddFR3n39Iy
TPD115法登他000918,k7tdFbXw8Im1zrhyB67Yih2qyYmcrsgUq9z5dASbeXKdsimYYlkvtyDmr1Fg
TPD115法登他000920,3uNvGIplpG8xRjUkj1q8MItJnmBRoeuCIdswN774EqV181KzsgcULV6QUg9q
TPD115法登他000922,8pnHvRAJDcggxk5c2f_2Vgv11jJSmflc95oX_uis0liPtq26DQf_FHIIAT0u
TPD115法登他000924,G17VjXqyzghrlqAwtq46rn-0JngJ08hzHv3GRjz06AIv5Trqr5Q-s6i6B8is
TPD115法登他000925,ChhwySpuNKuZ0GjctFKOvI-5VrRqnHU825F2BKZ4WWF99NpRmyXh2Smr9a6J
TPD115法登他000928,KnqTwMNtJOmVLd7sHyPW0sWgzrYpwfqfvsMyGmf0ortmS5mEVpNoWf8YrD6i
TPD115法登他000929,bAKlCMy_mf4AyeXJy097bDjMSNDQPtoXfy1Z7rBHu2m_ej9wC5PGVDb4vLiO
TPD115法登他000930,NIbL6FtFPgD_x7q5-5ZkErTrcRRYmPPE5DhM5WCXBZ9onoFc2hQcddSnr0RI
TPD115法登他000931,xJHVl8Y69hM9x6e72UgvEX22hwvV1LsxTG8jBuiYnd8B0aXOJ8cXc3e1qn33
PCD115法登他000262,6-fFM3l1TnIRqaDJnPXqyCEj6Xli12jKpXBHf3TTR_AE_kd8ji3svoagO3U=
PCD115法登他000263,QVvFT67IO1Vu3NTGhBFINzLnir63sLGV5PDRNTKRMKFwXd0Z0rJ1Vxi0ldMN
TYD115法登他000154,lCZX0bHmdehzbiZAbpZjcxp1wbA277Bo8rarjTYF512CIrM5eP8KZfy9BOw5
TYD115法登他000192,WN6VSMiwOomZz_UQInX2x3x1tlowQ0aPrT5wJy2vlAtwW4spVVHN3z4r-UE=
TYD115法登他000202,MrhyOSH4IFeJdo8dxlt4BU_OPOaYtk9zlYGl0gXYszG6laUN0YW5_AEC7Q==
SCD115法登他000117,9D7pFtcDG_fIz3Yr1F_V55DHO_0IsPRbwe0sHxBikox2dPZlBu_BIWKPUv8=
TCD115法登他000392,17kyV7NlbSvdv8VEhjcyRNRYOfQnJfDROAxhHVvrAH4HjeY0qrFQNWLWV3X1
TCD115法登他000393,2lmqqZCk_0TQiZqUevnxz3tHNsL9YWvD9cFAgY-5G8FVFEGuU8pfjZ8dQsQ=
TCD115法登他000394,GGm-T9CZsFHFnX4S582JB_or1zqVTLf6nrwMFGqHDcZszN8MQ93-18OjSJY=
ULD115法登社000010,Lk2fvYXIECcqCQ4-2-qH0NC3uk5Oj4W9tioknTcDHlbBVpWx_VNcbfO42vE=
CYD115法登他000080,sBUYiqY-rP6BxbPE0tNWvW9xR_hu3smR2Wg0sycW3FEGO72v0o8hjff_WwA=
KSD115法登他000183,IpBI-s6s-9tv09nwuUoVIxGPA84iIa3aq2I7c528eMcxuG3HmH0wJm8yDx7E
KSD115法登他000188,mKCdUHa2Lynl06Dskw8OrX460obY-HDtZay6Q1osVSkTCX_E62Zeoq9v5xc=
KLD115法登他000048,2ufLtp5KO7OnxXUxRt7uP2U-pJ_zuhGR-WGrpY0xR8XUAe4K4TWIxWzFJW8=
KLD115法登他000049,7ozAdCEMAnFjZ-9uU8J_QCnfq5sR_m9bBwG7H3sw1sxXE7tYs9kqsCca4ro=
KLD115法登他000050,gwkGlFHNTdVjdOjvsZ5ZXkFq3dqIcIlCwfdzp6_aYQy7ETWZzlf6MRi2eA==
NTD115法登他000073,z5HJGQ3nsjPLILtN8VVzjI-Tzm94xvJv9yoV9W1CD97vvhPCnbUg_ZA_hR8=
TPD115法登他000932,Dy1jjD61DU55IMmk1cOCChz3lKw1toj5-7h2tOJ617Rb_Hv-9GzhTOkpzIk=
TPD115法登他000933,n0u8ZJDWatZOtXHHqECzTG0AW7_L8pCVGY9x2vyesOWM7uUR9C63AF-nbNmM
TPD115法登他000934,jAdpQhbZYj1wAiT1bAq-kDRdGkN8NhRzbNluiRw54uw_HoES2NqJO22OaqY4
TPD115法登他000935,6ZJFs89DkvHIrnMhqn2cO8Ic8eMrnetHLxWhxM-rPrzf_whHJtwSO8bL65PI
TPD115法登他000936,pKe6BcUqng6LDvqXFEtbboaPj8IW5OOnrQ_XuzBKerL-LW6wdvzbwfxokKA=
TPD115法登他000937,0fB0z_atbwo3mwc3WTihEk7m7SlnNi27seT9MST95NhkD__UjNAq1W2DnXvT
TPD115法登他000938,VssKiIt86D_6GDkY3B6KMrwCFGobweOpCTKstEtK0z8PE1Gj2aVzbnxiWVfu
TPD115法登他000939,7qX6gFxLv2v8Za0azKrXvts1MjBmun3m3HYnE77aO2KTS44k7W6VB1BNuNQ=
SLD115法登他000269,w4keLHHuNTWe8Lh8yrPWROBkUJh5oI8PEG6WtXs2CKAf2Xz65coxiNu8kYNKZA4=
SLD115法登他000270,a9_X2zYT1HJTTxVGi9g81Twc2L5VcCtOC3PCV3qh7omjMy_IjSZCCI_D5_4=
SLD115法登他000273,Dn4cCJle8Fa--l0alRfZwh3odqv2ABDYqYOVLVVUeyavTWXAZ5_sJb2PSA==
SCD115法登財000002,8c_NIrm_wBBL0IpiKpuKQQsAiih90kKg4gUc2IcLc8mBUtbh49h9vYQyRu1r
MLD115法登他000052,nrAgTNJZeEpcqaJg6gPAkx7K9AbZ5LP_Z3rL6mPFHOSXrjeexS7kXkQwm4U=
TCD115法登他000395,Itm1GtIKC7tXN1rKrC2cGaM8lR2YQwvPIN0a9Op_8zzj5XzQn_wHLSLcoi0l
TCD115法登他000396,iMUlVz_8Xwbp79KPwVNbjSJh8jjnA4fjCK0Y7zvm8549MCvsLVNEH0cBUec=
TND115法登他000212,4CuIFClIYSKi0ITdSVu8P1ZIZ2OA_B3BIAxQDR-eM9ikeuwgpTK7j-pUaDg=
TND115法登他000213,2bi801-kxWbcxo_5Jn_4hBXGLpQpnQ5d3LGwkJumLSSHpAt0YKxlOCSb4U4=
CTD115法登他000096,s4FLHYzYT--zBckWmCdaJUlgdqRQFV2o2dhpiuk416noRyJdaezmLO4DVw==
CTD115法登他000097,i9p77WEOahwJzTiDN1YFZWRUhy_0rKXgR9AqfsEwRRxuSJu6xOEpXqy_AgQ=
PTD115法登他000073,EEnbldTt6bI-eYF5XjO8pFAbYuSyFmZZBl6NH9yZWl51sqdZ_ClaBq-qu6U=
ILD115法登他000065,oKTiz2I5DoMbSOSoJCvzYlEf4bReMIOhKN3qKliG2Up_p9-1ZBxj-V-5nWw=
TPD115法登他000926,NrwWQgDPvXgcAKR6tmjJQxQjCgGfIjyO0rlsSIZ5CaeaBUE25LhqXlYM0jJB
TPD115法登他000927,T6CeVAhtG6P_3Nz6E7O79rFMI8Ow4gSwC3NGUoQC7tEMZJcxaIiqoymVBCby
TPD115法登他000940,-_w5NQDyDEGlflOmzel2TgZp0BDWBZBhjho7io6CQVkG8n2I3j50N7tHgLXW
TPD115法登他000941,LTaINBxSVebWgqUMcL-alM7-YG7txwbQyRmFf6nMudUAIXiIG18RxHPRwXIV
TPD115法登他000942,SoZdx7EE_q3KjSfXB4RCer0FbW7ygxFxcExxoUcZOYqOWa4QXiihT0PsTwa5
TPD115法登他000943,xWGKDEOZLKZ7Xex3R__RpUhShnIG-VGXkbmlk_ju0weX1jYddvd1wc9-uN0x
TPD115法登他000944,Ta8C2DJyBjY7VdIqrmGi3jybUEfDslfumYUlPrY1eTAWcmWDLnNZSmDYlw0=
TPD115法登社000046,B_9Ncy2MdC98Ar56JJny2Bk3bJcs_fjSlUY4CfDmERrPdxkVXlyJs-0uHTg9
TPD115法登社000054,m4GLDCJ9Z27-6ZMQsSu4LC81thc3bOSercLXfzPb73X_lWkordgbEZvtWUgC
TPD115法登財000009,W5eHBX6D0AB1Dl5prX5jk8qgCFgWIsGHxSsfpd7VY-9EOO1VBbZ9n7r8ocrh
PCD115法登他000264,3rF1ARbvFw2WJOwiYlG2Zzloxhgjsg_0qf36ZvBduvnA_nQEKaDmjHak9Tw=
PCD115法登他000265,sGgJxMOXKYFloB4TzvxNz2_uGn02k-nCeYq7lMghW2uUbH7d1al9IvWzkMO_
PCD115法登他000266,Il2Fkj1umHamib-CiFIsI8fHsmcuBOjI2wCgW-ggnnzkpNOzM5E2nC0lEZUN
PCD115法登他000267,Ugl1gMODiBtMMRmy0wrqt7GfusOEDwuSPEbU-YzKYa8n1O6yrD_iKGahSSk=
SLD115法登他000272,flZQTmv9E3pm_tvhQKFdszrgOvLR-CroE445FAE7LckZpyVXdc3WzA7g_Ljr
TYD115法登他000201,vCd1dxxtO9OyS_WqD-NOaC8UyXC_ap2cLsVzUGIJXDjDA-7NGvNs4h1NMdk=
TYD115法登他000204,m_KKXzgNdNd_npfQcz52p4niqw0mjCy_JmOmdXbOhq29d3YS49C2CUZVMHwj
TYD115法登他000205,Nnt4gs15h84TBOo7ZIMOU3c43Km854MFSQxSKt6xlERejZb86LrNf-5Dt-RG
TYD115法登社000030,de425IQVLe98aK_MiyK8S0t23l0N3FNDjuA1O3p39wU47ldNDnKukh1AMT5H
MLD115法登他000049,hNQCU3fj8Abod0RA9OIaB9KJvVDjDD_MDnvWAEAjsPHO_5nxE94zQvnOd4o=
MLD115法登他000053,1pOCpO-zawG-EM3gW4cobLfKz_F8L5W2ifuaQehM-UV3Ctd7UGZ0RoPPfg==
TCD115法登他000397,1k9Sv3hFNV1IZkK0BduGuza7TrqSpX5UHAvgNy8SLhvZ97REaFH_VujsSOVg
TCD115法登他000398,dcIjzZQRqOrAq6UwdU6WDrxFyriPwJ6OHFMyk0KUnSwW-ptFiJ27iGrEn2UO
TCD115法登他000399,U8JuS-BghHfzGYY5gTA3UiNFJ3yJ8e8S2Qhi3u0nuVz-07Sr8CWpWVIy5VYx
TCD115法登他000400,sVsC1bSae5byZ9CKZZofSjtLXkekpNxlq12tWKoyznraVO0-ttsmd6hsPtnE
TCD115法登社000052,MjAPRv9VLCynRWABHiqDqm9FsXE2ypKniMix7TLOHzKhJ2-Y4wvkhn3yUOso
CYD115法登他000082,2BebfMcL-43nF42xPL0-fUYJLlcq4xV8lQ87I8jyW8FPNKE61i2xiyLOmJY=
KSD115法登他000189,bBCc-0DSS6V7B3A79y_3eRrfAfw-viV4veKt0xDJoAFOeKZrylLYEyn2Ud1i
KSD115法登他000190,4r-x2khXjJsOhB-hvoJVU-UYC1k0HJ3QZUocjcRZwPyOUfGckZDrkZVzZ0iv
ILD115法登他000064,lr3fyZ7RiBjRgIG8RvGKYFgWdMcPAdxIYwaRn2-5ECMuUuMdWngF9uXEhzY=
ILD115法登他000066,-hM2zAdk_OwcxLglaTBpc5VrHM2dEFl4TpolI7AztBIeTNytTocTWf4VBR8=
TPD115法登他000882,31LcRKuQy9wIPfZ5JW_WB_vXxMA7Lrhd0X48OSeNrBRalnW9jFxqdqepJnQ=
TPD115法登他000945,dga38ck855MvVbH5tiCEKc2RUeG3Rfo1ABKDnLEP_x6j1tWpHyfPqPBevKBf
TPD115法登他000946,9E4R6NTCr4lCJq8IkdVMd3nRtt8lZwE5_xqCfR5SFFBEiUJ9khLVdMsTiIV0
TPD115法登他000947,whzxWPtWjtNVVZ99zg178YfZEB2SVrW-zA-cXI2YlkXr7GyELcAukjj9MUh9
TPD115法登他000948,48TWcVN-FCQVDGF_lMMgANZYRK8AIxf38FikbRPQzMR3d_dayVFKvcNc8f1I
TPD115法登他000949,SGfkSdZ4Gaqnx5Gu-tKt4QtRz6qlxuVsyupGMLh1DcJzTqgLZEXZEvDauAAv
TPD115法登他000950,3Hbd6s0bIut5x-FBZrc-JBDr-VQ9cJ61VJl-IGRubmkrm4F9eMBF-99DhPDI
TPD115法登他000951,DrDbnVejYvRgW2X8RetGuYDDgcKR6cCAD6pXLfo3TI9O-FRIUgm6RvVfytg=
TPD115法登他000952,upXNuuVts0kV0DAFhYGn10VC56HkwSiK3V17KyQefnnNuwzX46L_kbkgODK5
TPD115法登他000954,Mp_5eIw1Icg94XwDbsd3jYTOFYjYXPFrq1WB-Vjm0o36PHD2hQj1OucdjLxw
PCD115法登他000268,dEkQ4-COlcVLQ9OtUP7XN6rGiKI3JHx-3uf6d06U4sjdqdMu8UJYxXVQ7qdv
PCD115法登他000269,XOZEl3I4pwQlfyoy7jumkiJk7EBfrUR-vgcYM8vpFoQYj4ytUHdTzjh_j1Q=
PCD115法登他000270,KejAxdadPXO1nyruHwXzF_1RtqqihUcbOch4wtjd2LlMmzQGXeeYS9QYEtU=
PCD115法登社000039,qgbS4QGlgM9tguqSs1IiSYy-6naPiT_7zugREe_BIxIp9KwtYP5HcCj7_F6V
SLD115法登他000271,XWFDmRTgWEU-aebkNKQmN5YvL9Cqc_3uwXbt52NGa9Ie9CBgGgWg6AlLlVeLNGQ=
SLD115法登他000274,wme1xXDgmWOFRq_wW4h_C8bpbrWAT1JlRGa1KnUs_pcHnWCgfJfIViZ3Hqk=
SLD115法登他000277,0ozHlDENQvpWFjrpTzBOiitcvKm3aTmg4RyRcOfDPfIrSJNeWagRRKA5Bc5o
SLD115法登他000278,SPfMSAOfg47q28Sj_cgZdSc4joKc0OIR588Bs2af1CMjcAT6sFhW4pwWIpvb
SLD115法登他000279,uiHADxG1Pi0-u2CTI6ZRXxIZU5q23i30I17xpBkTQMi15hJhI1s_KgChLDI1
SLD115法登社000024,Hyr_WV40HoOgXIfWzKsqT7e0RDbGgTWNxl99J8lTVYReYKGUP638H4W_Fu10
SLD115法登社000025,Cxpi0rYbhxhTNSUPZvwYX0wqYO2aT-ElzweqYCNdtDLd8buAlyvU-wT29xYp
SLD115法登財000006,dUTwp8J_ouRek3VYIjki_JqPqOirhgXCMR9SXF7hdyVZmicA_wqNQ0ay8Jb6
TYD115法登他000206,3bHLtGwZYayRxSz-im4i5icZl1hDs6Ch5KCc1cylnLJaHsuxgk_j5c7soo_h
TYD115法登社000031,Ztt_AtKRfDmq9cWyeGhxcSwRDI889yXRWlGR7giC8oKNQv1aokL842df3PwQ
SCD115法登他000118,sjme2Yc85LbLrUXkSoFZ-_Yl3Eagy_yctEIQy20dnBnGZi8zn1cZ4QM0zw4=
SCD115法登他000119,YjLGHgPPOkF9IHvpKKCwTM3mfdWCI5xMjZfy8pUsG8otBrSmp2VNXJrSrOM=
TCD115法登他000401,TGJAoAJCSZejKaD5h-zFxtsMO-Et3-GW5yAJ6Q238A-_8dMLlZPWzTZJRRtq
TCD115法登他000402,umBi2kBj1I6R6h5N_mHmHp_YVszNurvIy3CUT5SNvHriqvX6ZlAop6YcLIht
TCD115法登他000403,qTgsLIHzInMOLr6jjAvnD1z6XEAZa-yI-bfcDp4T-Fd7Pzk1r9zn5A2bzeEf
TCD115法登他000404,BYzOY92OsOpCPINxwL-d0hJ2jNMw7O7yK_0I2h2qWzGMp2yx3Q8RVxg7zKi9
TCD115法登他000405,CP__oZZtCHGSEEAQCa2GNqkLzFljx8KUWOGFznK6mNNj2Oj5CSeEmH8VmDlR
TCD115法登他000406,k-kzuVXvTnimweXTl4EQZhKHxOSKXx7LYgQlhYOzRBdVorF8GnniJExfEUy0
CHD115法登他000083,wK3s-Qxs9WHuVdjJnmNEosVFye_Zj63_BNWgQy4u14dcs37yX6c3ZcqeLE8=
TND115法登他000214,zJjIQfkP3H4k654QH7ukLZ3sAuSDjeQArkAqEkFnwWJmx5_8LYHM8IPNLAM=
TND115法登他000215,rkUHbhbTV9z4X1286KXaHs2l0mjM_ppQjzQBf5IQ6QKWGWS2oUnkwyw3r_tu
TND115法登社000022,1DaMvUKVtHYT1FLjp851XVVuz6EK9yU8J2WScRYvizXfGNlXneks9mFTjCYu
TND115法登社000023,LhzdWepTCok9Ki15IBXSELZEJiENHjH4xhpZbcBqJjJp-hPBlfb9rn6TaXJu
PTD115法登他000074,MME50BLn8bCc7PYn_9GV4UTBzBJyMiFblhzPg9PWuaN66aFZqHjACgT6pv8=
HLD115法登他000063,FuoFlHPS5Ix6-K4kH-Catrl2CLDLVSr4OM9_LRg7-i7aPVwG_z3lf3uqSKg=
HLD115法登他000064,BxoAzq-OvnNtBR0RuDz67nhnYnfkFc3s-pQF6pt8Mv061rjZ_fZLqdGbMt8=
ILD115法登他000070,_8TRC8-ZRmY20sclwgFnaIpMSogtmOJf0s-5THBvk7muM1wPQ6KTo09-LH8=
ILD115法登財000001,_V0ZD0_OpwfrLgONfhMCKrhSuthnRvVpGHLLaFONeo5xVIcM9JFt3urgCbs=
TPD115法登他000953,ytGtrpj6SWTvn5XwHy5pKB0ZGtd8zXAWU-OKd-Enuk0ve7XuBVAvli3c_ME=
TPD115法登他000955,BvC-KZHcpupvkNGeJkIZMJK7ZMJGb5jnuQBrujDYUJxGMyXGgDOyHMQWCEOK
TPD115法登他000957,uQhWA0gDGHlwElKq-AtwOcT7-av_-ltZ848YJEqkmWTdApS23sm90TVfZ-EN
TPD115法登他000958,3_-1GHqT9RdmYzKD-Ji09SF_lcfjCVARPyQjIB1Il0ICYuiro7BQlhsJVfbc
TPD115法登他000959,Frq6uxoUrgbeig1IeesSbumxy7xxGKWt21AZKmLrPkHPSK117ljRm3Kfqf5P
TPD115法登他000960,ZAF8krA6qpXBlSuEMLA4gADC2SKcyFt9d_fxlWcc6aKdPQV5eRusLjRdNF3A
TPD115法登他000961,faHCM94lZZHEVdJVjnH7BGsrzOux-V3DJ6pJ0tioBQWsKxuwPoomVHM9_jGD
TPD115法登他000963,ZLhFXdN-Gip25HNhPTvnddoSqX-1hjaaW3f-jjZ0bh8QstTPM2Z-QxY6i9rB
TPD115法登他000964,-Uk7kttj28i4DDw7by7fJBJdWWBLWTE9oGgAOwMJfch1Y0NoBp0y042GCxn1
TPD115法登社000038,Yq6tOmRlukeLyDN4s243b8q6CQAoVO0WAAuOmkayifKW4Ba2nX2JvlyIi_aA
TPD115法登社000055,8iWobWdV13vX2z0MOhKy7Xbx1N_-O5-t_lmtJvOlLV3hrPsJoqSB3tJqC1ax
PCD115法登他000271,A_3m1yiFIplx2ZsAaTQYfELkgcZ0do9QuvtZoQgwmpjfedgraxWXpqYuQmuM
PCD115法登他000272,7WPidSkR1gL31oOT5bs0B2d9UK3iaOcvhZHmr1tIc8mw9GExM8_rWqm0Nk6t
PCD115法登他000273,9SbLhH4YMLPWUA2uPJf8ifduwgPE2Ck1lCKw8gFlg4OU1Ad4LQcdyWJ1iUBJ
TYD115法登他000130,ErAt4pKKXok-f0T54wMGfhqvzJeljn-HvzMn3Ec4s0ftj2FayQ3COVQVw07f
TYD115法登他000203,J_8dXH-UpeNSGohTQYUlHBB9AXG5CpDmIpZEUX8FjovYoSSSblfRGR9Q9APm
TCD115法登他000407,zxvB69ALkeUhJwFViz3ntAw-LzV_2FIU7eL1ATguMJPgZxurLyDtyYcgNcIA
TCD115法登他000408,HBKrW2ALFBvtGageW6sSWpdyBm5KNbPzePEV5HFLhZlpJ_3WdLDX5QKq5HQ=
TCD115法登他000409,CUInoMJxn0i6LnUPr-WWm0cbnpmXEreVM5KxsccauEz709m5rdEbvaw5YA==
TCD115法登他000410,utrCs8kSVDKQXg2p_woFzAkrE5sORmJ8vGb83H9EjQsRwWZkYrJi6285wOuk
TCD115法登他000411,n0RwGrOk3TRTolTZgbDW02kcq5l7ENkUqaJ7PnGSS07716ysNEWgfZaEiiJf
TCD115法登他000412,iwJsx-lSYaZoW0XMv6nkBdaWSXzWQz2tKxyzg0swBhVon0uPePQPfAFFoXL1
TCD115法登他000413,bTImnxqQms8pWSDpdpZlL04x0Gfb7zd73U5m_Vgm6RhxLbA3WATA7-pDhrk=
TCD115法登他000414,K7Yk-W6PMd5g7EXOOuJkMpWbJ_jjC_vEOhbecRy5sw8nUJBiK9PgJDGpWjaH
KSD115法登他000186,1_Lhe2W10VluUkeeCWJd4PbXAJ1-daCDaOJXeP2KpIolONLEcdh9Lvh5BUQ=
KSD115法登他000192,q_A-GkU1njUuh7erSckBRlPhCLJN5zHE8zh1UYJomRQsfWWImSuHarMjSfqf
KSD115法登他000193,ZYUmeqHgpZHy_lixBFJz6LwclqPEz6sSunRwkI-LfuFlluj2Uc5caT06oOeV
KSD115法登他000194,5k40jTKc2HTzwc63RmGwfKEX0MKFpePz_E0ImuL5QaIt5vqligXROAYj7Q==
KSD115法登他000195,tTAzqdOTH4PqSGdr4CfM-H7Qf7TuE1n0QzARgPm6pBlmqQ2_IfT2p8xKZTID
KSD115法登他000196,dUFHnEpnO6NOmeskO2NPxsQQEHXr0f__L0xST8VoWCJLH8mxIB9QPxHmV7I=
HLD115法登他000062,O9jANT-uUC593JKTv_FumA2auSe33EriIOYBEQUeihFPtwDExssuBK1n2tg=
PCD115法登他000274,DfnKLCxiTbTdQ-gJwx-qP0HC1rzO2i4SanUQp3NreE6BiA6Dn93zLc5s5A==
PCD115法登他000275,S5VY4Q-NceMBk2P8WNXAkpVqDYNms4YRh_-b3HUcHwMOZZ_4iXcQOgtYJzo=
TYD115法登他000196,mUoZ0fAjh3T8hgQtYoWBeY0Q6jIAbuvTbgAYUmXrueghkmOhbUiEw7ja6Cp2
TYD115法登他000212,T4jRZMvZVXQEMbz5rGBUh3jkXYRf0WzNB5En8KRuZN4hoeNmS41frtuYdw==
SCD115法登他000120,ZN83bnEKwr9dTN4-u90o2ISUcPcWCruZe5nhqclrzSfiJEkOWAP7GyJ_8fQ=
SCD115法登他000121,Zf8FY4EsLy4Yk1jEaznENtNKjYebeWbWQELt14Wv72eBfI_GNaWGOFlZrg==
SCD115法登他000122,h6t1Ud3puLmEUDrNEAi4-NUSZK1UjHowP2JpPDwAEjmAv61677KCjY0mR-w=
TCD115法登他000415,ONLrxowzv_BOHvsXDubvkFnCu0-waVrg6hDiFuExtH9cIhJHhHAtl746I_iq
TCD115法登他000416,t3SkdcPsqDOlfmE6POkeBt90HfGqvWOqhFbiWuiMlbuZE-7CZLFqcWX5wnk=
TCD115法登他000417,8FQ3tvxSFaBMHS4f7IVKEfouD7Ao6JSGzRdl-arsLqQqES2ok9Qj7RchQW8=
TCD115法登他000418,T7mV1yDy4fGSRIY4LHp5JUaq8_o0Mm19vTBTQcBy_UHE_IvwY528mnTeooKY
TCD115法登他000419,Kz3ARFpG4kCVPGjfMgtkEynkN0-Jz5SsaPrdvPqYQWBmGoAwVEO6J2saV94=
ILD115法登他000067,bGep5On5D5Hj1-fdOiWs9sjY12wbpNjvqSo_L_xLdBR7J7H0Qcls0lJis6Y=
ILD115法登他000069,OqxdtQjSIGV3Qi41tXIqWJawXJAQDC7upLv4V2vCVewE_ddgQoZS0GzeQH0=
NTD115法登社000009,j2R2LVYvpoo33KC6PONbqoiqHigTlozh_rF6L07x7Ja2Wv_MIChWhIEaIT4=
TPD115法登他000962,TNv_3uTORF1Xwcw7Maxjye5RQxRGJpFVeSP0xykGTpYqU5jZu07X_v0YbJ4=
TPD115法登他000966,sy-lyDAodg2RFLnklbJuw9srZc6JGTaZN4DyZ6zKRoxwsBqYynMqHj6oWqRk
TPD115法登他000967,cPMYdAKLICcV6PJaeGQspnSwWGaKCcQVa7dRRw3hWBFjUO_Voydt19RkSsQ=
TPD115法登他000968,DwSmOD0wBXPqyEIfUA0dM8Lq0tOXjwOvDFoWcI5jQixsK942cMP5BN2MXtA=
TPD115法登他000970,bE5ZTqf8mRSYfNT5oulbN5ee61hNw7SHfpQmnU-6Ndg4sUZlPIh1mLQbqov0
TPD115法登他000971,i7WcS4U78bOefKMtHSXxljwulf7U5UO0-AbyF0w7Dtbj2fNomiOgdlbn7nVs
TPD115法登他000972,JJUQz-cSyvh9XXXom01uX5v4nS619CYEyhyvFKV2xs7oM1n3Jvmngx3oweSS
TPD115法登他000973,kp46bFjpYMQs_E4Kb78h_C8whEyZLdWtjVEd_qjITjVRqBwNIcqoYjdbjwk=
TPD115法登他000974,1y0O-bcLLCuXmeedpefi8JCAWIbYU0s-0HsMbSUl5cUda5WvN05ZBQ84tYOs
TPD115法登他000975,F-nTAqh2fq51HGBIW397n96X41-XCenUCmrj0LbFZDb0tqgV84dk_SnqvK5L
TPD115法登他000977,0kbV8cIH1A1E3-uJeOr0nZ9v-ZvLkJZkESBnnc62LFtue8w0phYPSU28pWBc
TPD115法登社000052,uzCMDPZpzdAA54WBYOzKNxeww3i1SW59qQv9JyRI_rubjJA7ZizAcR318sJw
TPD115法登社000056,iNBgSoELFq6fAxJVMzWXAHiXmA_HJZEA5lnWaI17aB7MJ4U-5NFn0v2N2Mzm
PCD115法登他000276,LfYkROAh5sFOpFaCWKtwe7T0pYpDCxk98YjKESYLS95hF00yznb1pqrQ4FTV
PCD115法登他000277,TK0fSl_SiDlmB_zT6BdGQkoKtV3lgVdpvfdgT4ZXcQCIHHTG3T46z4Xa2hwf
SLD115法登他000280,ZAu9FNzSb_fg8vGHudToLWxWUmxifjS8QL0lAzf8OwQI2FuOfV_LUvaYVoyG
SLD115法登他000281,iG5EoEpk2uCO3X1j5tH3wl0fAG_9fyZVfoY6d4Bdp5W0nwgyAxLFUSZReAQ=
SLD115法登他000282,15TuQlpVcxvlzAMDL3f3Ao5MQarSxhO3qwzJJJPluCTmDTaDuUqhJihBw5GD
SLD115法登他000283,EK1BUMXvJE6z3VZTOcikXNHUr6ZUq2bWKM019ec5ogbr9j8wPQ4Gc46EN7uS
TYD115法登他000213,8n36zXy65G7YgSEVp_-aQTDJsEBVOGeQyzTYVKCGqxRFfEyY9xhAcPPhlRg5
SCD115法登財000003,ni3OgQkoAG3374W5pyIiD52JXRoMjP6HnCPLPEpIcfd-uWvBOjG67gUOce4y
MLD115法登他000054,WtWlmgn7SAcw4ja1QQklbtK4OfmeFzdCDvW_YArI2wB-1ooxq0UrPLeizQ==
TCD115法登他000420,07uJ0AHFC0r4eOEVjmcXpVjSILC1otTaRwKnZgmHP1KCLlIEq3sqaEvZV6Jx
TCD115法登他000421,6A1kyxf_oFO7bPet3zrtEp0GgXS5LnYt_xjQS6qd_yP5qaA5GXKXYRkN0rI1
TCD115法登他000422,_L2hYBYGJB1LTKQ-8owrTCnGYxVD_-VORKQbYzk1KBIDml1OkkmQvJyOv8c=
TCD115法登他000423,DljtTs_6svFjsS9kzQz_hgZucFiCRm5iryJEZ6pS6YKKHIGfIrUxNE2mMgA=
TCD115法登他000424,7Mf5Y-sW805KrsVYZwWizh4QYa6-CC9a4OFcP2hTaKqmzqgTLN0IrxypUP8R
TCD115法登他000425,clvV7AVVdXuMRUuyJTpZ8Q_8PX6i0yHDQsPwAIChx6iauepAoq79SxGJ9zPa
TCD115法登社000055,hv00Gj6fivwsdAm-HTUUNCtnJI8rgUn9Z5yc8PBisnIU1w9VAQhkvRVLcald
TCD115法登社000056,yX7k7EltoRUJVHfuX5la9FAoTV7Ls8S5tU5be55sX-_wyNYR0SUzY7K_grtw
CHD115法登他000058,yldCdyKj_7xTLoUf9rzN1a6TvjNx4yKk1xDq7dmcwALbBe6eTrMNVstPwkc=
CHD115法登社000013,sqX_Y5ADkFfCiPErIkba34iJhSBd5CE27gC--P0TskYu_m77-KFJbUy3QYKV
CHD115法登社000019,CApkNApfHscBdsnSvE9wX1aul3syc1d15XH4v84KoA2sq4YSuep4pAclTtdY
CTD115法登他000098,7qQruLtH2deM5ZODgZZpvqU3ti_Is0qYO4zjNY6J4d6JnpMVazypoD52lOo=
CTD115法登他000099,YG3H78B1TiQ14PL0Orb308XBz_2HecdC_6UvN3r2IaCwBxj30lY3uCxUVA==
CTD115法登社000014,RSxERWrh1wqZeGvB3LnaBCAn9RJCzrTDma2w7OPw4XQcf9S_EDIAz2jTylk=
CTD115法登社000015,vovMClH29Sj0U4NoLbALxR90tgiasiv5ofVUtXIJkwZ7UH-JHWzzDvX4Lzo=
TTD115法登他000030,QuYWXFj5lzrZIw7qCB6XJdI2O3wD5YmnA4RJ9FqX4fhmTK0bxNBfEgFyqEA=
HLD115法登他000066,SXqV7EJr0unYZd7WJi83VEMAIrioy7h9llLN-KYHP3k_F84QCezqBlwQ6po=
TPD115法登他000976,k_NSt85z2usT9AWSuyMb8__n2DHiatuTivmeRI_M-unifgmPOmilTejMDowU
TPD115法登他000978,S6bs_z5xteIH2NIC8rqtbA8vEh_fMvApXtqgHHdSaTBoYVquBIRBWE5Xl2yW
TPD115法登他000979,IMazZqs57URxj6pKLI2GlrjMO9CFIXg_fA1x-8EJ5WKpygXkmnBxnu_Ut7rX
TPD115法登他000980,xA3N0Mk0tJP8OOXk5gNsRbwMZpUIRDpq9gvPSjHOGzWQlNyVU33BG3NZMMo=
TPD115法登他000981,MbF-CDDX3IVCncG6PMp7x6oBUL6XiQ0U6aFLUVKtJ10dmd0XRDaVv4V7vcKv
TPD115法登他000982,56x49aeUaD7DB6afzPqEB1fpoxtqGe2v7zIEO-SvYFJU7q-ETkjBfSstajM=
TPD115法登他000983,3kEoVPwpH2IC1IGfZ0cdkeEuVox2x51o5GXEl9NvF7tO_GbuUwfPXN1z9821
TPD115法登他000984,V5BG8g9D2OwHFWTk5HQmDfi_ykTSyB1URyI3QKjtj4rqTIPHxBTXhLOIxwTU
TPD115法登他000985,_dFZh0uHuRQmjnIcrNmFWDKhSE9Vfa4bUF77AZntRNFR7tNEKv34jVw9ru8d
TPD115法登他000986,D7FtWAQINLc0MEKUHf-AT3qGy4X9kSD7pi9GWyPoj4yDiguztjh17ZB_5II=
TPD115法登他000987,ey8F_0ocFT7wApiQQ0WRJpbpwh-ubx3YsC7cWKDDQ2r0hTFFvbJRV9QQ8Y49
TPD115法登他000988,SSWSbJavDwrIrB34bQ9h4sYeL-PWs3b_XWAHRfl_aF6MhmZeq_KdOXEX0CkT
TPD115法登他000989,fUmr9aWmo5gV1ILxC5RHMm60Eh_-Rwr-vsHnbDF5I-VAAPx-7KJJcL-LJgMj
TPD115法登他000990,EMgrs6yXRhzWpD31gf6Du-5qpTPfdd9lFQtKl_-CtEVPzTG0UyyszqC97Mbi
TPD115法登他000992,yg2Ws38VTbdm5yHkMMTNZ9t0hUwb1ADA7t1eae7OlSeDQTXULe4Vsz69x5IU
TPD115法登他000993,DD5PrvhYa-sCFrh-nTD_RSD2Xzi9SQXyKh_5C3nN2pz5ZfQwoH5ifD2MF632
TPD115法登他000994,qP4t5GNfcW0T9V995DNOGDCrJsPUczuOZBRmXAaJ7Y641e_ySKQ9_1MnmasC
TPD115法登他000995,mHolnpcaXH-u0WwInjMnidj5p8DqCeQBPV4uTwAs8bQIEmxrTkAelhSkzwTr
TPD115法登他000996,rw1JudmDLrB-nhP6bHzfXoJjykQeCFehLm7YPH9H4tCq2tjCagrqWLyl0x2i
SCD115法登他000123,w_EGtFyxvj5_FiY3vzCJACQ5C4XXsoI6GuSYhTt6oxQmIqa6wpU8pjKRVuA=
SCD115法登他000124,WhQqudM3QksO-te_e2VGnUG1IPg19JtCmaUC0WIbs6HGBB4ocVauVJX98yo=
TCD115法登他000426,krwFeYIjd_Egeb8hfEb9CFhpzWf1gbm70QtWOuuThevbK0xUgaBo6R5D9Yc=
TCD115法登他000427,KpT_0iIIND2m3HNUpe7PQxmCqSSgYfEuFCh35faip1TrYhR7Z8JWP1mo6sI=
TCD115法登他000428,SRMMJ4RGpAWfvQmo2AOH3uRp0y46W2s-WTWW2mk9tbTYO5wsrIjwaD7-YEuQ
TCD115法登社000057,in3w_zeMEUWzNfqdMZW_1HT5DHbUg5oxixK-H4CDYzBohuxUDVBm269KOtM8
CHD115法登他000027,TL_jgeWVehYcO3lPlQCb3gRYt33SasnNqUNj1FLaM-5xe6_e7uV_nD8v
CHD115法登他000069,75pdnD_bvp4vHk9RsVAuCLCHKaXz2NgaWFrna8nJZFOQYjThJVIR3Srbye8=
CHD115法登他000071,aa2LwTak734kqUdlvd6DO6Rw-Wl9dJ2ylD4U4cK9Xor0GJokfLVuybI1bWA=
CHD115法登他000073,aObtit2-y9oQhkvkdKAHtU-BtvQE9c5iu_ZeQgQUaQ5DZS8BFvWbrkgnIpQ=
CHD115法登他000076,cgWqjLYmReCEhYa-053nIaLQ4RXZIZ6gjmC7z56YrPkiUIzquWGNhzzDwVc=
CHD115法登社000018,j-zs2_QZIlvtMLkD3Xg4dJN_SSX3HGRDTd0NracJMWdtktjJ5DZ28vTgUx1g
CYD115法登他000084,W8J0pSUb97P70O3gV5NcyG7gcb3zLCn5meRh5YX6f8bvu8PEXL6yEK44ZnE=
KSD115法登他000174,n1nD45qmQle37rhBXakOaxCfOaqFLz2u1foyxMvSS902yQhSEf7YeILINZi2
KSD115法登他000197,lz3jET2tMBUmC1oz2JYy9s4APRU364OV4qzbQdmjV8eyR1KCIeXaemBtNsd7
KSD115法登社000024,58A6JqDS9ZsiPm8YXnqfs1ww0ODWZmhzGsEdjvuAtEpFyrG16kwkafJm4vcL
PTD115法登他000075,NUppXfazil67Uj7kLOpxq_iL1G8oMY50bim8m46RUp2IY9tWBUDLeU6Ve6o=
HLD115法登他000067,kNZcYGK3sBydGeEHJdanp6zmlioJl5OJLl3mNfDy5FaEs53EW-myIrB-RL8=
KLD115法登他000051,eer9d4MZRRd_nwJxyBzobL_8LeAVWd8dSUVd74BiRGhU3__zrff8dq_pNyA=
KLD115法登他000052,hph03nmfEkDI0bZDf6VHliez4j9GoUHtPY5VOk7zm2UEW6dVMcI-CubhDNA=
NTD115法登他000074,eyZWrgw-2RPwsMguCxl8AONTGFCJcye_oc6eMdX8MdZJkMbph3V5wuAbknM=
TPD115法登他000969,fijudaGato_ATlF3e-EmCT45jlL8S7HqFrLTEEHfSg2uWAYgU98mNZBLMefV
TPD115法登他000997,IcliVpA28FLPvKuC8TTA0ndWC2RIqAgpYJc2Wp9sXliRMQvnoxIGlvwz4Fa2
TPD115法登他000999,7F0QSa624eo8JaTop7fwxeb3e17mEPVIM0bpACuUwv6YbfydcMQxiCkvvVNa
TPD115法登他001001,PQbEJnjODzjXQFIkEz-X6f4W7ucAZvuEQuix30wvVu3rI3Gr2q5lVoSo8fVa
TPD115法登他001003,8yESGbqkDx7i_ZlroOIOwvLlr-FWZ89CBKQk8tOYE-KvSmgT441vjVgXFHLH
TPD115法登社000057,csl7x9SevpdnJdRHpL_L7DVLSDr_wNN1tEd0rsa1WSqd4jtmycymTKzQ3O2b
SLD115法登他000284,g8DhiALbL3WDfhsunARtA_u1UgTH7VZgyWRAoKx5RfYJ32gf7oFeiMQCW7-Drg8=
SLD115法登他000285,q8GwmIc6UZzvWxwqnlGfFkN47Htt8xlWly-dOLsvCEi4RZQflipfcQ2RAzBL
SLD115法登他000286,wl-chYL7FyJnO1bHlvTfXEqKsbusH7xkt3Yd98vaGL0trDqNdnArNOQf_7s=
SLD115法登他000287,Mk-fHZ2CsnNlkT54fSF1YjX1gBE2ZrX6N7cEgrL6rTaqMNpV9anz1a4R2Dtq
SLD115法登他000288,81Q80LPAy2cWdXyB-Ji5IpxSxpFP1l3ClYHw1iF0SZSQtZkIfyB4EUywaDY=
SLD115法登他000289,ZnKNurbWDoY_-SK9yfrukUOynSMnkFrIfdG7i1OwZEeiwTvBZDxRMHQxUGbT
SLD115法登他000290,yk4gqlFk0QiugAlNsSd0kHDvCiN-mUDBFwtEC8YL2-MltsEkUHOQ8PUOxHIc
SLD115法登社000026,BMx6dZs-yOU3eiyMmgk-_t5JGr6oDhezgvJY2w8kJxO812JypyL01hr590LH
TYD115法登他000051,RNGnJcjjLh3UJYmX66Ksc1i4nRlDCP5va25YxJc-4Bwt9QN35hTgDlUPHaw=
TYD115法登他000216,kn5C5-dOoYbu0l-XDZblk5jFpZPQbwbLt18PyDl6LusVCJv47kx_qYxJkp-E
MLD115法登他000056,iITGuuOBkr72RglUCh3Flp3359JV874D7Cfb-PfEcc8w1KVW1knm_UF5dsg=
TCD115法登他000429,q0gZFOAOlqajZBgZWba0ZlbKNg4e4GdgiRL0_K4x6s3OAgEL6QZmV9JgLIM=
TCD115法登他000430,m6-xJXM58T0kDw0RKmHfRYT-_K4cefa5ThFfMQmlt8bcFOz6LPdz6cmMmlI=
TCD115法登他000431,n5KwsLbVB48zIFVe8uMjBFispifpZx0Gchx3nY3AdznGS_1ax-Uz1P620h4=
TCD115法登他000432,PGQtudcg20gfv5cZXDKnRkSy18DT3S13pdWB68mIRtNLt0C6Ap-BT70WFQ0=
TCD115法登他000433,dsgMKkbSofq6ZdFAQAgyEgyrgTEyxhINPEeLvdGbDaeweXDSNAjb-y6YP_Hu
TCD115法登他000434,xGagsMDZqhXYE5shZ_FN7sbmevh0tqoVGaa6XM-0OqazkXeaFAKk1gW7rqzv
TCD115法登他000435,D2JrAtOehGQnJc3DNUSCSIzOHlLzvQIVgXgFEqVajpRSGCNRi4cp_x-kODk6
CHD115法登他000046,QAdQ_W6J9IaUYz0_9JnilYC2Ka411iNObvSWCFjHvWSu4h8KPmhmTA_cSZs=
CHD115法登他000077,fPMd8lFP70vEt8lXHTRpVROPEu-uy0uWEfFYok05Ahh4PE7CG0ja6nuz
CHD115法登他000080,b841lfksikHQaamNawTVDe48OkI1zsfJf5oZXZABr99MqBA-sIhnbSw_Qg==
CHD115法登他000085,pZzd45eHnLV4dhoBv6VwBUs_y3Y39YTZM3VRSKjCUK12VBvHDkasZK8x
CHD115法登他000086,sw1FyaiBCSt2eCXI1Z5F3fLOMIOrKQk41UV9rWNEVP7lmZdFZY4ANxfWdbo=
CHD115法登他000087,gvuJHCXZP7a2wTPvLdi6mCC42qZuQREg4xbzh7MpI_enUyTmBHzh8U6BGP8=
ULD115法登他000075,00LLUCVf17d16jJXw9MSiLDrtaqDtVzKdFih4K0IKGq_wuOra5I4oTz1Fw==
ULD115法登他000076,2rYoXq2Eaf66fjsPaE98Y3R88QVRiXWh8wzs_WkyyD8nwb7X3gD39GxAA44=
CTD115法登他000100,mb9AWfFe4GgsamWdMehkxm7kJXbmand6nUAiVKmptcjYGlubMJPZJUZjlx8=
CTD115法登他000101,HWbsqBoY2VGwZwvyrdVJRr0WnvCZlb6mJbxxAJOA16k5KUiJwvUnXTDwu7I=
CTD115法登他000102,tVYQ785eik4B4cMSU9uAt273dwKQ3hJOvMe0uINH_hpaYMjGLGj6Yo_s1q8=
CTD115法登他000103,Kg8ATQfWr7qOH_lT7IssmdJbYxVw5WWA10TGv94XV8IDIBPGh9xBgv_Y6Q==
CTD115法登社000016,RKGjgxjpsi5omFhY6vsA8Yvl9zq-1SoMdWqeCxMRDHOkITLp1laG3YuCpdg=
KSD115法登他000184,BK8ML4x6UWtJ6ZfCB2-C6-McyTTa_uS_YWYk5n4OYfIZRyonGuRuxTSUn1l1
KSD115法登他000198,kLaIATWP43fW2qB1cFmeRnEAkXcwrvTibI-V02tat6UQ9GjQVSg2vmmIhzc=
PTD115法登他000076,qyh_bRvZJHxEIpEMBefJg_whqKslsahOO4lPhL4R1DN-nvP8BUCFrusvS0g=
TPD115法登他001000,xBPsxxgR-GWv31aHMqo4k2b6B-FthGIMGXag-wdRzhxiQ9SOqxL-R4oJLY4N
TPD115法登他001002,Dcc1qDDvq5iHtjj9rwHvNCNFLS0r75nMXjiQOb_SFrhK6Ms_lDhmto8WPqg=
TPD115法登他001004,QUYyl2KdiHBiiENQekiRnd0FnIJQPPZLU_GKpp6cgc0tAb4MUYook_q_TSyp
TPD115法登他001006,1h3qblRkcaUCYqG6qir8qvlBnmPBP-4BVvJr8eBbq1NgICffjg4Ybs7LZ31-
TPD115法登他001009,L0BY21N1Q6oA5HIgIl2g6V7J79h0LCsHOVe2T_WBI3oDhXy1IhfOjj99bg4=
TPD115法登他001011,bYH4ay4YXLlctqi3_nCLLxozLH45VR45EiiQ40Na1TXwic93dGYmuJFEdmo=
TPD115法登他001013,fhwAw3ZX6s4PZL1MCozUCK4qZZRl3YqGe-6YoXYYT4bH1PFSgJ9jIhbUt5OQ
TPD115法登他001015,8H8c-hJz4YajeOpWvtrmoWXprh3ry_NhZpvj1EXjS687M-3TjQQ-gQbkQV9i
TPD115法登社000048,2xmC0gDFiUn6QDELPo3Pv7Wo3T43uErQFGtFe0z37apFZ6q8WwEC4RKQ74m-
PCD115法登他000278,8nwXK0Qen_yV1OkVjMIWR2sEwqm9uw8ORC4s3Qr6Geg3w4qOxv9Z-sXnBhE=
PCD115法登他000279,w_u0FnBiPJVsdaaUsM48XXNVUKQNILtPc5gnwalLKFGvuSpUrV-jgviorquN
PCD115法登他000280,rMFULQOphWMCpm5iHpfimMbIelZVQG-MgsLzahDU91khPFPkz1gECkVouanp
TYD115法登他000207,LhSkv3yBBRZrZJ76WyvxCBe6o1Ff_sySKDwTqlvIXxhOvq_ovY87f85n9w==
TYD115法登他000208,1sHy70SA-93nxNiqW01OuwP75-8YHtCedYl8wcS5qIRBIxzRcuFi-N4B8lQ=
TYD115法登他000209,ndsPgVBjl30Fo0W9ECRjO3NfPGFBi10w4fEFDgihPO1MRuB7uzSU3vGX8ao=
TYD115法登他000218,wnBzfJYX38F04ImL45mXH9_LTO7K-7kS1IikvIPg-C4YVFMIfAqoEitmuYie
TYD115法登社000033,YU6pi6YdYIMWzc7DY1mefqBYD7HGUh4TeEMQmCBXchN5hKfWyRPaxaYvB_2D
MLD115法登他000055,TBgYLsTlu1Lc_tx291HByUH3XHLU9z9rp9mPXnmVamKjl9GDXYCVMKW-HQ==
MLD115法登他000057,UUhKa7Zxm5qquwm9Z33raEkjo9N8sz_9liztVnaC7pEABn6CHd_vbsVuCA==
TCD115法登他000436,B6K5e1JIwBvqnIPdb6mz8ngf3kwbINjWH11J6IPFAmFGP4gNRGSfRUgXcKI=
TCD115法登他000437,zJLjJQ9lf8jWcDVUZrjsE_VkjqBxZ_WpqQO-_aYEAECLK5Uh-VRAzAHnVoM=
TCD115法登他000438,RmB8rI_NOCQNq8y3IpxAI1Hw3r-BJDwUy4a5YizLIYcP9qJGN96lcxC9wVs=
TND115法登他000216,CEvONnBaySun2fSdgeEtDc9cCm4BcaJsQJ822FXdWn-3yf3Ih_TzXKvoouk=
TND115法登他000217,nULXivCkLSK0bhc2jIQMS8TGBTOjPn6g33v-AqaRwdkRz8WEXnSTsTj88G5f
TND115法登他000218,st6zMR3T23wEyK2cGZtDC2VPufjJvk2zythX2vpOAJ51D8vkdIOxiqFLA3Qj
KSD115法登他000199,PN2yW1oiM9N2SdcpuUL9uXB11mDBaoRaDYEEg-W_zNVkiU_elvU-3ZKOVfNk
TTD115法登他000031,T69W-1uXNoyQb8QFylIttLEKj3ZO1VOiUJN6F6fHrFpHnZ6UdPX1EflcrKY=
TTD115法登他000032,V5XuntM75RhfSb-IvaTALUw-Q6IofuVZZcbMGZ2BkwRr0P_tSGP6kTRT8_g=
TTD115法登社000007,VKNOuQh2dqNFA7Rjf9pMqpzvi9FfJQYU25XZIN5SrdBSkiFmrjTJThvtsrg=
ILD115法登他000068,nUUzxRjD_UPNtXg5FCjnbyLCkfR4P3Q4-NN87eAHSmhz1nzagXLNFcoHwjY=
ILD115法登他000072,SmjRV_BPNtHrgZmkP6fjY0iNvg1NDV21SpUMGgK0AEEjWXlYkuqJc8fFyXs=
ILD115法登他000073,sDc4f268foYNEp41bXEIb2mL-FLTXrPi9GjTiklA6QIxHAlTMXwbFTwQqwY=
TPD115法登他001014,tEpi65goZg5dK8aDDMZKoxCZx5LXVoVLxf9TaUkNYaWkpTdyDrOjlfEAGowq
TPD115法登他001016,mADWAQT7OoOpkUjf2Lg3XhYJ9pRiLs3mOBpfP1ARZQl6SliTlQWC4wey2wZB
TPD115法登他001017,LitWJF49DckRvB2xRDeu2msJWDbW1Ts62kxwxorOSDm25zP81UFguoExsu-O
TPD115法登他001018,WPe1GqTlAjB6OoOzHlRQsupV8BP6c2C8d_GhdYLFb1DyF5f0Tz_GUujuVbxF
TPD115法登他001019,DE2fF_zHl3QqQgB2Ov1PFG8rciXkjRjtys-dkcuyvm80WhBm1OT6H4nz_yA0
TPD115法登他001021,FE6bcwfnapUEvJ7MpbIERfKkNx04K98IP5TCcnhPSE6WIgZOW2frEVHjzOgr
TPD115法登他001022,t3fMsZKj9YGZ-19nT-7Xo0UerLCYP1oJ0E4p4zJ1fzKqj8vTtjS-ZHRIAoAe
TPD115法登他001023,mKUq2s5YFHSzhQ_uK6ird6uZMQAWD0eSMRv1jD7_bWTNi8r8_NAF_EbslavX
TPD115法登他001024,RootBOfWbpYLSjYEMH8oAYztpSBp5GDyigjWR1WtxeJwT101ScnRFmfwzVTi
TPD115法登他001025,RbitYXNEdLZafqTiwqj_T9EQztX0OPi5T_iRK2gnMbSTytVlPNKna0oQ3FkI
TPD115法登他001028,Ew_0Fle9mSAenvf_aTAbmiK36RXojw-XpvMmQbW_J95LMBX387PpbQoA9SD4
TPD115法登他001029,GeH3CSk7ZuA3-GXK9if4Gt9KG5TMG8fWBf2XCvDNqC-vkmc3FVgJICuaK4Cu
TPD115法登社000040,86tTvSOKtRRjv-ggFqb02DCyxdeGAEmlO3XiVf8RtHq0rvMM7EhurPVlnoX_
PCD115法登社000040,Rfgdzi6WwYrjcg8pGbYXuAecS8kwSbWFhJ9O_RKn8iFPiR-KueuYoCBJSY78
PCD115法登社000041,VixqTbMkKILuzyRE2sUHVymMtx3uTiTUZ8wpqLNGjQzGG2Z5y489p3sIo5ry
PCD115法登社000042,JRPzR7oyAtfxsiKYCaO3f7KqiUGF3yNE5FPaffJTVIV3oS2w5ykkYCRBD5Di
TYD115法登他000219,ug8be8OnaI0RnMl02Jmi6q_pWbDG7yaNuWgMrnmGiyNJqUEVoaEbavYtt0c=
TYD115法登社000032,P2KgFEeViHTOUsOOwDN2lokybI92BgfajRifINnMaQsyFXGM60IeERV0XpML
SCD115法登他000125,93UTMPB0mMAiYcoBSNObACURC3KPY-XRJ2obx9LntxOn38-JbGyFxvjGe5g=
SCD115法登他000126,GvTqWt5J5dW2XV3SU0RhNoNlUiQONAmXUA54Fwtq6VnylDpKKHIjK4DI0S4=
TCD115法登他000439,8DInxCjFgSIlCtblDSa2meHMSITqEtjjLKTlbVto_EPN9FaWjb3zhUKZe5mt
TCD115法登他000440,I7SBrIErWh4VSktjx72XGkuDC8XiCw8HObSUJVZ8jesU3gG_tSXPE_qxH5rJ
TCD115法登他000441,AQxWly9T46AH4Dems-5zznNY8_26y0fmtH5jmCrTmOpEQimFCnuEyqpSb_PX
TCD115法登他000442,597QQfjlIc0SbfdvDJoQtAJpuAJiZ91x3yow0ck-vb3wN1I9vE5QmK-Qw9Bx
TCD115法登他000443,ThpLFS7Ud_aZym0sz3q_ODDPqJrU6ThHafsToKVN-CxbzA-NXYshArXlRP4o
TCD115法登他000444,a211_eNs6jgDZnIT81ojvAH5PZjcMTC3-Ud7fT4l0bTJDAR9Gi5T920qadmz
PTD115法登他000077,9LhiYReDJZnuDgt82NlENHzgOClv6oYiOBeXXP_zRUOHoZgci0wbMuLRGBE=
PTD115法登社000007,rSkYwGa9p7hIdsx8eGZT9xRo-HlCqbLMJxoPc9tULmO9zq7Of3hJZirqqr4=
HLD115法登他000069,mAYPM4TPY9iIv60bhOwPq27PRCLXoXo-FuBnysXXsDVLoOBVyG9RAC2-gVU=
TPD115法登他000991,4X0fFzoVkqLN5q9fLq6WGlv4op_bK74LNpyAX9lvlsYV_DqhyOX0y8Ejes7G
TPD115法登他001020,rBE5X71OmGb7E6hXg4zDFuC5y6WhV_B4EO3y_HEQSMAU_qlbaO4BzULUaXkB
TPD115法登他001026,NG7P9jdL7A6xA9stylJjYXmSh9MGIOn4Dp0VJShdkPy_m0HGhiyxr2lFjQ==
TPD115法登他001030,DiHz9m9XQy0TOd2CU5D-yhAEdIhjYQaUt3EqZs8ygxNdM62pb1w0EFvdKXtw
TPD115法登他001031,THqzglf-FREv8eA3jghkU00QYCGUDkrph8yjh9WUF08ER2Wp2Mipn6TKA1EL
TPD115法登他001032,EgGxOr8Q7CZPWA93BAA2CDSg-PhM24gdddqU_PgE_lCF59030hNo79KiaCWF
TPD115法登他001035,TgUK4E2ph5GjD0XMGGGUWqAwKuiNiNZlgRUNErlmU1OdL5SNxMEIKEffjZhU
TPD115法登他001039,FxtxMZ8yrWuNygIYUwE567E7CJWbe9BDJhTZh02GYrzdGV5Dau8YrO0DJNO6
TPD115法登他001041,aLjwfCkv1esBXVQJ2-MYxEaJSom9i_ufjgd7OkpwLCADpSFkjtGd5zxvf0o=
SLD115法登他000291,RoABOl3qwii_Xh_HL60isHsDbHPqCEghKv_4WwehYB1yz_exJ_QbbYL113kb
SLD115法登他000292,71KahFMKYWXigQX9o1VAuuh10qAe57BpF4v5aqSFOAStuhk5VsNJ0j2XzR7S
SLD115法登他000293,GJ9BXVzb3XO1_W3muvCyJEVDu_9btaU54G-hbXa_v9FZoZp_SOEHs9XVISQw
TYD115法登他000211,VEbrB4WJV0t0fw3IIciGsXxqHdNgTUV1CDIJ4-ZvMZgOkNdElLuh54SGOQ==
TCD115法登他000445,LQHoG9nQJNR8X-SFF8riwEGHIRnm1jBZjhBybwfdtRhZDZanYBuwoZHIWX4=
TCD115法登他000446,wGwjQWjg4fm8B4KxG8Tt3vx4nkIlQLPwvFyK-5ZUuyn6sq_ik0zTENcKSxqF
TCD115法登他000447,ZNlSA0vO7ctcr2NFw20SwRYh6yWEKr2--jtXu0aQbN0Fo0LnFN-bDdFvfqru
TCD115法登他000448,xzLT1WtCGLkgmQV1OQE1T2bWfHRiRMjDbYtQogG1-rhPF3B_9OJNSAkT0-A=
TCD115法登社000058,GdFmQAyIjG67ZXqNPgAJWfYDKiFFf3DTMy_QJDQuTkDItacO15_5IVKQqj3n
TCD115法登社000059,fbmd0CQ8FYqvO4Wc7uYsorLHo8eOyhQEFRZ7HzhTRdE0-iNKAjTWSbq_sJyX
CHD115法登他000079,lQrQIb0og0Jnafwd1PlNI1qhqQvGGWz16jeyj9TJPIQKAoXJxa2bOy20Gew=
CYD115法登他000063,KPMT_j5J_KvDI7B7PKRVnZbF2bIUase0J6RZqB-Nn3Bz-sIeRmEhoTK199w=
CYD115法登他000083,W0u4hY4vZQccqxouWgNkDOcK67rdeAXea1oKoAp6pMs05av8cs5v8u_fAyA=
CYD115法登他000085,HjylwweRmKG01kaJ7ID0tQg6h0frL_G0XXdNLXVqpbsKYiZRiQa9_dMIbBI=
CYD115法登他000086,pR-tmr99ydwrvkSbVnViWirB6ApvvTh6VCuQgXjSOcsFlvF2mIcWbE6jiQ==
CTD115法登他000104,AVIDjBPviaKKRdNT6TLcceHN1IibLovX-K97X463fjifQ3pwy9xMucVQnqU=
KSD115法登他000200,I2NDxZ45liNjXrySyvKxsEw8M3thK-WfyM0Iox3gG21mlyT5VYoqeZC6tAxN
KSD115法登他000201,365PtgiruZi9TbCKw9gC3h3qBoftifL0zC7Qjy6cNBw68Zc7rTk77XTWqGc=
KSD115法登他000202,hNKU1odxB7R3rGzFVNBciEIGeG0T2BoT4SINJgXEnigee7gByU6Q-Jg6xg==
KSD115法登他000204,HeOtZ7dqEPumpWrES4Uo6NM1WrPwo-s_ZpxiERTZiM1N9GcU_2v5aUCCdPk=
PTD115法登他000078,naO_wwWe8BS5p_RoPMukRhlR109vUwCktx6lB9PFV1NUpNC6ZbhFHLeAZ8s=
TTD115法登他000033,1cp7w0xXNvOcKuUk19RwFlWOvUVmml--J_sUVBns3IsrfgbyLUTPnNOuYcQ=
ILD115法登社000016,T6t0y0JkSTHFUMvCWMK1QjIKAeBvrWwfhkZxXb2OBnpkajftydL32v5yslc=
NTD115法登他000075,Fg8muk9P_G5B6OkzYomuJmFbVYMKiKSAEmj_6npl91YfiZH3D8gcXkKveQ==
TPD115法登他001034,jqW8zm-iCxYy3hxLz13L6RrHwVg4-XZ2w70Q3JpUjWvQN_UHQvEbFP7fOMnP
TPD115法登他001036,I1_WES0fHDQiEWUQXOykigo_HS6LIQqFWWiYMIm8aFrFP2hnfgSxe5BrMOBC
TPD115法登他001037,d6zd9vf8IdoFw7Ywo9vgb8mkqAOEoHe2cvFaBG_Q9LMRi7WugbdURufS98S9
TPD115法登他001038,2kNLii25L8yVGsGOxb3vrD8GwQugcuNPAop-Gg4zcefTZOjWgorwpd6QCZYl
TPD115法登他001042,Js09fwfk2djM2GK1xAfP8-ThCC93XBTvpyHz71my2q6xP3bY-KAd_rMaESe8
TPD115法登他001044,JPMqWnsr7sfl5tM0-dlnR3hj0GH5wH2ujM7c8mT1q7B4hnBqDLw--qc3Bubo
TPD115法登他001045,Nhwd_kZh0m5Hvd-tpvwUfIW_1cDCPbCTFKkOHe7I51jIZPRUs9xWLPSsoblL
TPD115法登他001046,016ITa-JHK3WfwLCWx4ItAJd9_vln13fjgXVvfGrnxtTIxBeEwuZgdmr_yA=
TPD115法登他001047,Vr7o47LrZrA8Halxm3fW0SOMx8lqoDzTcR0QlKQNvPeqKNfxu3zwS453Ot3x
TPD115法登他001048,WNET6lcRz1xNNjuQssjNOj9lYQOkjU2uSeBwtLZEMo-q8Cu0UcgLNuivlRcq
TPD115法登他001049,-WNRycebXWJRcTbd0jBX5o2lXjzIjsl5Cl-TuNQuzOjYLyJXzZ2HHIxki1k=
TPD115法登他001050,_H53RWl6CZeJ6QfkAwWWAyULtbzOO4aWqNfTWQhziSHKa64s0I0S_K8meHG0
PCD115法登他000282,fkOwaj6PgMU868TC-b5Y6s59KhlvAmf8zffo5eCE-kHRM-ritRsOCpwVvw==
PCD115法登他000283,lMeTRdM5tLHQcqsf9eaB7FTZiAL4xRsxKX2sRgyNeYaWFpNaHPv4VqHJvs4=
PCD115法登他000284,ySzG98Ha9Q9EvDi-ltz5JkrEBXM1-JgXKNdhtWCK2fxN2cAG-mJ_7vQ1s7E=
PCD115法登他000285,qBTFjj1_AgU-h6Wp-9C8kbTnkyARg03_i7CLoLV_fKxTKry8qmLxWDOXcumm
PCD115法登他000286,plpbSPGsdWXuSV2SCf9DwaVy8v7eggIBWkhTVX-Lmp7MCUV9Cu-LUQvYT7mA
PCD115法登他000287,akt-WLn3W313G4nhrwVdFxnUglcJY2lwmbHwv9Rbs_2mJ3s4WuaI4g_gyfVL
PCD115法登他000288,BjYdK0h3JCmWYBtZmBd-1EXKFCtq3ADL_NpmJqGNF16tJ-0eqzaciF9ZOkY=
PCD115法登社000043,TzPl4zHu03Sv6bV0bLU8CVjyBQ7w3oEPYoqnLpLIPXYgvU9ou_T50eUiNtPa
PCD115法登社000044,nK9YLTK2d1OG5eb7aIwu-Rzb--B-xszpiXuHcPMAxTMXfPlC7Sehka5YG81T
PCD115法登財000004,jW_uMlXUzQNKqEitFFydR2IyG-kriNJO8TPBR-aPxJUIMHR_s2xfQNo7fxZz
MLD115法登他000051,a4eUorVClrDkLjCrQXRK4aQjyw-RMzbAbzC8Pyc8aBpgulHe3JxrkhNdBzY=
TCD115法登他000449,vyGTF351ujYbo_RIHyMnYPrZ6O0jqdiN27FwKV8QQeylar6XCeVj5Qbvam-7
TCD115法登他000450,YgoeGDsIRr6iypJbromcsBTquraWiGd5YRT99BX8rQpRqlZJevyJrwapoQ_F
TCD115法登他000451,fWp0Oy20tWsTxCzerYjNdvHRsK4DSCXmAptiHaxZePES7L54_2ThVCDIAVV0
CHD115法登他000081,Ss9adDTUkbrufcek75HaL5HfXG_izG6WlCuUj4NOTwQH-nbwMslgz0z7tw0=
ULD115法登他000074,NrLuYERYDgxKYV1p3PO3alqKYQP4_Ly4jHW3FZrlR8HwNPrVLHkIj72PA-M=
CTD115法登他000105,iva784CzBxJsNMo6dNUbxaaClUz0yP1h78uyNWCEErsankzrZ8K6FV8Gdn4=
CTD115法登他000106,x5IyzJ0H3WFHkph4R6HNzuAMA7Pvv77xVjWDwMrqOJe02a3Gu5Im_rnXPws=
CTD115法登他000107,7cGIHG6IpMZLV75TzS43pqwJwNjN630fKBf0Dku9p6JMwVtcQr39MkCSEw==
KSD115法登他000205,9VJBdGbtRGukbdIJePBi29WsjTVUlqAFsgNSZdCuiyjMKGtWDP0_ianYZsE=
KSD115法登他000206,cx6JaDQpE0WMR3DVgsuzpJ4mk8xNZnNNR1FTRIx16v38c1EXJlRUBp69uFk=
TTD115法登他000034,7dcE9QvNRChq2oUDxo_K82BV6Ibw9SrLf2HcdaVj_7cKZTF423ewiHXl_XU=
ILD115法登他000071,wwy4_Herwhu1CLsOKK_rD2LynKm2-UTDvqkcVNfLQGtM1br2cQwLlUyQzH8=
ILD115法登他000074,ty5lXv5M7xwlZ8Rmnts7PpPBKWY_i0Fyh7rjlRSjBFwNIEBwiJtYweFHxtk=
ILD115法登社000015,sdqtIy33dzbhUR2wf0_wpjcymABytFfIzg86yVTzj2G5pYl-T3_hDqvVzJ4=
KLD115法登他000053,PV5KRdDc8dRLbn-9f_5QggzB9EH_tMbuGaXHMZkdHQH-47tkogoOxawi0bw=
KLD115法登他000054,L7Jj4mldR78ILSJ9Q7dJ0qfhBuZSKGwoMx3EVSJoTWsSkKDzqiBMqr6Q4g==
NTD115法登他000076,ZP3z-EH_NKhXZTY6Xn7exHr4gmRlvVxq9sKvC81HOuf1cwYxBD1N-nsVUKc=
TPD115法登他001012,y34vQoZXasd1oEa9nuFcQ68RgdCMFkNp6MOoHT6REqfmotDNxgY7PaP2DLk5
TPD115法登他001051,R79HDWgC3sluWa5Drlj-I9WC5KdNNaaT6jItoQimCfzsYZ00j9JOGAH4A0M=
TPD115法登他001052,3X9D6CIwsglu3m7e0gTkmNOdn3X8aemlfD5_Ba-XGfpA0GzK5uT0W2KNfTS6
TPD115法登社000059,LruTdqpUEJz9hmNcAShyrlvaNdPEAFWPFFtDr9ALTpzDZAZ6apJnjMa3XL9q
TPD115法登財000010,3A6iQQG41gc0vQLx-uIsfV6KHcgs7gfMzW3gZtNrevAXb5p5SbOMVER2clyZ
PCD115法登他000289,9yaQdFqGKLGdHxu6TBVjlsiTYlFYK6P81plwAC-_9KpbBsNPFt49fBZeMkU=
PCD115法登他000290,4JXi5qy5Csfb3qXyZj97KqDbn_-xXZQ_GjLs3RFcysE0J-LYM9UXwOqcxPQ=
SLD115法登他000294,HWom4qSKMNnq25yIUAXogGwQN6IuI3RpoAE1o44cktNyxpWEn_Y5YRtTsbk=
SLD115法登他000295,sXqN5wifG4pnlHjWnPO3LROo7-zR4dq3y0xi7Fb3KSn_-MubchvcN5QM4HBI
SLD115法登他000296,44Fea_nryppQiXjqOD6A3drgHTVjHJ3R0BB3SGtZYz8KbpMlX0fWZjOXMaU=
SLD115法登他000297,9HnjNF71uskaL5_wYiRBpRaJr80331NAIaNOs9c6k7GKRetekOZsaE7DYadI
SLD115法登社000027,4lS0o1h_GjpEs6h7HLHxhUvwktbx1sxUY78SKWL03K753K0phK0mdK_530ri
TYD115法登他000210,hPNGSUmhTk8h40Sr-6dS3zGfXO2LKYlwYEbXIkuu1Ih3suv1Lv-ledI6wR8=
TYD115法登他000221,BP1qNCeLsQFEa5b71STOU4ThSBDhsoopbebKvifayLYvi0_pwZG9sFgHLNJH
TCD115法登他000452,3T1ni0A9f_Qisoj5NuzUgGudGzDmkj0mbkM_pfQ_vmoFaAEEooqM06GeXKTt
TCD115法登他000453,gDTqXW7I3nGd5ekqVmahW71RKAgM5IBex_YwkGC_UpMXu_Ac_CEOkEzBsY0=
TCD115法登他000454,fm6XL75cSiaM1ELpGzaQFsfOtkJ0iKzDLKHTbl-Vz9V_NdD90kzcuhVWuBU=
TCD115法登他000455,t4CUKxjJDZGX1Mra44wVSzyXgtZgamP_Xd8E-Eno-wzQeuukXj_lsNzkdHJ4
TCD115法登他000456,xGSF09Pf4O57hAXc8fyyddDKPSyIccBgqy0fKIx5qYkP6gMuVlnltFD1TkEa
TCD115法登他000457,n_RmjMsPP60puox0M8xijO0pnmFaar_zkaWojuMjHHcLp9ZMoRju2043EkcR
CTD115法登他000108,ozY876qp3nSGSCefcN2C-Hqnol-KSr9lE8CbTywVNA3s7pEC-Wr6JjKEGtE=
KSD115法登他000207,FWg-_1x65WJK9Ql_vpN58iIgGOgzZEseIFICNFg5xB7DYZ9pj7J21d8B5l-3
KSD115法登他000208,KdzsSEWhwy0yd_d6Dc-rc5-KrjARnasFKAxU9iucNHTC7yuaMTYM_LQieMQ=
KSD115法登他000209,iuOKAb1sXDFEiv2lM9Cg33WA5p_A_ad1R2Gx6j3dosjwHc9CeM8m6QOyMlE=
HLD115法登他000074,OUeSjtvg2Fzv8XRagkUMCAHFJV4n2nkNgeO1GC1-n-M1mv8nlFgBBmX7qVw=
TPD115法登他001027,06lylCS3Cs-cHw8PHNZXnEGBqC82I1PtCbrmVAeFtZzbU6inngcFyIKFtZdv
TPD115法登他001040,bQf_KiKG_ScBuu2FWsMxrRqPe0EvBCV1VIuDZeezkIZ8FLmEQV6B14Q-0td_
TPD115法登他001054,34Ipxr9UfLekFHVp-3yEeu84W41-JOMt59UgdFcDZHsc99mukCzfj7pFpdU=
TPD115法登他001056,N7XTD7ms7o2ohKM7HFRQ-vB9s_8uY-uMtZPKu7bvKQu-kaIX0o2xFG2yBJU=
TPD115法登他001057,C9YANXQHTA9fH9yRK9zbF4btNaLKdzO01VduhD0LdlrR0oRDOfau31YCdLMZ
TPD115法登他001058,KC0ACQ315H_Z23f4w01yztJ72SAmnHd4TTjXkA18gXp2rqffjs70RkKb5aTv
TPD115法登他001059,A4lUUDhGD2Ds-XPWYZE91RJNkCwQ7aEhqYHMMTY5q_3UhbNjxnsppxuwBPw=
TPD115法登他001060,IBSFK6LBGa0DrUqq9E1NLmO9YZag1-w63r4mY6GBQ3DuJhZ2HEcPtVHtXWYn
TPD115法登他001061,uNkuVVOkB-ltpUCNY42q5Kt9dSn9RyOx9u6eSrJxUXt6w2KjTZYjwfLrItet
TPD115法登他001062,KJ98Os581UYj7v9KRGeqYUBnapjpu8a7fAJoE8wyJpVUjul8cOLwXYGu_xhu
TPD115法登財000011,CRzuUCy8nKHhHp-_r32ES0umVU2uVynh7RySF_ZPpNS-mwNmRNGDEfk4KMWt
PCD115法登社000045,iImJl_RtZfUhZYDma33yFqt49ZaSLyNMFo14qpOqnyC37bCMPjCsj_q2R4cL
SLD115法登他000298,wJweYsB4PzMbium1oz6NDwchzwVmYS-yz1y8dg4F5dUm5ikzcIWmtMhqomQ=
TYD115法登財000003,D-bHBPqmmXCIHYQL-nmyvl_r-FtHq84nfqadAPg3HEcx1ISbiSgnSy5mcUIe
TCD115法登他000458,-0S5GDq_kaXe_hIxhMDeJLE1KUkf9Aev-QRgJvIxDiOTbeNWm_HqfC5Vwe7-
TCD115法登他000459,38iQ89G5sIPH6SXFOJZkcw6qsITUI-ERDj1TYehq8InS0fh-dtaa3OXvKwU=
TCD115法登他000460,GZs9WQA72_oqGF1tpxvAVUBsFqbH0A6v_HlNYaHrIynoLqkkJ125X0Oykun5
CHD115法登他000095,zArGzMmrh34b7DjBm5WXvYMxGT82E9tdOhW1qx-kZC1YBGNdvfZ9keu1Ag==
CHD115法登社000023,aBf5ki3IMVTyFsdgj-nsJlKwpqCWyC7v784slksvBseP91V6BPeT4fhWeVMp
ULD115法登他000078,qOlo0x7RnVkFnRFsEEGoS9-9Z7321OqtVWfOMy75RhZL_t_NT8mYaxYmH1c=
TND115法登他000219,ak6R4S_xKTKz3zFxmNXLTSqaHon2Kbe6eEkN6YEJbA9bAYlR2uzXFmcs0RQ=
TND115法登他000220,4hM04h7fhuRcmX3ozdj7u4X_FxMaY-QpzYXtzLVzgPdj45MtfwvRRrkIqOs=
TND115法登他000221,LAfqsEqLdnG2Km0ISRRB2kOtZFJzgIs2CYD5IRjoqczqsy4PQ_JofeaXJrA=
TND115法登他000222,ywaQ5IKE6ivcrvUuGNiUGEte0YByRWN3xghruOLPj2x6FLmNTo3vMyC9X4g=
TND115法登社000024,joz8uDKGvgRQP31DcqkgVUnMdlqjMF2G8ZK5sv8tOEvg9-gjYUGLAW_6YI4C
CTD115法登他000109,ogWeYXh4twiSfOOY7Ft9-aCdcbbTGIdBJMSPJWT5bJIiQq2FnNbc43sRSws=
KSD115法登他000210,RW3lVwD5aagSam2DVffBjyr_l7G3mdrgcn0TcFbX_jFGbwgGuV2sWorcqCfN
KSD115法登他000211,2-3JnfpnSEBnw2FqvqpIXDYTX6FLicmhLO4SJZypG0LRjsqF6MnIxNh_O4l1
KSD115法登社000025,j3zy-5Y1qUJDCiwlkeRGEAjKHwCKDPl1FiQ3Bq0ZcOeZB5TPtQn-2hFpUA_Z
PTD115法登他000079,lK__O30pt7VWcfiyhO7Vgi3WbkCCoCx5XavBLFzaFPS-9HPJnzBeBvakmA==
HLD115法登他000070,-YExr_cX1OAbx8WPgv9w_Y6e04ZS_0DXMdyHZKhdpv9FzMMsqjgSYi5RrF4=
PHD115法登社000002,7Ee-QG1DYQHIqoMiDR4Wv0tIBuH5N52xejPwbmRN4faqrd3iKugfErOL6Z0=
PCD115法登他000291,TIPeVeA4hH9oambWeMs3oVZ7SKZoOGH71m2g2kPi62BRUk1th9KhQDcBIW_q
PCD115法登社000046,Ch7CleHNiweQy-KWKjIdl-kTpiSCF8GUefjBmq6ezH98TWQsB6q_s_vxGFx8
SLD115法登他000299,asai80t3ZlzRGh0dbRzhEqgFMiym7Dpa7KNNJ5bqZgtLD7f8u8RGl-QATcE=
SLD115法登他000300,Y_HxVi3RpkMSZwbLmsRJKuWKJz19GrFUzkxTUsVuAMV97YLNwazCz0jpiMf2
SCD115法登他000127,5punJmqjhMEDItStKA1ZwpNK9BV4KUPTyvFDtEp2UGiZ7c2fTfaGy1_-R-U=
SCD115法登他000128,95lq4-DvbSjKNww-RfAzN4BpphbXd-YA89UtohkjdRLTw02jymYo_wasEQg=
SCD115法登他000129,3ekkpEIEOULXYYZJTwQXGX5hCDcnyGfJzar7-gmwND29BZ_J9QLRg8MNQIc=
TCD115法登他000461,V0O7IJ9_3NkCay9wRiUVaXxSuU8SFXQ9cbe-2c3dlJmyed6Vp_s6gCW_oaM=
TCD115法登他000462,BgaG00FQ491dKyKT-o_ZRMgTiU4OzDvipGkf1Ul8DosQW0AfiXmdkaM6C11z
TCD115法登他000463,C1rV019o8d3fOkqfMt38xB4AVQSJfMsZ44naQrcJo248uKIh_L5Ib7GwzrqB
CHD115法登社000016,1qwaCe3YViaYPcwjIida0VWcGP4iqMt_SPID7ZK8D3Dbg8dbLXtuW9SbX7Pc
CHD115法登社000021,Y2rldQgYrQ14EGSnsr2VluZEGlqr5t4hiQVtuL1n2IZ4YDKvAQSJCuzn8zRm
ULD115法登他000077,fU4xbqB44RHUFTF5vL8kkSCn7iu1r6KlUysHjMgo_9q51UOfBmvyz2MCBQs=
CTD115法登他000110,aNT4REdyTVpwr6VlMduN1fx0l_DFuFVmHGVYTZFIElwTSv2hMlE8TesQm60=
KSD115法登社000027,ywOgmp72KfAlulc3EA0fAdzTNgxFyxgxKID0VofApORLCNXXQ9ZjPPX3fFvc
NTD115法登他000077,THl8UMGxsuBxMJBoTFZ1n7-k7o2DNWltfwH9WMDCatk4YZFJbpZ1jPLqr7Y=
TPD115法登他001010,zZ4FG1MFIMmLVJNDHRbMFNszqLnPP-OcuZaXHrcDMyaYYbSZIRRWOjkh-s5V
TPD115法登他001063,7NYqtqIPzR9kAUYfLfW2oj3AzNLvvBUgy1LUgKv46wVofMO8joPC5D2-724=
TPD115法登他001064,YaCoqOrTQi7QMRRBEnrZzIhaTgTkjpjOTi37sfATx1gzAdcVBhfTQw6qbYA=
TPD115法登他001065,AAL5caiG7cZgFxA7zk-YRjRNTcWpprxqhdsAklJwAI8IR4uimmt8j1jR-jA=
TPD115法登他001066,lAsG2FMTouMHG7Ivm79GlK6vf1PLOgCDXf1h1zJuBYgKgBYXalxJjIipIwmW
TPD115法登他001067,AFOa51Pji86zggYzA-UaYDshrQLtEqgXMnwuKoVHoEEl6FFL3dgPEd8D5K53
TPD115法登他001068,zOfiSwzlnSWFGJAk5ZHw8OPmWvYlPBVNPv6Xs5fM4LW8a2cbnOZCVbkH9F7e
TPD115法登他001069,gv5qccujkxllz0HmwsrFjZ_QYZRMu77kDG2ImuC9LRo2aXI1NARuWXlLVj8=
TPD115法登他001070,TLzAFzEKYMc2gsOJQlZLytPXGUk8vl8jKOxiuioC5zOwLT2EiPBkUEEHWNmz
TPD115法登他001071,ntZkYMWeqSexTRQAljfWWUsoZmI4M3eTPFeeHT66ySjo5xDGKyZ1X1qc3l7M
TPD115法登社000061,mUDbhJlpHQQUapNgWuXJsd_tu8rCshKK_MpZWYIm0PYQT9NCIDpBjr8EayUz
TYD115法登他000224,tLm-4UwQ0JxlO7S3UFnvOiecghfeEX4zmnes5tvYHtUWC29B67Wc0DNOr4w=
TCD115法登他000464,MNzOyDrGF6V9xMPK6xrKS32GBDowyvL3PPc8wpJZdQA9gHSOFBARQWmx5OAk
TCD115法登他000465,6Qa0sT4YZcbkcyd3CKScERE214QpLX8SB4w-Ev3GFzP1obIzLOBqOfQOV8rg
TCD115法登他000466,BmAC9ukzW1Ah6cheRHcn2rEF1_oJNNqVDDk201PW2iSwRWwmCswqf36EbTYv
TCD115法登他000467,cFr15Wz3js0lTGyzUK3p8HWzLwGcmXjcey7SgWCTJYXXfLsOSiP8IQIZ70sE
TCD115法登財000005,vWTOz8TOmKihuhWyfggJWTfOdt6D0VvfGM4GJkgPagFSXh0-i6TaYB_BFoCW
CHD115法登他000072,5CAirlzuVGxYL2Xtyr04uUQ-5GlJFNrX9PzFhWvEmGAsT_N69hDz16EPm1A=
CHD115法登他000075,whICF0pbRRtvKOVwOcF-kfKvhVP6opML06zSOnLfHYmyNz61gzhMsgqnP7Q=
CHD115法登他000088,3Eq5szcGW2Uqt77ifgPj8DBJTsYgD4bH62QB2X99KurFaFL4OVlvL1Ucb8o=
CHD115法登他000089,h8FKmlu1a-ROpYQa4E-VY72ryFzZGndG1HLvron_WHHY62jEzKaZNIw4kRg=
CHD115法登他000097,sMeGBkP1lthDWN3AEtnkhM7BSOUnMstXqnyUGU4O2UworzeB0Ij_iuWZOas=
ULD115法登他000079,Y5wNDEkKbFipWn4cKw5Ug6-nfvwC_jNBuNHo6YQrFbOM32EeBu4zTrSfdtU=
CYD115法登他000090,gQSXnQ1Zw5JvFrW9QCS9wbkB4ToGNDeObaQcEqrNmgrodL-CR__bHCdjFEA=
TND115法登他000223,hOegA1MILQqMZcWOq-3c-23lZHclV4hCau4opYqLoj09UYuLrj6MlkUVqA==
TND115法登他000224,NmTrs5L0twQMvJTji7LXfiKwF20_8MJzWP5Tmd8VDyFxxjxPlYIcbx4H6Ik=
TND115法登他000225,o5o1XDogSciHlCxKTfWNLSBD6C6ZqCw61CpseSqhehjNZ3hZNuwAClmLUx0R
TND115法登他000226,R5p_ArI3i0F1lwO6u3bw2LYIXZtknjUqi3VvtK1kiyDaYJf4NmWzR1_GS3QG
TND115法登他000227,KRW0zUB3yP7grbQTyou_8-AAa5navJapy5oPigH2KSgycM29iG0wefGBQw==
CTD115法登他000111,0k5NxoeCrszKGWGpdVJfuQV2I9nzmRJUtqThTzMZ3Ejn7UA58oXUC0Ikcyc=
NTD115法登他000078,1EGE7QzlFS0xlWv5VBsxKviCx1O6bjSJYSJcZmHoKi7KcesYKCedQK2XQA==
TPD115法登他001072,Hm86MTVrGBmjE3gvrqKGv3jjhQZQtuKEuCMsV8mEaIACNNQqn12eHcJ1cA==
TPD115法登他001073,bx-DJZMQrr1SP0n_d61thFAlZ2oixmpNM3OQDDmX1qddr8TxdSStUYapfwJf
TPD115法登他001074,CE3T7sjMXcOI8CO8M3qc6VsyfECE0b7eOVtm2AqPhv8H-hMQSb-QBArmNVI=
TPD115法登他001075,ajH_f2xpo2AyZfiUH5Q3KI1vEOK5z2xG-16auHfsGBDYjsnOHbCs9kojcuY=
TPD115法登他001076,wogizMiNpHEQdEjpPudywNCaxbcJCnL1PgHIuHMwKWw9lNNGIEMot4sJo-Cv
TPD115法登他001077,y_Vo0z0ZWiqQlTyc57c_amsJJFifUvMYrvFL8J8XGNOfB6bUWxORg_qFZ0xX
TPD115法登他001078,PZoxWP5aFO4_sPEelerlFgBQVci3q9nWMS-qPLZa9I8J8YDOQmbtVoZUvSqs
TPD115法登他001079,4XodQWm695hRKOo25JQLfoTblPGm8xwp-4tyJGkn1EB4ylxAZiL5-bPCAXnO
TPD115法登他001080,LftxYSIuUQAXzJ9Db3FJ9WNonlFC7RWY5VshQ6oghM8-Ftvv29QPxaDVBaps
TPD115法登他001081,3IQx1fGVo1RvIWa9_hr9dc7kyQq2aYjy_Sf8j2Vhcn6naQmTpJxsUWAJCDML
TPD115法登他001082,GMhHhZqSpEKzesSXq5HTx81mQLXQ-ZM7XdjiotRUeaopp3rOu2oj2PNUvw==
TPD115法登社000062,m9ejyha1iSyvHkIII-LH0v10GbXh3zH_ON32YZ0EngAJBuwQPkWrHOmoJvQZ
PCD115法登他000292,9C5nRtRw09eKVUyBu6RgyIwc3OERvZ46UB9ageIWQjTCIwnioQOp2EhyCsU=
PCD115法登他000293,wnUWkLiG4-oLr-uFN7YsqfOHnDgl0O08PsoDaOodKZONmmVHf4TrKSki8y9X
PCD115法登他000294,3stCoi5tR82BciUxqCczPuhFBGo58DunGkUkBT5JBiVEtvQfEYyYgAjxsfE=
TYD115法登他000229,Nx1s-aeYD2Ocb3IwtKlFNx1W14GHj9TYXJqKo0BLDL-4rmyoHsPG73cJRUc=
TYD115法登社000034,-McmUP_GO-k7bD47f6Ma3lbwbdpa-HiIiJe_OelDTP9TyuiEkDFLxawVWLNd
SCD115法登他000130,9USWZLAzsaWmSGA_mSsbnzKI2ZUi-44hZ3Mk7UwZrWffbdfTWrxiuxlnZPQ=
SCD115法登他000131,PUhC8-7y60zO4h6mc6lWPSqSPbRmT2yOd0W7sOi8VJBIj9v4omd0BCXaKDMW
TCD115法登他000468,ALzBW6ByGIKo9f5d8N4-ODvFx45nRZtVKs2I8MGo317Fm9ZNxfy1HdFxnd5H
TCD115法登他000469,p6ckDad8Jd9QhfZ484xPj54Zw0PPCp-JdvxDwa52mVtMsFA0dy4OPjE8XC91
TCD115法登社000060,8HpEjSGjCNQ2c355m2bXyT1jQhXZBE3ZhoMGjgDnrOEkPvotyX8LwcdxsRCU
ULD115法登社000011,b1NjIlzG1N6b9YSssAERXfIu7Pb5eAKgQcLBnLFiUWVXGJoxqhMYQ3l4wnA=
CYD115法登他000087,-08UATCHuocPvsNMlZt9c0_9r9ChmOVpAM1jhHg-UMWISX-N1bgO1MoIFjU=
KSD115法登他000212,8G-pLMHwN6TgThcW0LmbWvxvD38YX9lR-N3YTNYCaWFbdUUBEgnYymDHj3w=
KSD115法登他000213,Xvmd5wfI3zGBMBbijI-eso3yUw79dw8EE_OvSLnXIKOrejA9IhIQJNLQ0v0=
KSD115法登社000028,e5NpRKIVAMO6GYgd8ri-yc_lrxWudyCAV4Agj2auFjlAUE6ZCG3Vl_-HOkQn
PTD115法登他000080,KMxDiZxgdYkVhOjTQqN_cTF9ZQAjhx9uR-rsCJ0UcbYtdrmrbeDEeH3ZXxI=
PTD115法登他000081,Ze9NyUaRmRVkH7BSyEHadG0eRwkTxQ618Tie5jPHQjMttXjQiL_ryGE2lQk=
HLD115法登他000059,yTAFOcAZBnuadM_n1QpTcs3ONfSo3ikG3C7P5f7QQpILjK46LhW7VHODsNA=
HLD115法登他000068,3vvuJxcEAldknfIZmZM4gyjKGFswhrJpkiFKSdgs999FGwPxXPpAaxXb2D8=
HLD115法登他000071,fiwde0sTYVXeqyC7HHroXKuPitkXiDJMXZLF0vPUbmad-r-tQYVYbhUPZQ4=
HLD115法登他000072,s4yHEZzSnkYSdA9Gz3bQLHYMBAdSteabE7dWVmrGmi9Xjqc6LqPgFG3mB-U=
HLD115法登他000075,HnlGE0hDSpKsUTlB3JXfE9mSkZemK3EQlNdXSNun5GDcPwaj_fuo34ob-IU=
HLD115法登他000076,AmKL4_H8VSvDdyeu2TpQXvuYaVjvA0oq57rabKQ3XBzGfucbJmlN8Lu4Hw==
KLD115法登他000055,cwXZmRpWKU4nPqLkGbQ_gqMbRf19I7pyGkBcUib7XeLaxnarf_DZ0PuK-A==
NTD115法登他000079,iSlvF3m7CjDIMD0GqTRp1AKSHBhp8ktfDewilWbzyV-or9h1MUGBI6rk22c=
TPD115法登他001083,y24Bd-YecoPLJI8XKivGEMno_l246rIqp6sDarZMO9OpcujTuWodG14pNirH
TPD115法登他001084,fNZayHQcAKomymkZ6mJHV26dhJ6ttKow9qmOdnKtUBmonNjFyJnGZJFu8nEI
TPD115法登他001085,9OXuUFN8rVXfJYHAv7MZD-NkyRvQtVA4UlBhHBg68LmWoTZK0LOXwrXwsRt3
TPD115法登他001086,dgxWr0CwwvwAxXat4iuI0iZbI-TxTwCBvAFUGeBLwOYvYx2nOIIaBAmSvMS2
TPD115法登他001087,-aGlP48oxretwP2eCLEofg8A1RuZg5wHfJawSVtU7TUZecKHOpGMxxJ-eNI=
TPD115法登他001089,cqAifZEx3NzbGNVtK4zk0rov7Yw-PMHRABNQ0sUBNzCKPk-ShX5wCPBQFrlG
TPD115法登他001090,3wZ9mUmHcXKNHW868mxULkbMqbQ3fURMLYJO2kdXjkOBh5LQnIXw3FQwbP7U
TPD115法登他001091,sfR66Zv2j48wejJz8nFcHgkUNyRC4MLUTQfOzRlCmUFUGGRHvYVZfUYMU26x
TPD115法登他001092,uVo_4Zr9071YYWSkm3bDno_Sa3j3FysMUTTAPkr9pHnypd_yQkWGRDrI-ZIm
TPD115法登他001093,qvaZgYdJQkqpqXyYHQ1xfwvPl9eEaxLDXNPo9eP-yfB1TyF2GjeruP9ktmbu
TPD115法登他001097,4f5JQdQf-sA2NgVD9AEmQepDYI_AlAeQXYCqyKjxuODcpNu2zP_W6OSrE-0=
SLD115法登他000302,WqcAXATdOZAfw2PRoeD-8SSqddBr5tVslVvmQ_Vdcu0YiSGyCiZCFhTqrA==
SLD115法登他000303,46OOiFWmOTQXSr97-4iRle6oq8uqBfwpI67a687k3SoRNy1892hqcuqSRWk=
SLD115法登他000304,8DeJM2Qn-hPavMrrI4vop7EBkDizPppkYqTibdozq474wiQCpqQxQusXIu0I
SLD115法登他000305,EECqSc5pp_VvasxKng6ninojPDzMOnzdxpC_Sxd2opHeKKjUUJcWkXftePk2
SLD115法登他000306,U8MS26x7Mi2ieYUeRsXs3KgmySD-F2-o2567KVpBKrRaYXSjuMMPSKxm80DR
SLD115法登他000307,8u-8RfTdBcqa0S5Ng5bFksUw0XLOgyZ4tio0hKyss6spwrio-XjORCauD6CI440=
SLD115法登他000308,f9jCnGmey5Rewv8iJHNCmcZ4eEjwqCYd-A7AW9eK73ByyII7uLxYdAjeKAWk
SLD115法登社000028,plN6fQThKTmLsTZjdzvCgF8RAD92Rsw2VqgrOTpZ_ddqWjSs6x35kxRoR6zx
SCD115法登他000132,cAGT5jE5sqhwQPjXewMLEGhSx9GZfpKpfQ7z9tFg2rBz5Hgp8Etg9ZtB0K0=
MLD115法登社000006,jdOryhbvZ5EJKHsMDFYQ2IysybmavKx4MNGA33_SOu6STEZ2-kCjmgHV7tU=
TCD115法登他000470,tjy-RJsnF17CCrQvcgxFYR21R4Tt61I4CLamKnSvpSFTug4rTYLhAFoBhFVg
TCD115法登他000471,LD6eDc16ezgXRqJW63wL9V4v16uNeAzQdrKfIeCshufAYiYAMDmMaP4JBy8=
TCD115法登他000472,P0rKnOH7vD8o17I_qpnuPID9pXN5fspc2Nxryl6__C5SKxSBf988GplNTnA0
TCD115法登他000473,VZZ02E12dTb9JRNK5JiSowsLMdfvySOvxP_Dtuh4tAt3Jpzstgmb3HvYzIg=
TCD115法登他000474,5CnDM_cjc_OcAuS6NRz9PdpyQMh0jUVGk-r__ivHHwbHCQ80IcmK1tz2Nliz
TCD115法登他000475,VP-dwZbrP_EgsswwQsUI5PiOR3hs5i69qBnsPxTrFxeSmZquU7T4Sv8nVbzL
TND115法登財000004,uvFksB3ZJ0ivn-Xrp4kNyrgSs8EkQSGqeESIiIhO9BkDc5fbezsIAZ3twCKU
CTD115法登社000017,qPibMF9pjVNcaxotnWJeNrUSOt7if5JRZyV4H_8WWTlE7fYbh3KHK0Cumww=
KSD115法登他000214,gZDRl97jGkkG3NGRlqKOdo9Iif-wj9-U545t1mDCjeAt97xvS-7F5OCtWx4=
KSD115法登他000215,WK7ryqjYCIW3Z76lFYesqKzKEerxzqgnVEp2k9ORUVpJMGEiFcd8OUqy32c=
PTD115法登他000082,K0-yP75I8hwvwNkDyDsa8pySImflkXG-D1zsuJDxo3VKeLuR_O87Fqa_U0U=
NTD115法登他000080,KvA41QSlrrrt4eG7EFizLjWo6lhrFB-Jno8QqdAj0IdpeNx-OP17gECX5Q==
TPD115法登他001094,q9UJ_d5tayp4eaEc8T06hQmhO3hIvJiwlPyu9WcFxXsRn5CHtj412_omzDal
TPD115法登他001096,lGQXy5ME6mFcQElfkS0okaghJ7Boc7seC5B__qvKlBkkPoXLsYZzX6nxdH01
TPD115法登他001098,gUsFNPtVEn0JzcF_cCidlv_KS7H_oo0X2vnO1vQRKT5a5hlufhotwgfrZl4i
TPD115法登他001099,mkaWNYDRM-KgCBKSpY2pdEGwSmNQjnw7rDYl_YBT3_txck-IxUFt7eu7wJ4M
TPD115法登他001100,-DtnQLkGMFeBNPeJMV5nxlp7o9auu5xdLPSrL4xqwCP-Qn-gRTtgmJ9T8mHF
TPD115法登他001101,M5SxV-JLoKlc9iqWY0txTG_HCc482oPQw0eMzbI70Q5tl95tS93P1utmem0=
TPD115法登他001102,mYyqN1r3oUweW53W_nQ-fPfz_bQokZi3fE-QxinWVM3CkLh67AkOiNu7F_U_
TPD115法登他001103,CuY_8iph-sTKEgQuS_N_ARFhGuzHEp82dzI4Ze6w9ME3sh45f4c2-IspADM=
TPD115法登他001105,0LFhQH0X9K6Ap-3Ki_LIdngg4VK3IrW-R8kYVZpC9MFCl5WELwj9RbJxh50=
TPD115法登社000042,5N7cDvMaeTpDSgdGaZ0MwgcJss5Oz75G3S6JCvV0ScaXkZMn-ArDE6m2ZQJI
TPD115法登社000058,iK4YP4SJ3p8NRVmEbG_kdGNv0lKL8VrJiTIfjCj7gQP_XTOela76eecTH6Yn
TPD115法登財000012,auSAolAHGOd3Y-yGW83pR71pZpED4uC65JM2I1z3f25QUG6nRM_DkCAKrm5B
TYD115法登他000217,dsyXZo9YCAcCSDYX_EWfSng-g4CUY9QbnfMXoT5iTbRMpBcTQ6D2wjKoFPFr
TYD115法登他000230,I7VRgzZVIty_JuGscaidfSRmlc4b3jgWCYwodNngQPCmwkoQQsq-1YsKbFIG
TYD115法登他000231,ksPsR9a9TUEbS8c1ZinINO5uO8dsxrvao-WNzIsir1EfEtAY0uQw9XHagiDn
TYD115法登他000232,KHPcLRFvlxKCTgw1dPH6BsRlZRaospEz3qkoMzpFT1XwPBPdxjakVA74j0jI
SCD115法登他000133,wdmWCmoSJmbW4Wq9BJwidKdAc6-V0LK2w_N-Sd1FYMP863XzgF_QdzJvVcE=
SCD115法登他000134,LCfwMDbERriWL9PJSYABYET2N_bihMXbkaOha3G3aidQCl7NwUwKhbtJZ4HY
SCD115法登他000135,z9tfbOmCkkl_5LchPZNsltriQ7eQDW5bNlKXk8ssO-n1NFt93U2uCopCqRc=
TCD115法登他000476,Taw-fn4yjRsmQkfjyyXSh5XW6ZPZy9RYxZ6cZTUW6_gPCqhkxUfRKWWhB_SO
TCD115法登他000477,ESYUFIDTrtdtPgsgcvnzpJcEGzN-OoILgx4fshUBYto5CePN-zh9Oxzlh84v
TCD115法登他000478,6gerz8ion1ZuLK1M9pez5Smh_vAhYwk_VLBQPM_MLr9agaywcLSXIwdRkV5c
TCD115法登他000479,I1Ey8J1TBvFvDjrN3WDcTD90NmuWAyxh__Sa1SY-GUmF7iLaX_TB0nfZmhjD
TCD115法登社000061,qo37Em-SK22wgb6e-loq8aNhha0WxsfqVeeSSZfhH5wSyOC6KDWsq07bTHWZ
CYD115法登他000091,fyBEOSry_vwa778WCB8bCpCSpD0P8C_oEhxlRKu1SPeo_5TasKTatdqIWVM=
CTD115法登他000112,a1Vx-TZ3QVEZdiDBI0H7ySIUdd08xk9kVi1ET39g4N6fvRs_kWytG7RAbVs=
CTD115法登社000018,ffVkceuVU6ulLVpiqiQ-F_aaez30yslbYpaC6d34yLeG-nmshIim5FYLPRE=
PTD115法登他000083,-PE4KswNIKAQrzK4T297ZF6vqOP2u72b5Vp9vPFCE83MfaBDaSUr2DY5whI=
PTD115法登他000084,kJtD-4hQmdLGYxEuBf_PBBjN4n6tK5iLObg3Ord1VDHS4ug-j1HvMaX2cMY=
PTD115法登他000085,_DAK86YbiIuI-rl63Iqmtyoil0RB_wfmFib5hScmCDRg5P3wlMxor-Krq-I=
TTD115法登社000008,1Hn35uHesCwcFZ54rZq8q8-ZFGBBgjLtbtleTl80s6JjhdLFtNKMnBJ09ag=
KMD115法登他000030,y0I2aQIKbSiOSJ471PXqohO-tVfL7aFCVLe2RPQ4nPPlp-lnkjU76MXliQ==
KMD115法登他000032,CCl1-R77h808_8AXryKQBbaDYBLt5h_3arf-Hz9isacx0D-ZmHw5Km0g
TPD115法登他001095,S8ylBzIn-uTceUrn5c0gImE-RJFDzGNUwE0zQtW2RimvIXn_oab-3PQK-mA=
TPD115法登他001106,hIAqgodkUGPX5cLN1kw8gldGK5ukL5SRieSmyqDtuZzR_QjBsi5klk2SzW3M
TPD115法登他001107,apeoOeJPssRN8RUvHnfIv7ZsDnAHFfmJiF55VScXk3rvHPmCsk6I8Ly_NaxN
TPD115法登他001108,ymTB492LADGGD7_pyN3pUKtiAbl9TH01gT1MdG80ipP-Zg-zxNfFGvC3TdBH
TPD115法登他001109,k_RKc43BxVUFjexVF89s1wJSg9-Lk7J5icoongvHqMLUnj5w1DO1ufLJj1tT
TPD115法登他001110,jMHWT8ZshPqBoC1h8Y9TPE7Ur9EDlZpkngpTQvLjJ1ckPhx4pkOAjr41Wtgj
TPD115法登他001111,iFo10ymxlKzUciBwdj75av7NdrM56iOD2mt-ibecLLMjY5uRI0FLzpV4YJR9
TPD115法登他001112,05YWxLObfq6oiNEV7H2rG3dGBFKXPlClzW7eM3ogzaOhwZQPG-3wpHANBjA=
TPD115法登他001113,1BtkBHw6c-DTA6SX9E0oL4JxxqjswyX4rdIGQICJd56dZ5V0FAIvkr9lVz4=
PCD115法登他000295,gsIQI1R9vy9MtYn2ePbYN1enQy0xkoL2_6llOcy7xpn3u9SUTpoGdeDZ1G3I
PCD115法登他000296,Tg4dz1VPtEWCLPs6hwLr-0X1HQy_0bgOfL-oNp3DMOFLcVg6D0gRrawjgllp
SLD115法登他000309,HnmHxJYAw5de9M5mviFuGVOTBEzG1EpHqF0gM-KQTcF7RhTy4EYoHVV6TO4=
TYD115法登他000034,_-asPiK9oYbi-9qG9wkuEX-e9PajvQBFwdc5BnwxiUo6YWCk7SKyizjeaOTw
TYD115法登他000228,r69rUW2e4F3l2zi3iin0zyUNds4LBDAy303e-gl1q1IZjFRQdRy6RmSwawcE
TYD115法登他000233,tdbV6UOiaNW1jf3xA2yC72n933D0dxu7y0faZb1A6lbpXqYs1qJrCPAGkr0=
TYD115法登他000234,IrJyATh2wJ8YLbHtfeYJVpxoTV1Vu_b-PCnPiBdWrmbU9emAjuAgUEWYY1Q=
TYD115法登社000035,PJ8d00qHuaIUj00R-ej__qUNt8N5cGRt5iPDJGWqn0WPr4Pc5htOcdeD51-s
TCD115法登他000480,u6VKWWULympwaLKFeIqjKzurr93C-bF34bLP1YSp04v4blWumU-TDiA7weFn
TCD115法登他000481,2KacvgRc-f9CYrvppFPW4GJTI9PJVKQ7B0xvIGT18cRnvb2Sz-ddf6GbTdMz
TCD115法登他000483,OjyL1UBXqN0t_QKco_KJxDXFtkI7UmfePitsgXNPAccDTWRSCGAsqajvfHsb
TCD115法登他000484,5Np4fAojgXCr8K-c2QNowHY84PLVWEs7T1XuqY_ZpgyVXlbf9xN-PlwFFVYK
TCD115法登他000485,6rtPFdV31V-vhrOvNfb4hAYfxQwVyIXAUzJTSdqJDCOD4lAmnDSIAF4w_riO
CTD115法登他000113,ho8ckjU-9-HFnn9ku4da1g6gJQU3MoZPqh4G8DgBUHsoM2Pi7OWz8mlkkG0=
PTD115法登財000002,0y9usNin_8ZXe7tDr4gVQX3A1va8VhijWURw9-KikVItf0FDDBE5SsTAWtA=
HLD115法登他000065,raEcHxM3DULW5AC8ajIwH4UbhwJO9ZFwLwV1sY-Ivsz5vlNpaB6I5knGz3U=
KMD115法登他000025,_pHZu8ODfU1NpNsfIjpUsQkbk9EJZWFIY9IiYMCaXJFf29Mxl_OAnNu0BPo=
KMD115法登他000026,vsoW_J8drOnagMSLkuI-ElTIcUg0phm2KgMYpGhho7Yu2YxzUoj-iuXNSbs=
KMD115法登他000027,oiazTb9KtZjXtUUY6yyiSMgUbbNpD0qhzIYNYKS5Hx_ADKYtwjDQsU1nxA==
KMD115法登他000028,ey6dIb9AMErJ_ktiZKlzTOqYuw4ZVDqWY5rquATZxqtlFC-nnrUwNS3Diuk=
KMD115法登他000029,bK7Mr0-EoWQyqnkXbYo1tbRGancV3fKMy2eVoxzKgl7We4Z3guML6pZGqKI=
KMD115法登他000031,7JaFpZR4bwdiV5op39KU_5Wbr1ikpIYp32QqSATrostCdUh9Eui0Re1zLlw=
KMD115法登他000033,T2IZLdnXXOkxLNTQ1_Nc9w4yXo65hqLbv_TgakbvUTJzKLX-3GO36qnhjA==
TPD115法登他001088,FOtgWuoLFI86EOcPx0Sg9RrVHpcZYFAxPzgGZq5wRd6b4e-5bg6TT9z5rjMw
TPD115法登他001114,jFzuRC08HXJ1zlWeTOL9Xs478cM1HEA140ie8sA09fZWo0MxPMvEwEQquzSW
TPD115法登他001115,6xfK7esDyO2fvq4RKp1VCpfurStgb6jzrM4TVqg2mN0XRFnw_PwNyieZWsNf
TPD115法登他001116,_-KfKhF3rocGBn6z3LNXZeP6ohsdqtGbVweh9b6XeW6tW8gtArN0tHe6wq1J
TPD115法登他001117,6ZMoDZuQ6G1BrsttK4-sbq3vocNaWNeOStQfzyU2oWiR_4IzNo-yGJkMuf-N
TPD115法登他001119,Cmp7W5svaqAbVTLn33BIxWDgDEibxGCMtzvj66sM5duZzPi7_vBwC-6aHtje
TPD115法登他001120,WP7ySI1WVGofHK-ELWPzF1iaY2hRqn6OpZNfDtHuBe7igahZ3H18A7zGrZ57
TPD115法登他001121,70ndLpb8PLyvTxqWVbBsmfSZgv-VtDbaw_P7VdjQ2s8Szv-riMcMXhe3F8w=
PCD115法登他000297,O7YjRjUD3WPnSOoqDR3UYrG-MmTgDSYS2Z3UWBfmFt3DiXjZJW62B_9ShLo=
PCD115法登他000298,P7PP20aDuCJZol-jquQcifkNxeSxqDwjSTwPnSOt6AUiKpeQlMpO35Z7p7w=
PCD115法登他000299,N4QQMrCIxb7P2r3waVglC20Y_MaqfAXOGPcg6sM1JztWq6oZcrU1vFNnIpmC
PCD115法登他000300,a-dKuRLpeqoL1DhiVf2x2gpR8S0GYszyLS2hJYFmlAoZ5s0PqjXgAgngL78=
PCD115法登社000047,ayR0t8cAV8iYM1MD7ki_vG4sSnUFNbPqQg4ebGnKc6Pv5u_qyCmqm7LxWp2_
TYD115法登他000222,-v6tyrEDoQ5D6bYWl1QzbsybckY1uFxLtbgMQQdoVnO6aV_R21Dee2u8Mfc=
TYD115法登他000235,jvnmhS5m_FHco2iAJfTLAZMXNYW10NY5br5EsAdo7qkgm6i7zMkyuauQaJQ=
TCD115法登他000482,NxlUlHtmHGjICDu9eBUukDJAsvZ5_MGA5sN3pF7MKOWV2gfuVzPXdqhH1Y5m
TCD115法登他000486,UngMMjMYnreQxJylV2RniZiOzRuXpgQxhRxV3kQL4qKibwCtwpZv47cYBOA=
TCD115法登他000487,qQQkKc7HK47QCt7Rnv4GoqmRc4zLLHsbSfBlJcVbU797yqo90wa9Du9F6hfq
TCD115法登他000488,voj4ECfmlKUerPYjlvdNJ9jVZWTX5XLkeLGue9MxjZLL70TaWRphPW3SyG3n
TCD115法登他000489,z7FgligMNqXf-3uh-fx1_eKooxL1jvuev1d5Qn7Fo_haLR0lkO-uhfppAySU
TCD115法登社000062,evJo7oGp6u7WYlWL7O6fR9kusN14rwfnFJxczJAWphFGDNCCbAtvY1k_hu9_
TCD115法登社000063,155-TafRV_U3OFHtgRn8B_Kp_6bnWNzEKntUSttLIM7Bv6F73TFG02_hX-QU
CHD115法登他000094,Dk-U7IYVf1com8agmwPRcD-8AZdIonQNSJMSO9IyFAhDpvMu6tc_-b2b48c=
TND115法登他000228,9KpK--A4bRJiO5xX7-2BfFlewkM1mu-vKIJGgGFXaLdUPj4AIxU7QeNaK9I=
TND115法登他000229,3GSvRkFlibhGlUdyLFp7qLIcJrudwpQ0xw1HPbXcQ0YyTdmO9UlabXGiX1cP
TND115法登他000230,2GhW9teOf2prBFfAhfqsEO7wMETizGabQjh7_a1d-4OYQ5FYg92x-B8xghjF
TND115法登他000231,vv5yaIpQM9WcpV0qkPlkQEbhpeT_OBgL_1BtINyNBYK3Gsb2xUmlsLNU2bk=
TND115法登他000232,6aOU-G8MijvGo-77_G30e7P2bxGSzOwkVGzT_XcU0ea8cQyP5UYPgeeZC28=
TND115法登他000233,QSFqQ-Yp-6Uzy2rwa9V-S8foeSmUBbMy_73hIH3mdngy31h3btRqr0DQEWo=
TND115法登他000234,XYtl2ImtQbFGZOP4eKp3t1hpMzzCOdh5_dM2RAvaCS6m-Q1fbazTytR1ziE=
TND115法登他000235,J8PiQpm9Sg1JR8lk52PRPk9Ucs2A7qTSmOOLM4VWxK7UzNABuYc_n355nJ8=
TND115法登他000236,pYBIiJdo8JUrYqXgTrIR4WZy4icFMQCaTbbWqtVOOEEqwFrk91H5ruSaBCg=
TND115法登他000237,o4mNZMkB28E7yDWjDnQi2kPNlWTN_M_v7yzZig4zmOEYdbYV6RK8-FRMYio=
KSD115法登他000216,JyvvzF5msTITg9kz1wEXNJw0f2yI6mTqueUu-7EqoZdn-pX3Q2mAu6QGy3iU
KSD115法登他000217,r2uy55_nTv_qoAVzjeo5J4BhictLkdGxUE1Ky5TPBjtj4gozHFt-MmcvvHE=
KSD115法登他000218,4BkIWn4qtc1iSiMgSayw3XJzmNOsW8mAFY4aLvTp78lazrNqQA4zys0JRgw=
KSD115法登他000219,frSdN8UXuKKKyXh-pEahctAquuEBqoS_K0kHoYWW5ZDkFUJu3efbeYEptJ60
PTD115法登他000086,eX4tWN9IJyHOBGQ1zW-GtKOM7_dPwWAezAhrpyQphlxit6xHMv0yP_e3FjA=
PTD115法登社000008,mTf_RZzgoKtOCo7spBFvT9GTlVBPArdZC5TWlknk8qWN_6unALEYQxF9WsA=
PTD115法登財000003,8aR2muGmCQ882n450mpd-cPEmHbVTmXw_sPJ3ABlxmSS7gd8t_uuw39iieo=
KLD115法登他000056,uvr27pknqAsc_bSnYPia9EnrY1L-i4IiIGuuXrVBffLxJmTpneLLtLnXHOc=
NTD115法登他000081,KKIK7qVW0s49MNoWqIeqmnx5XQlPQwyfzNiM7tL2C5bWG2J2h6Iz7N8pCNk=
TPD115法登他001122,AJftP5X4zxCzom6FhaJxTESPsXi256xHSD84HgIMZWPCdjY8V44LwjTQdAZd
TPD115法登他001123,4Qzssd6WwOQnOKY5tbXygQ_hxJ-0kqmOJ0enl8cqF8u8wFPCtHgtJCuawQ==
TPD115法登他001124,bv5elfYVzHaV-53Gb5PWY8PQDo7Y7zP2x3p7MK-JlLw-3ncVL967NBwsd0s_
TPD115法登他001125,WdhOOBDMxBjAK2fw6A8fCQWziqMLR3s_xvSNH61n0R61frXCZaY-2p3UFdh_
TPD115法登他001127,yRTdFcjECuU6mwHmEut6ZOvyz0abymOVtHlQIRPnsbTi-wQJzbi5VXBN9O_a
TPD115法登他001128,Gxp2IZn3EBWH_WLu0FxKs8ADJeY6e0XCMiKfiOVPyk7l5vlxW-Sa8KoQWrYN
TPD115法登他001129,IsYRLm2J_EHa9cRAhv5YwUCkJc-wWARioz-_X0O2zbZDP89xfFCWxVF1tjw8
TPD115法登他001131,2NmpHQ_CrdFcUq4DMGpGp9PKOe_vNJuaXa5EKx3K9CVlbElIjgpmkhyABtls
TPD115法登他001132,HZJuhsaNnPCe6KILlmv-lp9nH9EwHNlVQRV9Jsx7_Z2CRZzpyf_IBcyEKJUp
TPD115法登他001135,eYA3JEKaL80VwI3cOHYGKiooxe0Zrdy_Ee0Pk1KtPT52cQ6Joj7C_d6eRJZc
PCD115法登他000301,O0bKQaEQHmJm7ax0u6QzspTO63kSTM7u7vlh70keeNNkB7yK3w44uqsr7bbK
PCD115法登他000302,ttxYybGA4TkSrgfKAXjW0vcbXBns3b5X2Yohl2XEcFiASg0h4PBsjK1HHyA=
PCD115法登他000303,_h-KLNv5Z5hhs_NkhLCwHQeTbtXcO9qepor9-XGPMjdDqdDWFoM43-J7NW8=
PCD115法登他000304,u3pW2WXIdTPV8vLXSbSEWsg7Rxi3ils5Sy0VvrVHTEgTxGJVoU0__9QM78c=
PCD115法登他000305,5CBrP6xEJlV-rNRZoSzFjnPJnt13EErizjNOEdVN3RELg7IUo_abH-_vSfXV
PCD115法登他000306,lN2f1xg48QWuf60LH0saqCQymrRCsa-SOh-ZoSCdjOD_FDC-IDZXdTd2s9Y=
PCD115法登他000307,u-KwLHtj0naPR_j3B3TVZ-VXB9CJrl7Lw7nLOto8Rea0cbbMmjYaih6bODxr
PCD115法登他000308,BhCwslSMBEGRFtfjpDUypDjIr43CCrmfZxVSa_4de8Ay-QcHOBosIKwib_0=
SLD115法登他000315,XN3K3GtuhBAe6dNfJkAMkRCyPRKOjBjHpvbSxuOSa5eWhQCnKKGzpmP8EBjf
TYD115法登他000214,BMYDQwdeF3l6unJ6MzxxxdXQOmn2meKHIA757ilsHKfATE0toL4SiVxmOqs=
TYD115法登他000236,tejnWpuSdIV5D2Sqwb8U9f87yqrkTvg-NkDPxkEvMYXotsoZJCEsWWHHTpyS
SCD115法登他000136,hsT9s6U9lHuUoK-L2Q2MxpKmhD-BFkKDcPwjrHu3Yy2EFVn5mxHQgUOhCw==
SCD115法登他000137,Uvs6ynlCTGgu969flK-FYu3MeZsk8GyU10ddhvux2E33ZQwrLfgZrljri1Y=
TCD115法登他000490,HYpUxuTV2TTXszhDytU2xutadS3AYTKuXUvtwj-1rh4_3SNgrGDB3cy5cbHe
TCD115法登他000491,VviTHU8fnoUhVzEsoRV8t5CqYwB6LrVVa_jvC6qkFcBS7aC2riEDmr3JTsTf
TCD115法登社000064,bXkCg7LRVWKLGh7TdukxKkpxd8NW34GrtQFDnXnSirZzUwpJnEJwlTCa8H3N
TCD115法登財000006,QP4EXxnXtpHyp7P14r3t0upfhh9i3ZVA10260T0vmzvSXx1778TLvf3cGM19
CHD115法登社000024,7GYG-d8HpJICP_3pE8X9k8XfnLk3mPNH-w6Gjty_hqwEdkXah96LUuK8dan9
KSD115法登他000220,-Ek1kYI_aLdPLHrbOu-8CEHpKhwLKcgN3vPEl2Ao2n8IRKWI_8NggCgZ9GjN
ILD115法登他000075,77HAGqK7Ibxui-R_DcsezqBa66ReOTyO8mDOUaL6ri1q31s0g9bcPHp6lHs=
ILD115法登他000076,30VZ1zZ3T_kyEap8fR2uwbGuWjcld_-LDyBM9Fl3CE2rxOkKfexf5LtLbQ==
ILD115法登他000078,BDnt0feEBb-Rg9Wl2MkJy1A0iYCDcd1KK2BAckzuJMXNb92n_HIS8M8PQVc=
ILD115法登社000017,wD6ugd3EgNXkq_Z6l2vtc2Al3O7doPKwXeo-ae_9NkQSX4rGqeFEnPuLto8=
TPD115法登他001130,PBiIpKaOT-Qqpmwb-CEUZ24YbYnw7XNUAopcLm2T6-ZHwTeyUbXaCjiSTIau
TPD115法登他001134,S15q4soec8pOtQ4xUgciWylMY7lbai0aRy54x2SmF01evJqcI6WbKXG3l1Q=
TPD115法登他001137,hwEo-ibg7a7NQtHxT38fWUciL_x14R-H4uTaC1VC9CzHI415xpfLHSCgbkH3
TPD115法登他001138,END32KEW-ivjAAuBKJzBZaQ1-MqE27AJc98uXZzG7O-sEv7R98UWAgUlJiP4
TPD115法登他001139,esEhjVPCikclb-LEpKddYi9RQBbJPF_psj_Er_lTVo6npBGoMjPuSlEbSKDd
TPD115法登他001140,uRp63ZfrhK3UHg-GOL8pfdxQR5wrwShWCHGIM5VAe-NtE2n4iz0DAWRPrp2d
TPD115法登他001141,tddSREzfzH0KM9SSSGhjHi1pXCKy7k2zoIq4QIFFaVyXg_XVykXYweAsQzo=
TPD115法登他001142,pCwNt4sB9FDsgUmrrM1FJpZVx3Ztt_mNePgpyODJoKc6FU6gFEV-VvYwK0Zi
TPD115法登他001144,JIi6RTtU1MN0p8hMoNJpojBcqnFmo9rvCxaYYISrnyozV-AnHBDy698uMqRv
TPD115法登他001146,J-7q_me7Oa1-X4VL5xf8X2Wmgm0KEOljbQukbr6jJTfqMUBnlt4kYyG_YiPp
PCD115法登他000309,K9Z6jeeSpF5RL07oDuU7krLYXd5W0x5e8705EzgCHQShirnKQlX-JWdUAL7h
PCD115法登他000310,SgbqOygdUH2ARB8AYPS58MIgTzLh5BVEIgvW_SAgQWZLfFB9n0D9BGpDY3U=
PCD115法登他000311,ZSJEQ4Bo89UUFM1zlZ1oYEZ3bX4F1qLTXcJNMuF8IJV-sqKH9ywOTf7hRF7U
PCD115法登他000312,a9shImS5CZ3gG6CZEDY05zALKdABIUYSOXoqEUqYJDWS22sGrqWyZTVCteU=
PCD115法登他000313,AGDsoZU5jeMnFSKJuAAj8ll0elFgNlLxuYqNRmPnF2udp175HakZnJw-9S0=
SLD115法登他000301,8a3RQt3YRUJ4Jk7KVe4puGXD3RUI27rahN3z9Gm7TzRo9K6zX8zaTfgRoVwy
SLD115法登他000311,o-6Nm693G2fOIzQDq7OIqlwx2-o-40MQ4Y95_isdM_nBGqVBqR1wUBbU5ac6mwo=
SLD115法登他000312,Ao4MiWv8GFu5uVxnCmuac-xzpI5t4r39zJWThkKwZZXusXPuRnj3EufFhxH8
SLD115法登他000313,QdDNKM3dPB-Vw67Jeak0AFJj3H-846TIShwFjdC_fu3EqI0nziaPohkVEi0n
SLD115法登他000314,CQSQ5p_2sPgIHjESOXRT-SZiyy4Ow4I6BBPUHSsN9k8vrVcfbcUYv3mr0ik=
SLD115法登他000316,akvCVlACp8HRscrBYiowuCELUJCMYDHykLW30hLWDyn9hNhy07HnFH5p_XHp
SLD115法登他000317,I7AFJ6rAF2ZvL94Hrw6amMSazEG3g20LDwrkJvULyFp0RbOnHuVNh0WSVGGb
SLD115法登他000319,Dr73U2ujAwoD5m8dlWRlAuRw-u94MyQ8N8gEtVEqrk8ZVkKXEN7KWObj-G1F
SLD115法登他000320,z352iXl0pjTESbPn2P_P0bfMrG2y4xR3uNknC7SnlrrSUcib8oqAPhiTHiQ=
TYD115法登他000225,yG1nLa8nldP_AyCdBYbgyyDx4giy2gihjwPTSKhqxu9l6wh632q4OWFByAFt
TYD115法登他000226,kedZD2-xl5aXvC-y7KGaDI4ILd7np8YGWyx9z1L73lQ3R9TY6Cw5qvKwcvDW
TYD115法登他000238,-09r-V7hweO2LykSFuC8cKOILN0TPwBsnFpaw0cixDM3JrLvQg-L8ZNa-fDx
TYD115法登他000239,hmAsK4WhDjfY0S_iziNdiXYKbTg5Vk2xQ1e7QoNRWtWHKw7NuLddzx6JYpE=
SCD115法登他000138,8MpV2ZyeGIOEpgQQclcFyhwIsmWrsxJj2QA1yOgN_BWb-9xcQVALe3oiWGCl
TCD115法登他000492,8HGtOXO6CjaoV0XYnm93EkSDa9Ws0ZKpAi8z8oHmNXbR0YD9hzQQdqOKElo=
TCD115法登他000493,93HmGiAjlo5C7mZrClZpHz8i02x_uPpSnU9hb8dsncPlejbsl88MPhSxdO-R
TCD115法登他000494,0SsSDvHafdSMZihgvF9fLer58MMJVR_Fk6_6i82alQSUwUGQsIsH7OK6eHci
TCD115法登他000495,3YrWhBBjXZwGZp7sglEf0-nRo76C7QECqftgi89lOHol8n01FUUsFp0qeP3o
TCD115法登他000496,qEa_xy1qL3cwqueollL3ye6zJ7-fOtinjjh8GFRmOFY8ur1WQIBbPO1kK9w=
TCD115法登他000497,z7whWtL2OcbMAyZHJ_GaUU8go_sPyb8gG3Tgqv55naSgjbyUHva2MhuxKI0=
TCD115法登他000498,vkSstaT5vnAug5g3qGF5K5vNd_XpXzrvn_xmb0e7AWpvB2MAoGg331LpTXqK
TCD115法登他000499,Rg1CxxD6TRTglaJpKZBf-WdrT5P39RJT75l9wB6HrtEb1sABu749t_AuFyqK
CYD115法登他000088,6qKyMffH7SuuOm0W7SbaEYF5Iav2cr3AlvUjb9U_y0NgD3000EnPePSmW4s=
TND115法登他000238,t1W6HJTr0m1qNnx_QsuoL7sVWTjosO_zhuznk2dk_ZL2kgzm03tJ_OeY
TND115法登他000239,nVwTfjzLnmyvJfBjw2wGktB2kR_DUx6fo7c5gj3DbHJV29IIB5bpy7fpbCPG
TND115法登他000240,QMdReLEgeHzWQCRqgpnBpdKwouk7sQJ5WNWEYFbuZhq-qiekcRRxPH5_z9Hd
TND115法登他000241,gSSYJjBotOQNAEV-RR6znZ5Sb4WZxacBBykihKg5WAeqkaOTmvcfMAFiBFvx
TND115法登他000242,0dWAzukp3mlvTaN7qRwtFriLGcM4pMlAUp_eBlK2hFAQQcFsheYqEdVojDUJ
CTD115法登他000084,Q0H0Win5uskZGCtttVzyph5YCmYq2UJbfBM7ONccMNDobYz6c4UhdBudg0Y=
KSD115法登他000222,pS4IpYPirQPhlZaCW_D5LB0te3vdIVj2vSnEz4vqpdLXUpjNHOqq5UJJBZM_
PTD115法登他000087,5An2wJPgWOWBmj_n1uyy0IhnFS2dn3ljW10FQbrLOj_6vbdI5zijU4eJbnk=
PTD115法登他000088,NbVHOJXIf3g1wbW_8U3XcDyY9pU9rLQDBnafBEC4MPcD0lVsDKl4TpQGicM=
KLD115法登社000011,UAVsk0b7qKWDqF-hkvWqbyphCV1sJ4mCwFHCXmzJ0tgrBozfkGi4XMqj3JU=
NTD115法登他000082,wwNra8fK9q29AVzcoHcDxHvHg13OIPszea2ZlhS3i3Tz1yGKWluIjv5gYwg=
TPD115法登他001007,SaKLihCwRAJLgGUDLj8z8DMLv6ujWyoOQ46jHDKRtZETu_zo54pl6A1dadg=
TPD115法登他001143,XbSYX6VfPJmIS9YgKwnBXnXaC9stvbj2h0ZOQ_PH3oPTE_KlBufBJvWUk9Ng
TPD115法登他001145,rwaE7SFW_cmK7qxE8q12aX8bbPhCKKkp9aSTfM6UvvM4if64Y1jwWSrey2pB
TPD115法登他001147,4eQ-gEk6YSSBi8EuePAQeZ09iAQZhttmM-3ub62bzL3wrtXmof_RjQR3IMg=
TPD115法登他001148,VLn0YCxpC3PKlSG3fxyV2SQ3sPwERKw1bNFXmX4fcAQHaPSlWTnIsyG3PoQ9
TPD115法登他001150,plAQRzI7kwzDiBDu93uusVsmNIg5yJpQi_l0Rtf-3EKYAQFevBJhiiUUnMER
TPD115法登他001151,OsdaFPqcJUk04QrtFRCfCMV43lOPDGfr-NlXUwGcGTE8llNeVPiyg8k2XlPg
TPD115法登社000063,XAVQ2PDJR6-B8TbsIM2IlEt7j-ra0ejnDErh8ClpHK7D__xDZ0YvZ7izRmAY
PCD115法登他000314,E5cF_mvfrV3Dd-M3XhNgSJNtEUQ0qiCHietc2O5GlpU3SVmOHq_tgaYRZZ2_
PCD115法登他000315,_zURnJ69sP9sHLVeI2R4KHRlrt1rBSItIEg-I57-9lY_ZksNUFhRGqcOApaO
TYD115法登他000223,SSgLypMZ4G4dxYKHb2kgHLmcyfU6txNypEh-sK0DiucxWVLkRLzNPYLyx7Mb
TYD115法登他000240,QZ7XKT5BHrHfVCI6cnUhPC3nqfrou_tsm945bzGDWkrdVrw0nNet2uUHtg==
TYD115法登他000241,Wpf5-TIdj749OdrXGRdi_r1oCpWIAjH0cOH_PNc3lx_jNIq4rMS0xAeLEF0=
TYD115法登他000242,dT1L7Tf6E2FmQ3l-wr7hBRFjN05FwWNCN6GvRUhdoNwubQdqmpJToJyweI4=
MLD115法登他000058,hyulIwkAAa9oIUANIFOZ-8YUKYXjOpzE4f_ubWJUrggPGk1cmnGfMurjwaA=
TCD115法登他000500,PkvvPjofNCRO7LM00cLrwh2jn-imw7cjKkgOFAk8g3o-_vJqPTRWv611fCk=
TCD115法登他000501,6H-46KP092jTzvpNhNoH_SyWD8yTMxHYQc40TBIgjE-Vbzo5tWhS5i6fmSgs
TCD115法登他000502,Aux1-JhmbuRzBzbuamVSAK0hRuQijHl2U9X5i4_yiofIEzTbRqxghT459eo=
TCD115法登社000065,ODAm6QRCxeKH4SnJvuxs0GNWZkwenIqBzCBQ9RVF33MQIN5n82ylCrRoKgN-
CYD115法登他000041,cEtPbWCuEfzyM8RV9cwIgMDJSphM_n7xXsOpnDofEO-0O_7-vwHVmt0bkoQ=
CYD115法登他000093,xYYI70yrffg4pAl-RGqYrfDj3vHJFTgkRV2sXtAb_I-DaleptlPYoaWo6Q==
CTD115法登他000114,vd6E3yQqcdq1vypoU7FWd2Uz7RkmbFiXBZ9IiKCZJ6T9GWhb_wdzkj8y5es=
CTD115法登他000115,AVn3iCSZl2qOxO3893_0hXE89wRYNCUhDWU-0dOczylUF8EBFTRBeDhbA4E=
CTD115法登他000116,RVWDlhOcsMOfJNR6WqoeAeRIoiezcCGWLQcHhfYIz8CsJFDMZpKUps8XxJw=
CTD115法登社000019,OctU9f12Uc_1p3SHZamnsy34QzM15VtcPCh3G6osktrZ8m2ke2PyxbLWfUg=
KSD115法登他000191,dBX97fQeKvZZJV6pwt5Dd2FUe7o5W7iRxcWEgBzfOc3s8xoyGTnIQ9UEYtwv
KSD115法登他000223,XBGHYGIoyLYfelmNkrzoIAo1uYJ-NKTbucxuIB3jQ18drnOXu_brGiEQagA=
PTD115法登他000089,2VC8bl99LuG2khko1p1DF24YRfbCx4vF3LF40gTEWdDFdDcsItxbI_qQGu4=
HLD115法登他000077,3t8j1P_M_x-M9hU_MjP__J11n7NIEKg6ydgvwzvnmYwzPMIi1cv8YsPFStk=
ILD115法登他000077,0RoZLz7A81hrMiOOwg83ECvTuQAjsKt9WcNj7dqtEe8zYQOjDKrpg7Ac-CU=
NTD115法登他000083,o9_vZ_tl9dubkKj3S2z5EKyUhKJ0O_YbhQ6BfU-iFdl1Qg83mpChkWK2Xw==
NTD115法登他000084,CKK3q23hGFCplu_BkzeXdQt0n7vy3Ighrem4c8MrM3WvdnVkSS7qCA0FrJc=
TPD115法登他001152,TjnmrBhsYU0uonh4nq4xZGrsurt8d7bzxklARz4-Wh8-awucTfGJsHTGwToc
TPD115法登他001153,ELNZ1mfT70s9AhiS-z78js8hi13Fz5uhpb2qJZKaUJC8_-iCmhq5BDBEDWRw
TPD115法登他001154,2A4fyslhmNAO3mZfYUgM2_O1isbBk3rlgoGZgIJgyiQ6SaTzpXE0uR15bIR1
TPD115法登他001155,sohgBPtLWttbbSdf6s7-1iHSB5N-qX9JP9ZTHBPcXQ-DOFza8xrBE-KQRtHM
TPD115法登他001156,cyEWjfYDbeAQZW7MBPmZ7bh2-5fsbHxctVeNmAvjH8xjNrBsHLOg9twYjwa-
TPD115法登他001157,aCdoN00to8cVOQl8QQskATVVlruysjn7OVBcEY1BcOgZytnnG5y3o6tWuvp4
TPD115法登他001158,7ijho4-3JrT98vqBT448DIB63tyaFrwPRHC7wjJZPCGUeIakuWb_n5sS4cFQ
TPD115法登他001159,4F68bnWpnEyQoRVYBaqOTXaVaec3oxdx143ogqB3WQMT_iI_aHpOGNCFkdk=
TPD115法登他001160,a0EixTJ0VLfFa0FTK4TD-g70xk-NuZF_WS7Hypz5didMwm4y-J4m86O-7Yw=
PCD115法登他000316,znmkQX_zLvVSh-VJPCnjlq_6hJ2dRGMNYcbaHcWoV3GbqeSNYfXcGIJzvfwl
PCD115法登他000317,ZIgRjL2_BBPiCNy0GJQHsuadhhHqN7UjGhm_sv0yrDOIED0qAI7Uww_SKg==
SLD115法登他000321,zj6YyFgPWnrSb8FlHrT6DE5ofhA1CyuGQFnRdwsj78eFJxrR3l1_G5ONG-Jd
SLD115法登他000322,elGAg4K_5P7xsP0hoZeidTBJy4WiIxXUesIvJEZwHbw8ZdogfUYXL0DiMwE=
TYD115法登他000244,GZzL3hWL0g5Y8v6wXX_qItrBIYW-aOnd_60XHiM6zqKUOIlTE3lRnTu6crPE
TYD115法登他000247,GQv1ZmMRoSEqlT_N-UMvAO6oZBzgmYOGRo2XHn8M54KoHJ-Qxn4X5QJNk79-
TYD115法登社000037,7WE-jDbNaD2yM_koADmsCKUpzK4ibaRptRU2xIMUhd3eISMpLb1-77KchIxX
SCD115法登他000139,1qNX9Gy19SOhIVksU8R3jutYHcLxfIIJstDeJDZ6L15PGiPDxFs2W2vXyb--
TCD115法登他000503,WmcyMGZFJvnmk2yiMBLoVIw8B1JQibX7uwQwdDGyhbgikpM1O8irRXLwp7wJ
TCD115法登他000504,sFZudRH4US8hAWduR5bI9quH2T9dqLQphAV-BYBw9XwfjuSGDPtFEjTPxeU=
TCD115法登他000505,lioBj324r8_915lYEzKs4445TFDgmTzKwbTMo3kArwp_E2zdo280D5EvpWg=
TCD115法登他000506,Nyr_WW0y04J6cLarkED7brrI5pjISVB0kL9MXYISTFf55ikPGyYoa7yhFft5
TCD115法登他000507,oR__6a5aiDspJFo9QcAkklu-JiniKhxjjnPff7sYsP3DATk8F3fRe4eBc9xi
TCD115法登他000508,vNvLxG1ek3RG5N-_ofOQ2zumu2CBFbB1FMeadpE9jPKUWcVHW8hczEuLq9t7
TCD115法登他000509,3PHIJo9psxGHxrWchr6xWk4lwvJapgWS0dR276Xp7uqANv70KoF2t6WRwXzk
CYD115法登他000094,lDk0xbE-hpgrsrBojA0-7eU2BQYamHnZq52drslcZbQNYJADHYYGBDs6XhI=
CYD115法登他000096,XoPo1tBfgs1mSRk6c36WUck5NOKV4yUGWd9Z8YDE8lFSucE6h7CcU1oUoVw=
CYD115法登他000097,rFAhAC_CyO3VCqxEuke3xRjFiPQ-o0AqKAjD75BC0cZWYuGOaiBr_VsNuww=
KSD115法登他000224,e9_bFGKCU2-I2FTB_83cHy1WmUKXcyJqGVSHMeqkn7SexetAoVnBW2nzc3w=
TPD115法登他001104,TB2mMUcu1EsNHsM9FI7QiIXLZq9NjlJGg5I8OsasAsofETppXDhHNmhw1fNa
TPD115法登他001133,oqOgYUVJBTpEbgt1Uc1T1iozpCyKN_4zhzOovrdOZPyRAWwaWeB53q4gLsTK
TPD115法登他001149,rQGV6UYv6cUdlZ0yIYK5H0gv6k4Kdm4GpbgfPgxHh6ZWCt5FnS1Kn-0Vngw=
TPD115法登他001161,Y-Y_Cuvb-2KTnJ6byIFTu2b0_1X-hSj4srnS-6jcUE54zIW7eBFiX5uR8-S7
TPD115法登他001162,yTJpNACGEM2tgmpTyknANv7Un6a8L7r5a9RvIicJ-9Bq65V9krCiOj0tD9A=
TPD115法登他001163,HgpcwDAIiTF3zvXeyeQ0qwpirsZJbhfMoZ8QbRHoQ8MXX_DOocHOhXTfSYMl
TPD115法登他001164,MzaWGWf-mWdgKB-vKSO-x9zCySmglt_D6Vgs6m3gfQfZbu00lAhYCWVbTmJy
TPD115法登他001165,BD7ODGZ7dUjNa1sxgcnfaUGEthoBDRAomasASPfi2v2F3nkCnayhNB7q0-kz
TPD115法登他001166,n99Zg-xqnNMrebxXFRYnN7wzbfaItxKEKyR8_iiuev3yrwZnEcBe3R27WwGg
TPD115法登他001167,zr6EJN4urHrARM26U7ucUdPZmOP59SQtULQaTPqb6bUkpxDsutlEHQo6Pkts
PCD115法登他000318,Eansg_Ajf0OfYLQxlDg3ugn5VyGnFmKTyiSVGNwQCYYsxjvp0c0cCYDsaL8=
PCD115法登他000319,MT3NfU8YA7J93nHDk-xjGRv8x2_drs-e1bPP5I5u6RfLzg6roMRX_9KQVa8=
SLD115法登他000324,HhNp7O6-j-ajnxeHPNBF16EMHuB13nIxp3jNGO7LHC1qR0lqXpGVkIypbgui
SLD115法登社000029,BOAL4yJGRfCVyNpPrEO8RboItH1bDDCkwIsqNqYBio3gWPD14-iyYdwOwnAR
ULD115法登他000080,M8e26ValFeFqje1yXrlHg2yH-ddaa_LJ12fi1wMcd_h1roOc3TOen5x7yu0=
TND115法登他000243,qeEG-crEPnNo-zQPRpPsE6WJ3FNUIaajsay_Qyz39Rf3j7ejepgI9aMYonM=
TND115法登他000244,2oyeXofUhNzeDW1bDT6WclnyPjX7QUkE-_zqOsI_uEWS0-8g6xZXmujw-68=
TND115法登他000245,OdixQh1PG8sqtNqZ7gsgqlVruZzkDYIS3boeWBWAjgE9X8UaJLU5ruvkdMU=
TND115法登他000246,OumMRIyGP0NWzHCd0psyfX19c-W_6__41ISIdUl9NpVwSJKs2IvdRjnbwLY=
TND115法登他000247,IV24SrcCuzDlqr0Fmgcfc323lPz1KPn9O6HyvHaiNU8H_2rwcTnUbT6bupe5
CTD115法登他000117,T3WSfzx7q4YUkPEy8dbQhjuqfQC_ueJurVZBIZak19Y4Aot3xBaiaGyP7w==
HLD115法登社000006,d0Xg_QcNbyrdjXln0C7pm0_xTUAqJbp8z2YOmMKne4C4hay4vbFaUq5jEj0=
TPD115法登他001169,a7npZ5tNE1fB_G6XCRtCkosgIWfgiHLHm3r6DJgUV0JjzI2Ld4w7seteiH4-
TPD115法登他001171,aJ7cAotBUPEraWZvpqToa8Q1u_pTP2AZlGeGrU8a7hDdC_5u78zttwqPXRkO
TPD115法登他001172,LdjIMRqr3exG5rW_io75SZWhUrhtLeAK9kqwn0viAQnCjbPXhI_MaT5PZTM4
TPD115法登財000013,-MSDlPNm7o2xfPzKt16MvEiSNWcgijyKLCVXf2TpqLGs5h2Ddb3oXGvtwYlO
PCD115法登他000320,CF23JxdlkaFIZGzKYFvZHWtzEDI5UkeaYohPyZeDaK8MHTSSpJuZPbLHQKnd
PCD115法登他000321,ewDKI1zZr58uP2v9_J3ZlS-sdVuxXL5MOrLxf-L27NTG3iN6eJQn44m-7FAg
PCD115法登他000322,XNaDi6pN6pqthbIn_qSSUFrsCul2FK2BDaNs-wNuILSopQEEVQJkzQgWxpo=
TYD115法登他000237,Rpm7J5YgJh56Pb9QT4fyjZ-SIcr_CjI-3-AL-JrMjJFfZQQP4_RemS9gW9QO
TYD115法登他000249,6v6JIyVyfL3HlFF4k82lLFsDVIRZ5dHN652c0zxEZfz8npr6VfaEnmMFpJo=
SCD115法登他000140,yFknHUqHXtjQMeT7GpsDP6-M_gHPRwuBLpo5zUbG1TkLM1wEWr-Dw7egZJ0=
SCD115法登社000016,-jo9lQMy9SmMOr58Q-JMjJAFoRbB3QpMXKqto07LCO7NLFBMBDz7ozVQEHgP
MLD115法登他000059,KPQjkbwSiO-gwP0F_34zadSU9GQlVFGgQsNmuauTkWoWp57ijtYcDp_W
ULD115法登他000082,4cVmWrNQpJQJNjmp9nbxAxg3sMGd-aB4w-b6E7_iIL-ebqVJqnDNZqqtFGU=
KSD115法登他000225,7IAbOMSFvm9gUqgmuPdJ27KdRNEaYj8KgWGNupbA2XxgKxP1mHp71EZVbHf5
KSD115法登他000226,mYeKKIpmwsSB__ilRIrQ0WI5Fm3Ltajd8ff0uD3oqOFKqNlAMCUuYp-L
TTD115法登他000035,qW_887dizHTiTK8vFSEgGlhUyAQ8688kcL2KRBH2IVLwd1_Cx4dyxlkUXgY=
TPD115法登他001005,LJPPW5zEV2-0-j7odAQvXlaNFcKZQzb-hQBO364gfrXTSvHTP7HOybtyUA5T
TPD115法登他001173,OiQWlxjbD2FEis3B7KusyhIFAt5nStCFIm8CZRabZP3qmYt4yev_Xik4iXs=
TPD115法登他001174,LF7Bad9Qexoqo3hP0nTY-nSVxQ1NfWB7EsSY69PPd8LrtfaaGu_bxI_CTh18
TPD115法登他001175,cg3i5KgcleksyDESMQKZUQV5CuING7KsNTnfMX8xya06WrjIZAwya48koqtP
TPD115法登他001176,Dib8qKoLz2ZLgFreiGmvPVRM6yLKiecPOer3d2z-l0WM4deQXH17qzoxfjsA
TPD115法登他001177,v4a6ZO63tDiCnePpbpGHw082_XEu5ser0Ti2IcQml2u24loB4uIQmbm06fEz
TPD115法登他001179,viE59_LN83WNCsBtjXTKakGno-XIgPoO46wGrwEbmZuGr-yy43ZLtCeWCfUF
TPD115法登他001180,dkYjjTAIrRm2dEq88rycfhBrQ0CVXjjihp_-LE1HSDMmZDL0j_aoA_RIkxos
PCD115法登他000323,T8e9qLaKjkc19KEy2JDRXbt352rtjwHcg0SOzTNWkrqvh450Qm1BxLUe0Q==
PCD115法登他000324,kgTrdImGBtgID2vMvAVd8VO04oE-QqVU_392UlWIpTvf6-FwH82Ir4w30g==
PCD115法登他000325,Y7OP7FgubUYg30ZUO1g5L-bBpBHFWoozbvdg0I9RZ_tMYx24mTnUhbq4cLQ-
PCD115法登他000326,AoXwnqUzHw-cGA2gTvpq0hveWs0Ixh6-7zw9uBHmPwrWxCT3XgrKhAluoKw=
SLD115法登他000323,4-zAQwQR5_vHT-7nME63SoY7ZC7CZ5-sjeZ-4VPBdg237ezXiDmG4UcdTupo
SLD115法登他000325,2kf98JbPpiXCoO1ORm3TI_p8MGKpsemHdc4CJ8ILwZun6GIMvCQ5OX-JOok=
SLD115法登他000327,rXIvkmO4yPbpVbHvrj4FNgCkSw1TKej5rUxo_BV03IhZ4NkFwxkE8AoOMR4=
SLD115法登他000328,2xF0ZXHclawgCGiv2TiqfjYs_MfTytJylfzQ0c-6ir30M-5WlX5bvGQNrynR
SLD115法登他000330,3G9oRyhWHSwdCqztBcoPXBen0SdxhQc48xLClfX_JqSYqkM_3G51AnTEtuuBubc=
SLD115法登社000030,ubZdd0lM6rA81QOgsR5PwthExQ3zJCBIflhtwAS_23MEME29Myz3UCH1Tzbk
TYD115法登他000251,YCSvevuaBivvlto2MUe1j_n4FQ8y90WzCad9evJgaTXdz2iJHPSlA2Qrh6E=
TYD115法登社000039,_f0qWOyDyWWM8HYvHNjQug-ROoWG1er7rnqCJbFoPEAvGoLZ1QT7DUfDbqCw
TCD115法登他000510,oDhokglB-YWGLjKUZoa7Z9KL0_y0sSzKuOjGSt6CoIA9uJ6PIgx1qKWBtzmO
TCD115法登他000511,cPCdVPbveK2tCWyVJ2vLmVjwLxmyEAtfii3VOvCoiZ7SgkJS5mYz63uGsYqF
TCD115法登他000512,JgXh6vUShBG-ZK5dX3JE18J9g9KPUPZN7jwe2B89dp2Z9PJLHXTUMLzXarY=
TCD115法登他000513,pny2dJCL3r_A3HWbqnkq3yEo8IrW7PPSzCE3_zJvAjj7IUR1u_A0AdC9OKTS
TCD115法登他000514,FZTcV_aiZ0Cz_ZMSdHpwo8xV9JRGOdDyOcRud1DLkt_tGtQ4FmTWt99ur58=
TCD115法登他000515,pC5MJ_XDtDFTKmWiP3UyrELAMbH6rhe7jovXbo_WByJPBNB0jumazuP0sPDQ
ULD115法登他000083,YjAikDYsQT623eicH6gkDzl-T0_2Ddl66x-l5K5k-LXoejibvb2DWoEVyaE=
ULD115法登他000084,PEesK3h8Qo7IsY90K7zNZ1pm9_wJJiWy901691Lw9h-Pt8w16CGDsulL6nQ=
CYD115法登他000098,MVLGnZG8HIwEZU_KLbEl9UDGjhNpPhk-fi_cR7-B6TuWavf15Nlr32ib1dE=
TTD115法登他000036,g9NkrO3jLlKMjNgCAIzs8BRmBkCPSc1hyie7Kxz_ZjGGt91y5c6Wzyh83AU=
TTD115法登他000037,sIuI6dOgjGojAveBRO6jyqfQakNGOCPKZ_8DdDCCULa_849klGlaLcTQ9_k=
NTD115法登社000010,jqOAbHaAfwnngEaRZEianLC06fh6iiL4QNsGDwds2Wn65tMFsPlpa_tiTaE=
TPD115法登他001182,2KfYsVrMacKFa_P0LlzkgrVAaPeIM0zOX22OA6zbYmrDJPd55MQNoUuqm1I=
TPD115法登他001183,fTWmkUhPH685KfZhnwvAweO98V-c9Q-gwE9XDDJXd-8QQSRQYsC1wyKJrVaK
TPD115法登他001184,hnguZhplRiq15owEacYM5ca-BrOzGePiny8AhR8klVwBupqYehsTKSX0bB3_
TPD115法登他001185,6X2nzQ-iGFR30rSlIHDbveVksdyMz0ZJaTueEhy5eEui2sgswhJxe435rjGO
TPD115法登他001186,NO3Yck2I0HYs1MFUsoXRjBQPTOLCdRASvHHy1Am7x5tIUOIz8SZHg5ynr9rh
TPD115法登他001188,_SVHOhQKcFfnodVqFIBgpojbtfBgooBIUet_1GTgEc9EsxiJkK3scbhNjAI=
TPD115法登社000064,nTCZVGC9JjfU9tGvEWNNxQlIoy1PnqCeuldKAVfHbCR5Cth9gSaMqTDDyDtf
TPD115法登財000014,Wn74elngYBePPPW1tseXqnlTxlkc785RAheAlMceMD5ZBIEvv2Aqd0aqsfwv
PCD115法登他000327,NO4SJ0frp4f2c4HnprS-n647_QtaupZ7Zpo79spS3U3EmBev-jk7yi1Av_o=
PCD115法登他000328,8H-2PCm0cR-Lujc1zJQCvWq4sXFRC73onPVmzVGBnmWoySaNbz3fu7MqPZM=
PCD115法登他000329,8YjUbtt6QeHwF7nYi1f1ATOkKGslZalWl3_y9PW7Yr_vfoPS-SCGpECKMVU=
SCD115法登他000141,x6KQuJoJ7wUzuYPmxcFJ5QgrGD8mHRxc8ddm05GBSyGpWBfNTkF5zgjCDyU=
TCD115法登他000516,4xqc8ixtXH7JCOCAz-nwvGC7ANYtp6Cd8R_jWxZ4ZzTkZmIiSe4zWc9ur32t
TCD115法登他000517,gqteaH6d8zX9Btwh-YG5q-FDc3TpzqBaUsAvmNgSmI_6eKSSDVXX8Yx3lMuI
TCD115法登他000518,m3Fx7vZ4UN65TvnZcbwaPOXu3DEeP6jogS0HuJOOrVXWs3oqZlShnvcBJoQ=
TCD115法登他000519,bioDySF3t1nZTCHHU6srRU5k3IOe1gA4rJEMyH7DEHmOvWy3RekUly30F3hj
TCD115法登他000520,jwNj_pyv8LHIxyjQqmlqRf_m95SjZPwMIZSXHMTu0k5xjc71LklF8pik933D
TCD115法登他000521,apeVDiBDcb9RAsJWN37yJ3gKFWEIYsoL66waxlC75YNVEUA3tWfHaXMcG-Y=
ULD115法登他000085,XZYcKwOI7E3CahqmZguvo1bl5jRYfJj2sQCGArTQ641FRfU4Sfb3QSZKN2U=
CYD115法登他000092,fbQONlkci4a7BWXqHSxuUQ2Ne6gOmk68lNtVQ7bx9zCa0Cgn5pqA9nQtORw=
KSD115法登他000227,okCyfiIKLGJcvoWyMt_Su9dmT9RjEDtFzXyEjvyM_2FXcozlinZQTPKDDAQ7
KSD115法登他000228,SyXTtpDYHZ3veDxkPprODKjiNISA8yHiZ-hbjqiq80M-kLoh2m0hUsrKQzqg
PTD115法登社000009,RppVHtSgjERmDUb3zmIwWymKNSQGo_AQQqlqG2Xh7bQaGV7_SXzVhH9YuXA=
HLD115法登他000078,DQd6Ow_5ay6urXW8MaDIN1B-hftaGrx7hq-5zNM05y9rBD8561yAP3sYkeQ=
HLD115法登他000079,zwbba-tsbA0MFMg2pB9kgJpv1JLjEuE6cBjdKVZ1bDs0JMIetwCwLKuKc30=
HLD115法登他000080,7-k-g11FRr0gRZsHvwUKUk3B3_TBOzOxnZ2xb6iwhMbBM8HjdSdJYABz
ILD115法登社000020,t3HTMjtehvQmSEbVTLlNMJzn78j7a954SiBjiNDc1qotP2EY5I_e3jx5qv4=
TPD115法登他001055,xZc6PY6QsOpzX74W86NKbOI5IWfKfBhU5GkWvlHasKp277FtNcK0tdJrWnui
TPD115法登他001136,jhyzZUNnCLDVqbH3B01tOE1IE-4TNOhlNW2KYqMVIvNbGPIN9QRdErL1Bxkn
TPD115法登他001189,X3Fo8p_iqFtHKlyUexiUXUBFkV6fl7vi5lkXZ8hpfHz__SraCkB0O7kwqudm
TPD115法登他001191,96l69XwE9TrfjSVY6yYY57mfLMz5PjjeQsljpXR6rpDCrehTWa4bJms73_YC
TPD115法登他001192,mvGZiLsHpafHqr6XbeyaHUKceclzFy8KyDJuoJw1kc_TsixkmjTXACUDYY6L
TPD115法登他001195,wA-oUzEjYgrP8qXH8gRmjHiKXIMx7cxTxZAHSYpguwb7XHU3FgutXQArcoU=
TPD115法登他001196,P-Sx5Lh4zA3NlZkjEN5xCyuHYCp1FKoQxjs55H-Z-y7lh35eFsgqEjRBeTvz
SLD115法登他000326,np5K3_KFMOmPY-njpPzzn-ep5NFaC93zt8jNCZsOhJb2GJVvwLXdt_OY2lpE
SLD115法登他000329,7uGUb0xtuuS8UANxuiQ1Txh2CuLXRxXQccy1R5ZjU1T5aW9tvG21XPymOSy1
SLD115法登他000331,g3Q8uwCxvIDwgmElJ60IJ5Bhpqn8kMyXUMD1WofOVQdYMoLnT-CkBsoZy-by
SLD115法登他000332,TNFxslkLXwGEOusfPV7PNAD1472orQs1viPQDRUU-ExvXnKFCxsDT8R2U_5R_kc=
SLD115法登他000333,YbeFKcAhw6F55OlWuGWcMwyBDV7qkSlpTMaaIn9n44bjp2hHJmFsmUq5g8Q=
SLD115法登他000334,zw7MqPnq7k9b2iIOT6QwZX7U8_3B_DfU71IRRuKy6n48VQ9CABLCF01XPoDp
SLD115法登他000335,6chrEEbGHF5ZOujVPs4C-4XJmIikkznOvmGNBfxw13NlO10-FFOh1vLwn3GQ-lw=
TYD115法登他000246,UibdVuE740X8nAwDsb5l8NWxh8_MULd6X_0EezVv681akg9McByuy4b1hKw=
TYD115法登他000250,D3ILTVz9ajE6y9-AC7hc75yKMSzlBYiBHOo08u0Q3K-BFgRoJlZ-KgmXRCU=
TYD115法登他000253,DyZ3Zm8j6KayYmnlR_k0ywoyKExg-E6lWJLm8-_RRX7FUptEbJGlSvWszoL9
TYD115法登他000254,fPbji6VS9WEI6_8hRqeumVeM6Q6fc_qbsv2zHu0V36x-xK901W2dDtKN5w==
TYD115法登他000255,KmDje9GLP4-JyZI-hzpNcsdacL2qmYR8vdStp7SrO8BcdqZ3J18qO13mRQ==
SCD115法登他000142,j7bKtg_xtvE4_dDzg5zyIPKdodlWAZjLHEPB7-KSTLcNde3A1TOKhP9rUslu
SCD115法登他000143,C1iAugF7lBviqwpNP0_Qn3hJt3U4jKOcFyDWYLzOGEHzhYG7dEohTVLtrVg=
TCD115法登他000522,mRScQ1dJC9cRdG6eqkeXnq9iKbyB_-T9UIkGE0X9lbV-Q92i3wgOJCcveZYr
TCD115法登他000523,Q1EnGPGjO0DxmSO6_a2t3ct9Hk15GpBybLfBFxDB3kyw59zdpUSRXsyY7VI=
TCD115法登他000524,H014N-SttZzk2kxx6jptAzQZ2woDTaeuJ27J5qrXadh6aqTu94eAKRNkk0C2
TCD115法登他000525,UerLOSLLozUQACSWF7oaMPUTcpsx1C_KH589-as59kkaDP0TCRWDbAiQXyfY
TCD115法登他000526,5Vy_uAXuM5wTPmFKcIrNPtHs6BxbtsVrBCZGmaraeIW_9dQpAYUoDzbBaVo=
TCD115法登他000527,q7ohd5hrEWf_ok4nMmNub53snDsPrhBafIK80tY42tmo0_7mMnw88zvMSzwh
TCD115法登社000066,Y6V-r6QsjuYoW1FTE9vVEt6QzUHFMF-Cdgl9q2hsODydT7iPatgSwBF96Jza
CYD115法登他000100,6PKrvX_FsTCNxfy9aaYHQPXI5uNz79CFanBLO1P2eHLFK3fNDUCo8t5hlNw=
PTD115法登他000090,y3bAkJN1iMU7PCRpLDnrBVvb1Lq9g3ZjPdFxkdHemoHg9Y2K0Ze39oN14Jg=
TTD115法登他000038,rLwCuhtDWSdr1I94ExAkpyP4pEUfEE612UbTCSsI2cmk1YKK2pO7ITk51WM=
TPD115法登他001126,q5D2W0nQ1WMOe7yNMAF2TBfpGOzRAEpbAAnIDs2RlYI7wKjhjhtlXpEQZfat
TPD115法登他001198,awc_GjVdZBWiWFI0x6cEkvFH5TH61_IfADVBRDyD_-c5cse68ECb6ULwuFZv
TPD115法登他001200,Wu21nK7QNtK0Hrf7vXdWlo6oqHIemKjJ1G_bEAMZbNbKtu-TjW_84DBTJPlv
TPD115法登他001201,GOFfPJXe6xxKDQ734km5ljWduAvfSx-JdrEYfyYRji76fTZ5iH5f68Ipwsmy
TPD115法登他001203,vWAzXrWN6h8xynuD6V-d0vnAyMtiQU-XWeI_UtKXzqL_3RMPk00qPrGW1wiv
TPD115法登他001204,f0lXmSgu5aUnsBzhS1txqCM3pGbouCr3vCxwD1umNLUr9vFolc7HgppKNanG
SCD115法登他000144,dAWVROyAMDLsLFrSjF5kenRuoxC64TP3kpeMNUhERhSBNFAKoHYguOg6IIg=
SCD115法登他000145,AbRjTQP0MrToX7Nxe2rt_xFvFVunW76FZT329xoDVCcp_DVUOWSq6hMNAS0=
TCD115法登他000528,NhMvy16X4Ef3yMRpGyKDjlJj4wIISe5UPudTphHOagMWt1T7ZrMLZgKkgVUB
TCD115法登他000529,ugN5YhxnwuAL0U24cGoPM0It9BJjVokp3UqUFheTVuxfxpxFZAZMVV4zqB2R
TCD115法登他000530,bfGFkVC-YllTjtVhskaS4RVLbL8XY3-UkXwjlOKvKf5XGB4TZPxwDW6rHJDI
TCD115法登他000531,nIeol-M3YwU4VxEsOezdkyBH75I6X7YKQZMTMMnOpXAeH9fH-jOD7j9P_sOL
TCD115法登他000532,r1LpF2dXI_n4RUxbbz51TejU2hCR_jCQ5alh_CQkKWPsCsxygTuXdA7Cv6M=
TCD115法登他000533,jqGDYM_ag7es-Oe9YwkTAfawLSDW2ws_ukub_WE82UWjOYEYYCgqv3OpOhb4
TCD115法登他000534,00wwFauSIjz81gFVAciXtA76_ISUKt5A6nVKGQZEpeIxthUfiah1oPBtcAm8
TCD115法登他000535,YGyN6x6LjwdjiRd1NpBWhxoNEDiE0iHkOmg3yHof3dgOKH7T7lXgwLyxf4Xc
TCD115法登社000067,4HzC8kz6LK-NqGjR95Qbpl2AMrKxVKH8DunsCwdlSpQdR1c3izYbMlpmtC3A
TCD115法登社000068,UE84nBpAqn98hYDhM34fLEFrCZ0rOTRX-VspPUdSmLd5gX2pAa65x86-j2CM
CHD115法登他000074,m3bXqexb4cROAQVvrjcvbbbsorso5jbGD2n37HjPdLeAhV7zd6nwmBt_C_U=
CHD115法登他000078,hX5xjAqfsmaV_CB2Jvrsc4468J0iZ04TELfDZ75_2lVWtcSWvZTegmPlohdo
CHD115法登社000022,Di6q9aTpzr0Lsu1Otr0VatsLCqVQtPpAjB4oj3GIRAYhYK5cQsjNYLCCcNBB
CYD115法登他000095,hmCdy8YNanl0PnmuRi_ow1JQ0tNf5gCxp-gS4qfqZg_ML_DXmnCRJTMVrQA=
TND115法登他000248,T3hAK2reQ920E0YrtkKtc3F-voaBopGlFHDVu7B_v8OHLHfc9W2Ea9B9Ybw=
TND115法登他000249,1NdypZANgVwiNnAU7JP8rNN3x4gur06IcdG_5YW423r1mtKnH799TfgQV6et
TND115法登他000250,DMSXtfXzgrgmVZoxDQ8CT4Nvypeucev6BrkJhn3J7sg36q8Oq2AA7K-TRKoY
TND115法登社000025,IYwjDjgFauesEQDAthSvdibNXCiTPzJg7NIu3WcYMi6lf8pTC9tqZsRxiom2
TND115法登財000005,DeN-YUA3OMqSzbeqPMhpVeCPwNw8rqzOHgZuC59HCjgcDts0cCVPtt8TvvFN
TND115法登財000006,ABPruSctRYI5BoRF0DU_6aq4ephIz-x47jgLbEwtIift4Nml8F-I9kYKjG2I
CTD115法登他000118,StB6JW6mCOSoL8Z6UQdpfMqtMxtukD8oC061jRp9g0vwuNgFKCc1Yyu7hIk=
CTD115法登他000119,-wATHP9e6z18OYR7pl7OFBCC4A7_vKhVkgVvqjCXrOpB5ugUTjExifKY-aI=
KSD115法登他000229,91xwwdT_2MpclqkhayRYFF4yNgPPiS_nK2KHgYpwW7qW83xj2qJMVMoxpvip
KSD115法登他000230,P1AR0P2Rwo2hXKPc9vb5eMRx0sIW1_RHuCxUw_dasjJfCqn3AV_IDQBqbawf
ILD115法登他000081,H9fe1zvElvnVRmPKI4mNUgeYDwA8Q_MCvn73iRsYPG8SExqOH7LKcPoajUQ=
TPD115法登他000801,ImTGkyJ2bRXaY0cqgCnKucAZ7rYOLTnJ6yBX-Z_uF8UJKvPRkKmMAMFHyncq
TPD115法登他001178,Lj6DSODVK6vLyXJUoki-8pLVsWiquPh1O3xZpjec-BOHENr5wxRnrSrALQY1
TPD115法登他001193,GyZGHUjEjN7HWJdACn268-_zrdWUbhkN11HYU3xEQRUovK-qs0i2Iq60hcI=
TPD115法登他001194,fi2vgAUcmUvydfWIzZfoiDZvm1mGsM1V1e2i26etAcmUw6EUFayt5GqPe5Gw
TPD115法登他001202,TQTlTPYG90vGKpmUtcwEXFxs1ETBPQLbQUnw0hvNBTdCmvGKmOBI8v8xKNzr
TPD115法登他001208,kWF15gpvK3we34wvu8A7gEyB6REC2KPdCu9YxCPBv36nqelCiv0mTq151Fxj
TPD115法登他001209,WpQEAPejGiQ48GEJR3hL05XS_a3KH7JB_bZ0QISFxfqoDdPYohM3H3j2hqBd
TPD115法登他001210,IFHgdkw9nun51dvurmlQixYfhNXeWGzxKJmq5znaDt9e53_xxqp8p171Tcb3
TPD115法登他001211,1m91m3Szo2iEfi-wz3DVQjylSVUj8g7zT8U2Q4gtO3yTziopH6GfmPXaLkBR
TPD115法登社000065,8ilhgILwAwnwJlM7_i66JLdWyQaV5f5eTf8vQss0MR0BaJLmc73xujHaiuwB
TPD115法登社000069,941QnXlFYebZ4dw4rpWg02f8Vixi3OZicG-hhCjNCzPYDPMc-svNIi7oxh62
TPD115法登社000070,RIMNL6t_LlvXCPCwFdp6zjGoPcuNq3JqF5Ce7-DtD_Aty9WR5MAOPbLOmSWh
TPD115法登社000071,KrA8dqrPd36ooC9z0wv-3ZFlP7ZEwZLsaZwZGP0AN8dFn6tz64b_UfWaNnYk
PCD115法登他000330,ZD9lUT4o-Ykp6IRKCGP319hBlCnxv5b7WNQ599B5e7cEgi9Gfv4QuiEF87Y=
PCD115法登他000331,Lbca8wm3wqG8FcvUrJ17OJJ2sVGyCMErvoCSqUKx8H_4ppDjyMsOPUQMGdDI
PCD115法登他000332,rRG6fwszd4cSPaupkW_L6bcVplP_eYrXTmqOvqwJslZG1gg6Jq1-L0GtzvRw
PCD115法登他000333,hrnDOB1hMhWPWEhjICYN8H8T2oy0tVBaNGc9n7C84smvtdYzCg24cLaRwPVo
PCD115法登他000334,sQYvM1QshuEoRE_6ARexZet21tVFwEUHXBi1I6Hruzn7DxUhC1EjwvaexXH4
PCD115法登他000335,0ZfkCc7xgbEURyEsLZvNBJxZ3VTRPrbmkUUIMOeTWUuq0--gWoGuwq0CkJ4=
PCD115法登他000336,w-YNqUn_Ya0Q9GHCSwZQqyZq3FEpWUO-OkfDIHuz9lYmsdGJ12Qdo1Nrsw==
TYD115法登他000190,P71rIA0trdZuYiaFBkpnvDOdxBeGoSqmgovJ7YYL1rOkZV1fWTmPFSixWqQ=
TYD115法登他000256,O_fWZjlj8rzZuOB2a5SHY-PsSDz2vWIPXJ0aOjHZ0kBZCiu6VAlmE7nXUC4=
TYD115法登社000040,sOYAwGGHqnc5cWrRRkwOx9PlLDWZ75qwmRixsRutUE2EM5Y1AXBwT4QMCrOV
SCD115法登他000146,7552Zba01zAwNwdwgcZ92JubYRYTrSkE-AImGZykH-5_5AN4q6oQgG9ygqM=
SCD115法登他000147,MEWoBstaQee4wt0gAMAoHjV4Xh72fjJKCpMYPn3ZUW7WeTzF6KB0nF0k1Kc=
TCD115法登他000536,z9XpYfsXoXRWM-KYyquT1l3RlJPMEoaYkWdoMjMVF6asVFFFUH7fx09I374=
TCD115法登他000537,7ALqZGHZUbdoOnhf-e8UHnHJqLfjH-8b__aneuMQuuIf8wno3nim0NgveBzp
TCD115法登他000538,frCpqRrZaR3rIiNsFZeeIkiDZhDiF5jNInToQlCoRQ3o55aW0C-4gaMqMdKL
TCD115法登他000539,gPPQgBYIcpMZ5AiOCOm3G39PF5N8IjmxQ2GzLaTsKikyt-h3e1vTofhgftIY
CHD115法登他000090,jjBx1nyab5n4pKtzaqVPx0VMtrkZQHh4qhOAuScKOfsM9myBljCb-lpsPQ==
CHD115法登他000091,2hDct5B6V-sYeGEBENsZBQil4Dbe6tY__RYBzyfLZsjTK_md2cWbnfemFZ8=
CHD115法登他000093,2YGLrD3JXVrH6-zzMG7e7H6xRPbN6kx4b3MXXlWSO78fdFYfJhXucf01QLc=
CHD115法登他000099,Sx6G0OTGktyA2K5PoZG2bVDxB39jS64N963gsjELJAUyPzEiX9ISwYaSF2w=
CYD115法登他000102,cU7pe6jU9Wmr9l27zbB9p7uXyZ8v7NazqetPeUKJslSpUto0cou4VZt9j38=
KSD115法登他000232,W9M1eR_D5TG5s-9Ch0KCmTDx-YiXjFqMzeRuLFUAIqulTJ75GwX-dJ5tT9w=
KSD115法登他000234,GAKbTL6rzVqZeXVEsKJdinXHoqmPgWw5uvioGkJo-rJwcCisjwP2atBF61o=
KSD115法登社000029,f0f6DAuwDLc7Cp39HlkcR29-AcC8_OVPWKe36DENI7IK43ojeH1r_8OnGbP4
PTD115法登他000091,9IifSjonA2ylzXyGLpLqYCQd2FlsH0yHMStFvGILIbB9GrImbEmRpVohJyk=
HLD115法登他000081,81IbJO0GCcsgTdcLpPAGwhahH2zlctrM8sSwkEq5XtaWnzy0p2dYs--NKFA=
NTD115法登他000085,ypCqlNUDkE6ic06T3vWrcDCfAGskrV-rs5mcyKmgD5mcWLAlTJp2lhmFHHY=
TPD115法登他001199,NFHXTQGkslHVlk2RQXOuAzY7tnN0aURzk28LEoOvyFHTASWHJaaRv8qckSo=
TPD115法登他001212,TIVcMcACmSmvkyZwXkgy3Wn3KcZH9Qw8f2A4carBT-zThoS1tnsVNdo-HSYj
TPD115法登他001213,F91rt0_Pes9YgE-vWbQzuSb23amzOsjlizoHWFU5it-YfcMM-HPxTf-I9tk=
TPD115法登他001214,r9mJqtpIMWdAwc5_EXa0QYpJTQSM9ewsc16UCh8fU-QYa-Fk4f5-fe7NvvOF
TPD115法登社000066,oeKxowcCHgvOPDcCGvCgwp1Wt0Qimqvy75jjF_S4EwQjEW90c2RRMiyp6Sbl
PCD115法登他000337,9EHZr_BVvUMLcNAaS8xw4FevfTFt4QoRfxy92aUaHuwDRXUfogyNyfaXd_w=
PCD115法登他000338,_2PHFSMDOtEvodISWmTRgCvp-pYEoyh8rFHY8D25J2Eyk8f_vkruPOokgg==
PCD115法登社000048,jdRF_8bdZvtS_3QlLKl6wmP2ZMloo4x8WM9Q0vg2J7TrATV7Vs063QwUqQOc
SLD115法登他000337,AdF6zn4047kbffSRCXHkC0mSFfbk54Ttn_C7tZDFyHhvhQrOTynpPUYptgo=
SLD115法登他000339,ppsZGSNTA2EsLRpq1LWIYG5mqYWWlOmKWg-grGid25lYy_IavIHuinqI46Tn
SLD115法登他000340,hql-qlx5AZtWS82xCJ_cgis8k4yB4a4angBe3MNLrdp8b0vH4ryiMntpYdc=
SLD115法登他000341,aYNVAMf0kqdLMVbwOs-C2AkKh0v1qU0r1PEuB3jpeKA7xa_cwGmS11He9umt
TYD115法登他000248,Qeq-uztN2dovAjWU1R4g-6LL-hp-MFMnXgiXLkkv5OZKdtTTp5VYHfhQjP0=
TYD115法登他000252,II6DzsYBYbMqVE_YxrgSMwx6D_WkPuocnbF0752aTTjAy8HtLWkzhT9LrRdK
TYD115法登他000260,rxBHz8hhIJZvPTzgYCTun5Qa72j5pv6H1Itb2dGRgeIvEwzO69SexqD_pTSi
TYD115法登社000038,3GsFesfFwG6aj29LSEput7OwXLo-K0mldSt88HiVkninymMS3AQQpfyTnN6a
SCD115法登他000148,BcA4RWps_3ejPGLZqEtPq26KYebh4HNg4Zy1BABhsB6Bt0sNG-ju4qXsGNbI
MLD115法登他000060,It6kGXUu0_-74jY5FIWQYRjS6VpKx3NsFC6zk1ChL7q1D0PMXlKbs4KNxAU=
TCD115法登他000540,NBYvCCA9ZYgWMJYz0_VaX6m3eDZaNvpSXhDm2eXwh_Z_gICrPrLD-cVUtDyo
TCD115法登他000541,p-H6tnFEAwygbftHjcLIi9zxd13i34osbUhLyUxST3RYMgQpkgdWXByxXF1h
TCD115法登他000542,oPqBpKquQQBgIyYFK2J5_g_ufs6oaWrrha-ZPzUd_Me7KKl1iw_UtTvtd0SB
CHD115法登他000096,VeFQsc4fbhtTPFNmcILhkwWTyMM89wR35MR52wHs4H1EzEtuSnUHwlWINm8=
CHD115法登他000109,qrBQ5CDYH0OlJspHpPfj8njYkUyBquwX77P5IBOoVC0L5h0L6BN1PoGfWA==
CYD115法登他000099,y22NEbqR7Nx6SdzDj9IUt4t-nCsASFy44dEa4zhbryFgo1BFMVoEGFgfYzw=
CYD115法登他000101,e6T64GA9WDPaqX0o0nUotFFEhBuXOKgkbIlkK1rmZKaB6w1zXs31W93_YQQ=
KSD115法登他000235,RHHH1_f8WzLzVOJSkIsCNjJqhneNoyL8Ju_UlQ7XzbBOq9WNrn_2ZbG_OgFp
KSD115法登他000236,DtGFmUJn4JLxasKeXB4812HKziXiD0QdCfEC0TrEI0KpOwdDvnsVgK19QN4=
KSD115法登他000237,Sqdnu6yzJGklrlFqibdm9TNdRDzm5akdMBg-mbZ4DeJUJxWE3Gw7ScioQSj2
KSD115法登他000238,Qrk6NoM5WUziS5oKO-6wzYJ3X0pbVd_CLu1f-NRsyv7lmZUNXOmakR4QHwcA
TTD115法登他000039,L6xG4r4ygIAY7tz2uHnJdzs-d7LNjNRfJqAk89E1HZjTbzsfvX9N0oNjifI=
HLD115法登他000082,-gJ8mEHOixgv3VWeNhXSurjQm8-NVx_wml8DpVkJ4CZIrqc8M9C1aSA1f4I=
ILD115法登他000082,Sy1SkJm9RZvnuH-wFLQCiKgVM-kZJw3KXAKb7NyvT-89XvjoXlZ-1Nc32QI=
KMD115法登他000034,I7VT_7D2vuwezkRxda3zJQa40RQyCZ7lBnvqzuYKY6IudeOxw3CzGvv7Gpk=
KMD115法登他000035,XToxVskacqDO-88LZC5Z_U79LoExgZ2igqdw9X7_J3GZpnHN15Re2602Gw==
TPD115法登他001187,ZWpYYQFa0CepOjSP1T_8T3AAkQfqYqzZ6Kwr6xEbfmoX-jynlD07FqMrNw83
TPD115法登他001215,oiL57Db9mmCzQksGKEg3kJWWu69HxEpGQmmpUuAxm4uayFhYV7O5txskYlUF
TPD115法登他001218,ZUUnQPGy1o0hK5n6FJ6ioeNZDnhjU8Mah3wQ_rZmJzISIsgn3fYp4TBPNSDx
TPD115法登他001219,67m0lcucLVs1xjesN56K5UZPv7clB49VO_BDcvApmSTnWAy4b0Y8tIeqD3U=
TPD115法登他001220,30bx7T5Ihy7lBPmGlS9hFlp-oeXCtbAJtAwdAmjob58o79y8_CTLHFT9mzI=
TPD115法登他001221,rGrJPwu9FRTaCyOP2WPY1uwfy-IvhlxBnuetPYRwCqkgsBnfzQLTPjb6cTI=
TPD115法登他001222,oSxJO4ZC_Sz5FYhqY3IT0Rtcq74OKYHCz0EOZ0zeVf6jsKCZYNJbZwrbj4Xb
TPD115法登他001225,EXFFGLcfsXXV47XOIZQrrPH6eoecbzvj8mYihvikJd77uetSFQbGV0plgaNa
TPD115法登他001226,INSxRo2uvOM4JFQfNhGcGXi20J3Zsv5xImfAptlDHdYIRDp2yMDvI9soap51
TPD115法登他001228,LOioKReohD0t1f3yJ--Pml6YN8txvoTH_I1VtmHroXcxfH5Id_T67ICkyGN5
TPD115法登他001229,Eh9KGLFpN_a9dlV9Dcz5s7jd7Cn63MYiJJCIVyd267CuYqSO6REQ1-wW-w==
TPD115法登社000072,OFuSTVWiIId-7hc7jJwyCVIVaGGFOlgfxgBl4Fl6VZNFYTyee0laGJ0GKwld
PCD115法登他000339,-UUR9WWLlFtm-zrzdY-3DBKip1ZiSx6VYlDU3Wl2A1V4AnTV7ZvJ2-C90Nr2
PCD115法登他000340,zx0y2tzHsZLxPB7dHfYLcNci-eX6qmhXHAOCWdAoO34nsP88Y5q_4j7O1dAM
TYD115法登他000261,kSY6fIr2_QTqt-_XfrvNQfWaGiMlkMUa_IyAiVKlkAFcrkz1uLPfoTIQXnY=
TYD115法登他000262,HNhYvrpo5fxbk9dHyFGCcGPtFZ50Xlr_H0CZAEVco1HxIy_tqeI3NCq8bZUt
TYD115法登他000263,Oe8IOOqkrEgHZanxcI4c-trACXX2JyC6eMcGkLeGYeqMvs3jc2oZw5pvFBBB
TCD115法登他000543,vHzu5aO7zBKQMtxLgjTa7sbHTsux8DNhs1ueuJR-D65JdGlRT5NGw7iek2Fc
CYD115法登他000103,HYjBbtJqE0lLglqsEVxcHAbEljyGktpF4i4uxTDfSiQLzT3BhPp3LdNrqg==
CTD115法登他000120,Dr2xxJPzAPW_fcmmLWdszMeLIHHVn7BSSTErY6GeN8rkkIcfQVpHsetf5XE=
CTD115法登社000020,yUwSALdWU4j4fgdJq3ANPLq0DXTbLAKp9CawwBQbXdrXOdRexJ4mFOLz1t8=
CTD115法登社000021,UK6o72Bwkr5XdcfNZ0DgAJtwc18DIMo0oaduiK2m_3TCkZGDSXmQUK77xpE=
KSD115法登他000239,lNPSaG8dDffU_wkBj4YvlLOzB27TTid4UZuN0vPITbw7CXC0n1RsNIST8Xbv
KSD115法登他000240,9eUWmezjx2mw_yut7qK2QKRqW4n-nwZBEBpXCaNDC58ed64ACMo_yTXyN8I=
HLD115法登他000083,BGZG-pnazwhAQ-ZqRK40tguDFyrMBYhxdMJJVL7aNM9OlokurV-WcA8bBrA=
KLD115法登他000057,_LwSP9n495v-H3r5pmTMjUCbX88aJO8uO2uzekfgw7-mzJbk7DAbFo9waA==
TPD115法登他001230,-IqqQDCCq0M0wvTfd3aGbYXx1PG5zDS9MEIwDjpxhE9CtGsn9H-QgJjEqud_
TPD115法登他001231,7wbDWC7eA5dtXnAdlMQAfG_O4CARPDoYskkHGzR1NbaBDQKKZPX1pfo58Zc=
TPD115法登他001232,vZ6kps8URPvRjcSALkfhLNKSvakfopX5pLBIrBZWsqO3PAUNk73hCYrhfZdS
TPD115法登他001233,axIWQxnOwxhw60760CfFwnUC5_gRNsPrIWqT3rcGcjMkyvn6pv5DT6hAyy0y
TPD115法登他001234,AViu3Owfl5vmWqSFz5DRNZWcjHbdzvoHcSS1Ab3RB3lszfZ03Tq4TDqAYeEZ
TPD115法登他001236,VXIEY71_RngAkc0-AtyfPSlieDgwHssfjqBAZUwhFK90Ldo-AbO_V0aWn-o=
TPD115法登他001240,oK8eEVpLqPTkEdT-E25oDoK6MzwVTAOnYn0XopHFN_Y6Uxq6nCAVZ45Mfq5P
TPD115法登社000073,e3kJ83DJwkKKADoedCdhSxXhhNWBZB__MzOobejY0qG5GSp-UWhCWNzSJYde
TPD115法登財000015,dfWAhllBkt7hYcvXMNEHk0jZk_4Add-J8YpMzcWRDXdjE6tHGCBdle1lnh1l
PCD115法登他000341,yUUGnHNgs7Vl8X4hTKTkaLJ1TxWMe08rxF8cdwy6xaKlcrG2W7IK6G8xMr_u
PCD115法登他000342,7mb4rflWNe-H7GeWcYCJedpzKTohG96XBcyHsF3LRy2oy_7fLon-AIvDouLH
PCD115法登他000343,uatlH3DXGrUBKkI_4-v6niE4B0bunxxIqfGq1WZWUTZjhKueodbGNXT6OhQ=
PCD115法登他000344,aRxEFQrxN8yK-n62kIJ4HVYeaCEPNb7zTJs5JM1KRJXC7q5PXe3ylF8G5tMl
SLD115法登他000336,yX8FXfs6gBiq3c77EWTce2QClp2ewV-OSTxdtKXV2Iz1Lo2zjP4RE5XhRWYQ
SLD115法登他000338,KFGSZaKoMcxmaCv8eEdlJkAacz61CU9stmRrrhovm50uzTDinbeSYkCEMuhF
SLD115法登他000342,nbDdCbouJ8hAMDc9SR6gm6rcAmc5NzWBERLyqewOMUNcYz_Hpon6UHdYPM1q
SLD115法登他000343,USH4iirvPSPO1-Lro4-KUKIMe25FgdeXKYzeB-ddH5ZfaTWMv2aEMHjgGaE=
SLD115法登他000344,9OgnIXLKSDtdiW0RX68Dnmu7MJWHcDrOj-sgsVCY8dSFZsembD391TQZDpn6
SLD115法登他000345,6qWHhmNKJaE88bCXTukqlxommsk1ygxC4faQsB4IXMwE167_EXjBV1UHGW-x
SLD115法登他000346,3ebUa_aSsCHgB7eawpP7269SuzbB5bIGc3IqBAkuDxUmwM9e6NTbBqnOEfSi
SLD115法登他000347,L5O-BPZPy842gjrgXAikA65eR1DhbzPp8QesByCLa79foy_t-mrv11Eb3lCR
SLD115法登他000348,b5WiTalhB-Vh-eh3f0sJ78xqqVkubpysAARXR7yz8IMJsaPDcr8Hzr2Y12bd
SLD115法登社000031,BRRJxUT439aoalHwGFPmVqdc94gJnkA5kYWmuN_Z5WczxiXu7iIuJFEP-nfL
TYD115法登他000243,EFIBdKfeFzkL13KaCXVnIwcg4SSXMTZS7-NZLQPaUrdCkkExkZqFJ6WNtZI=
TYD115法登社000041,H4RsaIjKyk2a979NS-3FPwmBvX_E0-t2Ias18yBt_W7yN3usUCJDp4kpjXtO
SCD115法登他000149,yaVl6tHLgsrTsCybpPS7KfSRL9Ncm-WbjC3lBBgQ3LUEvm28YZIH-M3r9WQ=
SCD115法登他000150,SMOoFgFlB41vMk8Tmvtu4GuHynUuEaKRlIvPXwUeePhVEHBG8y6y0K65S4Vv
TCD115法登他000544,lw2lAO7WPseLbUK3nqcOMHFgDhvY_j7drqJURmG1_VEnAC-jlwaUMJpdy2Pe
TCD115法登他000545,Phl34usKNYbY6bfgImiTLy_0KGTW7_9aZBB-cEioZEbzHHxwONIy50GKul6b
TCD115法登他000546,SiHSare59iFapyIVhvnwYItS5nOYMZmXRiVI31ssC0Rtj58KWKKGTzbem6TS
TCD115法登他000547,dxKzsGfKbt2sjANeB_SeY2OeWCysbJu8JVHCROhxVftUWgIEpDSfl3NRZ8w=
KSD115法登他000241,pTRRZoOynFSqQtcVcgQ2qs51okTe1lxsy4eu0CqFsnByr7GlNO4i3MRgBJb1
KSD115法登他000242,D-AyMnLTEpQ23UKCLo8wivJsYjBaOegL70DPwAkbdj1xeWfafX_GPJHC85U=
KSD115法登他000243,NqJUIWOJhLinH7POhBCHnxdJ6bRjMApb-BuqTep79WhdG6JZRBLcW9n2usw=
KSD115法登社000030,hxYIqd4uYZfJYucqHjPp_WBSJvwcpyBF0r7fRtB_PhMJG2N9Oo_2flD7jlik
PTD115法登他000092,D5FD0syYJUU8OkhVDA_c1drDzHO6aBpjZi2vfLqrlbQRRWO0raq7WbCcpS4=
PTD115法登他000093,jLgNQHzjP4tBJAdCYyBUwd4L2Pt0Vb1nEaxPtIlDyXiABWUl4uNwHwrIIQ==
TPD115法登他001217,kVx4eh2vtTBvR_uoOLcHwyAqHOLbCqHBsuJrhehFEV3ctLHIZMt1SMxdd02y
TPD115法登他001224,EC8NXexqjKX5Zq0AC-yvz64mgGn_a0zsJKNBx77x90Xoyn-p7IP-qcgiEg==
TPD115法登他001235,y6WM7zFb-EyyRDqq8Hdsnu16mtX49eRPbKfV_03_1QGwB5SRypGT_CltXnc=
TPD115法登他001239,1vYSh70M38Xx79WqiG1Cb5PeHw36u96ixeNXGhNt3hXh4Wq9Lu99kNwQ0WGw
TPD115法登他001241,QYj4xOk2QWlPwW3vc0ZMCfpITmfXCOpro-rIKQ0K6FelOWymdnfkXRpVuNs5
TPD115法登他001242,Rnl3OVQzyA8U5Y-QCY7p_Hl23C_df3EP6LSo5rrSDhliyCEBvebr5vhBvJW0
TPD115法登他001243,H7suP0vjhfyGA9ot0T9SBa4EPz5VkoXgAjaTJJFdyUqaX9bMnwEjybsVnBjc
TPD115法登他001247,iyugDAcfBKZWks-UYLMbL6Jvo2Qie8pgsifrHCs7vfcFoiid-xIdS5dO0obI
TPD115法登他001248,-QtqeSpu1W-LbUVeh2DLRMdjYs-FLtVac8JNwcgAuDjKOmybn94G3VjTA3aQ
TPD115法登他001251,Kpaen2-hGE6nd48lfYRzir4bEgG-luaUxYCf9KYD0P-f1TQJs2RSlx0dO_wN
TPD115法登社000076,jg1cV1lXepNMiVV8hJLvSNjgzcV6S0s2vU9hAhErKiT3AYTZulJExXNuls67
PCD115法登他000345,jqjQsWKM2JbFAXl-4jFYasl4ebp572rfO50VT0x7Cp5kqYi6YS7LaZ5VhXXr
PCD115法登他000346,8_zFK9B-8HKbI3B9iYG-d9dSEZ1gLpExvwhb_0rUf2iFxXpYEmxw5nl6Lec=
SLD115法登他000349,bA0jQpq-3LaRPgA-PMDa5lA_asJAYXAbXVWHRIVvwkQjZOkCsXliym0pEHcD
SLD115法登他000350,COhdVb-BTqr82tKjTTcpl8TMQqoRz6g05qo7UxsgrMQP9yv9vPFqu3_acjPWXeA=
SLD115法登他000351,fysLUESvxI6iIbb2s5wn4-L9u2vl1fHnrsd6y08P22XaVPDne8UHxIrbki08
SLD115法登他000352,zdxWzIGebaF3Q-LV9uGxl5hrB5VdykFktvYtevzdEAoK6REQp11A_3nhoQtV
SLD115法登社000032,KcVD3k23ympfl3B1_fIHatec8ICaw40W9nCN9YDZ2DORpsHQ-3WKiuYgvyYQ
TYD115法登他000264,H6ti_s6Z2hY5euwcgcGQNy4evbnVLp8ASS5Bit3goo_0PFSJokQB_ytVc6M=
TCD115法登他000548,anufoN6r9RtuwVps9ococWF7fATmkSjnG1kf2oA5fxTYQ2gXK2LKAhoZ6Rh0
CHD115法登他000102,VlMXijr-wOATlxQgomFdTcHnTtZA0TjqiGfGJ1WPMtIU5Mg0ob5h972m
ULD115法登他000081,rnqrLvwvMIpBx0uOItWZPaIb0ZcZd9htzxqNnRF3euSjreU7-xlfx0IMEow=
ULD115法登社000012,yuam4rD0wSSvVmoPmcZ7022t2RCdyM_SZMhf9fZqhjhZ-y2CeF-gI1BCvxU=
KSD115法登他000244,WfdR_lcMYTJeXe1gG61aDvugwQWaL-84ndj7GR-eeUTovVE-UCS6mtZnpFWE
PTD115法登他000094,_QoUmmoZCutwtm7RazjLhkW57_p4samVGMdz0uaVRUEquzh-DPxz2tvRN70=
ILD115法登他000079,_RYYplL8DqI-TUmEereyJngcNscQBgiQZbGsrkQ6WLMx6xwqg4UCog-iGA8=
KLD115法登他000058,Fjfb6snIOP8IDG2piu4Vkkkdup9DRXOCFAtqOLSZuNSKPm-U33fZvTVGWA==
TPD115法登他001190,5Z53USBDdAWzIZSIbbHtMDQBXM-LoD5VXNp7oBBd2f51_62IdmKaSYpbrnDG
TPD115法登他001206,01JGklJBoWk9Zf66pDxhZ5rAc1cAOwy0qyhI5jIZzsmPDjx97m1lRJTaDUvm
TPD115法登他001238,cLs_CsPakslEzIiDLiK2v4o1j-xPvEJXKfVnegERKgu6Fp2XBdBt2WSAKPkj
TPD115法登他001246,xhp312C3jOg8RenQlH_SzydO_U0S77_vN5lx861FD5PHiGvDdccyxo9ZEzs_
TPD115法登他001250,qjxYNcKfQQMrd2TY34Xa0Qreo68pjXdVdexRRrVnnQgmqbZ2t48j5oViOyHQ
TPD115法登他001253,bKr97xMETRqfVfPwnC_2BJ4Rdm_y6Zj4SFrS2sBy1KpA1mNfAp_FLEIXDZ3a
TPD115法登他001254,jaYgAhHhgXBwzFeQBpgZtZ447P2QWu4KlnTg4JslOWxNeLAqA7cOcVJjIB0=
TPD115法登他001255,A_ftksiWQlSmqyeJGLljq4dN-B_AjK4IndKmEL_G0JfuPdxJwCEaHvXvdbjS
TPD115法登他001257,LKCrDWkM6E8LaUY0QdM11DzYD4I-HfTq8vLrA63PGIvP4MQ_pKgsLyWLse3Q
TPD115法登他001258,4YqGbE7wXKZvQyceemSMAz4tDsEnTyttvGQ8Wkqik2tcwa3_eHAB83hEyII=
TPD115法登他001259,RyJZHXbiibfDIYzikKeNbamL4fChESMzL8jdkbHizPWACkXa3yp1-zXkcCg=
PCD115法登他000349,YlNZFmmAT-tBV_Wy-az9VHsSiYjQP1DxXvPYDBrAQFhCaSN6IOkTFtDe8w==
PCD115法登他000350,7_DBknmh268Z3HxxPFpNZNJExvdmqvYHQktKIlu4rJO5lwZ2KXirhSjWa3k=
PCD115法登他000351,Czxu3ZqqOQFYXlFBILMVRpfuNc3aGvXt0tSozZcpDtQo98XFqFPZ9Nf1cDKh
PCD115法登他000352,as-3gFDIKO2t3p3ddxA9fwFOjDDY5tB9pXFPGmq9HsVd6sqacg2ti5NEpDND
MLD115法登他000061,3LXdrckrdsXCkW0o0t11CZkAHyhJGPPENGeslxyizm5CMro50iHnHacCgdk=
TCD115法登他000549,gV3JafemC6VvMaekz_bo6tiiEJo8e3RBZQc5Wd-0B9QvAzEBNAmbx3q0xFE=
TCD115法登他000550,xMBMxjdKy7Rx93lMIBBUUSRbOZX0OCtDF8GUL3n4cY5_naDiuR09IyC2qqFF
CHD115法登他000061,km8ebIKGEJ7ExxgKd06FJP601vXlCnsrh48gYbNog7ZtTXFCvnhTY9BB7h8=
CYD115法登他000089,OMZB1or-B5oBk_twFghB49YXJggK1UpTt7j8BAb05h0emMb2molTmo0M0Hs=
CYD115法登他000104,tTOz7whah9p8Ye_W7onuaHFOU7XPehte60bCajXP6Nznk79AIweKpYYrCxE=
TND115法登他000251,iepV0KUERA8RhcWPenEpjcQigtjqpSY-AYLkCOEMERy6DW1fdkS0UVXCLM0=
TND115法登他000252,DrznwBxX6NFzKSW6vunDhZr9bnQQ54X7xSTYnEOJR8kR6Cv7AUnQc4nQFpE=
TND115法登他000253,_BLaac31dvauxtm2Ess35UNrvCKg17tugrtxndImvvleb8tzPnZkPAVs3wE=
TND115法登他000254,W3ldD3IVH0_iPX8bQSRl4EeKTluvqx1wpOlhkQR-wztlkWU1MUc37lY5aeU=
TND115法登他000255,09iw4XoevEUkxo8YSQDH6BUAhnEYLkSyOMYV7YFYa5uUwurtHK09jPnAQ9Y=
TND115法登他000256,qH3eTDsBDZJhpo5sHotgoj-TVFyzaOdkByoAJ94wmyZ8EerHPXskuKqQcBQ=
TND115法登社000026,XLlhiuBJM-sDK_fBiWKttGHRff2w9-BhfyJoscKi-wgV6SHpAWUV8x-T99-K
TND115法登社000027,NVh4jipsSQ08IYbxTdzlRw_Xx3uGhe7t_ocCTQGW2wtNNJQmb7z8b_fb3EOG
KSD115法登他000245,t8jz-EKEf1xMgnTHCxRTVfvwzASfKtJhK6OHBFktK2b8Y_uznZqO5E579T4T
KSD115法登他000247,_Du1IttNqH57E8JrtmlBhzSBX9AJ6JW0kbicU23pRtuPdsCWIdTxwnkDtfjh
ILD115法登他000083,7Oa9V_8g4Fj8c2nnBBu2oU7utbqjRhsLbJn8vUR890-OVmT_RcK8rTDI
ILD115法登他000085,iraBkYp6X_RySvKLCZ9YW1JhwPx8WpO-OEeHA6MO1Ngu1Sduaoke8Lvw2Q==
TPD115法登他001256,rfHjh3-vvgQutij_SG2rs9kyhgeizzFXYdmYLYQ_Szc25Akyho9Qz7YBJ6XL
TPD115法登他001260,hPAUlFT-C4IiQxc5vGoQQ7zE_W7IttV0jhUzPk06JE6lJQedbjFTx9qOuD8J
TPD115法登他001261,O1--jlwI7Gdxxkk7NRXqg1iG0QGYGwrHYXVcyEx-HT9xNhF1qKRrxQr1WWwv
TPD115法登他001262,IOsXg5A6-rY8GjkCd_wEl24qgDSWrbMhLQu-IBQulg5ZdEdGK6CfhPf-7Io=
TPD115法登他001263,kQyMqa4PL45HXbhpcdTPMOC3YqTgY-6juJO75McWG6cK2Jn0EDnwuzxNrIvj
TPD115法登他001264,Ad72EeqFeu945EaKEUyD1vWx4_M6PlOB_CAR4sQLqnGDNbm0Iwi8cXY0Ztow
TPD115法登他001265,2euvxRPpNOoYYlBMUUhryEYJpkgPNATvS7c01hi8J4rgf3iueOt5_O-1T4Y=
TPD115法登他001266,CfdqFLs8HY9O_5wYKN8yb75U_G0Z--RZbwSAqSJSiOs9yvHRJwhHcjCEYIAU
PCD115法登他000347,_XgHmE_lqZ40XV7mrtR0B-YMQ5r3wRDtPWkiICqBAYdP6Jb4hceO4KKFsalN
PCD115法登他000353,2ONl5W8mUyV9e3o6Hk3SkAgCkLUvKiBc4wYFMZmdm-GlE6N57Xq_yR3geyFa
PCD115法登他000354,QADBG_gXLSAMKwKzrxdtAW8Fo3fi2AjV7CcRdt2F1_Y5t6QOZ56GT8jY02Q=
PCD115法登社000050,llt3wNDz-Jgf2m2lYGdp1e-5ohcBOMYje5TitIyaJEi5GubqUZTtO7ZUjPle
PCD115法登社000051,KpSBKxyiIzx-AmCzPA2QNG0u__AQxNKInHohPYCa3lYL26r_NabGAazNVcyy
PCD115法登社000052,okx2jsYesr8KQd0p-msIZInPSvdaYjPXNelgPV7nUwwy2WUIFKfIL1ZXppIY
SLD115法登他000353,gIG47ObGgnQAUvYdkjNApch3zp-immcCUxHmadL3cSSBYeUW-9osgfRQ2tYs
SLD115法登他000354,Q1zQe1xMUoZGllZznphgu0vHIUq-rt3Kxn9iOLq4RryZOoGxKfsnaP1Pjn8=
SLD115法登他000355,TKPCS5DJtZTwLml_ZlN1Md26fmzdf2FkiZOoF_p09AtcMfe_GlqVSf_pZiFS
SLD115法登他000358,kLBRTPciYgwHc4I9xHpo6y1MzQ8kfDJCph97MshLjPz-PO1GgVWd0n8BwxNI
SLD115法登他000359,b198WDJByoz-IED8M9roQ6gEu4VEAxd0DLw9mT16wQT5acNssel6F2AK5thL
SLD115法登他000360,9RNgCcAHYSLEW56Y7cPVRcl8gszN_jlFbb51S4I1AVrKXoNU7ayn9gLo5A==
SLD115法登他000361,XP6Dv77thl58Cuh89s2oefCDqNrx-yPuHxUKhdlG53urG_LyBJHnBrmgMhqD
TYD115法登他000257,-Sq0kdhQgjXPt3AGY0j7CxOIr1utV9BMnJFalU3HGbgwWGSmLEpWKUCILBs=
SCD115法登他000151,e1fRFLi6L6W5eFAmnU_V3seXd2KQzpiXL6qzePnD0n5EqEbiZGlbgahTppdf
SCD115法登他000152,X3sBzXBrs171pssFI7Ns_7PDNsMpFU5egjL2Jzaq-ylwk0RrXlQhS6xxAg==
SCD115法登他000153,yG8pVBRKlfU3ueAXhuVQ8MG9Zss_ZGfzvldznlDYeZ2seQzupWSotj5v_Vw=
MLD115法登社000007,YiF1EsmneeAVJ7hILnNCqSiuOCkdN5HgUf9LLmev5S-Eqw_Ak2PDteRbIvo=
TCD115法登他000551,mRiCPdFskVnopcDpLnwn7Cp_vpZqa8jtomBoKkqJB3HrsWn7wkg-vMxmeRID
TCD115法登他000552,iogwvSl-LvETY2nWv1lLAX94SxrtKRH1yZBjIndiw4C-ea7gKtdU0xCkMtz7
TND115法登他000257,qaAmLY0GpcjXpGpB4XHb-YYwntMP_wYvHK_euwRj-y8YjmINneELkdyyDSM=
TND115法登他000258,ETA41tsHCRktyQCKws_F2yiSx1UdwRVt7GxSHndHofTT53d9PB8FTuXrUNA=
TND115法登他000259,U7Dt1ezJIe5iqC7eSQC7vEHXaPKb3Uu61HU5WFt01nkDJA1xFqgHp6_BXdOL
TND115法登他000260,5D1xY89JAwbYRh0Cdr_aE4jLQMAO_jybbxqIW7fTLICCPNJUfudUABxDakRy
TND115法登他000261,_n2dinxjtnD0lwE6RZnuo9FQL1O4WItICsoTyNAJWMZWaspqVeG4OHjRcHHC
TND115法登他000262,sr8EmVT6oUoLiHOTOIT-O3pKIMvvXSk2rUA37r0ugMkygVwz1KnY-diuTL9Q
CTD115法登他000121,cjfAG2x6FSLe0ctcj_pOAxryZYQd80nErg88gez6lUbcFzPCF2A2A7ZXY4A=
KSD115法登他000231,iNqfxn_1pHkgkdeTnfRYsszy3dKRgoYPUFu-xu-WEUSEE9zM7koxCv6tBQ==
KSD115法登他000246,UPzPec22dlGyhjP4mpM3fif4tjUKiBi7cYlg9KcvXmJ4BKRX78UG7zy1pLiy
KSD115法登他000248,M-LZInb_ugNnLdI-1kPhaHrYUdiDxhG4oYgj88tSn8tflvrwQtX_ZvPGBy8l
TTD115法登他000040,aeqGF2P1xpd2j_pFmWGQww85h1eBq8CIvNeasiugCDvGHW7W7f7m1a8DLVo=
ILD115法登他000080,_V-fJuNqeIhF6tq3JONT-5A7klpXtLZzwP0vyMhz2wD58JwZkL7IkERdaZ8=
KLD115法登他000059,pfGuW0wd0QOdDuJXLg8L9mBUlcidu6JZvxIsV-8gGdQ_QhHW2j93UIiiJqU=
TPD115法登他000421,V3YGlqnxKW0UD93Ao1twLSKUVTz5QtwtOV4DwO36lEQNaY8ifYLOiMRbnUk=
TPD115法登他001227,91v3KJc2OjYD32NLVzaTl9HxwA7q8Mg00lQDtXY6QLtPsrNmpauKNItNcUUE
TPD115法登他001268,w7MeUu9Fv9kpdYAFBYdJdP3YU4C7WO4oQgqV-1wUMiaJsrM6nHRy91Yizyy-
TPD115法登他001269,DaH9JrYQ1fA1Ljgf5rpyUm7dmD86w6vB1510KU0t3ouGjSjPH3619W0-f38=
TPD115法登他001271,qltf14pdtdJhGY3z6w54QHIVADnuqtpjVtj2674ioK5tYvhZsNfVrtqiuEbH
TPD115法登他001272,caQK_kvnfuHIh1eSM097K12iwzKH4a56kEHSSsb1OhYHmrxrKpwidRcwi-EC
TPD115法登他001273,jDVQeEdSojBmZkO4cQBQPJS0AGkvR1y1Jq16onzyhnuS1wFfaM6Pa3Stq4Vp
TPD115法登他001274,N5qWcFGZlOZHtm35IK-R4e_1U9g0DfHB0h8DugJmME6LRqePDZ541mHXGalY
TPD115法登社000077,KLpapXpGrVW01UlbcBIP0bAsdoyclsyczw5l_qNoX9klk6Oo2w_ZrdCLRRww
TPD115法登財000016,xraXEwEArMwa3bCNl0Pa8Ia2vAN65Z6TjN94crmT2oTnB2RKkbWM2asUdoNI
TYD115法登他000259,ico1GXU-xTPfpAiUTuUTHXS36TJb-ZueJkWA3id1D5NiahyC97NjDdQxOJE6
TYD115法登他000265,fv-DQfb6DWnXN9CsKqcS_jFA0-8Zhw4pDyQhwtZA9SPeH-zIeLDcttOXGvM=
TYD115法登社000042,N6TFzFkyy9mme3lnsBeDIe-37OR-7IRvVau8M52KNHxvn17q48gRx0UfOn-a
TYD115法登社000043,jAr9aeJH2eoOPuadWg1BHYcWBVZx_KKmjQzd0lqbhiIV0RPH_LWJcq6V0V3R
MLD115法登他000062,d-b6Lqmkvk0v4JlXNGpqHPxJ_xW5KMEeKGK2ljOV5yk5SDdmS1gyZt3ReQw=
TCD115法登他000553,Gtvu-chN4kOpUKMoSSdGXLB3Rp9sbRv_7owM_7_CtEQM43chKUy1VXW6wTHY
TCD115法登他000554,glLBfXvreKVKsE9aYbWyb8pLvsDTvhpsglH7smFGXVcJ-GAZ68fshG4P0XA=
CHD115法登他000053,p092ID37lqFjGxZ2KOTM33IlKl79hucuT0u0ThP0sdk4c8Oct5n4JFumqcU=
CHD115法登他000100,a7zy1q_WpBJPLFveBOlGRUrbJsMGR4PgnT2xW-ZaUXP8ApA4hDZVv4SfPSU=
CHD115法登他000106,CJGPmL21aT3tVn-x8WQHRJfRy8Vn1zsfuv4OZPDT2e1FOSMIyH3XxzEgdc4=
ULD115法登他000086,b_q5I5UBHAn5cgSodJlvWpCKzTBK7vH4qWqRCjmkWA_l_layae10gIA-Jw==
KSD115法登他000249,14HJfWPBjxWkU1R5c6zUIl1FLlCtZJwx4WcL1mTfM4dZCTTym9sZHc2vTwLf
HLD115法登他000073,bU9A9ffTfNLcDahzfuO6p4wIzgWrwhhk0hkl9C7BfXwE_-PiFmXUhpGg5Q==
KMD115法登他000036,-MkDYmm3z3Gg4Zto_GwI5vNWflUcTvKOHw5toRmP-deRk517re-yBGSI1bQ=
KMD115法登他000037,AZCpk6kSjoBwpd8EOvEgFNSaPgf3vr7dgreW4mAn-k4ABZV5F4YOVkNUqIE=
NTD115法登他000086,4AthTuwAlndYMwvE2jBtjTzCkJjeoChuNcu0MOXhC7fKxIRVbiUcsJKVTtc=
NTD115法登他000087,Y1oyu3BCRivizTS_Q19byUhII62H6OwSbSMUmuRHaKq7pI8Tdb3MG9D1ANw=
TPD115法登他001275,HwttgtiF25EuYG7H0nVjsuAJLMoUPZaiNFKInoDWjdeUSvBRKY87lGrhDw==
TPD115法登他001276,7HSWvawYny9L-O_nNlK4fqdduZLD4pZOmts_CYzC6PDU0D0xBK4AT-9X8gw1
TPD115法登他001277,LJGmSQPVTlyzqZ6e18DQh5KXN2bDPnHuwhiHfX7-ZbQr1IekaDMkGqtJy0Y=
TPD115法登他001279,M8qlrZ5T2CUTBqUNViSjYC7cytpC8TYre17H3PacV8jamZIVckjVr8eWKHM=
TPD115法登他001281,KJdd-MHMzWQkKx7r-QIPrMcxavgleNEfnV99HrdxXV0h-jEQqLCxyDGxcyMy
TPD115法登他001283,T1eIboEGMr2VJ7tuKtazuHlGuvR93HLzbJVVSJrxQZjbpf4GFtkJkkDLzpuN
TPD115法登他001285,-bM3X0PRKv6AfOuj2vw1QjqR5iZB36s6TEOfAEXfSxMtfZhQjw720X98Bzly
TPD115法登他001287,BqRK8d2v3XxxjqvQaB9XTEygbIRy55QMADEqnGY2ey-X--FnejfJrNungCfp
PCD115法登他000355,zPAumRr_WPVCRNhAmzBa0YS-apdrGEoP4FEH1r01GEaFt0gzq-Qzl1PaV4r7
PCD115法登他000356,KPgnC2x4r7n9Zh4tDedghj8BlUlk-hIavB9rWhLrj4g7iFA6vbsI7ImQfH8=
PCD115法登他000357,sztycbKjACyD0_0fLBNayW56jN9TGqO__SEKGKyp8Okkaej8cx1lxP7-v4U=
PCD115法登他000358,2ILtnY49E-NO-n5FTvE2RBKj3nhkH-eJiZt75UzoI-YrCvA3CHfy5laXfMk=
SLD115法登他000362,ZbBbaFqD5NvgvQRVk8aPH-ceoXeTzWgdQbT_py1eNj58yrO-u8Xwfv3RrH0=
SLD115法登他000363,9MRyZM1uDg5BxhqU1qMDUSF9lKHmgUl-iAM-SseMqoqy2CB2BWSbu3phHz0O
SLD115法登他000364,QPOFhDzfXqbgXdV-ZVSHhk63Gpsj39ROvVGaWCoilVehtRceomeVsmHdLSIm
SLD115法登他000365,HrK2oYDUPb0oUbZcXnNJIgYarrcRCrPswAY0FGmS2DjA2I_-EeyOhbBinK8l
SLD115法登他000366,6n8Rv-mpvf_16nycNpdf6ZFWhVR2j585MDOxiyxfaKU-ZWRofHITfsNnQAA=
SLD115法登他000367,jYUW0YuKa2BShcFu-HWdJyfW5VnMbYOadtGeFe9Y7bFLwIJfe7vVI2MQKFEJzmE=
SLD115法登他000368,rlO2jHvz48Sjr3N-1tE1BpMqGcwDOqPlM0kiF7cgSNJ8_IXCxf_hoIjw8-_4
SLD115法登他000369,RD1S98Woo-lkpUU428g23KxxZn9zNScXI9oAUoA-PW91tnT6QGs1iJdqv9k=
SLD115法登他000370,1aRPhHFB-7YJml-eS0qb9tUh5Hp7rpGsrkoyEWTwTDHDMypCeV2ePxGl492V
TYD115法登他000258,IDa_rWwQh4el3g2NmBAHDdESgQ3BPd7DCEDvvmMRp8-4HB0j3Lw-ZbuWmkZm
TYD115法登他000268,4ozc9fm8j726PxKSMqbDSAxYmuHRGef9rPNaJehj91sbRpcF98c91B39jpAP
TYD115法登他000269,503Vxvmc9A_Ue-94u9qYRQJ36rs84hhldCJnyCIqqJPPVH-fa9j_nqJbS8US
TYD115法登他000271,zEBGhVgMcy0_GwMUDJIzn1xRpIcda4yada2zLtBCxXimikkqti5w4WCcueE=
SCD115法登他000154,hfcmcU5tijx5uBxB_pDOUz4-AgoC9zrTlPR2oNTy7jiSG_gu3jRO3qFb8SQ=
SCD115法登他000155,nCn9Lpx8ii2CtlDGobYDC59iDZCduVWJdU02guPeY21TdS-8eEVB77bFOr_w
TCD115法登他000555,Bh0xZaA4zJdWdgcQ5OVdvwCwXUlqBak0BOlaqv3P4S3G4g83T5mZSZieATnV
TCD115法登他000556,pL4qE47tMN3AUYnEF1NvKI-7Xw6SUYjfQSXNg86_lErKtOQuaZ7IFpGDlXa6
TCD115法登他000557,YDtDcYWFt7pSjsNXWRuEYb7hJVDhoH79B5IarUFuOVpS2U-bSD3-detRRJ3A
TCD115法登社000069,BJdfjHsBc-O_RvPVCMg1u6kDNb_GONgI0IYLvKcNrEwDNg7pLoEtU_u-u3a6
CHD115法登他000055,B_eMGIzivAdiS9iV89OFbCjaovxk1Jz2GTEoYdddOCE3YQ7hAX63EKz62qg=
ULD115法登他000087,yW-E14QirTN9iYjUiivQtIHNrUhdVfkNa7ZLJWkNjc8_Z6o1iQPBZDoW0w==
KSD115法登他000250,j4HufHNvJyAEH5ItcN4klCKcelO9TOJG2FoyyGVmN6_RZuLb0AA1d8ItKxA=
PTD115法登他000095,ttImWrfd_iKWRk8p9gAvjkQASWcfOqy_K9ZGi47NItnhcdcz92odn8l0tOE=
PTD115法登他000096,_XdRmZe_nLl-3tJDxRxanUgW-4ULoMByED1uCBBiAzgp4xdN7L_67JfGkc4=
PTD115法登他000097,j4-e8w_68Cz6QlctHWggtkOPbKpd6qAsmBE3UT4qcsqFmMoXOuWBgk_lufo=
ILD115法登他000086,pl2MQgbL2X2kchUEK5jLTZA3wXQB-iDNAzq6c9LYTh8Zo8giDECfgOIv8Ng=
TPD115法登他001252,lqzKxZORbX1g9_oR6kUmRO4I4njOEqu_MdVA7XfyxUQHBXQsY3LUcBrvroib
TPD115法登他001284,xKwJ9hfR0_tothjRVv3VU3o0HWRwZqAdwhyh9wsjnJFWMHIhbz5wl3ELdr2H
PCD115法登他000359,OkWgeIjjXoOJoGoQ15q3bAIjB_2HJ6lrApZdq7Rs65JKvgudbjnkhvl9c1TY
TYD115法登社000044,YsJ2lwM3n76ngT4VDq97PiKg4sS3fGAEMGHypj5KLwV9jbxAK9y2t-3vhyci
SCD115法登他000156,JmVZ8WrLKRnlakdmcBtQxOhA--uiZR8gM8l0AzvpZ-_2QFDMiru5Dby0dVI=
SCD115法登他000157,SmGAW_9jpPR-CR_Q2z_kUDXJQKnlvsaHQxMrlgKtCatbclSU67dNRC_26U4=
SCD115法登社000017,_BS9zDZkpW_BdrIno7QSXz5uylEz9sifZJfnAWVFKmU-ZbK0RfBrmvDEeAwi
TCD115法登他000558,rBNLl3BwBF1fSh8-lSBuODRZSjwCkttW8q65XbVDmn3ETjrNVS7E8SXdlLg=
TCD115法登他000559,l1FBp6OEWal34UG8JOMB0Q9vuaffo07L6UNHaLgCHMWMH37OsM2PLFpYFsE=
TCD115法登他000560,fbMipDtCdddjz8VMnnG2YvNaDVtNrImcZAthL1mw1GHMCJLe0tOBT6MxHmv5
TCD115法登他000561,TVkPro10Fx3UdpVjExFMgDyaSclAo7Ovc123Fzl9F9uIBWrzRCDj9SzQuwQc
TCD115法登他000562,ghtF2pBKM46KL4m4RgRx1teIKqFOtoaAXkHhJ8wx_d1wuT-mNIct4gEMV9I=
TCD115法登社000070,NIlVIzNDmseq58bBYt20vXVgnkM8YOfluzQt_LNXDA20UF3Zp6iHJkGkEDjK
CYD115法登他000105,jG6-ONDUhS02JnPosm033-xxZF7ljVDe3xLEmAeWIV0FP2HkWs_HN-nWZOw=
TND115法登他000263,0p-34lUrDQOPznYCOFjfRyk0KJjfn3Bf349fJwuctKiSIQf8Y93TF3YBGA==
TND115法登他000264,1v3UV2KqrXKzpjaHi8SLCfZU3WsrLY1sW4WslccIWrpobQpOPpFOU7cmcmE=
TND115法登他000265,8Tc3zUfnqFq2eD7fsdN1F_78rcw1OZlfYv5cwtXF31NovA0i_MIPKEERblA=
TND115法登他000266,L12K0Zg2tVKj_olm8RmGAIR0iw6SL_rQLqpBRBCTL-X8MhAcMtYM1i-PlDk=
TND115法登他000267,BBkI-6wcG3dA3zT9cU1oKSGX0qnNg85Ota_W39Zzu81Qm-_ZJ7PMdzY0g1E=
TND115法登社000028,SERB0q4Y5QiAFn_MG6Wdr9xkxjmKgMdxemWp6yjl3wL5fov9yaYfQd_FvwC-
TND115法登財000007,iUnIL7j9pcTmeq__Rz8J5NZ933aywBYqVo00DoVeAcE3lSq3pdDiRvyga1eN
KSD115法登他000251,aK9QVHNuvpyJBNYbNPfRbQ5rGIztrokaxGEisjj90306Fya3TGD1JK0S4p4=
KSD115法登他000252,o6KRPU-Q0_UPI1GhTE-RcLBE4a0f0kENHz863BlJ_iQw15IKWVses7Eo05g=
NTD115法登他000089,wMz6l1BxO66MR_Tj_1JUQNDrmG13ZTeUEDB8vfnbYogDZSm9hcz6WuU9ozs=
TPD115法登他001291,xKwS3SL0SXb8e9QfJcvGv5VdDBpefE1I2PRiv6WZDgf7pq10FI7xBU4mXcs=
TPD115法登他001295,bYcCq36G4Lb8mqIpMid-heosp-6PFhQo0agtN9FYFGS_4lmbV7XazTzgbfhj
TPD115法登他001298,7PmrXVXPnHLvMxrO67lLXA_AepI8qWP7WuQ0kXRBfV6TGoSobCW3Qpb382gp
PCD115法登他000360,qQwKW4RpYT1Wab16ll60ArP7F-BkASxmgsW-C6rilZHyVMNXaMW3luK0tljW
PCD115法登他000361,gsZ-JdRXXI4Dp7Ks5P_yTinIHAAHOECJEHpz-9HwGGXWkTJ7t0D8FDh3L3jC
PCD115法登他000362,jdTi2EXPK2qDyAiWrXxEbEJFtSd1PEum4a_M1UzcEggfgu1FzaouxPUy5ZGy
PCD115法登他000363,e0e1zXxJX7jnYMyfl3eou8CprRjJA0ApA0GA04oXvmXCmGY9DVd-D37NmHc=
PCD115法登他000364,ebH47c2R3Gw7NCHx0rn-EdI1rNttcmjJd5GsDRtm9lcLiqp92Ng2AC88JAE=
PCD115法登他000365,Tnnv5WNBkJHjjK_or_6gAJUXkEcJBiGEZLOa6I3Mbs0dgZJnqJlfvxK9Hfd2
PCD115法登他000366,c0cWd7NQoF0fiy6MEkUN0AzYbNlfUA1iodAvoOMaHFuk5pbEPmPjdPzw5KBK
SCD115法登他000158,_JYNW6eIU9bpena3RvLOEr3yfuJe5lWIjtuSLrJrZ2W4gQjjg2_l6odTueE=
SCD115法登他000159,BKMaKLzAaBOFEgCD2_W9srgPjHat_P8EIDyKPwDMTcVlX9xemr2hbpjyG7I=
TCD115法登他000563,KvXfxKXYEiVPAPiS3U2TBTAJTpNtHRbKXaBiNNUz0a2qA2rkuTa5ggm3SKc=
TCD115法登他000564,HPfkP-t3k0_NdxNxriJ0bsX8ySbvApgYRrhgqnvG441Z_GlzmS1xOIMhKJKi
TCD115法登社000071,qqivHDZ1mHMyId036PN070dGf50xoU1Q1S22WM1uAnOfopg5-4L0Gv_BecmU
TCD115法登社000072,MqC1q14uMdPqm6FVRXvVmKt119NPf1eLL44BtGqtT0EqHVzNWAdGFk9L01Z3
CHD115法登他000108,sSzBKHSYGb-Wq2BGt-Lo6mhOcsH38tjtFFzWfobbADyU3rP2vo6uuQCOInM=
CHD115法登他000112,3FjIAS4d2bNMux4Tf5To-2oSS-8IQgtfFGhDe6cb71PM9CDc4GJ__Yby30g=
CHD115法登他000118,DThfQv57VHWiLCpjvSqFlQW6_Te5UMgutXNsLzJOyZxyK-u8wBn5lmQDTLc=
CTD115法登他000122,0xCCxP2NDbydm1AS1cViszbAWowuRRDZxYW2GGyW8MYnfQHsjv5BmWSG3jE=
KSD115法登他000253,kDtFzaHwqmQI60YoD4fD3Xl64yUxD2TqH3D0hoMqA2UbGB2ciYNVn4qeLlHk
KSD115法登他000254,FimIqefquoFVNopR8WFrRcdEylkGlTyTJ6ctpmeUSNIv35u73lYevY7UD7aJ
KSD115法登他000255,8RJoRSLRnMzXIHbBrfHQrnR-E-2CAr1ec2F7npShDPLQMyDYR_dc4Mq7krc=
PTD115法登他000098,5e73M81q3XNZuB1Aqc_5G_eYoVowHtvk3JeYIG0LIJNe4GsBUfyb4GJ3AQ==
TPD115法登他001300,h5jS-Jdtt6ehIyXWGometgbAXVEoPoq2L92rbuHlslM-4Wsw28OXnKZd8IV0
TPD115法登他001302,M4qvNb5gvDseiZ485u8DSphnc6Ex8KE0ywWF_c3yogiFH212c2fTF2UlMcLD
PCD115法登他000367,ysuZJmjcMa-hTONG8c5u0mwqeJwUOBw_WiI4j7pfCLhbaWJOIhiWFIQUXHoc
SLD115法登他000371,Cd7cUgJVDFBiPCF3wNn97BcTK_QBm-_myz2Ud1KGUB12pW3EuVlnKTn2pT6Z9gk=
SLD115法登他000372,lr_596uV4LPqjv_W1rkmVhuBIrvWwtzV6I25XlMMGUEiJDwmDyWbiM5oHWZU
SLD115法登他000373,lRfzUnToyHPU3XJs6XxNfXA05NYTVAsES-LUUEUCxNkgdYe8TcXEawUy7Po=
SLD115法登他000374,ILGZXTQ9vlXnqmY2Bgkkaw2uFSlhBldUuezYmwnCyzAX-LZe8iP9-Iy3unc1nAo=
SLD115法登他000375,7ggotMPgW-jEWA1diaGhlzOOiZnsohcL1WsLd3LRLf55KTiyAS_F_H_oLgZJOBo=
TCD115法登他000565,gCsTrbFEscZqYzryiD6RedIONEWnS0B_w6ABoClvnWxpTtBr-XrJUkd-kTf2
TCD115法登他000566,r-m1ajcrLmaKG1YbDW22v2j9ltd1QE_rvFB2IZobKUF5EmuOKKDe5mhR_ezE
TCD115法登他000567,fKB-sLjp9AcIKBsLMJVB3u02ADXbQtebe0LA5MTET_kUuwNNpUB2sMRIt-M=
TCD115法登社000073,_cew11Wrjl6YfyyIAeVNe7lQuXaiODBCLMsjHifm-rEcWmJUSDWApMyyzjPb
CHD115法登他000098,TKFUaJijZ6euDgv4YIpVOM-ySjJPXk-11_-9AcwXhmOI6h74tlp9MoicQp8=
CHD115法登社000025,UK3jBV0BFg7Fu40d6tB9z9g6u85ZB7uWsasNx0yf8Kedi93m8kJ8Hd0uyDGV
ULD115法登他000089,edXiH3lNNa3_mSMgDRohALCuWkJla95rOubQNbZVLGF6Uvnw32VAOnNeJK8=
CTD115法登他000123,hqHrD0g_ruRbl_18ngX2ieebWC2w3BkdiSO7pg-XNuET0ytcakf1LMQw87s=
CTD115法登社000022,JZl6RzQbqc7gQiceban0RlSztspcePtwVZemcDFkzfy-uSb6xpY5jDwpTEA=
CTD115法登財000002,LkOaJNaKMZrUQoomHGX7LF_G2AfKzr1urhrmdNRAIfWpNzEEYQQAlTzTPX8=
KSD115法登他000256,3IeOdWQ88y7lrjp_5kdkyoYmggfgQ_mthOoo6rwCsOYFSzKFZptMq0u4kVjO
KSD115法登社000031,oRM8BxPI5AVCKVwEN2amfo7WTcSRKFImwE4KMGYy-S9zUi2OFzGqCkJuByMt
PTD115法登他000099,zcbcVoXGWfjMEJxjCDmzrYxtgszcIdCHX24ZUIZliHFu86P0kMZLXa2hngs=
TTD115法登他000041,qVdtc7KtTL024arq18rpFot4SYzyQkZQ-yBOpsnCnMKLd5_blYn_e_WC4T0=
TTD115法登他000042,g9XKK3YjEBVQ_OUkOfTyG1ARxE_ewoxM8OqxHQVb2Izbjiu-eeBP8b3wlPs=
TTD115法登社000009,Blo-P-D-bTZ9RHctDoBsCWmidUcvpQA5m5xt7szdvMgAOaS77DKQip64bpc=
ILD115法登他000087,zzFsAATgfM13KTqaB6nKpBCqBA3d2tp3f5JjHi4sRJrPhIXahlb91-fZj3Q=
PCD115法登他000368,OaAhc79dUI86CN8tK6kdsVcVIcwGfSgzopIsWUdBWDuRd3b9_nXewdoPq8DK
TYD115法登他000267,VE2wYRh57YGA0DhcHs3Q2-143Qv2_Qcx6OkMeJxXUng4x3sIiW0FoQxL_w==
TYD115法登他000276,91vs5HIteMq4Bh4bLgzf1jsB_DD2PGAbqAsxRHRSQ3rGCRDQkt2f48ORog==
SCD115法登社000018,dX3dv0zo0qgZLwSsbuLrftuFGSJOy04GEMu9TO84bGQhUaCOqKt9nrrCwEd8
MLD115法登他000064,1POd5fJgo4r8_k0o3Jv5EDYo89lfCFcah-Wnt2WunfbojKRdatfT6foyh8g=
TCD115法登他000568,f2o5W7bfnbEzjzWMSTUuoDSvJQg3GIVGwqgtheamgOhezkur1jzFtA7xwKrt
TCD115法登他000569,Dwqt6uv59vQqKq9AeKUSqoZ2FftjCbLuzqCuCeddsVMoXFDlAX60wpG9Gdc=
TCD115法登他000570,e6deXyQvehjZpnJtF9zru7u7vr8pP26Rp-JMNzp4R663mjaZCSB3_Adw1qE=
ULD115法登他000088,4Q6fNylN7fQvzAGuHVN2ohlDLJCBP0QLUjJMt4dmRJxcOneMfmFTDPVoF4k=
CYD115法登他000106,Z0ihBOmFbX3UnGv_5o3hE33P6vVkR2Sf9PQg1e3EQxCbtL0EYpdqr5kwGg==
CYD115法登社000004,keBedSXL3l-f75BLnoUfoZUSlI5RtLHzSeUeX4IEyslytg860zoGb6IhCCM=
CYD115法登社000005,uCIfSZ3W7cWAXOn8yz0icSr0FZezdlM3u6TvDnVoQ_iIqki1FZkIt0d3Ixo=
KSD115法登他000257,T0nFmiuYPsz_esS2De4Tmpj7wLR10m4qXvkgb2v2kYWhZ4gr346lIiOv8A==
KSD115法登他000258,LrWgP3fflEI9h-Iodc1bjMcUSbZurimmUmUT5ch9RHJ-OAaJ1E6G0c7KAAY=
KSD115法登社000032,Fv6xtE6eFor5NneMSegHEA3bu9HnX8yBh431_RiksHQ8j7XcAyxoi_iIYv1u
PCD115法登他000369,wqOqcmnY1ZeflXtgKUPy_MOKeXndXiHsLWhtDUEgSq34BTtnUx_jYPhc3ICu
PCD115法登他000370,tKNKsRF4V5blSITBU_GNChUoCMG1xMjAgTYVSK87kTPMoK2FHY03xdvCuoQ=
SLD115法登他000376,Fz64whYJGOVZHoLdlJZ8ENx9TXpjbSgJOCRyupKtAIHyye4XPPOLjRmz8SjC
SLD115法登他000377,uLVFsbGquYyyK8CLEHHe7lQ-QLvGKQLkx6y66Uiqy4n_Wo1G8VXt4hIAdV_Z
SLD115法登他000380,UXOMoXeyA5i9m8opzhitoEAZM8c1QqXi4M4TeO9k6JET7MVE9LclgwzJH2SQUho=
SLD115法登他000381,_b2GQLtjERnQMGjU9qqw5svuSYvItqtRkplGxrK3PGiZ2Og1Tzm3QB8wllgfKKQ=
SLD115法登他000382,gHnnE3qmD0c5XxbMGv45VJGqhPWy4NI4HskDlnyEXQy18wrNNJNCPjqqWOLH
SLD115法登他000383,xvdg-LENFvnODfAjvByky2fOGwf6D35g7Bf8pEP0bs7n7ILHneAMNLkjQpY=
SLD115法登他000384,pKwVg4e9lmHj_BW2sJf1z5g_uZiPpibgnRiMWjanyoywbnCza6GEBGyWnc-d
TYD115法登他000270,heqLuEaunymcEyPGIOG953W4ypP5YWCkd-kn2tl-hrQ3WqLfxL3lAk4Wlio=
TYD115法登他000272,KVHonwXNDNCzm76sub0F6dCeo3CbqCY_byjiy4eYAnKsE3DNo3-nzZyVM0CH
TYD115法登他000278,3Pt7AO_9BbJTRTy4Mpk5t1n_0g_qunoAwPh1hbAPBRdyhFdy_KCEexbJ
TCD115法登他000571,lBJZTgklK2EJakONCEvn8ocYQnRplUoRctnWU8Mn4nhkUmK3h6XwPWYSsKno
TCD115法登他000572,c6FmJWOx5UY7_WxgwWgx3wg4dKTuFiDOFu1fIb6gCnV9KO86fApTuLE6iZQ=
TCD115法登他000573,M_p6I8fyoLFA0k3PwzwSMWbT2Znu98GnGb9sHIYfRjaKR9kkqgYvFUs8hzAl
TCD115法登他000574,EYqXYSzZZ-dfhNnkOZ2gb28Gbjnt72eFjA2dsW3l9suPliFYYq0AoprXCBRm
CHD115法登他000110,lEThJL5cXsvVMwEkDWarrWiqaczVGCj26LULbWvalaf6l5bzbUbSGraxBleI
ILD115法登他000084,Zii6gQbHYSUG9azmXHxJIBqe75aSDcIHEuv9fG8BkyqxYkujWYISiX_Z_BY=
TPD115法登他001280,uB4FoEXP72C7Ns2GwK3wYIvWo_j1IJcnXl80MwWcjACAU9X9IpGGd6ooPwT4
TPD115法登他001288,zmWrfMMxqXJrgMOzNlLIRbLkOL4RR5adG14EQThXR20PuqhD9DKTd_7oUNA=
TPD115法登他001290,BHr1Fk47PGiFlLGL-qrMgWVx_CnSMtZieDONZNWxZfv4SSPVsU5KHE4-ZuEl
TPD115法登他001294,57iQdG1kyKsgOYRwjUNmOC0K6KAzUwpYidGkipfrMxKyC2UREtKsTKrhmZ-L
TPD115法登他001296,3hOm2OAWPlmAESR9W0oXUxikDEyM4ywHilwE8guNXfuq67mSWGSo1f9Rv-G9
TPD115法登他001306,TYE0OUUYa0PjkabluJUWVYR0YETToOhj8A-lo1DWsEiDL3qu23vnLlNJz77j
TPD115法登他001308,Mwn_o4f8NfiPeLqL7tCdN665OyIO0UkdDQJ0UXK8ktqrg_s2RwWajCzJ8r9R
TPD115法登他001310,8iS8QTJDptcFV-SK9YyCrYAgPjHFxwatuxA88ufwNOxe1A02hZcqrA6WSwHg
TPD115法登他001312,i57i4dmHfeBHajmXZl-_RJzt09jItTvQ1Rcbcs__Wu3xvNg38-D06rRaEoPS
TPD115法登他001314,QU3KMg25PPT-FWoBc0D9wXiebnnt3Ke8PrAkbhaNxC8ayJRgrvZQ-DhA6-Vw
TPD115法登他001316,Yb1fXcYzcltwoACHJsqUexvGmZykDANiNuL1ZgsnfgrVSnhAwplpiiODLVQE
TPD115法登他001320,Liufd4NO7NaGBe2hbeA3p8nqE9ZUzikK7IjXQy3yj8c3YRgo-kA8c2in5hJ0
TPD115法登他001322,ZnF4bOEBbmJrgv1Udxo9_c4cyM6haUWRpL6mdqsMOY45UwaO6gkKPJLDiaV1
TPD115法登他001324,EsAzhPrLqMBGt3NuV5eZycdWVAYKGbxjufxtlcwqsCy97szbJTexAUkRPiI=
TPD115法登他001326,MqDqwCDv55cBOUrAJQkSXi7sSHVrTnMQUjb5jbSWcD9_BB-8AaD6NTW5ZgIO
TPD115法登他001330,2PUwgDZPUvfvJP9woNzP28ULU-cKbIU3eYv9k_jle7haPHCBkADbaE_FKSFf
TPD115法登他001334,F7_59MTRsRVb7JqSKQsw_ajZbxFx2pQuD9X2G0M8sE06JPSa9_d5KJPNvUPQ
TPD115法登他001336,LWy7JCqM7-vO3EnWIagpJsOv-JOWMJG1ikQyWsna1qPpjdN5XADAQnzc040=
TPD115法登他001338,hoV4BsXP11lpvJDXTFiSu7iMl35WeGgbZN3lUiiXlO7vjz8mYW30rxE3bONA
TPD115法登他001344,1amgWsHtAZwmEVPjjP2UH0DcKzfIPtbx9RJMxBxsRB3_d8-uzbd0QhYK155Z
TPD115法登他001346,7sHSf5R8vY5B7bD22qa0LikxalITmZAUciMHRZf-XTbjO_YcgfRDl24PGAc-
TPD115法登他001348,1sHpDzyEu5A-KIPj525yDcja32M1y2poN6b4nXpLmGvKXaOudshc9HWlY3iP
TPD115法登社000068,M6bDDO3ea0Zsvbnr5cS_FIHChoIJ4OKzW2yvTaYcmNTjzRSlp687aDERDDX9
TPD115法登社000078,wWo7o-G9F0AiVaqW-nDskYM-UpExFa8oN20hTPxowhJ_Z2NTdFoHkIVE7MjK
PCD115法登他000371,DoPGfRLZw2mi3VgmnU39ZoFa_HpT7pDjPxbwo8uiv3v5YPKRhz1cmkUazuA=
PCD115法登他000372,dEhBN0ExlyeOvfzgOwrKeI4fkDiSe0jDfQSHuvcUtoaqN6GtyNGNCZutfL0=
PCD115法登社000053,IdcLrAF5V848c9o8mMjmVxLpngJdNsp7DMxdykFzFfH96HV638C493OUXS0C
SLD115法登他000385,QG--U-uGKa6q7BG8JkSnAMt57XqUyod6MO1XDrmuC1Z7t0bWKqn8s_aKeBC9
SLD115法登他000386,_Qn32ikzfwtul58cKNP43WjXFYiqr7moiQkFa7J_mCjbIby1tvwLCnNp0lw=
SCD115法登他000160,eazyhLG6n1rmytNg0rDKHcVmihSv_TKCDnUEMTAa3QZaz83kF0ePGCNPcd3M
MLD115法登他000066,fsvozuxgVOpm4MzeGkyjsRBGTFZ6Sv52ePcEfoLrSVmHAnThR44lwyWm2Ac=
CHD115法登他000113,GHUtnqbVUXQZJryUT18K3F_z3qkjV6lkG1cZ-GQ4my9yLxF6_fb-I2wJs9wk
ULD115法登他000090,Cti21yY3A9XoeMd2I-ZxL1nIOrqQkRt4pOlQATtZLkRB0B-fPkgSFoMLX0o=
ULD115法登他000091,uDCbnNfp-SWZezWR_XUQ8DmCksTXJtx4J2b-y3KQesS1SSjPhPmz7tyI
KSD115法登他000259,EZeHEloftIf8yW83EqLSI3Sotw6mbCSXK8JroADu7jbZK8J1UIBXkGx43KaW
TPD115法登他000905,OhPogTrAqwtuyJpi3tgiXpP37wv7Jthm0e0Y0xn8fYefbdFAiPF4CQ1GDEHu
TPD115法登他001289,N93UJE_tRnjZBS180_vuWuU7tds_lzJUd9jGJjODK0fqSHTnEOJLt4QPdQ==
TPD115法登他001293,VNXgqpy1u4fQhn6QcbPoSL--1uAZjf59sYi0_G3bw3A-TmXNmqRii_q6FZy6
TPD115法登他001297,weqMQgBVb83ibBU-bf7U7lTeby1p9NBUkqL0ItT2GKYeqNw8pIOEXTPMD25r
TPD115法登他001301,Sx88sG28wx1XuWqBI0T6obk_DOExg6UYT2yShvfScCV_TU1L8Okdrunq4Cc=
TPD115法登他001303,-HZRNUNaUpytTLb0PPFYVH8zh5xCRix6PkNeMpGyCCA5FMw3FyaND3D5ZDs=
TPD115法登他001305,6fucTX21jraz1oCgi6fdc9XLpPovwt7ALf-mtpF3NYiTg-bIUTMKfv6XdQ==
TPD115法登他001307,Xn7j_1lRmjB6_zzbiwHRTVMiqW8btMoKaYeCBqLsPeT-fzKGVOTDYEy-6dHB
TPD115法登他001311,hmaM9LTGZzAV5Da9i8WUAC78JqM9OEbIi_P5clYgBqXKz1lh_t0VUJm2hOk=
TPD115法登他001313,FWLK1-_1ZGakVRe6XFvS_qmoSjMpPbTrnGg2E3swkBqSUhLQDZqKEzEItrnt
TPD115法登他001315,-8qaYKbTba9UxPtkXgw_jhfsLyeGU8diPP3k4_1mJEM5xLE1VWVk_eqBJqw=
TPD115法登他001317,yt7FqKaMNib7JV3ket5krG6O4l6MH7yKM8suqNISsYliMqiY0a91v-aY4ytB
TPD115法登他001319,bjWgfnfFV9rgSbikOXZ63ZM--eUUYG269XHH_csS5aVPqD0by2Kg2qwQMWEa
TPD115法登他001321,J8YK21kfpFIMySB7MXak7WDc1DurvnmBeGULnXAyS66Lr2lON_g8hKpwJ5yG
TPD115法登他001323,NudI9_NNq-uCKbdPFHBZxzxKeoHZOdLhtyNaiM4K9bGJF1NaWT4WNoUoB7Vn
TPD115法登他001325,YatnBcBbE7qmcGP82ghPZFDhan7Wme4WT86pX_xM-uLDRubGPWyQ5F24zf-W
TPD115法登他001327,-BDkMaFYIZL9a1tYey4oDAXdWOPts14Cm-0rJmqHjn2A7ujpXPZZgeFmBXpu
TPD115法登他001329,vFb3lni0jRigTaWr29OYMA4EXa8eXoQMkUzxmc1FtfpffD55-bkEWT_EBS9n
TPD115法登他001331,0XCXKSiMIaNyRWxPZyHL5il3nrE_N9Y7sFGoHZsgXVrAOnJIoBWgOH4aGg==
TPD115法登他001335,Nz6x5ulhqzXXbVsowrIV6Dmbe9pQj1s-tlHsbcgLQsE4pG4jHblJ_NVtij4=
TPD115法登他001337,-_U2ggYkpjWAtaoUEi_K2SMEbLxPgNME-ZWhim0i2rbaW4dYFjHqVasUSSHm
TPD115法登他001350,nE4kdkh9blhwgskNN3-_VJJglOgE2AububngE6HiTHW4K90sOUYo6IJo2q3Z
TPD115法登他001352,iUuBwAAkBjRdq4Sct7okOo0an3PsTreryZCLgGUkJbUSKfzloEZzNpq-xWIN
PCD115法登他000374,G0ZUacusJ8jHYIutQhn33Ds3Xz7hoxmITacV8yMg75PdfPU83SlWYBavxflr
PCD115法登社000049,TN3XTfJAAow8k5LHlrPHRo79EJFMmZbp5cllqapZaC2X1gofQBRetGTExm8Z
SCD115法登他000161,In6St_6K570a159M_MjHdr9rkaPIf1GWiMP0TzWmfcznilY1YvpXMLdI6RE=
TCD115法登他000575,pF_z_DmLWCctaSZs5yLcaDSHhY37dxBuFTpNzV6SZijemEje8l8ZgMwe9PE2
TCD115法登他000576,X6jtIn2skI_UXHBMMukrjzuxpCDbMuM9MCI6p_m3V9TXqZlVmWaFSasVAIU=
TCD115法登他000577,zGvdrXypjl2X2zl2YV9KstazgfqZ_YzIHnXa_1PvN06H4L3BoUlNhwaMmfc=
TCD115法登他000578,MJjygRJbb0M6pn6qFltnp1YFkrN4jifXV-ZpWiWt_GOHZOUkPovf7WP_Z0G4
TCD115法登他000579,6sBZtm7fsqxoYhm2EsSv9VqNUBLLRwgm32IKqRfEvfYoGoCK9DBgx9R_8zkW
TCD115法登社000074,Mnyub8VgZN-Mog1wyji1TxUBU3CJz0uet03XSRodgN7I9C9MgmuEms7MjA5H
TCD115法登社000075,n1I2u_a4Ha_hnBVh9HNG1XG3n7vpZYD_PdQiNA9Jl6XCdGpHVlXpIgpuWz7k
ULD115法登他000092,W6GSWG7sem2otBJ6xmDr6rvmvYmrvd97b49rRgzpy0xzF4ZbXX7OhIsM9RY=
ULD115法登社000013,HT9EdP1TdBICnVnM5h-7Q92wOXlcF5ETqGpP4UP2VW6wDIAVGo1aTTCQI9Q=
CYD115法登他000107,Vwy6tTJPDU5jyG59JlD3CU7pEoaNKojPGYOCUuvE5Jn-uEkgnQD0fbWR1Lc=
TND115法登他000268,kTmNLDi_XNguH_fvio9zDg_ZA3mFKGoSzXvSRHbeUC_mCUTjdyR5ft4vOw==
TND115法登他000269,o2HnGUSw-moF0fZmWgOQqbqn3xUeNda04EosvJtgbnv0DaZEigZv0B3Ddg==
TND115法登他000270,tAX_tUcsGmCu-6yKfPXX8x94Vo4jTnFac-Kd1eXwzbd5PKdydIIu6GdFZA==
TND115法登他000271,IgvUIhjsncBl8NiRmWmeTLSQ1jr0xWIK0dvFw0EPvh49VDvrUbPkh2eEJsU=
TND115法登他000272,2OHFRk30jEuyX_Mh_azLD_nZbrozgVE9l6QWJyJyw-nRWjcJnn0tnmdgRsQ=
TND115法登他000273,FRo6y1GFiezRsdVGYhfhmY3c4CHx1EiveGkQLXL86Rw2e9hPkWg9pq-ihZ4=
TND115法登他000274,Bzr30RH0fNmSZ1rJGPxHl_e3XVVi5VyxmLZOp2eCn8UbYAP6vqFrDF_CWo4=
TND115法登他000275,-4k8otn64W265luRebsPkxGNKD0JOWBYBHNqn9R7I4K4xI4AlqFs-hamKKA=
TND115法登他000276,jNwGETkOPW2sbt2BHwbgvPoIwZekXONl_yvnNM7CO_tpsrPysbVTM_2jQHOv
HLD115法登他000084,vsizaaC05L2nVtix20ITQ4lvrtZ0MdGatMoxx0Z-Z5mvOB6mibgqZxkOXb8=
HLD115法登他000086,KBqY5wtmmxWoGkEXhBlBp4GHFB_cVwGuUXjB8hKhFrXcnHpPVp_KIB4mFwg=
HLD115法登財000001,0yyIkVjDuZjfCRCThu5B_DwS-nuBajC7NODA9f5L71zX4mfPFLOmILxwb2o=
TPD115法登他001278,CTMJpJWz5q8Zql13e7wZQ7I8drtTLG3oOVrM9JCmcnccEskzk1u7-Tobdj1n
TPD115法登他001341,4O-O_dETrl564oq5jI77IQadTweI78fy2Kim5wO9vZ0YawteaMtNmKJJtErk
TPD115法登他001343,LvP34rwuVjeyqDZxUmFC77C_bJUICCTehRwKA0qKTPAjVaTC5a9IqkP52jg=
TPD115法登他001347,jcfsGGxRSXkpsrS1v8jZECDA-xwSMXi7d9zHVZkENuZs62FHjrWx3jxvT7H-
TPD115法登他001351,LLlCMTC0zJRR5iq_4xrEAcxDrqrs8DiQobbmfXMJaup-IOHgpcjgycltFGYf
TPD115法登他001353,dWauPNQAklyehvwAFJh9QSmZfl6rg3JTbYCj5UIjjG_HDDAWYi5lT-XwYHXC
TPD115法登他001355,Ac031mDsh1oHhJo63DuWj5BP5dfan2tfXOeqBYsJ6bkrF_fmTkmNcZZjF4g=
TPD115法登他001356,WSDu3SjbL4LSQWZPyFa-DEZiMcfODeOnFSDengo3X2xZxLMOlDstCxNtWc4S
TPD115法登他001357,n2xxEHQejchSNNr0U_v-qpEWgfGcLYTH296Nrel2mixA0ynTlJmgvwIt7OMj
TPD115法登他001358,rrG63rbyb44z8Het_Zj04Cxh31lWU1tx6Q1n87wr5YCqaPGnBNAIuh9DkFr3
TPD115法登他001359,ZrrAFKuGRlP9rM4CDDoQS35OzB2dissAFylJA4SxeNf-8R4KHHQi3qo-VzyF
TPD115法登他001360,cvxK6q_7h7Z9tqHnPKPuCPUL8lOmTXOiVHTMO5cRKjtmDyEeqixOGHjZ-yB8
TPD115法登他001362,a356Tj0e_BngUieR51eSjT46oM_yChxbBphtd2Vks90tWQvG_2uytbxKU1W3
TPD115法登社000081,9REa5GQreqjib0eutEx_5mIg7o0bd7BWZh1tqlsMlDhwN-Vzl6kJixTmOtni
PCD115法登他000375,bZ_RelmNbtXv4ScSaKruSgpcPwbnmWNsaMB8pH_7ZPt_jlsWiO2XQudm0tfq
PCD115法登他000376,ZpaweO32EQufdpmD4eW3Dc33fPJC7oLBdqjFc7QFuJgabm3C1_U-Oa9dQ6lq
PCD115法登他000377,PKb6Iedh0jSCdePo8JMQfcZhWX_fYl8h0qv8OzAbMtYIKaXaPlCD3c3LSIYh
PCD115法登他000378,OnupesI9qpk-adSBGGHWLqGCIVK5mGTbvgE5SfnuTF4ZlRV_IWbJxV-9IeQ=
SLD115法登他000387,FT0vcEOK1D16Fyp3VdVW0vyPtOKVWwdqeGjubsHuooID3UPD6ObRUZMJYUkS
SLD115法登他000388,fYUs1b_tC-wswIdf6DDWshWbYWxCRgY5SWOTMeGeSZWvXLLz5Mg-aJZZcu9Q
SLD115法登他000389,B2dL6aMSIS_WD6fCrWTgU_BoCyT4z1UTdrk3UMd3z_c0WugKuOzNWy2pd2j7
SLD115法登他000391,pyLWhqUAn3J4lyK_MFoC3vwyc2pk0HYKvxcISeYyJpWiP5OJwJqpcHsnCAv4
SLD115法登他000392,jN_tpuV3gAn3vst7nWA-PegX_lTowFU2yxBCbrhSOzb3cc2noMjsOzFWNbU4
SLD115法登他000393,gdERBZODIC3S3B5L6R3ecqOSFvD-WERc80VWgzpSudSWB6u-PL2eyhKN2Hk=
TYD115法登他000275,XCC30ivBfZKlsPOKjyqYur8FbMg-uuY1e-SaCFzPe09iSDmQdILBKAS9nYE=
TYD115法登他000281,xoqKOeMA1fq3UnTjUpC4zsVQ7TG-z2iNbmCVBaltA5WelLnJD67csA1zbQ==
TCD115法登他000580,k3SMEMMMWnEPOkbBDnqoe8297jUMclAKYMGrGMSiVzxAseUk7DRG_Or4RGX0
TCD115法登他000581,Ao_w286GWXWMFZjq6Q0ib5uELVKsrp9O-3m8lOZYlboF_lI8xlwi6ZVdP1E=
TCD115法登他000582,PdZpp6WQrqH1f7Y6soBHHQoELY_cxre-TkdWqjP8SMFt1a0TD_HLcbkCXwEk
TCD115法登他000583,3R9KEgX2ikKVkZ4oo8GLZZ6wXCJOX9RzCsgQMgb2cU0Y8xIEEVk6CuK9avUW
TCD115法登他000584,aNtTPK9Xxel_wUfM5FSSM-U2SSiIRH6arNs_soXrx9FMZHLm30Li2v_4VU8z
TCD115法登社000076,1-xZyFkyAY8ERpKExB5Oqv2dNZGRc678GJ7y15QZAk3Ux7cnLKxNieIzIx-g
TCD115法登社000077,J67331Hx3oD_O6vD2lTaerDLcezGbSKx26qHuVZv0XaETUTtt-3CtMtWPIir
CTD115法登他000124,zdO_W-BPom9FcHy4NJZwoO2g6hLLBLva5_-SVoshWvq5QkB0MUx6my_5ruI=
KSD115法登他000260,2p1OqyK9r6I-V9lQ4cygM2kOlP9eRPYch-8gJqJKcGTqtD1EkY4o0eJWxFg=
KSD115法登他000261,v2TZ6p1hwRHM7qA5LD8ig5oEN6IGPdPAlM4FLYS10UnWf9RMxoC_gp7ov10=
ILD115法登社000021,DnFyiBcg21DY74GYa0jRhJGLp0sgdlpwyQkuZWUAMC8t7suw3byj3IuiPoY=
KMD115法登他000039,1b7wEYG6AjCTnGCoA_KPlVbh8L1vtl8nqgM3gJkXLQ0OSAnkYpQ99hjF0Dg=
TPD115法登他001349,wXKzAUQKMEK74cdw3hAcTTeeAk-y9sjX4xXn_Z5nQlVKpnDICAPSFTs2spGT
TPD115法登他001354,1DfiuoJ7Pfh3LviqfxJJ8UxzW9HEWSj5a5KyhdsKwjYCmNqhGNTYWvuV7HQ=
TPD115法登他001363,pCnt4jftDsY4qgVC8mJPH2fnNo8kbj3IPrWsbqY5MMKX8031HDzyWvLxDFg3
TPD115法登他001365,M-jc8jcQ_dpXXl2b_TvMm980H5yF8buASWt9z_D68RDrT6pAkMzoZbL-QRtQ
TPD115法登他001366,SCLpW9Cgob-36ZzUu7rJCZcuLbrl-szJRNA0CE1QGOPLwDYUukKVe2mM-_w=
TPD115法登他001367,h88d0LXYNbK82jMcYvCN9is6OvinZQAjxP8XCy6WKfob-888xV2hpDghSIXM
TPD115法登他001368,rFIEUBm-BYefhkm4ir5oa7O5WiF80AAbpEjXTgc0qOUkg35UgXMp9Mab-vFz
TPD115法登他001369,bZb0pVEj7HZoHkdE5UnPYa3xMdrVsirpBX8yMcxVsuqkEahGbPbqva4RjZnr
TPD115法登他001370,Xs8ES47JJut9x_M59o3EPvhOT2RWMDCC9e06cBZNMgs5GD0PVRrIe_9RXyE=
TPD115法登他001371,m6hCW-oJ64FyWqO9HcAOi0oG547VAdCRHSIcaE3qqG0iNvFBfJjszXkbKuA=
TPD115法登他001373,8mLt2MSPz2ETMhOUSTubkP9xev4GKjZnOJOkeoZxi-1dhuT6D1-5HB2J1Bd_
TPD115法登他001374,vxfnO1Hs3g1g1PLcd60wG56pX-KF5_iYKsmTzS5UkvDuSgCpXQhFxaqOXDNe
TPD115法登他001375,m33ZxEngJgAchFEBQTbbcggzgmTtD2Kf8CZRwMg0XfwOHWBsQI_6QKDzLQ==
TPD115法登他001376,6-ybqrgF8oEmB_yDlWv1UxI42QT2aeZ6jqylkI_wWXe1_3-wXIeCeLMnSqEp
PCD115法登他000379,hxkqNc8gKA_SNsJxdYPN1f4-pTYngL4JYN9XIgwy6OtuOmZXIQ-EuJ36auwU
PCD115法登他000380,iTXq28nmrn_OKOumncMNZgRdq-j_zS7WpN52Jqww3RwnYdom0tCvxLrO3PBH
PCD115法登他000381,CVPF-G5pv1ZzCMMRUSJo3M8BicqMa5moca3XxQIrNruQ2eQP4JViGZ5Ic8vR
PCD115法登社000054,X3nlOnV_LN6lhhQ3IdJpUaAiCf5IM88vfFDO8b04VayAL9fiaDjhDKO6Gt2R
PCD115法登財000005,QXrzva2SpQwCvupareeg2GI-N5hOolCt0LuFva0loKOFqevenzUBIaQ4eMKW
SLD115法登他000394,_muPeF02NDG4DZTzulvA6wWBvSNGnbm-t8AyO3mt5J-P0jMIO5gMbwG9M0wE
SLD115法登他000395,T-iwErlBppIcdDENhj2iTs1xO7UDevRrnOYpCd3sT36cw2vq419EGyxJBJ5v
TYD115法登他000282,Z7Sg49b8YLLBA-jL_T4yQS1LLTpiaBnkuT0vDhFZV8XaETC8B2KQKKjLFEa8
MLD115法登他000065,CgmDkKBxPM65l6KTvWuPxKWSnFEcNM8OSTbR1hzjssnb37AItGufCivpjQ==
TCD115法登他000585,ULin7j80EILdkkjwzwi6YGZIX6h1DEGFflZb6kyfjkSZCureLz8yK4_KMxY=
TCD115法登社000078,_c-Bcq73Exs_ZWzP5AZ6zUcq_OB_YFXYYv4EnBPqWawhs-rWSEG62soDU5tN
CHD115法登他000092,_pT0nEKgfeH2GYaXpwB-onyaNIxAO-CEkv_VonOq1FDzuwNkDZZxpbMeySY=
CHD115法登他000103,76NJT2sagyRiwMEK3dbf0wq9CNeMOqIoaUs9rd4MXN-88uD0fvM0rJqPUQ==
TND115法登社000029,cMSrFHMx_yHhwCaDGrL_8A7EIGYwfHrgluDX9t_pZQlFFzfbGgKFJgFEcR16
TND115法登社000030,h_f561IoR637kH_K5MSabtR6pVMV8EyxKfKIQvrpKTE1fgsqJTcBv-isQHws
TND115法登社000031,HbHhWIjNkAab_5zduZwChV_20WaBY0zxiOW3lkBycad1yfmDfow7oDnibjUT
TND115法登社000032,i64aVN8Qci1rSd_LU2qkksKNYBrHSIxvJQp09KcHD-_6UkvfhSaSxXZcM5ov
TND115法登財000008,EEo9GE0e9k8SJdARqCMVjuCcUuf5csiCcwYOFjm31igStKd17LLoCdCaJ9xy
HLD115法登他000087,ClQxRDDO-BCverHJwDn3VGxEjI3LR1mKUK7K9kSiXaYib-YaPjAMfN2HTIw=
KMD115法登他000038,ycQoo8uwnsQpMq9z7EarlSDUHj4mJkirVMEqCRcHDLeUrzVGrZwbktHEAEo=
